customer_id,churn_flag,churn_probability,risk_band,is_test_row
2963-IHUPW,0,0.0787,Low,0
5573-ABXUY,1,0.7984,High,0
3796-SVCPU,0,0.0012,Low,0
3705-MVHID,0,0.0017,Low,0
8079-FTSXE,0,0.3177,Medium,0
0602-KMXFM,0,0.3303,Medium,0
7832-WDRYR,0,0.0183,Low,0
0868-BRJUH,0,0.4351,Medium,0
3937-BFUDM,0,0.0958,Low,0
4549-PCJHN,0,0.2529,Medium,1
2576-DEPKT,1,0.6802,High,0
5724-KAOQY,0,0.0245,Low,1
7631-UKYXU,0,0.0262,Low,0
0675-KUCJA,0,0.4908,Medium,1
2507-AUVXP,0,0.1248,Low,0
3199-VPSGW,1,0.7101,High,0
0200-KXHTO,0,0.235,Medium,1
1614-UCIFS,0,0.1039,Low,0
7152-ZFXGZ,0,0.0166,Low,0
3739-QCTFX,0,0.17,Low,1
1043-KQVYI,0,0.8018,High,1
0852-NARFD,1,0.194,Low,1
1996-AUAPK,1,0.8048,High,1
8719-IBVJT,1,0.9256,High,0
9278-ZDTAJ,0,0.0051,Low,0
8372-VFFGE,0,0.4791,Medium,0
5902-YIMZP,0,0.0085,Low,0
3567-MASFS,1,0.4891,Medium,0
2755-VJYNQ,1,0.2856,Medium,0
0549-HOJAZ,1,0.7806,High,0
0503-PXMOT,0,0.0086,Low,0
1677-YNXYB,0,0.8395,High,0
2974-OJYZR,1,0.5123,High,0
5778-PKDOX,1,0.1537,Low,1
8270-LXJNR,0,0.1713,Low,0
0500-CSEUD,0,0.107,Low,0
5932-CZDGZ,0,0.0107,Low,0
1130-ZQAOA,0,0.0018,Low,0
0738-POFIZ,0,0.0778,Low,0
6787-JOBKJ,0,0.0049,Low,0
8401-FQRBH,0,0.0657,Low,0
8568-VDJHX,0,0.0148,Low,1
3966-WDWAT,0,0.592,High,1
1375-WJRLT,0,0.648,High,0
9838-GVDHD,0,0.5681,High,0
5979-LYRSO,0,0.0027,Low,0
9589-LPXJV,1,0.7777,High,0
4358-CSSFW,1,0.7832,High,0
7179-ZNKLR,1,0.7445,High,0
8807-MQPZG,1,0.8264,High,1
8196-SVYVQ,0,0.7743,High,0
8518-WVIMS,0,0.0189,Low,0
5204-NYECL,0,0.0321,Low,1
8154-YRYVR,0,0.0235,Low,0
1190-UVSPM,0,0.1868,Low,1
5227-CKTQP,0,0.7929,High,0
1399-JQZAS,0,0.0107,Low,0
3522-OGJXF,0,0.1572,Low,0
5886-UHOKI,0,0.4233,Medium,0
1444-OKBOC,0,0.1015,Low,0
6387-NMLQR,0,0.0622,Low,1
0081-WTTKU,0,0.0042,Low,0
3449-VEANK,1,0.3929,Medium,0
7006-YPERB,1,0.8335,High,0
1684-STRVS,0,0.0605,Low,1
5006-DDSQK,0,0.1479,Low,0
1759-AFALW,1,0.6163,High,0
9314-BUYMW,0,0.0141,Low,0
2716-WJWRV,0,0.2517,Medium,1
9545-TYTXE,0,0.1607,Low,0
0673-XSCGJ,0,0.0201,Low,0
2399-HGQAW,1,0.6871,High,0
9092-ATIOW,0,0.363,Medium,0
5604-UWNKE,0,0.0085,Low,0
7624-RVHZH,0,0.0179,Low,0
5831-YOZTR,0,0.0022,Low,1
7651-HTNZN,1,0.3251,Medium,0
4690-QJDYS,1,0.8088,High,0
8797-LTJFV,1,0.7629,High,0
2614-XFYCR,0,0.5387,High,0
2499-XYNET,0,0.4103,Medium,0
3472-BXJUD,0,0.0017,Low,0
1912-IFIZJ,1,0.4468,Medium,0
2577-SPRVS,0,0.0071,Low,0
7212-CMRSK,0,0.1013,Low,0
0647-UBIGU,0,0.4507,Medium,0
2631-FJUDL,1,0.5424,High,1
2483-QRZOZ,1,0.6394,High,1
9519-VLBHO,0,0.4589,Medium,0
8593-SPERP,0,0.1161,Low,0
0808-KZHDM,0,0.1376,Low,0
1197-ADMUD,0,0.1679,Low,0
3206-BDYUY,0,0.3068,Medium,0
9261-MPCFN,0,0.019,Low,0
3710-SMANB,1,0.5068,High,0
6115-MQLKF,0,0.5566,High,0
3311-MJWZN,0,0.234,Medium,1
9230-YFYWS,0,0.0138,Low,0
2503-BSTYX,0,0.0697,Low,1
8316-VCLHB,0,0.0013,Low,1
8576-KVUYX,0,0.0049,Low,0
4866-PEAFQ,0,0.3875,Medium,1
1809-DPYBC,0,0.0639,Low,0
3120-NYPYL,0,0.2325,Medium,0
0668-QTTFK,1,0.6544,High,0
6959-LNOQK,0,0.0875,Low,0
1535-CSQMG,1,0.8539,High,1
9012-YEKFB,0,0.0034,Low,0
5597-SCRLA,0,0.1249,Low,1
3450-AXGVS,1,0.0961,Low,0
3549-RZHGR,0,0.8867,High,0
4454-UACHR,1,0.7524,High,1
1067-TEJJN,0,0.006,Low,1
8955-VAKAP,1,0.3083,Medium,0
0529-LJQNT,0,0.0207,Low,0
2299-BNJDR,0,0.0926,Low,1
8584-XETDQ,1,0.0219,Low,0
9133-JQHMJ,0,0.1563,Low,0
6041-NBXXE,0,0.0258,Low,0
9492-RBSDH,0,0.0437,Low,0
7865-IVQRJ,0,0.3806,Medium,1
4233-KOTPG,0,0.0127,Low,0
2362-DUDRS,0,0.1551,Low,1
6626-RPBQW,0,0.456,Medium,0
2088-FXNSV,0,0.2717,Medium,0
5695-ZPFXU,0,0.2386,Medium,0
9725-LUSDU,1,0.1916,Low,0
4129-HNKRO,0,0.029,Low,0
9394-DIOWE,0,0.0036,Low,0
6201-SSPOM,0,0.2644,Medium,1
4477-UWYCY,0,0.0044,Low,0
7914-DAUJB,1,0.8388,High,0
8273-HEQDX,0,0.3865,Medium,0
0225-OVJZJ,0,0.0258,Low,1
6485-IALZG,0,0.0204,Low,1
5897-ONGYK,0,0.1664,Low,0
7697-PVCZL,1,0.8048,High,0
9168-VYRPF,0,0.0498,Low,1
1348-MKEYJ,0,0.7559,High,0
6542-GHQJR,1,0.3407,Medium,0
6209-YWJIU,1,0.307,Medium,0
7148-YPYKN,1,0.9043,High,0
6997-CTCFK,1,0.4737,Medium,0
7277-SGVRY,1,0.654,High,0
5895-NSXIK,0,0.0166,Low,0
4831-IUZVL,0,0.0022,Low,0
4459-ARLUQ,1,0.5589,High,1
6998-XPRGG,0,0.1838,Low,1
9869-ZZGWN,0,0.0135,Low,0
8025-HTBAL,1,0.2384,Medium,0
0973-AFXQS,1,0.2353,Medium,0
3898-DEDYY,0,0.0693,Low,1
6908-JDOUI,1,0.7267,High,0
0452-YYDFX,0,0.231,Medium,0
7391-MNMPU,0,0.0499,Low,0
9612-XUJHW,0,0.5799,High,0
3743-DGKUL,0,0.0016,Low,0
2207-FXXMX,1,0.3813,Medium,0
8376-GXKIH,0,0.3095,Medium,0
0316-LUNFE,0,0.026,Low,0
2559-EXNWY,0,0.0176,Low,0
8511-WGPZW,0,0.1134,Low,0
8404-RHHXM,0,0.2198,Medium,0
0221-FEXYK,0,0.076,Low,0
2710-LBJFC,0,0.7661,High,0
4785-EFOIR,0,0.004,Low,0
1783-UPOWH,0,0.3509,Medium,0
3393-WCYGW,0,0.7333,High,1
0099-YUJSD,0,0.6332,High,0
3104-AXEVP,0,0.011,Low,0
9315-RTSRU,0,0.0081,Low,0
1930-PDPFE,0,0.1801,Low,0
7720-QFOVD,1,0.4796,Medium,0
9781-CKPBZ,0,0.293,Medium,1
9856-BTULH,1,0.6777,High,1
7354-WOZTT,1,0.6676,High,0
8401-IBFME,0,0.1997,Low,0
9164-PWEBO,1,0.4282,Medium,0
2991-MVOSV,1,0.5265,High,0
5832-MPGTJ,0,0.0134,Low,1
1938-SSBCF,1,0.4053,Medium,1
1290-LRYLZ,1,0.3105,Medium,1
9769-LQWDH,0,0.6266,High,1
0982-FTTVC,0,0.0836,Low,1
6076-UGXGD,1,0.3769,Medium,0
3627-VZWXC,1,0.222,Medium,0
9962-IKXIH,0,0.0019,Low,0
4683-IXSEY,1,0.8583,High,1
2379-WWTSW,0,0.0471,Low,0
4190-ISWID,0,0.0088,Low,0
8956-GRJWK,1,0.7105,High,0
7271-IMCLR,0,0.0026,Low,0
2806-HWBKL,0,0.0403,Low,0
9522-XTSTY,0,0.3851,Medium,0
8321-JHCRB,1,0.0939,Low,1
5743-BQQPS,0,0.3078,Medium,0
0089-JFBLF,0,0.2496,Medium,0
5657-TCSJO,1,0.3346,Medium,1
2997-YFATQ,0,0.0282,Low,0
6948-GEBWF,0,0.0015,Low,0
4391-PDNLD,0,0.0442,Low,0
4409-HIRND,0,0.1353,Low,0
2389-TQTQN,0,0.1507,Low,0
9954-MRCYA,0,0.0124,Low,0
8679-KPQIT,0,0.591,High,0
1795-MKNDI,0,0.59,High,0
1195-OJBQS,0,0.202,Medium,0
4643-LJNII,0,0.0421,Low,0
6563-FAVCA,0,0.7027,High,0
2415-ZLZXX,0,0.3132,Medium,1
4146-KPYYS,0,0.0087,Low,0
2552-RXHRB,0,0.0116,Low,0
8611-UNCAF,0,0.3216,Medium,0
5258-QSZUQ,1,0.6431,High,1
5803-TPNIR,0,0.0098,Low,0
5074-MQSCO,0,0.0202,Low,0
1604-PQRJV,1,0.7149,High,0
2345-DSUPD,0,0.0341,Low,0
6927-NZUAJ,0,0.3001,Medium,1
2537-EUYPK,1,0.7251,High,0
7437-CSPFB,0,0.1302,Low,0
0126-YWLIP,1,0.7286,High,0
4026-NYIVX,0,0.0093,Low,0
8160-KJSNX,0,0.0216,Low,1
5885-HAKOC,0,0.2597,Medium,0
0818-NMOGA,1,0.2501,Medium,0
6723-TZFPR,0,0.6345,High,0
9753-EKSWJ,1,0.6943,High,1
9880-JUSYX,0,0.0136,Low,0
6185-WWICQ,0,0.654,High,0
4654-HJMQZ,0,0.7379,High,0
4133-UGCXA,0,0.1237,Low,1
1585-SHBAM,0,0.0605,Low,0
5887-MVXOQ,0,0.0118,Low,0
4004-FWEWS,0,0.1673,Low,0
3377-ZIITM,0,0.0695,Low,0
6455-UOUIN,0,0.0751,Low,0
6742-BXOJJ,0,0.2182,Medium,0
2138-QNNPY,0,0.0036,Low,1
9538-OQRFJ,0,0.15,Low,0
3998-UDEEN,1,0.6798,High,0
1482-QVCSD,0,0.0021,Low,1
5281-UVCCB,0,0.0362,Low,0
1562-GEOQT,0,0.3009,Medium,1
8356-LFLEI,0,0.0188,Low,0
0222-GVHUL,0,0.0511,Low,0
8014-UOCYP,0,0.0072,Low,1
1121-RXRTG,0,0.1401,Low,0
8963-SLVNO,0,0.0413,Low,0
0133-ESODR,1,0.8418,High,0
6174-EFRHW,0,0.483,Medium,0
2500-ALMJV,0,0.0268,Low,1
6087-EOMCZ,0,0.0039,Low,0
4910-KJDBV,0,0.0183,Low,0
2979-FONKU,1,0.4941,Medium,0
3316-HMAOB,0,0.016,Low,0
7697-BAXEO,1,0.797,High,0
1993-GRYZO,0,0.0815,Low,0
0732-HNLNH,0,0.4106,Medium,0
8199-MDKFO,0,0.0157,Low,1
5534-CMCZN,1,0.255,Medium,0
5325-PKXMN,0,0.0218,Low,1
1075-LBIYS,0,0.0035,Low,0
0421-OWYFR,1,0.725,High,0
6458-JKNCT,1,0.2607,Medium,0
2040-YPIRO,0,0.2188,Medium,0
7728-SDHQM,0,0.2377,Medium,1
1934-HHYKW,0,0.5184,High,0
4185-LHIDM,0,0.0898,Low,0
8967-QFXHZ,0,0.1535,Low,0
2014-OUAAU,0,0.4003,Medium,0
7485-STCEW,0,0.0935,Low,0
8164-ZHEHU,0,0.528,High,0
6140-ITTFS,0,0.4007,Medium,0
7531-VHCIS,0,0.4888,Medium,0
5986-IQTAW,0,0.3664,Medium,0
9718-AUDWP,0,0.2844,Medium,0
0151-MQOON,1,0.0849,Low,1
2241-YJUKV,0,0.2066,Medium,0
7455-GIQBI,1,0.6869,High,0
3789-EVTCC,0,0.0444,Low,0
8669-HHIRD,0,0.0053,Low,1
3762-JLGKC,0,0.0569,Low,0
3807-VMNOS,0,0.1341,Low,1
3589-TNDMJ,0,0.1168,Low,0
4891-VWUMC,1,0.7803,High,1
9291-KGGGT,1,0.711,High,1
4029-YNYGM,0,0.1007,Low,1
6339-UUPKY,0,0.0143,Low,0
7666-HMRYV,0,0.1469,Low,0
1621-OGWTV,1,0.597,High,1
0318-JPHMG,0,0.0028,Low,0
6602-QIWCV,0,0.5105,High,0
1778-QHDGG,0,0.0011,Low,0
8439-WVBOO,0,0.2542,Medium,0
0737-GNHWY,0,0.0028,Low,0
6031-UOMWE,0,0.0058,Low,0
2670-UMEEO,1,0.8901,High,1
5459-STYPP,0,0.0241,Low,0
3744-NBDTJ,0,0.376,Medium,0
0158-HDDTQ,0,0.063,Low,1
3514-EKOVJ,0,0.9067,High,0
0652-MOMBM,0,0.2019,Medium,0
2644-HPCPN,0,0.0852,Low,0
4658-IUZDZ,1,0.7385,High,1
6021-QOOUG,0,0.7325,High,0
9567-IWCHX,0,0.196,Low,0
7872-LADLK,0,0.1465,Low,0
7814-QBLDN,0,0.2131,Medium,0
5989-FVVZE,0,0.0502,Low,0
3018-WNDCD,0,0.0127,Low,0
0167-LYAUB,0,0.0404,Low,1
9600-BWIBR,1,0.4557,Medium,0
9967-JOPIF,0,0.2268,Medium,1
9890-KKNQL,0,0.0664,Low,0
0329-HGRTD,0,0.581,High,0
8988-DZUQQ,1,0.5398,High,1
3145-FJBPC,0,0.0232,Low,1
5125-SNAGV,0,0.003,Low,1
3394-FHCLK,1,0.1792,Low,0
6345-LPFCX,0,0.1362,Low,0
2336-WLAYN,0,0.0733,Low,1
9986-EXWYB,1,0.1554,Low,0
7045-NINZA,1,0.6103,High,0
4282-NRJRS,0,0.3332,Medium,0
4320-JHROK,0,0.1596,Low,0
2583-VTSCG,0,0.6006,High,0
7356-NRLBA,0,0.0974,Low,1
1195-CFIBP,0,0.1285,Low,1
0144-CCSFG,0,0.0112,Low,0
5215-MBPLK,0,0.4886,Medium,0
8989-QCCSN,0,0.3118,Medium,1
5404-BCXAK,0,0.3933,Medium,0
6517-ROGYK,0,0.1258,Low,0
7795-NYLDA,0,0.0397,Low,0
2039-BALIT,0,0.0066,Low,0
0598-HUVCA,0,0.3737,Medium,0
5295-DAEGC,0,0.0124,Low,0
9073-IKAKA,1,0.3383,Medium,1
8168-FYMVN,1,0.274,Medium,0
0701-NWBPL,0,0.6994,High,1
9519-YRTBF,1,0.3283,Medium,0
5039-NBKPT,0,0.3529,Medium,0
2120-OQLJG,0,0.041,Low,1
5796-YSXLH,0,0.245,Medium,0
1668-BYMGC,0,0.0131,Low,0
8385-CKMUU,0,0.0634,Low,0
4485-IHQKM,0,0.7991,High,0
9791-GXXUD,0,0.0111,Low,0
9611-GLBQV,0,0.7047,High,0
3569-QTNKK,0,0.0071,Low,0
1636-RKTMZ,0,0.0076,Low,1
4765-IEZRM,0,0.2771,Medium,0
9541-CQRMA,0,0.2386,Medium,0
7192-XEGMI,0,0.0854,Low,0
0494-EZLFD,0,0.2745,Medium,0
8776-NRATR,0,0.0128,Low,0
0905-ETCPJ,0,0.0084,Low,0
9044-ZHRUN,0,0.4756,Medium,1
1343-ACWRU,0,0.002,Low,1
4784-SDGGQ,1,0.8618,High,0
9974-PUWGT,0,0.0297,Low,0
3393-KDZIP,0,0.0232,Low,1
2763-ZMEKG,0,0.1301,Low,0
1030-PXFAF,1,0.8148,High,1
6378-UJDAL,1,0.1535,Low,0
9412-XQPAN,0,0.1821,Low,0
4282-DTUAF,0,0.0553,Low,1
3301-LUDEH,1,0.7834,High,0
2823-IRAJE,0,0.0429,Low,0
1367-DIIVW,1,0.6194,High,1
0783-GUAVI,0,0.0182,Low,0
5454-CWMLP,0,0.1251,Low,0
6035-BIDAX,0,0.1251,Low,0
0429-SDOSY,0,0.1041,Low,0
6174-WRGVR,0,0.0128,Low,0
9915-CYHTW,0,0.2144,Medium,1
7737-SAMSG,0,0.1605,Low,1
9152-XPEEH,0,0.0026,Low,0
6173-YRWHF,0,0.0082,Low,0
9486-ABNYH,1,0.4036,Medium,1
2447-ZLXXT,1,0.3724,Medium,0
3029-OCBLU,0,0.0165,Low,0
2627-GFHTB,1,0.7171,High,0
2188-ENKTC,0,0.007,Low,1
7349-GMOTL,1,0.7645,High,1
3017-MDZNO,1,0.1614,Low,0
0598-ACRUL,0,0.0349,Low,0
5256-ORZTA,0,0.0844,Low,0
0790-RQFWH,1,0.838,High,1
4772-WEOVY,0,0.2406,Medium,1
7210-XYDGZ,0,0.0088,Low,0
5247-WBACO,0,0.3508,Medium,0
7809-GXARE,1,0.8969,High,1
6435-DCFHC,1,0.5575,High,0
7421-YGYSA,1,0.5098,High,0
0250-ZJRZY,0,0.0269,Low,0
9303-KYCIH,0,0.057,Low,0
0924-WXNPF,0,0.0082,Low,0
5411-JAMYE,1,0.3457,Medium,1
6467-JKHGQ,0,0.2203,Medium,0
1510-OZILI,1,0.2935,Medium,0
2830-OAGYA,0,0.0387,Low,0
9802-LTIWJ,0,0.0374,Low,0
4761-HROBM,1,0.3854,Medium,0
2443-WLWQO,1,0.5801,High,0
1800-HYERF,0,0.1149,Low,0
7702-JVURD,0,0.0344,Low,1
5261-ANAAO,0,0.0407,Low,0
3978-BNJGW,0,0.3412,Medium,0
9243-KVIYW,0,0.2291,Medium,0
0994-CEZSR,0,0.1412,Low,0
6630-FRRET,0,0.1177,Low,0
1229-XXUJB,0,0.1466,Low,0
9867-LWQBN,0,0.1993,Low,0
3691-NXGQV,1,0.9345,High,0
8463-ERLWW,0,0.0062,Low,0
8056-ZCFUE,0,0.0042,Low,0
7335-MKYJG,0,0.0032,Low,0
5796-IJVMS,0,0.028,Low,0
0501-XGCNY,0,0.003,Low,0
4028-XDIQG,0,0.0515,Low,0
5654-NQTOW,0,0.2022,Medium,1
0383-QJVQT,1,0.8328,High,0
1204-RMLLD,0,0.4506,Medium,0
7705-QHJLR,0,0.2822,Medium,0
5677-FQEXD,1,0.121,Low,0
9368-HAQAF,0,0.0418,Low,0
5055-DJUPZ,0,0.0017,Low,0
3340-IRADQ,0,0.0056,Low,0
1123-YGNFJ,0,0.0036,Low,0
8384-CQZJZ,1,0.8061,High,0
1445-SMNMT,0,0.0152,Low,1
7608-WFUMC,0,0.0018,Low,0
8010-WYDDY,0,0.0072,Low,1
9959-QNFOO,1,0.4593,Medium,1
2835-LISCV,0,0.0102,Low,0
2916-NNWPZ,1,0.7635,High,0
0212-IJDPR,0,0.0157,Low,0
3301-BIBRX,0,0.1721,Low,0
4548-ACITS,0,0.0013,Low,1
5473-VHVSL,0,0.0527,Low,0
1073-OWJVP,0,0.0022,Low,0
3882-FQLMY,0,0.2654,Medium,0
5083-RIYNH,1,0.6425,High,0
2308-CVEVN,0,0.0224,Low,0
1893-RZWBC,0,0.0138,Low,0
8607-BQCYQ,0,0.0012,Low,1
6618-OJHOX,0,0.0109,Low,1
4406-YJEAD,1,0.3179,Medium,1
6162-UTDVN,0,0.3037,Medium,0
5282-KIZXS,0,0.6428,High,0
6995-UHDDV,0,0.2233,Medium,0
0542-SPUFP,0,0.1356,Low,0
0255-MBZQG,0,0.1439,Low,0
9216-SGSST,0,0.0962,Low,1
9411-PKLPU,0,0.0362,Low,0
2809-ALQLY,1,0.1874,Low,0
8632-VNELX,0,0.0226,Low,0
8596-ASGQM,0,0.3588,Medium,0
2214-OVAAY,1,0.0695,Low,1
0600-UPLMV,0,0.5245,High,0
2618-RYZLW,1,0.5153,High,1
3625-KHFRV,0,0.0105,Low,1
9970-UUWUQ,1,0.7805,High,0
2122-PUAEH,0,0.2197,Medium,0
6741-CXERL,0,0.0177,Low,1
4556-QITXF,1,0.6966,High,0
7401-PTYPR,0,0.0244,Low,0
2143-KVCSV,0,0.1009,Low,1
9155-ZIHFA,1,0.4734,Medium,0
7360-NABBY,0,0.0388,Low,0
4941-RZQMG,0,0.1032,Low,1
1231-JGZYR,0,0.5245,High,0
7520-PLFET,0,0.2195,Medium,0
3835-VPRCZ,0,0.3772,Medium,0
9576-NGXDV,0,0.0814,Low,0
1476-KYFOM,0,0.011,Low,1
2733-NOEEO,0,0.0038,Low,0
7497-DSCWQ,0,0.0283,Low,1
1071-GSPLK,0,0.1018,Low,0
1183-PSHPL,0,0.1135,Low,0
4335-TTCHQ,0,0.7676,High,0
1231-LBQIF,1,0.9065,High,0
3836-DAWLO,1,0.8149,High,0
4974-IXTEY,0,0.048,Low,1
9500-WEIST,0,0.0068,Low,0
8956-ZCXFQ,0,0.004,Low,1
1909-RPICC,1,0.4505,Medium,1
5116-NOQTL,0,0.0582,Low,1
5558-BZVOT,0,0.0027,Low,0
7506-MNGRG,1,0.8222,High,0
7591-VGVKU,0,0.6432,High,0
2897-AWBOE,1,0.0575,Low,0
5434-KYUYW,0,0.0181,Low,0
3276-IKOFK,0,0.0101,Low,0
5563-MYYOE,0,0.017,Low,0
2642-JVGOQ,0,0.0033,Low,0
0748-SRPDQ,0,0.4611,Medium,0
4615-UEORL,0,0.7613,High,0
6496-WYDCU,0,0.0373,Low,1
0353-GQMHI,1,0.5447,High,1
6229-JHLIV,0,0.0026,Low,0
0832-AITDW,1,0.7742,High,1
8681-EELRE,0,0.4451,Medium,0
2155-ZLSTM,0,0.2425,Medium,0
5267-ECNVN,0,0.0176,Low,1
9866-CQJTV,0,0.5635,High,0
1509-VMLWM,0,0.751,High,0
8585-AMHQO,0,0.0095,Low,0
3807-ATDZW,0,0.6238,High,1
9864-XCOAL,1,0.8179,High,1
0893-IKBKM,0,0.2687,Medium,0
8762-SUYGC,0,0.0065,Low,1
1297-NWCXP,1,0.381,Medium,0
1067-IMOWY,1,0.831,High,0
9137-MDDZD,0,0.0508,Low,0
2983-UFPXS,0,0.0099,Low,0
5553-BXUDV,0,0.399,Medium,0
5395-QBFHY,0,0.0313,Low,0
9715-NHVEE,0,0.4893,Medium,0
1987-DDTXR,0,0.0123,Low,0
9787-VLKRQ,0,0.4377,Medium,0
3426-AHMQT,0,0.186,Low,0
6872-IPESS,0,0.1094,Low,0
5644-RYLEV,0,0.0613,Low,0
3710-CCLSX,0,0.5637,High,1
9719-KBPYO,0,0.6462,High,0
3420-KCCAZ,0,0.2648,Medium,1
7297-VSOWH,0,0.0179,Low,0
9022-OJJYF,0,0.043,Low,0
6287-YVXDN,0,0.0034,Low,0
1922-UNODE,1,0.7384,High,1
9967-TGTCM,0,0.0079,Low,1
8634-AGGLD,0,0.0031,Low,0
6579-FAYXE,0,0.2201,Medium,0
6347-RDGKL,1,0.7932,High,1
4230-QUKOM,0,0.2179,Medium,0
6775-NHHQE,0,0.0317,Low,1
2611-SULTH,0,0.041,Low,0
8638-FLVSX,0,0.3601,Medium,0
9757-QCNDY,0,0.0013,Low,0
8320-ATBQF,0,0.066,Low,0
7674-ISUGG,1,0.3341,Medium,1
9819-UTZRG,1,0.5332,High,0
7023-DCBSP,0,0.0352,Low,0
2956-YQPIK,0,0.2568,Medium,0
1831-BZNJJ,1,0.6902,High,0
7441-MYTBH,1,0.2,Medium,0
7697-OREZN,0,0.4021,Medium,0
3163-MMVZS,0,0.0187,Low,1
5931-YNTCF,1,0.7014,High,0
6834-LCDIQ,0,0.0033,Low,0
3432-JLHVI,0,0.1597,Low,0
6988-AFUMN,0,0.1682,Low,1
7727-EHAPL,1,0.7914,High,1
6248-NEPYR,1,0.5641,High,0
0414-YXDDR,1,0.8885,High,1
5143-KEQHD,0,0.0107,Low,1
8390-TPMCD,1,0.4447,Medium,0
2190-MBKXY,1,0.3055,Medium,1
0606-SWZAM,1,0.0105,Low,1
0746-CDDKS,0,0.0824,Low,0
6754-XOCXL,0,0.6565,High,0
1281-XDMMY,0,0.6308,High,0
1271-PRWCG,0,0.0086,Low,0
7050-NYZLM,0,0.0755,Low,0
2360-MDCHP,1,0.8756,High,0
8754-NSCUR,0,0.4151,Medium,0
0989-ZZZEJ,1,0.2203,Medium,0
1391-YVDUD,0,0.0043,Low,0
4076-WDRJL,0,0.3277,Medium,1
8705-JSEMG,1,0.703,High,1
4159-LTSVL,1,0.383,Medium,0
5021-IGEZE,0,0.0938,Low,1
7819-ELPJA,1,0.4433,Medium,0
3240-UDDFI,0,0.6404,High,1
6696-IDEAZ,1,0.5937,High,1
4481-SQPCF,0,0.009,Low,0
8737-MIMUQ,0,0.2267,Medium,0
4768-PNVWL,0,0.1344,Low,1
5867-ILGVL,1,0.9169,High,1
1873-HDSZV,0,0.1483,Low,0
6559-ZXCTP,0,0.1788,Low,0
0229-KAUZI,0,0.5204,High,0
0663-MDXJV,0,0.0094,Low,0
4681-JUHQE,0,0.2381,Medium,0
9380-EOSAE,0,0.7147,High,0
5451-QEPYA,0,0.3401,Medium,0
0396-MYHUI,0,0.2517,Medium,1
1520-LDASB,0,0.0216,Low,0
5095-FPDRT,0,0.5832,High,0
3474-LZFHK,0,0.2423,Medium,1
3059-DETDM,0,0.0465,Low,0
1579-DMNRK,0,0.3881,Medium,0
4767-PLACA,1,0.674,High,0
1736-AIVTH,1,0.7794,High,0
3622-WQPDN,0,0.6692,High,0
0127-KMQCR,0,0.0062,Low,0
4592-CGKZU,0,0.0041,Low,0
6321-FTGGI,0,0.4821,Medium,0
7529-TZWPW,1,0.5236,High,1
6692-NPBIL,0,0.1279,Low,1
9512-HHARI,0,0.0024,Low,1
0204-RKWSD,0,0.0071,Low,1
9970-PJKVL,0,0.1652,Low,0
4577-XNXGU,1,0.6327,High,0
4391-DSLAH,0,0.0385,Low,1
6456-GKBEU,1,0.7362,High,0
5038-FGZAA,1,0.8415,High,1
8556-HXHLR,0,0.6833,High,1
8708-SECDP,0,0.6863,High,1
5502-NMJLL,1,0.6676,High,0
8274-KBJJN,0,0.0169,Low,1
3906-WEXEW,0,0.0876,Low,0
0024-PLRRN,1,0.4841,Medium,0
8489-IADCZ,0,0.2384,Medium,0
5584-KBTMK,1,0.2996,Medium,1
5167-XTDQW,0,0.0302,Low,0
0774-DBHKL,0,0.0019,Low,0
6572-EJHFZ,1,0.6765,High,0
0160-MOVFH,1,0.3416,Medium,0
7118-FOFBQ,0,0.1002,Low,0
1820-UOHRY,1,0.3819,Medium,0
2276-NWENP,0,0.0445,Low,0
0077-TKKQO,0,0.2995,Medium,0
1203-XDHDP,0,0.0026,Low,1
7601-SQQKX,0,0.0213,Low,0
3838-CQDII,0,0.2271,Medium,0
9684-YFKZU,0,0.2308,Medium,0
6289-QKEAI,0,0.0064,Low,1
1319-EQSGJ,0,0.0136,Low,0
0624-EPRHO,1,0.7656,High,0
5066-BAEYY,0,0.0012,Low,0
9869-ZUJUG,0,0.1535,Low,0
7767-QTTMI,1,0.6389,High,0
1387-WMXRO,0,0.6569,High,0
0491-LBBUB,1,0.5118,High,0
4398-FPJKF,1,0.0308,Low,0
9061-NHAKB,0,0.0059,Low,1
4494-DRBLS,1,0.1864,Low,0
7878-DBVWO,0,0.4154,Medium,0
1602-LTPFV,0,0.0477,Low,0
6753-JCDYJ,0,0.127,Low,0
8089-FUKGG,0,0.1026,Low,0
8973-GZBGP,1,0.3015,Medium,0
7487-GVZNJ,0,0.1685,Low,0
2493-JTRAT,0,0.2266,Medium,0
5991-IZEKV,0,0.0083,Low,0
4811-GHHAY,0,0.0929,Low,0
9434-UOWCZ,0,0.0098,Low,0
7842-TDCLJ,0,0.0061,Low,0
0586-FDUXQ,0,0.0464,Low,0
5303-RQQUX,0,0.2961,Medium,0
9121-PACVH,0,0.4281,Medium,0
1846-MCJDR,0,0.0192,Low,0
4641-NXTKI,0,0.153,Low,1
9422-OCVCF,0,0.005,Low,0
2807-TBCKU,0,0.6663,High,0
2878-GPQGB,0,0.1013,Low,0
2108-QUOCB,1,0.2278,Medium,0
5145-PGFJP,0,0.0551,Low,0
2269-UQXQC,0,0.0074,Low,0
5008-PXRPC,0,0.3526,Medium,0
0597-HRGZC,1,0.3144,Medium,0
0357-JHXSU,0,0.0734,Low,1
4740-PHEBI,0,0.1247,Low,0
3882-WTVWS,1,0.3747,Medium,0
7005-JBZLX,1,0.7916,High,0
1012-PLQFD,0,0.0306,Low,1
5663-AQQKG,0,0.0909,Low,0
3322-IYLVG,0,0.1334,Low,0
3185-FDWPR,1,0.1203,Low,0
4031-JXGKH,0,0.048,Low,1
0779-PRZMU,0,0.2296,Medium,0
8502-WBBUN,1,0.8427,High,0
9306-SNPQE,0,0.5486,High,0
8684-QOKDJ,0,0.5296,High,0
8037-GURBJ,0,0.3147,Medium,0
2708-ZJGRR,0,0.0137,Low,0
1446-FHODU,0,0.0159,Low,0
2872-QTAOZ,1,0.2887,Medium,0
1139-GAMEF,0,0.1457,Low,0
6046-QXRIN,0,0.5729,High,0
7038-GVYHO,0,0.1585,Low,0
1063-HPEYH,0,0.0046,Low,1
3563-XGMXI,0,0.0058,Low,0
7105-AXELZ,0,0.0053,Low,0
9598-FEGWA,0,0.0763,Low,0
3958-SKVYT,0,0.6849,High,0
7248-EAOPZ,0,0.0012,Low,1
0472-QLBZJ,0,0.4113,Medium,1
9209-IFOHX,1,0.5347,High,0
0778-LCVNI,0,0.0011,Low,1
6036-ZFUYN,1,0.5749,High,0
3612-RZZXG,0,0.0494,Low,0
3990-QFLTR,1,0.8177,High,1
9259-ITTOD,0,0.0145,Low,0
3389-ZJXMS,0,0.9128,High,1
4073-DFWZT,1,0.2877,Medium,1
1663-ZHKGO,0,0.1014,Low,0
5889-LUBFX,0,0.2526,Medium,0
7732-MXPOX,0,0.134,Low,0
4150-WNJUW,0,0.2431,Medium,0
2377-VMCSF,1,0.5687,High,1
7296-UTFNN,0,0.334,Medium,0
1327-FWZTC,0,0.0117,Low,0
3246-AZPGT,1,0.6124,High,0
2116-SEDBA,0,0.0072,Low,0
5005-DGGPF,0,0.1249,Low,1
1241-DFFPQ,0,0.8493,High,1
4091-TZSHU,1,0.4031,Medium,0
0587-NZGYQ,0,0.0071,Low,0
0382-HFIVO,0,0.003,Low,0
6604-LWTJL,0,0.0131,Low,0
3436-HRITP,0,0.068,Low,1
3475-NFEJB,1,0.8031,High,1
5747-PXUGO,0,0.0152,Low,0
3984-PRZJW,0,0.0028,Low,0
6406-DEIBK,1,0.8847,High,0
1460-RMPLQ,0,0.3151,Medium,0
5361-VMTXR,1,0.8107,High,0
8572-VVCSW,1,0.5589,High,1
6297-SCITV,1,0.3745,Medium,1
4052-BXYIN,0,0.8336,High,0
6756-KRLPX,0,0.3254,Medium,1
7090-BFEVB,0,0.0013,Low,0
3250-GRXDU,1,0.4384,Medium,0
8640-GOQHY,0,0.0041,Low,0
4204-EDSAL,0,0.0017,Low,0
6435-ZJQJS,0,0.0017,Low,0
7095-YBYVZ,0,0.2762,Medium,0
4366-VSWKJ,0,0.0181,Low,0
0952-QJMAW,0,0.3106,Medium,0
5097-FCKLH,1,0.3014,Medium,0
1820-BYSQH,1,0.4302,Medium,0
7802-RPARZ,0,0.7445,High,0
5705-YMSMK,1,0.3945,Medium,0
6406-GQQZX,1,0.743,High,0
0310-NFFUD,0,0.0963,Low,0
8414-KQWTK,0,0.0021,Low,0
7882-VZRMF,0,0.0015,Low,0
7093-QTRDL,0,0.0304,Low,0
0948-GFOAG,0,0.0028,Low,0
8032-EVZGF,0,0.4899,Medium,0
1341-MBZMZ,0,0.0418,Low,0
0319-BDTKR,1,0.5742,High,0
4736-PJGSD,1,0.2566,Medium,0
0249-IUGEI,0,0.0087,Low,0
3077-WAYPP,0,0.0129,Low,1
3129-XUXJR,0,0.2271,Medium,0
3264-DWGFH,0,0.2617,Medium,0
2184-ETLVD,0,0.1949,Low,0
8078-BACGB,0,0.053,Low,0
6868-VQBPE,0,0.0914,Low,0
6100-QRYSR,1,0.3469,Medium,1
1588-DUTTK,0,0.2477,Medium,0
0546-ETTXN,0,0.4329,Medium,0
9364-ZTPWG,0,0.0661,Low,0
9428-FXIOF,0,0.0025,Low,0
4475-NYBFV,0,0.0064,Low,0
0384-XYHKA,0,0.0225,Low,0
2739-KEDGD,0,0.0436,Low,0
9201-UNMGP,0,0.0954,Low,0
9456-ICSWD,0,0.1345,Low,0
2164-CHZDD,0,0.2159,Medium,0
3610-ROWNL,0,0.0156,Low,0
1009-DOSFM,0,0.0031,Low,0
9048-CYSQL,0,0.8145,High,0
3965-CWUTQ,0,0.0437,Low,0
8100-OTUXJ,0,0.0084,Low,0
4764-QCORS,1,0.1622,Low,1
3389-INDDS,0,0.17,Low,1
7824-FPHKN,1,0.8668,High,1
8432-QHYSL,0,0.144,Low,0
6806-XUGFX,0,0.239,Medium,1
3598-XCWTH,0,0.0008,Low,1
6223-KRDDW,0,0.0039,Low,0
3393-EZVJJ,1,0.2582,Medium,0
0323-ROACL,0,0.2218,Medium,0
9839-TYYAR,0,0.1507,Low,0
8647-NKYRL,0,0.0515,Low,1
7995-NLYZZ,1,0.6721,High,1
0266-GASMU,0,0.0755,Low,0
4444-ZOYVW,0,0.3274,Medium,0
3301-WJUVL,0,0.2574,Medium,0
1241-ISUJC,1,0.2927,Medium,0
3621-HNTWQ,0,0.1699,Low,0
0215-ISEEJ,0,0.0024,Low,0
8688-PSDBI,1,0.1571,Low,0
9375-OAKNY,0,0.6707,High,1
2846-BSUQA,0,0.8337,High,1
5880-DORMS,0,0.0079,Low,0
8247-PKKAO,0,0.0085,Low,0
5313-EEEGE,0,0.0723,Low,0
5013-JHTGD,1,0.2188,Medium,0
1016-QWLWY,0,0.0285,Low,0
5941-GFPLA,0,0.1627,Low,0
3842-IPMWN,0,0.0137,Low,0
0781-LRYGB,1,0.5961,High,0
8916-UZDTS,0,0.1114,Low,0
6002-LSRDJ,0,0.1155,Low,0
9590-YLLKJ,0,0.2355,Medium,0
8595-QXIVY,0,0.0097,Low,0
1254-SPWTX,0,0.1334,Low,0
1787-YNSKH,0,0.1267,Low,1
9211-OMDLO,0,0.2212,Medium,0
5252-GKXCT,0,0.0953,Low,0
3809-HNZPS,0,0.3098,Medium,0
0342-OULCK,0,0.0112,Low,0
0707-VNKOT,0,0.192,Low,1
0839-OIRWC,0,0.0167,Low,0
4757-JCFKX,0,0.495,Medium,0
7375-WIQDU,0,0.0148,Low,1
8780-ETPQI,0,0.0199,Low,0
4821-XRYAL,0,0.0187,Low,1
0970-WKSBA,0,0.0818,Low,0
9273-BKFLD,0,0.0019,Low,0
2543-RNLJU,0,0.3405,Medium,1
8245-AJHHF,1,0.857,High,0
7447-YHVJF,0,0.0651,Low,0
1218-YNEEF,1,0.6822,High,0
7870-TNAUV,0,0.0181,Low,1
1457-CYEVU,0,0.0881,Low,0
7416-RSEWE,0,0.1468,Low,1
7286-AZLCY,1,0.8653,High,0
0074-CYUZC,0,0.3153,Medium,1
4402-NMXBW,1,0.6808,High,0
2758-UOMPO,0,0.0131,Low,1
9694-DBCOV,0,0.0046,Low,1
5719-OJZWB,0,0.5222,High,1
2099-HYOGY,0,0.5874,High,0
6104-TGEIM,1,0.5994,High,0
2769-DMRHD,0,0.3547,Medium,0
6038-EISVC,1,0.7602,High,0
2533-HSUDO,0,0.1762,Low,1
2648-GNMJE,1,0.8238,High,0
5263-JZNVT,0,0.3048,Medium,0
9183-ZTILJ,0,0.0026,Low,0
0888-OFPRW,0,0.0282,Low,0
7267-FFSVM,0,0.0804,Low,0
8897-KKPEP,0,0.0146,Low,0
5014-OILKT,0,0.0131,Low,0
4583-HKOHK,0,0.0375,Low,0
1848-HIYDK,0,0.0251,Low,0
3341-RNXLH,0,0.1821,Low,0
7583-WDJTB,1,0.7378,High,1
5891-RLOMH,1,0.8478,High,0
3135-PPWYO,0,0.0017,Low,1
7087-PWHJB,1,0.4918,Medium,0
4812-GQWPA,0,0.0044,Low,0
4029-LHYFO,0,0.0052,Low,0
9018-HZNYD,0,0.265,Medium,1
2832-FQYTQ,0,0.7995,High,0
0479-SNYNE,0,0.2514,Medium,1
4170-IKAMW,0,0.0134,Low,0
5912-JZJZL,0,0.0047,Low,0
6744-UQIPR,0,0.0403,Low,0
3734-XXFBN,0,0.0314,Low,0
0556-XRENC,0,0.1265,Low,0
6922-VVFKN,0,0.0179,Low,0
3447-GNFCY,1,0.3472,Medium,1
7403-NBKMG,0,0.0146,Low,0
8909-CRAUA,0,0.0013,Low,1
9762-FPUHI,0,0.0702,Low,0
8092-BEIRW,1,0.7892,High,0
2922-EDFOU,1,0.4363,Medium,1
8744-HGSYM,1,0.5609,High,0
6572-XFUSP,0,0.3364,Medium,0
8952-UMCPN,0,0.1403,Low,1
5308-OUQLH,0,0.1526,Low,0
0576-JCKTQ,0,0.295,Medium,1
7677-LZAAO,0,0.1513,Low,0
1231-PIJPZ,0,0.6419,High,0
3339-NOWUH,1,0.2371,Medium,0
6394-YWHCO,0,0.1352,Low,0
9211-NPJXB,0,0.12,Low,1
3131-QHTMZ,1,0.7805,High,0
2084-UVQXM,1,0.8046,High,0
4021-PYOJW,1,0.129,Low,0
7715-QHXLD,0,0.2996,Medium,0
8428-RMNSN,1,0.7342,High,0
9602-YMAPO,0,0.0019,Low,1
0242-HHLKW,0,0.336,Medium,1
7134-XJVKE,0,0.0025,Low,0
1639-ODKUV,0,0.0067,Low,1
2688-HLARP,0,0.0138,Low,0
5077-LBDPO,0,0.029,Low,0
1852-ONKTR,0,0.0036,Low,0
6720-SFESE,0,0.7157,High,0
1534-KVFYP,0,0.7614,High,0
9986-TDBKN,0,0.0681,Low,0
4629-SRVAM,1,0.7984,High,0
5855-GTBKH,0,0.0082,Low,1
3792-ECSWX,0,0.1026,Low,0
1019-LEVDL,0,0.1407,Low,0
3752-UDIFL,0,0.0222,Low,0
8401-IAGGA,0,0.0713,Low,1
4410-BRZCX,1,0.585,High,0
6438-WGBCZ,0,0.0885,Low,1
7799-HVHDT,0,0.0015,Low,0
5901-PJRJQ,0,0.0286,Low,0
1124-RWTZA,0,0.0833,Low,1
0013-ERECP,0,0.0071,Low,0
7305-VOSAM,1,0.7232,High,0
1194-YCCXY,0,0.2245,Medium,1
1434-UMDYN,1,0.557,High,0
3230-BWMAV,0,0.2534,Medium,1
5579-HODME,0,0.1457,Low,1
6142-HRWBT,0,0.2023,Medium,1
7164-FRTDH,0,0.0122,Low,1
7341-VDIOU,0,0.3153,Medium,0
6463-TSPLL,0,0.0087,Low,0
6662-EWDPE,1,0.7982,High,0
9208-YDZVL,0,0.0032,Low,0
8587-YNISM,1,0.1484,Low,0
7851-YOUGL,0,0.0052,Low,0
2484-XWKEH,0,0.4802,Medium,0
7967-SSMCV,1,0.5559,High,0
2635-GHDQG,0,0.0762,Low,0
3936-WNIRT,0,0.0244,Low,0
5181-SKAJS,0,0.0172,Low,0
2753-SNLYU,0,0.0324,Low,1
5060-YRGHR,1,0.3204,Medium,0
7561-ZKDDW,0,0.4404,Medium,0
3702-YPPJJ,1,0.1465,Low,0
0706-FGUVV,1,0.4114,Medium,0
9286-JGMCR,0,0.9319,High,1
7059-YLZEV,1,0.0914,Low,0
3229-WZBTG,0,0.0187,Low,0
7117-CXGRA,0,0.2342,Medium,0
0554-URCFE,0,0.0805,Low,0
8677-FKNKJ,1,0.5946,High,0
2235-FTBQY,1,0.7937,High,0
4216-YLWQY,0,0.4738,Medium,0
0605-IFUMC,0,0.2587,Medium,0
5350-WMQIQ,1,0.7504,High,1
6320-AAERN,0,0.0096,Low,0
3814-TPXSZ,1,0.896,High,0
1492-KSOII,0,0.0153,Low,0
0956-NOWZG,0,0.0343,Low,0
0551-OFJNS,0,0.0061,Low,0
2668-TNNYK,0,0.0452,Low,0
4238-AAECV,0,0.0287,Low,0
2399-XWHLQ,0,0.0017,Low,1
6539-ABVYK,1,0.3147,Medium,0
4976-VSEVE,0,0.1726,Low,0
8478-EBRZT,1,0.1689,Low,0
9755-ECYZE,1,0.8157,High,0
7918-WWEYP,1,0.5619,High,0
1551-JIVHD,0,0.3879,Medium,0
4759-MRNST,0,0.3707,Medium,1
8722-BVXYG,0,0.0603,Low,0
5488-UFUTX,1,0.8349,High,0
3367-AEPHJ,1,0.2518,Medium,1
9729-HCHXG,0,0.4801,Medium,0
8667-JTOFX,0,0.0127,Low,0
9999-OXOJS,0,0.5531,High,0
5929-BKXKO,0,0.231,Medium,0
1575-NCCUI,0,0.7575,High,0
4051-FHPYU,1,0.4713,Medium,0
1655-BKYBZ,0,0.2844,Medium,1
0712-UBJAH,1,0.6256,High,0
1473-IIONU,0,0.2814,Medium,1
0579-UKGVA,1,0.4362,Medium,0
8060-AXPQL,0,0.0923,Low,0
0311-CWDUX,0,0.7191,High,0
2670-TVVVZ,0,0.1695,Low,0
9493-NDKQI,0,0.1379,Low,1
2862-ERGKC,0,0.022,Low,0
7483-ZYRJX,1,0.8243,High,1
2265-HHMMA,0,0.0259,Low,0
4523-SZQYQ,0,0.08,Low,0
3783-YMNQR,0,0.003,Low,0
6691-UZYDU,0,0.0574,Low,0
3807-LOLTG,0,0.0284,Low,0
0798-ZBSVQ,0,0.0014,Low,0
3112-UXHUC,0,0.4802,Medium,0
7714-XRLDJ,0,0.296,Medium,0
3045-AMSKG,0,0.1545,Low,0
9013-ZLGTB,0,0.0036,Low,1
4170-IXTDD,0,0.2372,Medium,0
6329-GPSTK,0,0.0035,Low,0
5621-TPCOQ,0,0.0199,Low,0
6547-XAUCO,0,0.7126,High,0
4835-RZUAJ,1,0.5081,High,0
0031-MDZHM,1,0.8719,High,0
9325-LZTWX,0,0.3219,Medium,0
1665-ZPWGS,0,0.012,Low,0
2647-CWZHI,0,0.1746,Low,0
3627-SWCJZ,0,0.0102,Low,1
6221-XCTKL,0,0.0251,Low,0
7833-GIDSS,0,0.0047,Low,0
0875-SINMU,1,0.3881,Medium,1
1633-SGQKC,0,0.4388,Medium,0
3546-VFQPN,0,0.0159,Low,0
3956-DJDXP,0,0.5095,High,0
2885-DVRKK,0,0.0192,Low,0
5651-NATAG,0,0.0999,Low,0
7525-AUGNZ,0,0.0015,Low,1
5431-ZJALM,0,0.0025,Low,0
0859-ECRIB,0,0.0148,Low,0
3345-YQYTS,0,0.1245,Low,0
7239-RAMUX,0,0.0155,Low,0
0918-WNQBP,1,0.5784,High,0
8789-QDDGB,0,0.0016,Low,0
5343-YMRZW,0,0.1572,Low,1
3206-UPUQQ,1,0.8505,High,0
7983-CJBYE,1,0.5509,High,0
7183-BZELV,0,0.0843,Low,0
6792-TFRZR,0,0.2131,Medium,0
6679-DHJXW,0,0.0913,Low,0
5798-EKUYY,1,0.2436,Medium,1
6972-ODMXJ,1,0.1224,Low,0
8904-NQPAS,0,0.1805,Low,0
1866-ZWSTP,1,0.8564,High,1
4486-GJMGO,0,0.0812,Low,0
8948-LBKQW,0,0.0988,Low,1
4812-GWRKN,0,0.0164,Low,0
7266-NFAAF,0,0.2018,Medium,1
3868-EIZSS,0,0.0153,Low,0
4691-BBMPE,0,0.2529,Medium,0
0126-XZCGU,1,0.8273,High,1
8602-FOZAE,1,0.2421,Medium,0
2781-OASNA,0,0.0031,Low,1
6184-FTJFN,0,0.5492,High,1
2535-AONNB,1,0.7706,High,0
4426-IABNF,0,0.2022,Medium,1
9693-ZDXCT,0,0.3337,Medium,0
5259-JHQTA,0,0.0264,Low,0
3774-RZDNI,0,0.2311,Medium,0
5929-LKFOO,1,0.9018,High,0
2482-YOHKP,0,0.0189,Low,1
4476-ROFCN,1,0.8901,High,0
4772-ZHIAT,1,0.5809,High,0
4620-EGVYB,0,0.119,Low,1
4522-LAHUV,0,0.0021,Low,0
7639-LIWGM,0,0.0584,Low,1
0575-ESMHT,1,0.7339,High,0
1661-FHCQN,0,0.2325,Medium,0
1962-TZAWW,0,0.5963,High,1
0887-SOFXQ,0,0.1206,Low,0
8166-JDGRU,0,0.017,Low,0
6764-MGNYF,0,0.1433,Low,1
0974-WREXC,0,0.0178,Low,1
6793-CRILS,0,0.8132,High,0
0794-HCQTE,0,0.0032,Low,0
0432-CRZAR,0,0.102,Low,1
2601-LMGKJ,0,0.365,Medium,0
7102-UONZY,0,0.029,Low,0
7964-QAZAZ,0,0.1429,Low,0
1301-HNZFB,0,0.0126,Low,0
0236-HIHOF,0,0.0142,Low,0
3249-POETQ,0,0.0105,Low,1
7502-IYDPL,0,0.1106,Low,0
1240-ITPUN,0,0.1105,Low,0
3661-VGMSF,1,0.7672,High,0
9871-MQRQR,0,0.6348,High,1
1962-NKNDI,1,0.7357,High,1
1847-PXLBT,1,0.3994,Medium,0
5113-WSTBD,0,0.0034,Low,0
4010-NPDGS,1,0.0839,Low,0
1971-CGBFB,0,0.0101,Low,1
9345-VTISC,0,0.2664,Medium,0
5551-RKUKK,0,0.3135,Medium,0
6745-ROTBN,0,0.3589,Medium,1
7908-JXZPX,1,0.5596,High,0
1411-JQFBI,1,0.76,High,0
2164-GCLAN,0,0.1363,Low,0
3571-NXQAP,1,0.1439,Low,0
7147-RUICN,0,0.6151,High,0
4508-NQYOF,0,0.0028,Low,0
5922-RPWIP,1,0.9065,High,0
3662-QYAJB,0,0.0891,Low,0
9109-JQAXB,1,0.7315,High,0
0232-OZUNI,0,0.4251,Medium,0
4943-XHMSB,0,0.0767,Low,0
6640-MUBRJ,1,0.7248,High,0
7288-JBRFN,1,0.3509,Medium,0
7458-HFQQR,1,0.6476,High,0
9833-WAKKV,0,0.0016,Low,0
3494-YXCZQ,1,0.2932,Medium,0
5256-PNPUB,0,0.4336,Medium,0
3753-MBJAT,1,0.902,High,0
9494-MSGCX,0,0.6068,High,0
0598-RPISQ,0,0.2471,Medium,0
3052-QTDEA,0,0.3148,Medium,0
6860-IYXIG,0,0.0117,Low,0
9823-IUKEI,0,0.0154,Low,0
2038-JKWMK,0,0.3579,Medium,0
9557-THPKK,1,0.0416,Low,0
1039-YXPZA,0,0.3386,Medium,1
3997-XOPUS,0,0.0489,Low,0
8927-BNNBV,0,0.0079,Low,0
4425-XLJNY,0,0.076,Low,0
7144-AVJDG,1,0.4378,Medium,1
4822-JRQHZ,0,0.028,Low,0
8077-XZRRU,0,0.0336,Low,1
1240-JDFKN,0,0.8246,High,0
1615-DORZM,1,0.1996,Low,0
5633-HIXVT,1,0.1803,Low,0
1751-PUEHY,0,0.0155,Low,0
8000-AFOVK,0,0.0117,Low,0
4396-RRMWO,0,0.2581,Medium,0
2709-SRQBS,0,0.0394,Low,0
1188-HGRSS,0,0.4833,Medium,0
7109-HGRQJ,0,0.0132,Low,0
9604-WMQFU,1,0.7647,High,0
5270-GCBBW,0,0.0441,Low,1
1206-PISML,0,0.6387,High,0
2261-SBGAL,1,0.7347,High,0
5329-LQKLH,0,0.3152,Medium,0
7273-QPQFF,1,0.1123,Low,0
8980-JWNDO,0,0.0948,Low,0
2627-XYWZV,0,0.0453,Low,1
3782-VQFJQ,0,0.0187,Low,0
0244-ALZHG,0,0.0082,Low,0
8888-RVCZK,0,0.0013,Low,0
7828-BUEGQ,0,0.0024,Low,0
5668-AQGNR,1,0.7155,High,0
0630-XXLUO,0,0.0427,Low,0
5382-VWQZY,0,0.2737,Medium,0
6775-THYGN,0,0.0306,Low,0
1732-OCZRM,0,0.0177,Low,0
3328-ROMSU,0,0.0121,Low,0
0853-SXLMN,1,0.563,High,0
1248-CGTXP,0,0.083,Low,0
7939-PNKMQ,0,0.0018,Low,0
8764-TIKPG,1,0.7464,High,0
2047-IFFMU,1,0.8901,High,1
9291-CNSJV,1,0.6216,High,1
5247-WFTTX,0,0.0019,Low,0
3871-RULMF,0,0.8,High,0
9289-COQYD,0,0.4879,Medium,1
0647-RGCBE,0,0.0221,Low,0
3942-KXODS,1,0.1932,Low,0
9395-DQNZP,0,0.0099,Low,0
4861-LWBFM,0,0.0234,Low,0
8582-VHQET,0,0.1272,Low,0
9674-WKPAB,1,0.7642,High,0
3522-MDYFJ,1,0.8704,High,0
0372-MTNWX,0,0.1127,Low,0
9456-ZOJYZ,0,0.5365,High,0
2619-THGLE,0,0.006,Low,1
4029-OJCLI,0,0.0658,Low,1
7095-KEZJH,0,0.0037,Low,0
6245-LKKRV,0,0.0198,Low,0
7519-HZKWB,0,0.4717,Medium,0
4011-EWXVJ,0,0.031,Low,0
8514-RRNAK,0,0.4303,Medium,0
3044-BGNRW,1,0.7412,High,0
9656-PSHDC,0,0.692,High,1
0572-QNXOT,0,0.0589,Low,0
9670-CMGMX,0,0.021,Low,0
6587-LBKWN,0,0.6582,High,1
8003-VQTKQ,1,0.4191,Medium,1
5573-MZZNL,0,0.0161,Low,1
6785-MFAQR,1,0.1905,Low,0
6586-OQTMV,0,0.6666,High,1
4951-TJMAA,0,0.2221,Medium,1
5818-UYGAI,0,0.0063,Low,0
4357-RDGOF,0,0.0616,Low,0
2361-HEYUI,1,0.7882,High,0
3966-RBSSH,0,0.4946,Medium,0
2255-ZVNGQ,0,0.0265,Low,1
7964-YKRNY,0,0.326,Medium,1
4066-SQAAZ,1,0.326,Medium,0
6073-PWMLQ,0,0.017,Low,0
4073-JXRQV,1,0.8743,High,0
7357-TSUND,0,0.1781,Low,0
4571-BHIDW,0,0.0124,Low,0
1283-VCWUD,1,0.3121,Medium,0
4367-DOACB,1,0.567,High,0
4731-RYHGT,0,0.0122,Low,0
5988-FFCIF,1,0.8246,High,1
9358-EIYPF,0,0.0149,Low,1
0595-TCRJK,1,0.5625,High,0
8151-DWOWS,0,0.0061,Low,1
4761-OOLQN,0,0.0689,Low,0
2648-MLISH,0,0.1104,Low,0
4987-UTNQO,1,0.7529,High,0
0376-JZYRJ,1,0.8397,High,0
0828-AEXSS,0,0.0231,Low,1
0343-HCCEE,0,0.0417,Low,0
8098-TNNPW,0,0.045,Low,0
8370-CSBBA,0,0.0286,Low,1
1020-JGXCI,0,0.1071,Low,1
6676-ETSWO,1,0.6771,High,0
2953-VBSND,0,0.0066,Low,0
5407-FOKVT,0,0.0031,Low,0
0702-YGUVO,0,0.7075,High,0
5182-TATCK,0,0.0279,Low,0
7300-TQDCU,0,0.1625,Low,1
7089-FEWTQ,0,0.0067,Low,1
7046-MLQVI,0,0.0611,Low,0
6715-TJZME,0,0.0053,Low,0
9378-TVOUN,0,0.0012,Low,0
6285-RDBJZ,1,0.8331,High,0
1884-YUNWU,0,0.0215,Low,0
0890-QYCSP,1,0.6642,High,0
0122-BNNHG,0,0.2321,Medium,1
0219-KBNRN,0,0.0024,Low,1
5847-AWPNY,0,0.0042,Low,0
9704-ZPLHZ,0,0.0063,Low,1
0843-JUIPE,0,0.0067,Low,0
3088-IMOIF,0,0.171,Low,0
0903-CUKZA,1,0.4345,Medium,0
9994-MTUAA,0,0.2778,Medium,0
6403-YWPHR,0,0.1617,Low,0
9519-MMQOO,0,0.0548,Low,1
2856-GIWXS,1,0.6172,High,1
7079-VYBTE,0,0.2933,Medium,0
3205-MMATO,0,0.0014,Low,0
2638-NKTTZ,0,0.0964,Low,0
4833-UZZCT,0,0.5415,High,1
3762-DKTYF,0,0.0056,Low,0
9895-FULSC,0,0.2289,Medium,0
1421-MNDBD,0,0.0676,Low,1
2200-PCVHN,1,0.6358,High,0
3364-YSGXK,0,0.013,Low,0
4819-KCUSY,0,0.4326,Medium,0
7198-UFRFF,0,0.1106,Low,0
6764-UWHBT,1,0.2646,Medium,0
2738-TNFEJ,1,0.5367,High,0
8614-PZLJZ,1,0.799,High,1
9999-QICPL,0,0.0019,Low,0
1710-WVWRV,0,0.2415,Medium,0
0915-GZUAX,1,0.4891,Medium,0
8454-INNWT,0,0.0395,Low,0
8147-XOYBM,0,0.1054,Low,0
6867-KJMZG,0,0.0279,Low,0
2391-RXLPN,0,0.1215,Low,0
8357-BMJOG,0,0.0036,Low,0
0043-ILERZ,0,0.4716,Medium,0
5524-XIBQD,0,0.1668,Low,1
8420-EHVXC,1,0.8161,High,0
6035-LPDMI,0,0.621,High,0
5826-QDGUZ,0,0.0116,Low,0
0041-FOJXC,0,0.0064,Low,1
1251-FETFR,1,0.7252,High,0
6785-TJIVE,0,0.0703,Low,0
5398-TOQCW,0,0.6026,High,0
4646-RCNBD,0,0.0019,Low,0
4806-WAXGY,0,0.5593,High,1
1929-MZAWF,0,0.0543,Low,0
6769-RZNLO,1,0.089,Low,0
5394-VWEIF,0,0.156,Low,0
7859-RURUL,0,0.0174,Low,0
1191-RPXCK,1,0.7651,High,0
9557-KOIES,1,0.3385,Medium,0
4316-HLVNR,0,0.1485,Low,1
6352-DFENL,0,0.2335,Medium,0
1696-XRXVI,0,0.3822,Medium,1
5810-ZFWPI,0,0.0043,Low,0
4571-LGWEB,0,0.1493,Low,0
0093-AVDCO,1,0.8401,High,1
5155-PENAX,0,0.1134,Low,0
9673-KFFCF,1,0.4846,Medium,1
8162-KMCRB,0,0.0374,Low,0
1143-ZTXXI,0,0.0045,Low,1
3973-ZIFDF,0,0.0049,Low,1
0573-IUYZP,0,0.2779,Medium,0
3329-YOFEF,1,0.6469,High,0
6209-CEAKI,0,0.1563,Low,1
9840-TBSMW,0,0.0181,Low,0
1118-BBPFZ,0,0.012,Low,0
1897-ABPEG,0,0.0092,Low,0
2711-XUJYV,0,0.0213,Low,0
8282-IZNTW,0,0.1012,Low,0
3405-FOYXK,0,0.0032,Low,0
8497-WAPQJ,0,0.0123,Low,0
1457-MDFJQ,0,0.0031,Low,1
0207-TYHYL,1,0.9079,High,0
9175-KFKKX,0,0.015,Low,0
1807-ENBHL,0,0.0025,Low,0
4061-QAAPZ,0,0.0087,Low,1
6709-ETEFV,1,0.877,High,1
7945-BPRNQ,1,0.4262,Medium,0
1037-HHPUW,0,0.0099,Low,1
9772-STABU,0,0.0579,Low,1
4688-EDAEY,0,0.002,Low,0
9046-OXJYS,0,0.2978,Medium,0
1813-HGNRC,1,0.7935,High,0
7363-QHYZQ,0,0.0241,Low,0
2034-SOHNX,0,0.002,Low,1
2281-HCVRY,1,0.79,High,0
5871-ZSGYD,0,0.4804,Medium,0
8688-MAFIA,0,0.0422,Low,0
7260-HWWPQ,0,0.0892,Low,0
2996-QTKDU,1,0.7287,High,0
7257-LPARX,0,0.0271,Low,0
3963-ENDKO,0,0.002,Low,0
1535-SWZGL,0,0.4396,Medium,0
8513-EROZM,0,0.0637,Low,0
0573-FZNQX,0,0.0037,Low,0
1757-KVYVY,0,0.0043,Low,0
0162-AYPSH,1,0.8405,High,0
8892-ZKDOV,0,0.0599,Low,0
3104-XLTNT,1,0.6977,High,0
7995-VRIYR,1,0.6399,High,0
3274-IKNMH,0,0.0085,Low,0
2416-HGJSI,0,0.376,Medium,0
0940-PHTKQ,0,0.1152,Low,0
2750-HFZES,1,0.488,Medium,0
7461-GZPUB,0,0.2802,Medium,0
1067-BKYRC,0,0.0531,Low,1
9211-WOXMM,0,0.004,Low,0
6717-EMCTT,0,0.2226,Medium,0
9632-YPQGU,0,0.0233,Low,0
9282-EVQDO,0,0.0161,Low,0
4469-MOSEB,1,0.8243,High,0
3007-GVDAW,0,0.0509,Low,0
4106-TAOBS,1,0.8127,High,0
7671-EOWYT,0,0.0585,Low,0
3299-LMMSP,1,0.5275,High,0
3884-GMETV,0,0.0206,Low,0
8792-RKRFF,1,0.6016,High,0
6006-PGYUW,0,0.0841,Low,1
4634-NHJHN,0,0.0501,Low,0
9458-PANYT,0,0.1628,Low,0
7383-MWHYU,0,0.0766,Low,1
9793-PNBOE,1,0.7585,High,0
8809-SXCRZ,0,0.0766,Low,0
0247-WKAPE,0,0.0036,Low,0
4879-CCMVZ,1,0.5178,High,0
2146-INCKK,0,0.1699,Low,0
9289-HVVZZ,0,0.2524,Medium,0
5114-QLNNS,1,0.287,Medium,0
0582-FDBTF,0,0.0161,Low,0
7678-ZKFLR,0,0.0762,Low,0
9041-FBSJS,1,0.8516,High,1
9140-KTQYZ,1,0.5711,High,1
2942-SANXQ,0,0.2515,Medium,0
7382-UOCKZ,0,0.0152,Low,0
0019-NKGPR,0,0.0384,Low,1
5837-PLEDE,0,0.0167,Low,0
7287-PFHYX,0,0.0012,Low,0
3489-DAEAR,0,0.5187,High,0
6292-EHFPS,0,0.0209,Low,0
4124-IBVVB,1,0.3487,Medium,0
3402-YRRLN,1,0.478,Medium,1
6381-ONDRT,1,0.2631,Medium,0
6224-TJAVF,0,0.1035,Low,1
9459-EAKKQ,0,0.792,High,1
3136-NVUHB,0,0.0208,Low,0
0166-ZRUDB,0,0.0109,Low,0
6288-CGEYY,1,0.7904,High,0
9347-QTHLZ,1,0.8282,High,0
3321-WPEIW,0,0.006,Low,0
0236-YSGFC,0,0.1257,Low,0
3808-AHVJB,0,0.0011,Low,0
2841-DOACN,0,0.0341,Low,0
0299-VYAQC,0,0.0331,Low,1
7535-NBHPK,1,0.6562,High,0
5047-SHVMS,0,0.3631,Medium,1
5643-KLMTW,0,0.0175,Low,1
0827-SQKVX,0,0.0359,Low,0
1848-PCHBR,0,0.0067,Low,1
0100-NBNJS,1,0.79,High,1
6812-HGDAN,0,0.0145,Low,0
8798-HPEGW,0,0.2398,Medium,0
4344-MQONZ,0,0.1122,Low,0
9594-NIWGR,0,0.1474,Low,0
3727-GNJKJ,0,0.1456,Low,0
9116-DHBAV,0,0.0363,Low,0
3203-ZZRQC,0,0.0317,Low,0
3121-FIMRF,0,0.1027,Low,0
8054-ZCCYD,0,0.0134,Low,1
7998-NRGWL,0,0.1609,Low,1
8849-RVBWY,0,0.0449,Low,0
9586-UDZEO,0,0.0253,Low,0
7614-PQLYU,1,0.1693,Low,1
5228-JPBEU,0,0.2494,Medium,0
4184-FJNRY,1,0.5753,High,0
4002-ZLAZS,0,0.0293,Low,0
6936-ZAUKS,0,0.0066,Low,0
1400-OQMUG,0,0.0213,Low,0
5173-AHCLA,1,0.8388,High,0
9561-PEGDU,1,0.5886,High,0
9887-PHZQG,0,0.1038,Low,0
6542-SZFLM,0,0.0021,Low,0
0362-RRDAC,0,0.1519,Low,1
0014-MUJGP,0,0.0446,Low,1
4487-YEODM,0,0.0099,Low,0
7729-UFVEG,0,0.0166,Low,1
8221-EAWLL,0,0.1666,Low,0
4347-LNWSJ,0,0.1667,Low,0
7264-DOYFE,0,0.0092,Low,0
3409-CLZGV,0,0.0684,Low,0
4332-SFDFX,0,0.3977,Medium,0
9353-SBAIM,1,0.8073,High,0
8058-VLXFT,0,0.0492,Low,0
3095-XSEER,0,0.1335,Low,0
4801-ZBDIL,0,0.0097,Low,0
0808-DRIGR,1,0.6771,High,0
9837-JDWMY,1,0.2856,Medium,1
3342-ACCUS,1,0.3061,Medium,0
9309-HDFDY,0,0.0963,Low,0
3194-CLQIY,0,0.4052,Medium,1
9845-TBVET,0,0.3244,Medium,0
6967-BAWVV,0,0.0181,Low,0
8273-ZRMIB,0,0.0189,Low,0
2365-EDZMI,0,0.8352,High,1
8559-HLHLC,0,0.0454,Low,0
1309-WGXKN,0,0.0012,Low,0
5704-JICGJ,1,0.5443,High,1
4554-NFPQJ,0,0.0059,Low,0
1236-FUXNZ,0,0.0819,Low,1
5313-TRWJN,0,0.0044,Low,0
4491-DMPHC,1,0.4701,Medium,1
6123-NHQCM,0,0.3367,Medium,0
0337-THSED,0,0.0252,Low,1
3660-XNNGX,1,0.0555,Low,0
4601-UMEAO,1,0.168,Low,0
4487-EVTBF,0,0.6379,High,0
2889-RXAAA,1,0.0609,Low,0
5239-DOGOH,0,0.6051,High,0
7408-QSSEZ,0,0.0347,Low,0
3431-KZIZS,0,0.3224,Medium,1
7270-WDGAM,0,0.0314,Low,0
8244-CIPZG,1,0.7335,High,0
9945-OPHFE,0,0.2648,Medium,0
8167-DPZQK,0,0.5265,High,0
1557-ZVFDV,0,0.0021,Low,1
9426-AAUJN,0,0.157,Low,0
8988-NKVHV,0,0.0473,Low,0
3146-JXBBB,1,0.3674,Medium,0
2805-KKUKY,0,0.0053,Low,0
0293-KDPAA,0,0.4924,Medium,0
2113-DBLDI,0,0.6575,High,0
2307-EZOAC,0,0.0129,Low,0
7981-GUTHR,1,0.6114,High,0
6821-QUAUA,0,0.1322,Low,1
0007-UXQSC,1,0.1037,Low,0
7663-XTEMY,0,0.0116,Low,1
3165-WXDYP,0,0.4581,Medium,1
0643-BJZGK,0,0.4024,Medium,0
0024-ZQDZB,0,0.6027,High,0
9660-TMHOV,1,0.8381,High,1
9788-LZZBN,0,0.0053,Low,0
2115-BHNAE,1,0.5929,High,0
7055-AIRGL,0,0.0117,Low,0
9788-AAMAE,0,0.1631,Low,0
1448-MKLJV,0,0.0654,Low,0
0371-VGSYT,0,0.2375,Medium,0
4549-GETJU,0,0.4621,Medium,0
5087-GZAYN,1,0.6285,High,0
9644-DTSVE,0,0.1492,Low,0
5867-PFHPH,0,0.3611,Medium,1
3459-VBCVB,0,0.0053,Low,0
1853-YXIKL,0,0.002,Low,0
6344-UVACQ,1,0.263,Medium,0
0381-KWDOF,1,0.3492,Medium,0
4788-BYVHB,0,0.0011,Low,1
9490-YJUPM,0,0.0772,Low,0
3619-JCRFC,0,0.5771,High,1
0637-PFUFB,0,0.0012,Low,0
6244-MXVUQ,0,0.1461,Low,1
4026-PIRYQ,1,0.5432,High,0
9361-XIUNA,0,0.0528,Low,0
0736-UJTFA,0,0.0048,Low,0
0683-HTGKC,0,0.0581,Low,1
9199-WZXGF,0,0.0437,Low,1
7354-DKUUG,1,0.4078,Medium,0
6041-WWNXY,0,0.3009,Medium,0
2412-HHKIP,0,0.015,Low,0
9215-XNCQQ,0,0.4471,Medium,0
2460-RKGGK,0,0.7371,High,1
9059-OPTGO,0,0.0345,Low,0
1897-XHMND,0,0.0162,Low,1
5211-VVZJQ,0,0.0277,Low,0
9973-ILVLI,0,0.0009,Low,0
4903-GGDVL,0,0.0358,Low,0
8762-MMREO,0,0.0035,Low,1
8811-IHHOF,1,0.7999,High,0
7210-VZOHP,1,0.6267,High,0
6409-AZBIY,0,0.8208,High,0
5837-AZBZZ,1,0.7094,High,1
3083-WJVVZ,0,0.1908,Low,0
9764-VDANN,1,0.8204,High,1
3433-DIFTT,0,0.3288,Medium,0
0969-CUIIA,0,0.0076,Low,1
5355-XFDTA,0,0.0414,Low,0
6209-HLDZG,0,0.0238,Low,1
7124-PVEGH,0,0.2788,Medium,0
3955-YIIMY,0,0.0952,Low,0
0932-OZCHV,1,0.3365,Medium,0
6319-YRKLP,0,0.1828,Low,1
5602-UNXQT,1,0.8187,High,0
8619-IEJHP,0,0.4069,Medium,0
4560-DBJZK,0,0.7939,High,0
8361-XJQEX,0,0.0192,Low,0
5136-AETSQ,0,0.0011,Low,1
8144-QCHTI,1,0.5492,High,0
9393-CWWCK,0,0.2239,Medium,0
9586-DKGLZ,1,0.6751,High,0
8825-ZETNP,0,0.0187,Low,1
2855-PPDMQ,0,0.0987,Low,1
0771-JRQUE,1,0.2763,Medium,0
6944-GJPKH,0,0.5102,High,0
8890-LHIPK,1,0.7042,High,0
5518-KPAGR,0,0.0847,Low,0
3983-JDRGF,0,0.0659,Low,0
6231-SWVNH,0,0.0159,Low,0
7918-HVSED,0,0.0184,Low,0
1453-MZUJI,0,0.2018,Medium,0
1637-QAGSA,0,0.0212,Low,0
1678-MBEKU,1,0.4598,Medium,0
8555-ALBQB,0,0.0716,Low,1
2801-XXTEC,1,0.585,High,0
8473-WIIWO,0,0.0956,Low,0
4635-RYLFT,0,0.016,Low,1
7597-SSLIB,0,0.0245,Low,0
6679-ZWVIB,0,0.4938,Medium,1
6573-WPVWW,0,0.0017,Low,1
6575-XYOSX,1,0.8373,High,0
5772-ZIVVM,0,0.0273,Low,0
2541-FHSVN,1,0.0449,Low,0
2613-CPYBI,0,0.4202,Medium,0
8967-HPSZA,0,0.0351,Low,1
0084-RZPKM,1,0.8849,High,0
5439-NULPV,0,0.0332,Low,0
7770-IOXXE,0,0.0122,Low,0
3987-PEFAT,0,0.1696,Low,1
4863-ZCEZV,1,0.3278,Medium,1
5485-HBOSO,0,0.1795,Low,0
5399-YYLSM,1,0.4553,Medium,1
6142-KLVOO,1,0.6275,High,0
6262-AIXXZ,1,0.0269,Low,0
1983-LYTKZ,0,0.5697,High,0
8962-NRTXP,0,0.2488,Medium,1
5989-VLFYR,1,0.7557,High,1
2932-BPRCN,1,0.3068,Medium,0
0611-VWHHP,1,0.1833,Low,0
3643-FRFXU,0,0.6715,High,0
1718-FHRHV,0,0.0754,Low,0
3821-SAZNR,0,0.0115,Low,1
8643-UASCT,0,0.0012,Low,1
0250-HWGHI,0,0.0262,Low,0
9829-QNEKW,0,0.1511,Low,1
7033-CQGBR,0,0.1597,Low,1
9695-CKMDF,1,0.3094,Medium,0
1695-RFUBN,1,0.1882,Low,0
4534-SEBRX,0,0.198,Low,1
6120-VMMGF,0,0.229,Medium,0
5148-MOVSM,0,0.0388,Low,0
8268-PBJZQ,0,0.1005,Low,1
1467-YEXJU,0,0.5699,High,0
0372-FREBZ,0,0.0018,Low,0
3676-TDTTG,1,0.671,High,0
4366-LEOKW,0,0.0174,Low,0
9900-GQXPF,0,0.3207,Medium,0
5458-LWLEZ,0,0.396,Medium,0
0000-LNIVG,0,0.4327,Medium,1
3237-UHFCJ,1,0.4039,Medium,0
4287-TVTJQ,0,0.0187,Low,0
4202-GUQXO,0,0.3587,Medium,1
6086-PJEWW,0,0.2545,Medium,0
4248-SUWLK,1,0.1737,Low,0
0047-DHBNU,1,0.7269,High,0
8769-BNKYW,0,0.022,Low,0
5920-JJNHT,0,0.257,Medium,1
5957-LBPFG,0,0.0172,Low,0
1977-DVFNH,0,0.2823,Medium,1
1603-IDKTG,0,0.0323,Low,1
8291-TWYDC,1,0.5888,High,0
8693-GDZTX,0,0.0161,Low,0
4831-CTSHF,1,0.2577,Medium,0
0278-IIOHI,1,0.074,Low,0
4860-VGKBJ,0,0.248,Medium,1
5536-UMGNS,1,0.2587,Medium,1
7327-PKOPE,0,0.2085,Medium,0
4027-UMUDH,0,0.1391,Low,1
8173-EIPSH,1,0.7114,High,0
9154-PBMZK,1,0.716,High,1
2851-QSIDK,0,0.132,Low,1
1734-LGRDP,0,0.2271,Medium,0
0871-KWTQX,1,0.824,High,0
8804-AXQOE,0,0.0611,Low,0
3382-RCOFX,1,0.1817,Low,0
9092-ERPKT,0,0.0103,Low,1
5481-EPXIO,0,0.0026,Low,0
3932-ZCDJY,0,0.1895,Low,0
8232-QQHEM,0,0.2327,Medium,0
2409-DXCKD,0,0.0036,Low,0
6133-OOWUR,0,0.0307,Low,0
4450-UYVMG,0,0.2584,Medium,0
6952-DTFKS,0,0.052,Low,0
9210-QZVGV,0,0.0029,Low,0
9097-MSLPX,1,0.8488,High,1
5803-XZQVC,0,0.0437,Low,1
6826-EYHVI,0,0.0385,Low,0
8146-WMEHU,0,0.0071,Low,1
4442-EQIYH,0,0.2602,Medium,1
2698-WFIAR,1,0.7312,High,0
0569-DXFCL,0,0.2599,Medium,0
6693-GVYWH,1,0.4831,Medium,0
3365-QHRHN,1,0.2421,Medium,0
4691-LOYQP,1,0.5663,High,0
1694-MRRUC,0,0.3385,Medium,0
6047-BLSUH,0,0.0064,Low,0
3548-YPBKD,1,0.1404,Low,1
5241-NWOWQ,0,0.0218,Low,0
4455-ZGTCC,0,0.235,Medium,0
7649-INREY,0,0.2998,Medium,0
9836-XVAPF,0,0.0414,Low,0
6409-RQCBC,0,0.8506,High,0
5091-RESYV,0,0.063,Low,0
4159-REHCX,0,0.1578,Low,0
3388-POUZA,0,0.1856,Low,0
1733-GJLQF,0,0.005,Low,1
0859-SFCNZ,1,0.7453,High,1
4228-JBLGD,1,0.4792,Medium,0
1922-UFXOU,0,0.0113,Low,0
8024-EHFKH,0,0.0427,Low,0
9363-JEXCR,0,0.6334,High,0
1799-TZDGH,0,0.0081,Low,0
0885-ZLEAY,0,0.3208,Medium,0
5013-LNEMD,0,0.0074,Low,1
5749-AFNGG,0,0.2734,Medium,0
4753-QGJTZ,1,0.1449,Low,0
4445-KTNSN,0,0.1592,Low,0
6967-WXCFB,0,0.0108,Low,0
4855-BFTWC,0,0.0473,Low,1
1923-VIIYD,0,0.4362,Medium,0
2028-DKOEI,0,0.13,Low,0
4495-ULIUR,1,0.6026,High,0
1840-HBTOV,0,0.2285,Medium,0
4320-DYWXJ,0,0.0593,Low,0
1110-NHMAI,0,0.0215,Low,0
1010-WBOGF,1,0.7521,High,1
6925-VENAM,1,0.8104,High,0
3858-DSFPV,1,0.7077,High,0
8610-WTIPF,1,0.2133,Medium,0
2404-IDXPU,0,0.0284,Low,0
5686-AXASI,0,0.0113,Low,0
6119-CMQIW,0,0.0207,Low,0
4607-WBCNT,0,0.0127,Low,1
8118-XXJBQ,0,0.0042,Low,1
0787-XXOPU,0,0.0079,Low,0
7242-SKEIN,0,0.0011,Low,0
8785-YZZYT,1,0.661,High,0
9540-QQPVR,0,0.0646,Low,1
0301-DSTAN,0,0.1719,Low,0
1248-EFCIO,1,0.8205,High,0
1648-KQKGY,0,0.0185,Low,0
3251-XEWIX,0,0.0733,Low,0
1413-COFZE,0,0.1925,Low,1
1767-TAFPS,1,0.4542,Medium,1
9388-RVFCX,1,0.7057,High,1
2204-RODHF,1,0.2188,Medium,0
1472-BKONP,0,0.079,Low,1
3464-STGWH,1,0.1807,Low,0
9917-FGSIC,1,0.2505,Medium,0
2916-FYKYB,1,0.2898,Medium,0
9186-PKKBM,0,0.051,Low,0
7449-PFRTD,0,0.0032,Low,1
5941-FTITQ,0,0.2897,Medium,0
9495-UDCDT,0,0.1225,Low,1
6582-FMNMA,0,0.0045,Low,0
9939-WMHEJ,0,0.0115,Low,0
8728-GAUGZ,0,0.021,Low,0
0455-KZOPP,0,0.0306,Low,0
8944-VUMXR,0,0.0039,Low,1
9957-KISDX,0,0.2472,Medium,0
0361-XRHAW,0,0.0103,Low,0
5603-ZFXNZ,0,0.1129,Low,0
6541-XRFFQ,0,0.0567,Low,0
1460-YTDFO,0,0.1046,Low,0
0042-RKMTV,0,0.01,Low,0
5142-JDMFG,0,0.0816,Low,0
5326-OLOBB,0,0.0766,Low,1
4908-LRVIW,1,0.8569,High,0
0211-XHUTN,0,0.1344,Low,1
6752-ASEGV,1,0.8275,High,0
4513-QMJAH,0,0.1451,Low,0
9973-MUPUX,1,0.2033,Medium,0
9082-CNSAN,0,0.005,Low,0
7129-FFUBW,0,0.1449,Low,0
8605-QETBG,0,0.034,Low,0
8543-SRDHJ,1,0.7387,High,0
4451-KWDGZ,0,0.388,Medium,0
4282-VQBVS,1,0.1496,Low,1
5961-ZNWEI,1,0.174,Low,0
5615-ANKAG,0,0.0017,Low,0
5697-XGOHJ,0,0.1223,Low,0
9000-HWPBT,1,0.7907,High,1
4796-JTACZ,0,0.0931,Low,0
6093-BTLBK,0,0.1969,Low,0
7745-MPXCJ,1,0.5717,High,0
8039-OXKUV,0,0.1149,Low,0
4707-CIRHK,0,0.011,Low,0
6522-IZMTH,0,0.6119,High,0
3542-YMXBZ,0,0.022,Low,0
3457-DHPZI,0,0.0098,Low,0
6096-UVHMV,0,0.3428,Medium,0
4469-MBEFM,0,0.0129,Low,0
5863-SIQKD,0,0.0128,Low,0
9073-YESYD,0,0.1003,Low,0
6927-DVFKN,1,0.609,High,1
1602-UGLUL,0,0.0533,Low,0
1182-XECOW,0,0.0652,Low,0
1631-KTYQR,1,0.7583,High,0
7110-BISXQ,0,0.009,Low,0
6550-MYRAV,0,0.2346,Medium,1
2478-KLJUX,0,0.5957,High,0
7270-UOXYT,0,0.2584,Medium,1
8858-TGQMI,0,0.0068,Low,1
0233-UGUYR,0,0.2193,Medium,1
2754-HMPDB,0,0.0033,Low,0
7010-ZDWAF,0,0.0037,Low,0
9405-MJZOE,0,0.2639,Medium,0
9859-ZELLC,1,0.7024,High,0
5062-LTWXL,0,0.2217,Medium,0
6469-CGWZM,0,0.1066,Low,0
8209-QZOLG,0,0.7146,High,1
4469-ZEDSN,0,0.158,Low,1
0696-AVEAY,0,0.0054,Low,0
1683-KDUQU,0,0.0272,Low,0
5450-IAOIR,0,0.019,Low,1
2086-OZGSE,0,0.0616,Low,0
6437-KDNWI,0,0.019,Low,1
3400-KKWXK,0,0.4254,Medium,0
9594-TRNCK,0,0.0239,Low,0
0163-XRTYI,0,0.4825,Medium,0
2544-QWOLD,0,0.1734,Low,0
1857-HDPNJ,1,0.8868,High,0
9488-KHBAJ,0,0.004,Low,0
3645-ZRLSQ,1,0.9511,High,0
0117-VRTKJ,0,0.6929,High,0
2037-YIGPU,0,0.007,Low,0
1191-LQKII,0,0.0084,Low,0
0926-APFPA,1,0.6945,High,0
2317-JWCCH,0,0.0085,Low,1
8288-VTJJM,1,0.3435,Medium,1
1052-CFTKQ,1,0.6479,High,0
6582-PBMPY,1,0.347,Medium,1
0496-MXZAB,0,0.0043,Low,0
0488-FJMJW,0,0.3432,Medium,0
6994-RARUH,0,0.0115,Low,0
9692-UQCXD,1,0.7961,High,1
2198-RCURY,0,0.0324,Low,0
6346-XILOR,1,0.7263,High,0
0829-TJKRK,0,0.0833,Low,0
4101-ZBZGA,0,0.0132,Low,0
0799-GLJEJ,0,0.0371,Low,0
5758-LQTZS,0,0.0078,Low,0
6649-NJSJF,1,0.5675,High,0
4027-RIOUX,1,0.0591,Low,0
0603-ZITXZ,0,0.0426,Low,0
6496-OYCSY,0,0.161,Low,0
1401-DFEQF,0,0.414,Medium,1
1148-ELJME,1,0.8131,High,0
3960-SKCWJ,0,0.0173,Low,0
2401-RBDXT,0,0.1029,Low,0
8657-AAOES,1,0.6196,High,0
6967-MSEXN,1,0.541,High,0
1919-JVXPF,1,0.0448,Low,0
1809-CQCCB,0,0.2321,Medium,1
9282-EGBHI,0,0.0319,Low,1
2288-LRLJB,0,0.1237,Low,0
7645-XOGSE,0,0.5698,High,1
0642-MOGFG,0,0.0143,Low,0
0538-NNKVK,0,0.122,Low,0
4110-QDVNE,0,0.0333,Low,0
3684-YQXVF,0,0.0037,Low,0
1978-DJPBT,0,0.1266,Low,0
4806-VFHAD,0,0.1004,Low,0
4379-KVZAM,0,0.1265,Low,0
5859-HZEYH,0,0.0671,Low,0
4712-VLAIK,1,0.5594,High,0
3339-MERVK,0,0.0025,Low,0
4585-RCZJA,0,0.2176,Medium,0
9814-WEDVC,0,0.0052,Low,0
0752-CPOTX,0,0.2246,Medium,0
3205-DLTPY,0,0.0646,Low,0
0419-XLITB,0,0.788,High,0
1437-HQJRW,0,0.6542,High,1
9667-RVGZO,0,0.5038,High,1
9638-AESUC,0,0.1597,Low,1
9216-UFRSI,0,0.0018,Low,0
0576-GOHAX,0,0.4838,Medium,0
3167-HNUNV,0,0.0017,Low,0
1662-JGHRQ,1,0.8453,High,0
0905-IHMCU,0,0.0196,Low,1
2883-KGTCV,0,0.0867,Low,1
9026-IFVVB,0,0.5015,High,0
2912-JIEUO,0,0.0193,Low,1
0438-VWNBV,0,0.1333,Low,0
4217-OVGFB,0,0.0062,Low,1
6414-UDZZH,0,0.0436,Low,0
2760-AXZJW,1,0.6472,High,0
0447-FHIZU,0,0.3769,Medium,0
5140-TSYMZ,1,0.4799,Medium,0
3527-QFNZG,1,0.8121,High,0
1096-DKXIY,0,0.2346,Medium,0
1460-BJVWM,0,0.2632,Medium,0
5835-XUHBR,1,0.3895,Medium,0
2645-LELDM,0,0.2918,Medium,0
6585-RESOZ,0,0.0386,Low,0
9458-SDVBX,1,0.2089,Medium,0
2106-XHNZQ,0,0.0287,Low,0
8037-AOCBG,1,0.1175,Low,0
3625-LNIGW,0,0.4937,Medium,0
1825-RZQWW,0,0.0059,Low,0
5626-UZBVK,0,0.2624,Medium,0
1147-CTUKR,0,0.0457,Low,0
1091-LTALR,0,0.4121,Medium,1
0127-PYWJW,1,0.6227,High,1
3511-YBNUN,0,0.0018,Low,0
6782-CSWTH,0,0.1694,Low,0
1817-GZZFK,1,0.7991,High,1
1361-RYNPB,0,0.7504,High,0
7337-ADVOZ,0,0.0146,Low,0
3797-LZGZJ,0,0.0035,Low,0
8010-FPHCJ,0,0.4685,Medium,1
4947-LWSED,1,0.4954,Medium,0
6133-IGNVB,0,0.0109,Low,0
7298-ZFGMS,0,0.0294,Low,0
1028-NAZXE,0,0.1442,Low,0
7147-GKFMJ,1,0.2493,Medium,1
1727-PEFJF,0,0.2566,Medium,1
8612-TGMOR,1,0.6928,High,0
2493-WGMJR,0,0.6731,High,1
2395-RQDVF,0,0.1785,Low,1
3838-GIHJH,0,0.0018,Low,1
5140-BRKCX,0,0.068,Low,0
8633-CDYNM,0,0.4013,Medium,0
9754-ONPOK,0,0.1547,Low,0
3294-CHFAP,0,0.1463,Low,0
5797-EQRCJ,0,0.7318,High,0
7352-WFGMN,0,0.1352,Low,0
5051-AXRUD,0,0.0438,Low,0
9853-GUNBC,0,0.0073,Low,0
9813-YQMEY,0,0.0078,Low,0
4416-FENUD,1,0.3007,Medium,0
9211-OBNLS,1,0.6216,High,0
1028-JMJCN,0,0.1033,Low,0
0117-KWHLX,0,0.005,Low,0
6059-LUUMJ,0,0.4377,Medium,0
9713-PDDGZ,0,0.0795,Low,1
5209-ECGLE,0,0.6083,High,0
0931-PATXT,0,0.1232,Low,0
4306-YXAZX,0,0.1525,Low,0
5427-HFGUZ,0,0.3764,Medium,0
7317-YSUOK,0,0.0847,Low,0
8556-XGJKV,0,0.1458,Low,1
7348-EVNMX,0,0.0949,Low,0
5727-RTJXB,1,0.4271,Medium,0
9302-PHWVO,0,0.3364,Medium,1
6997-ULPPV,0,0.4752,Medium,0
3198-YSDHG,0,0.0121,Low,0
0387-RMAWN,0,0.2154,Medium,0
8790-FJMOF,1,0.2883,Medium,0
4863-ICUFW,0,0.5725,High,1
0165-NKFBW,0,0.1908,Low,0
5329-MJQZE,1,0.4628,Medium,0
4110-BHXLX,0,0.0169,Low,0
1705-KJYSA,0,0.0334,Low,0
4700-KMQTO,0,0.5248,High,0
0684-KBJYQ,0,0.0049,Low,1
7287-LXMMB,1,0.87,High,0
8837-LKYUF,1,0.66,High,0
1051-GXOUE,1,0.3694,Medium,0
1539-HCCGM,1,0.5878,High,0
8886-WXVJS,0,0.4812,Medium,0
5631-AHZEV,0,0.0683,Low,1
0262-HQETC,0,0.0033,Low,0
9186-HKHZM,0,0.0026,Low,0
4552-KUUFV,1,0.7815,High,0
6337-SUSRJ,0,0.0332,Low,0
3540-EJQYV,0,0.0106,Low,0
6928-GSBIW,0,0.3943,Medium,0
1431-NIADN,0,0.082,Low,1
2340-SBJDA,0,0.011,Low,0
8929-ZZZAU,0,0.5335,High,0
3892-ZQLVA,0,0.2285,Medium,0
2712-NEQAK,0,0.4428,Medium,1
4629-DRMIF,1,0.7469,High,0
8343-YDEJO,0,0.003,Low,1
8086-OEVZN,0,0.312,Medium,0
8637-PDIRI,0,0.0086,Low,0
1896-FRVLC,0,0.2991,Medium,0
6867-RXZTR,0,0.1079,Low,0
7070-DFDWZ,1,0.3354,Medium,0
7090-AWYWL,0,0.0293,Low,0
6547-XZGSW,0,0.8682,High,0
3874-SWCEN,1,0.2828,Medium,1
1998-CRWDS,0,0.6923,High,1
6748-CTLHQ,0,0.0029,Low,0
9267-UIGDT,0,0.1637,Low,0
8334-NJLFY,1,0.3171,Medium,0
9626-NBDSL,0,0.0138,Low,1
8958-DOUVM,0,0.2758,Medium,0
5122-VVUZN,1,0.7444,High,0
0306-WGXUW,1,0.5193,High,1
2729-XHUGC,0,0.1914,Low,0
2059-SZNZE,1,0.8362,High,0
6935-CEPJM,1,0.5337,High,1
2022-NYUSB,0,0.0153,Low,0
0531-LCHZW,1,0.7311,High,1
9834-GCGGY,0,0.0918,Low,1
8831-ZGZAD,0,0.5117,High,1
2084-DMNSA,1,0.6991,High,0
8652-QTLDL,0,0.0476,Low,1
7963-FNUWQ,0,0.0145,Low,0
5182-TKTCX,0,0.0145,Low,0
5482-LNBGA,0,0.1463,Low,0
5619-ERZBC,0,0.0257,Low,1
5032-PTIQL,1,0.9029,High,0
3607-PPNRO,0,0.1383,Low,0
9388-BYUSV,1,0.342,Medium,1
3080-MUFAH,0,0.028,Low,0
9203-ZYOFV,0,0.8214,High,0
9909-NSFPB,0,0.0667,Low,0
2136-NWCLF,1,0.7176,High,0
5363-TPGRT,0,0.2082,Medium,1
3113-BDUIS,0,0.2313,Medium,0
4304-MYYAV,1,0.7846,High,1
5027-JLCSB,0,0.0401,Low,1
6810-DRKUW,0,0.0308,Low,1
3536-XYZYQ,0,0.1708,Low,1
0481-RPEIM,0,0.2036,Medium,0
1104-FANPJ,0,0.0582,Low,1
9672-XRQGO,0,0.6547,High,0
3438-JGBNJ,0,0.01,Low,1
7193-YOCON,0,0.196,Low,1
4991-FXGFA,0,0.0361,Low,1
8572-CKRNG,0,0.0372,Low,1
2062-LDXGS,0,0.4525,Medium,1
2045-VSWSM,1,0.4171,Medium,0
1397-BUHBF,0,0.2364,Medium,0
7279-YDQNC,0,0.0045,Low,1
1102-HEEJZ,1,0.4558,Medium,0
0778-FPSAB,0,0.0081,Low,0
6083-WVIRF,0,0.3647,Medium,0
1927-ZSMBX,0,0.0035,Low,1
9180-CYRVI,0,0.3072,Medium,1
0144-WWZDV,0,0.0106,Low,0
4426-BFKBI,1,0.2336,Medium,0
2146-GXBZL,1,0.3682,Medium,0
1647-UPKMN,0,0.0024,Low,0
3589-KCDGK,0,0.0026,Low,0
4160-BYVSF,1,0.8548,High,1
9178-KEWYZ,0,0.1291,Low,0
6516-JHVKQ,0,0.2815,Medium,0
3834-ZIPAZ,1,0.3048,Medium,1
4493-IOSNF,1,0.8473,High,0
9621-HWFUO,0,0.0054,Low,1
9563-XLKQI,0,0.2579,Medium,0
9182-QJLNG,1,0.1486,Low,0
1040-ZIMON,0,0.0144,Low,0
7592-VSPXQ,0,0.0473,Low,0
4235-XKVQY,0,0.0272,Low,1
2617-BMZOW,1,0.7513,High,0
7045-SIFRC,1,0.6283,High,0
4196-RNDSB,1,0.3851,Medium,0
2464-NWQDS,0,0.0985,Low,0
9439-BXSKL,0,0.004,Low,0
6658-HSSDE,0,0.0069,Low,0
1351-CDHYM,0,0.0013,Low,0
8118-GNUGS,0,0.028,Low,0
4772-MDFCO,1,0.2471,Medium,0
4593-PQYOE,0,0.3711,Medium,0
5190-YPSDZ,0,0.5346,High,0
4136-HYMRA,0,0.0174,Low,1
3344-HYRFQ,0,0.1547,Low,1
3627-RVCHY,0,0.0349,Low,0
0349-ENDRQ,0,0.5684,High,0
4488-FLWRF,0,0.0158,Low,0
6877-SPGUO,0,0.4895,Medium,0
1731-OTAPX,0,0.1708,Low,0
0656-BMAIO,1,0.4282,Medium,0
2997-FJWOV,0,0.039,Low,1
6493-UQUXV,0,0.1024,Low,0
0110-GTSTG,1,0.1379,Low,0
7705-ZRWDX,1,0.3339,Medium,0
0662-RTJAN,0,0.7055,High,0
5225-VPKEB,0,0.0011,Low,0
0046-LMQDE,0,0.0727,Low,0
7515-THBIV,0,0.7351,High,1
2331-KXPTJ,0,0.3644,Medium,0
3231-QMYVI,1,0.4984,Medium,0
6334-LHGFL,0,0.183,Low,0
2106-ZELIQ,0,0.0267,Low,1
6171-RRFCS,1,0.6729,High,1
1015-PSGQO,0,0.1927,Low,0
6412-RACQX,0,0.0242,Low,0
1503-LCVZP,0,0.0137,Low,1
3865-OAEKH,0,0.0113,Low,0
6152-TMLLF,0,0.1765,Low,1
1127-HBHYM,0,0.5904,High,0
0923-YXKOL,1,0.3586,Medium,0
5161-XCIBZ,1,0.5732,High,1
3719-JZTWU,1,0.2022,Medium,1
6655-MQGIR,0,0.0069,Low,1
2549-QNQQQ,1,0.1787,Low,0
5916-AVAPK,0,0.0026,Low,0
4756-ZEZRF,0,0.1639,Low,0
2658-BBSLU,0,0.1596,Low,0
6627-UYWTZ,1,0.1919,Low,0
8328-TVUEW,1,0.6812,High,0
7529-ELPFD,0,0.0847,Low,1
7604-TVDLR,0,0.9158,High,0
6417-HEBRP,0,0.003,Low,1
5713-IAVCF,0,0.7386,High,0
0572-EROPF,0,0.0759,Low,1
2359-XNXYK,0,0.1286,Low,1
4292-PNRUK,0,0.7694,High,1
6313-PXGHE,0,0.1521,Low,1
2098-QACBT,1,0.525,High,0
4278-PVQZR,0,0.2481,Medium,0
1227-ZAAAQ,0,0.0292,Low,1
6483-JDEYN,0,0.0052,Low,0
2417-LULOD,0,0.1141,Low,0
2487-QYITA,0,0.1145,Low,0
9249-EUZIM,1,0.5415,High,0
8886-HZBIJ,0,0.0284,Low,0
3484-CKGZN,0,0.2523,Medium,0
1067-ACNDF,0,0.017,Low,0
5469-ALXEV,0,0.0015,Low,0
7784-SFPZL,0,0.0028,Low,0
3646-XBPLX,0,0.6846,High,0
2378-KISJJ,0,0.819,High,0
5008-LLEBJ,0,0.1846,Low,1
1440-STKYQ,0,0.0038,Low,0
4645-LTOUX,0,0.0022,Low,0
6335-CSFND,1,0.7532,High,0
7134-OPYLK,1,0.1621,Low,0
5021-HNEVS,0,0.0018,Low,1
6115-EEWNH,0,0.8692,High,0
1697-IZFNO,0,0.0106,Low,1
6896-KXKOG,0,0.254,Medium,0
5301-CMXDG,0,0.0951,Low,0
5645-FMASH,1,0.7734,High,0
4956-CIOWC,0,0.02,Low,0
2225-ECDVY,1,0.2473,Medium,0
8386-KIOFS,0,0.1174,Low,0
9921-IAVYR,0,0.0056,Low,1
3361-NULVS,0,0.1837,Low,0
3793-SQXUF,0,0.6697,High,0
5923-ISUDR,0,0.1018,Low,0
1624-UYWTG,0,0.6853,High,0
5574-CQEJN,1,0.5082,High,0
5578-HNBGS,0,0.0471,Low,0
1760-UELVM,0,0.0029,Low,1
0774-SPYHI,0,0.1091,Low,0
5769-QRFPG,1,0.7065,High,0
7247-EXHLD,0,0.1131,Low,0
5384-WZVJH,0,0.0174,Low,1
2660-YLVGA,0,0.0138,Low,0
2126-EWHQW,0,0.5688,High,0
4177-DWBOZ,0,0.0189,Low,1
2682-DOQTD,0,0.1945,Low,0
4740-UURRR,0,0.1631,Low,0
1121-MWGIC,0,0.0416,Low,1
5252-BGBWF,0,0.1404,Low,1
4443-CUXSW,0,0.3632,Medium,0
5823-DOBPA,0,0.2556,Medium,0
2296-JNWWH,1,0.6269,High,0
5788-YKWZO,0,0.0244,Low,1
9338-EKWLS,1,0.5321,High,0
9621-WPJDC,0,0.0116,Low,1
5302-PZMER,0,0.0192,Low,0
0440-DPITV,0,0.0228,Low,0
0403-KNFWQ,0,0.0103,Low,0
5188-GCTVW,1,0.2619,Medium,1
0644-LKVDE,0,0.1172,Low,1
5533-XIOWJ,0,0.5086,High,0
3670-OWAKS,0,0.0032,Low,0
4368-QTXPC,0,0.6142,High,0
2923-RXSLN,0,0.1086,Low,0
4764-UQTHG,0,0.4158,Medium,0
6816-DXFVR,0,0.646,High,0
1569-EEULJ,1,0.4997,Medium,0
1692-PGRKP,1,0.4365,Medium,1
3442-XUHNY,0,0.4538,Medium,0
8779-SONZF,0,0.0149,Low,0
9142-SVEKP,0,0.0484,Low,1
1884-QVJDA,1,0.8235,High,1
2183-AVWKP,0,0.0193,Low,0
0812-BQHGK,1,0.7071,High,0
2933-WNSPX,1,0.6468,High,0
6968-MCFTR,0,0.2536,Medium,0
7389-DZFKU,1,0.0763,Low,0
6994-IIPRP,0,0.0137,Low,0
2376-GIAGW,0,0.2815,Medium,0
3836-UTZDY,0,0.1791,Low,0
2373-FOVKY,0,0.0063,Low,0
0339-IOHPL,1,0.361,Medium,0
7878-OGTZL,0,0.1164,Low,0
7880-ROZXF,1,0.5615,High,0
5923-LFBKK,1,0.2953,Medium,0
7396-YFPUI,0,0.0117,Low,0
2997-PIIRV,0,0.1754,Low,0
7304-PNACA,0,0.0026,Low,0
4605-AVEEQ,0,0.0021,Low,1
6343-UWARC,0,0.8352,High,0
8539-DOAIC,1,0.6205,High,0
7477-UUKAG,0,0.012,Low,0
6349-LWMYZ,0,0.0652,Low,0
4381-SFYWM,0,0.008,Low,0
9699-OKAPQ,1,0.3795,Medium,0
3547-CCQYN,0,0.0195,Low,1
0963-WFEES,0,0.1707,Low,0
0040-BMGCK,0,0.1256,Low,1
9604-PPREV,1,0.2247,Medium,1
1164-QCIPR,0,0.0135,Low,0
4415-WLAAL,0,0.3472,Medium,0
5660-JDQXN,0,0.5532,High,0
9744-HLAMW,1,0.3242,Medium,0
3869-AVHZW,0,0.0141,Low,0
3149-IEHHG,1,0.1283,Low,0
4592-GXSRY,0,0.4827,Medium,0
4579-RMPVA,0,0.2183,Medium,0
7414-PQRRX,1,0.1334,Low,0
3058-ZYPED,0,0.008,Low,0
0563-JTAMK,0,0.0691,Low,0
6934-PGSYR,0,0.0128,Low,0
8244-MGWOQ,1,0.2468,Medium,1
4456-FCWSL,0,0.474,Medium,0
0705-PBYXN,0,0.0332,Low,0
3815-OQXHX,1,0.7895,High,0
1717-IZDPD,0,0.0423,Low,1
7369-MCSVN,0,0.17,Low,0
6102-XNACN,0,0.0859,Low,0
9343-AEFHD,0,0.1482,Low,0
4233-MREEL,0,0.3658,Medium,0
2926-YJKKX,0,0.0208,Low,0
9061-VYKKI,0,0.3116,Medium,0
8048-AUUUR,0,0.2029,Medium,0
9043-VKTBI,1,0.7532,High,0
2093-KBIWW,0,0.3574,Medium,0
3557-VPZEJ,0,0.3906,Medium,0
2563-VRTTN,1,0.7316,High,0
7175-QXAHE,1,0.4607,Medium,0
4667-BXOFO,0,0.1182,Low,1
3069-CAKXQ,0,0.1656,Low,0
7531-UIZAM,0,0.0207,Low,0
0969-AVKLQ,1,0.5615,High,0
7419-QJTPY,0,0.3105,Medium,0
5150-SHZQU,1,0.7112,High,0
1187-BQQOR,1,0.4258,Medium,0
8083-HLWPP,0,0.3131,Medium,0
3776-DULPN,0,0.0494,Low,0
2223-ALHEK,0,0.5875,High,0
8039-NGTJC,0,0.114,Low,0
4977-BOETR,0,0.0249,Low,0
1158-HSVXA,1,0.652,High,1
2677-KCPTY,1,0.4711,Medium,1
5149-DRUAN,0,0.1749,Low,0
7191-JAYTB,0,0.2629,Medium,0
0562-DBTFS,0,0.8084,High,0
2462-JBKLL,1,0.4282,Medium,0
6808-MSFLK,1,0.578,High,1
3549-HITLA,0,0.0232,Low,1
1121-CMFKL,0,0.2802,Medium,0
0131-QHIPY,0,0.0088,Low,1
1750-IKDKG,0,0.0024,Low,0
4789-YDKVM,0,0.1999,Low,0
9159-WPPSV,0,0.0316,Low,0
1896-DJXRM,0,0.3402,Medium,0
4356-UTQLO,0,0.0214,Low,0
5511-FPOXO,1,0.4747,Medium,0
7676-AUEYE,0,0.0076,Low,1
7730-UWSXS,0,0.1447,Low,0
0892-DEECY,0,0.0391,Low,0
6482-ZBUCT,0,0.0194,Low,0
1866-ESTRI,1,0.884,High,0
0351-RHHLL,0,0.0335,Low,0
3887-BIYTV,0,0.6954,High,0
8632-ETPWK,1,0.0452,Low,1
7449-ZRAMT,1,0.3601,Medium,0
2215-BSLIK,1,0.2332,Medium,0
6776-DZKIB,0,0.0321,Low,0
7564-MIRDR,0,0.1641,Low,0
8242-FOWSP,0,0.048,Low,1
0552-VIDOQ,0,0.042,Low,0
3794-HYZIY,1,0.1426,Low,0
6427-EOXVL,0,0.0071,Low,1
1007-TOYFX,1,0.3784,Medium,0
3693-ZMYRB,1,0.3486,Medium,0
8502-RXEJD,1,0.6564,High,1
3457-FYZMH,1,0.2885,Medium,0
1428-UFCGK,0,0.2574,Medium,0
1766-IZBGI,0,0.2305,Medium,1
1040-CSNKE,1,0.6935,High,0
0173-XVVBJ,1,0.6147,High,0
2175-QFDNF,0,0.0352,Low,0
3919-DESFM,0,0.1463,Low,0
7479-FVPJZ,0,0.1555,Low,0
3824-DNOTF,1,0.8711,High,0
7937-TAZTX,0,0.1629,Low,0
5210-LQKKF,0,0.0483,Low,0
5755-HHFPA,1,0.2156,Medium,0
4048-XSULM,0,0.3643,Medium,0
6648-PJUJC,0,0.249,Medium,0
8395-QQGLC,0,0.0136,Low,0
7108-VOEEL,0,0.0911,Low,1
4212-LXPHA,0,0.2565,Medium,1
7597-CIEEE,0,0.05,Low,0
8949-FZFKI,0,0.4351,Medium,1
9380-YTCHB,0,0.4569,Medium,0
8770-EEFQP,0,0.0565,Low,0
7295-GPQLA,0,0.1481,Low,1
2473-QOFBX,0,0.2513,Medium,0
4735-TRTHX,0,0.0271,Low,0
3068-FXJKR,0,0.0043,Low,0
3325-XTYRE,0,0.0493,Low,0
2268-ASWAM,0,0.0317,Low,0
7928-KWRBH,0,0.2105,Medium,0
8153-VVCKT,0,0.0135,Low,0
9838-XKVQD,0,0.1815,Low,0
8921-FWZTX,0,0.3054,Medium,0
1159-PUGFC,1,0.7285,High,1
3107-OHJSI,0,0.034,Low,0
7173-UXFFO,1,0.3121,Medium,0
5220-TDFWL,1,0.4031,Medium,0
4582-YUZIX,0,0.0016,Low,1
9378-NQGSM,0,0.081,Low,0
9142-EVDUJ,0,0.3805,Medium,0
2246-FDNOA,0,0.0134,Low,1
9022-UYEHG,0,0.0112,Low,0
3714-OTAQW,1,0.805,High,0
1070-XTFQI,0,0.1092,Low,0
8670-GWFOJ,0,0.1623,Low,0
2419-KDPGS,1,0.1329,Low,1
5530-NTQBH,0,0.1789,Low,1
8463-YLDHW,0,0.3762,Medium,0
8889-DTOYG,0,0.0023,Low,0
5677-KQRZV,0,0.4476,Medium,1
1606-JXYJN,0,0.0852,Low,0
3215-NNWNA,0,0.0291,Low,1
5366-DJMBX,0,0.393,Medium,1
8579-CTNTL,0,0.0024,Low,0
8521-FURNC,1,0.2645,Medium,1
6742-PIVPL,0,0.0106,Low,0
3302-FFLZX,0,0.9081,High,1
3128-REOUK,0,0.0162,Low,0
3817-ZKWIA,1,0.3824,Medium,1
6535-SNAYV,1,0.7337,High,0
8461-SVVLB,1,0.32,Medium,1
5295-JAEMK,0,0.0018,Low,0
8429-KICVT,0,0.0053,Low,0
3934-FRAXS,1,0.3502,Medium,1
4292-BVZQR,1,0.1186,Low,1
8541-MUILN,1,0.3338,Medium,0
7358-JJASE,1,0.5125,High,0
0481-CXOQI,0,0.0033,Low,1
7202-RHVGH,0,0.1214,Low,0
3703-TBUID,0,0.1991,Low,0
0392-ULTPW,0,0.0529,Low,0
0575-LBEKT,0,0.1363,Low,0
1855-BNVTV,1,0.8047,High,1
4669-BWXKM,0,0.0029,Low,1
9388-YNLDG,0,0.167,Low,0
8451-BPYRY,0,0.1076,Low,1
0427-QYZOX,1,0.2756,Medium,0
7108-ILXSP,0,0.2976,Medium,0
7999-LIFVN,1,0.5316,High,0
2230-CZMPO,0,0.032,Low,0
2170-UYRFN,0,0.2044,Medium,0
1357-URHTS,0,0.007,Low,0
4383-MMCPU,1,0.3243,Medium,0
8845-MBFHJ,0,0.001,Low,1
6651-JVNZW,0,0.2052,Medium,0
1121-IGHYE,1,0.7359,High,0
9807-KHKVE,0,0.0983,Low,0
8264-KANQL,0,0.2218,Medium,1
4822-VFUXL,0,0.907,High,1
9902-CCNVN,1,0.8811,High,0
8671-CGQSU,1,0.7559,High,0
0317-NCCRS,0,0.0056,Low,0
7802-QWDVH,1,0.5001,High,0
3616-LYTAH,0,0.5054,High,0
1284-IAZDM,0,0.0098,Low,0
7578-JHTIT,0,0.5687,High,0
2275-QASUU,0,0.2328,Medium,0
5486-COOWK,0,0.3112,Medium,0
1704-MGSOS,0,0.0244,Low,1
0737-NYCUA,1,0.0025,Low,0
0665-TDBOL,0,0.0032,Low,1
6969-BMQRO,1,0.9031,High,0
4071-XBYCM,1,0.6714,High,0
6515-BILSW,0,0.004,Low,1
2813-XWAVO,0,0.0962,Low,0
2092-CDCNF,0,0.1703,Low,0
6779-UTFJM,0,0.0115,Low,0
3129-TYXDX,1,0.7515,High,0
6488-PFULG,0,0.2357,Medium,0
2379-MSNGY,0,0.0439,Low,1
8035-XTSKH,0,0.0088,Low,1
4998-FSCKS,0,0.0111,Low,1
1236-OKEQI,0,0.0489,Low,0
6710-KJNCJ,1,0.4356,Medium,0
1202-TBKVZ,1,0.5894,High,1
7616-EBBWJ,1,0.6765,High,0
7585-ACQWE,1,0.0334,Low,0
9871-LJUBL,0,0.5846,High,0
6017-GLXDW,0,0.0041,Low,0
2098-CMTNQ,0,0.0044,Low,0
4605-QNLYW,0,0.0144,Low,1
0616-WBILG,0,0.0157,Low,0
1698-YEEVW,0,0.0569,Low,0
6830-VEPXM,0,0.0044,Low,0
4719-FQPVO,0,0.0043,Low,1
6784-TIDHU,0,0.1552,Low,1
5452-VOYOI,0,0.1697,Low,0
6040-SUQDR,1,0.3801,Medium,1
7319-SSRVM,0,0.0517,Low,0
8718-SCYEP,1,0.7117,High,0
8259-IDXDP,0,0.2017,Medium,1
4352-UVKXH,0,0.1266,Low,0
6481-ZUGNA,0,0.3853,Medium,1
0063-FROIM,0,0.2023,Medium,0
6623-DDDHB,0,0.0025,Low,1
1262-SMHFB,1,0.6658,High,0
9216-UUIXZ,1,0.6946,High,0
3920-PQMYP,0,0.2763,Medium,1
8248-WKJIH,0,0.003,Low,0
1774-RNCPD,0,0.7987,High,0
0647-CUDKH,0,0.0465,Low,0
1414-OZQVW,1,0.8222,High,1
8092-EXIHJ,0,0.1259,Low,0
1890-VVGBK,0,0.0022,Low,1
3228-HDOFD,0,0.0022,Low,0
5677-VBFGU,0,0.0303,Low,0
6538-QWSVU,1,0.5963,High,0
5027-DEPWN,0,0.0141,Low,1
8895-UHENR,0,0.0094,Low,0
5251-WUASV,1,0.649,High,1
0873-AYMRH,0,0.0154,Low,0
1323-EPVMA,0,0.1731,Low,0
6812-SGZHO,0,0.0404,Low,0
4638-XQXJN,0,0.006,Low,0
3887-OWUTF,1,0.5476,High,0
9962-SBTWO,0,0.0115,Low,0
0829-SDYWW,1,0.8742,High,0
2131-DNBLQ,1,0.844,High,1
8248-YCUST,0,0.2287,Medium,0
9230-JOVFN,0,0.0031,Low,0
7088-BSSEW,0,0.6459,High,0
3847-JVWNJ,0,0.0163,Low,0
2221-BPSFK,0,0.1241,Low,0
6487-ACLPR,0,0.217,Medium,0
6023-KISGT,1,0.5269,High,0
8582-OLNIP,0,0.4464,Medium,0
3508-OPSOQ,0,0.0105,Low,0
2709-RGELJ,0,0.5461,High,1
2201-NRONX,0,0.019,Low,1
3080-KHTDF,0,0.0199,Low,1
6527-TNUYO,0,0.2755,Medium,0
0812-MFRUZ,1,0.4922,Medium,0
3531-QKVGO,1,0.0856,Low,0
4285-RZQBV,0,0.014,Low,1
7019-MWCRU,0,0.0076,Low,0
6518-WQYDJ,0,0.0367,Low,0
5230-BWWOH,1,0.6906,High,0
5094-YFMRD,1,0.105,Low,0
1411-PXSAE,1,0.3386,Medium,0
5576-XLIJU,0,0.0653,Low,0
8404-VVVMB,1,0.4264,Medium,0
8578-MWYCZ,1,0.7597,High,0
2769-FVEHH,0,0.0149,Low,0
4718-QRYME,0,0.0173,Low,0
9645-JVQRU,0,0.0637,Low,0
0049-MYSGQ,0,0.0051,Low,0
3031-NIBJN,0,0.0049,Low,0
4944-ESJES,1,0.288,Medium,0
6826-KWDGC,0,0.0401,Low,0
2863-RFBWF,0,0.2424,Medium,0
5657-SGOVT,0,0.0099,Low,1
6852-SWAZB,0,0.0541,Low,0
1219-QPTZG,0,0.1478,Low,1
9777-ILTBB,1,0.6727,High,1
9752-LBWEN,0,0.3318,Medium,0
6095-BFSFB,0,0.0105,Low,0
8891-GFGQO,0,0.2056,Medium,0
2050-JPYBY,0,0.0027,Low,0
4374-YHDLZ,1,0.0518,Low,1
3636-VAXOD,0,0.5784,High,0
9676-XOFYI,1,0.9368,High,0
7531-CBCLQ,0,0.0122,Low,0
8773-WLPON,0,0.0214,Low,0
8444-QRPTV,1,0.3506,Medium,0
2402-ZEGNM,0,0.4009,Medium,0
4260-YWXPE,0,0.1245,Low,0
7658-DGHIJ,0,0.0933,Low,0
0623-PTZRO,0,0.3803,Medium,0
4441-AMONH,0,0.05,Low,0
1069-NOAOS,0,0.0553,Low,0
4511-RVUDP,0,0.0089,Low,0
1987-WBQNA,0,0.6596,High,0
1255-VWSNY,1,0.3953,Medium,0
2671-LSHBE,0,0.1182,Low,0
7353-GVKIK,0,0.0892,Low,1
6226-IHIOW,0,0.3014,Medium,0
4571-UECKD,0,0.0106,Low,1
0214-VFQYX,1,0.8512,High,0
6474-ASOHM,0,0.0035,Low,0
9874-USHPQ,1,0.8576,High,0
9231-XFPKZ,0,0.7496,High,1
5751-LEKCE,0,0.0047,Low,1
7716-JTFTB,1,0.5963,High,0
8560-QHNGE,0,0.0018,Low,0
3531-QYQMH,0,0.2957,Medium,0
9631-QWILK,0,0.701,High,0
5669-SGFYY,0,0.231,Medium,0
8618-APNLR,0,0.0044,Low,0
9060-CTHCG,0,0.0198,Low,0
9974-FPZXP,1,0.5254,High,0
9903-HYIIC,0,0.0092,Low,1
2798-EOILS,1,0.5447,High,0
8092-LQOYR,0,0.1154,Low,0
5078-ODFHV,0,0.0075,Low,0
1441-KINNA,0,0.3298,Medium,0
4813-WLYGL,1,0.461,Medium,0
7052-GRDBJ,0,0.0704,Low,0
1975-BKFYD,1,0.7689,High,0
1586-EYYFF,0,0.1962,Low,0
6734-MWCGG,0,0.614,High,0
3218-HZLTU,1,0.404,Medium,0
6270-TSGTO,0,0.0046,Low,0
5978-VANTL,0,0.1004,Low,0
4051-AANJG,0,0.0641,Low,0
4937-RXKJT,0,0.2365,Medium,1
6039-FMOCP,0,0.2773,Medium,0
3253-LOQGP,0,0.6533,High,1
2112-NYHKI,0,0.0583,Low,0
2758-OBDON,0,0.0651,Low,1
6666-RNPTX,1,0.1493,Low,0
3919-TNSZZ,0,0.5539,High,0
3380-QTVIE,0,0.12,Low,0
6337-HHGMP,0,0.0061,Low,1
5732-ZFBBP,0,0.1369,Low,0
0159-FDFCU,1,0.3084,Medium,0
7382-XVTQH,0,0.3316,Medium,0
8866-VAJGI,1,0.8117,High,1
6575-QBTQU,0,0.0622,Low,0
6096-KNPQA,0,0.1113,Low,0
1585-ZLRJC,0,0.3741,Medium,0
6917-EMSCB,1,0.4311,Medium,1
3611-YSJTT,0,0.1083,Low,1
5125-MXKZB,0,0.0323,Low,0
3432-TVJOA,1,0.6537,High,0
0960-LETOS,0,0.1876,Low,0
8319-RFPXF,0,0.003,Low,0
0065-HXMOA,0,0.0021,Low,0
1357-GZEPH,0,0.6606,High,0
9008-QPVZW,0,0.0128,Low,0
8634-IRSPR,1,0.5255,High,0
0402-LVYDV,0,0.0221,Low,0
0039-XLZEP,1,0.0594,Low,0
2312-CXWXN,0,0.2229,Medium,1
5186-KDDUS,0,0.7911,High,0
2379-CDNJC,1,0.3959,Medium,1
1585-XOEGI,0,0.0968,Low,0
0861-LQRXH,0,0.535,High,0
7997-EGHFI,0,0.0029,Low,0
1331-SYBVI,1,0.8079,High,1
3160-VYZAT,0,0.2147,Medium,0
2968-LDURU,0,0.0262,Low,0
4287-BBNAQ,1,0.8486,High,1
0680-VQZFZ,0,0.1028,Low,0
0054-FRDOW,1,0.5922,High,1
2202-DPHZY,0,0.0516,Low,0
4031-QPKZE,0,0.0114,Low,0
7397-BRDLR,0,0.5073,High,1
3721-LAXNA,0,0.4793,Medium,0
8927-LHKPK,0,0.093,Low,0
2604-TVYUF,0,0.0054,Low,0
6122-SCNWK,0,0.3047,Medium,1
0949-SZNDB,1,0.2139,Medium,0
0407-LZRQX,0,0.6074,High,0
2974-OAQDB,0,0.0376,Low,0
3932-NVLJD,1,0.5633,High,0
6252-LGFJO,0,0.3873,Medium,0
0150-EMXTR,1,0.8711,High,0
7993-SDUNI,0,0.2049,Medium,0
4188-FIJIK,0,0.7876,High,1
5693-VLWUG,1,0.7784,High,0
0824-RLIWV,0,0.3939,Medium,0
4912-MLLTF,1,0.4757,Medium,1
2955-YFXAA,0,0.6644,High,0
8797-ALLZC,0,0.0797,Low,0
7232-EDZWI,0,0.0043,Low,0
8574-LFXQP,0,0.0131,Low,0
8959-WVGEE,0,0.0015,Low,0
1916-NWSRC,1,0.5945,High,0
7225-VLHZL,0,0.0018,Low,0
6630-DARKK,0,0.0102,Low,0
4060-ETNJR,1,0.2843,Medium,0
6907-LKHDP,1,0.3932,Medium,1
9156-UUKIV,0,0.0289,Low,0
4002-YEULQ,0,0.0033,Low,0
2696-HTMME,1,0.5505,High,1
8911-XEZGB,0,0.5803,High,0
6652-HNNSY,0,0.2616,Medium,0
8685-OMSZD,0,0.179,Low,0
4478-CFCFP,0,0.0171,Low,0
6138-BSJTO,1,0.8012,High,0
3284-NHMLN,0,0.29,Medium,0
5629-LYZLJ,0,0.0395,Low,0
2435-TCUOW,0,0.0187,Low,1
1659-WHABU,0,0.7297,High,0
1382-VXCPN,0,0.4038,Medium,0
2037-ZFALV,0,0.2853,Medium,1
7866-HDCWO,1,0.6099,High,0
3634-YOJVU,1,0.3005,Medium,0
3835-NRYWZ,0,0.0036,Low,0
1365-QQCRX,1,0.0791,Low,0
8783-PITQT,0,0.8078,High,0
0168-TLNIT,0,0.2126,Medium,1
6528-CWMEI,0,0.0036,Low,0
2975-GSDVW,0,0.0171,Low,0
9817-KVEOY,0,0.0409,Low,1
7943-KWEKT,0,0.211,Medium,0
7855-PKQZK,0,0.072,Low,0
7617-MZHOA,0,0.033,Low,0
7791-NBWMR,1,0.8479,High,0
7455-TLSVT,0,0.1464,Low,0
1798-JYFUC,0,0.1036,Low,0
8922-PMXKK,0,0.8039,High,0
1278-HSMDT,0,0.408,Medium,0
6348-GHQAE,0,0.383,Medium,0
7720-ATZKL,0,0.0157,Low,0
0317-YSFBR,1,0.3417,Medium,0
0182-BBNSS,0,0.0054,Low,0
7279-RLDME,0,0.1721,Low,0
7815-QKVOL,1,0.8058,High,1
5499-WRGHH,1,0.5633,High,0
7638-IMCUQ,0,0.0736,Low,1
8904-MLELN,0,0.288,Medium,0
8550-FHBJB,0,0.0282,Low,1
2282-SQPUD,0,0.1813,Low,0
0030-ETJDH,0,0.0059,Low,1
5555-QEIXM,1,0.4281,Medium,1
3196-KMVOU,1,0.3148,Medium,1
6302-VNGQZ,0,0.0489,Low,0
2084-TQWVI,0,0.3606,Medium,0
7950-PDZGG,0,0.8148,High,1
9130-LRSGM,0,0.0874,Low,0
0723-PRUOO,1,0.7703,High,0
6111-BPZAM,0,0.1068,Low,0
6607-CMVHY,0,0.039,Low,0
7204-LJVEB,0,0.0025,Low,0
0852-CGNOW,0,0.028,Low,0
2400-ZDPIX,0,0.0358,Low,0
5865-LDZPC,0,0.0324,Low,0
4243-PNDFJ,0,0.429,Medium,0
4055-ZUAIS,0,0.3582,Medium,0
7482-UDSYF,0,0.2149,Medium,1
9591-MZVVF,0,0.8051,High,1
6518-TNNLI,0,0.2056,Medium,1
3770-HKIFL,0,0.585,High,0
6409-XRNFG,1,0.9249,High,0
6731-VIBAQ,1,0.7254,High,0
2682-WYQQN,0,0.3641,Medium,0
7841-KRQGG,0,0.0033,Low,0
2632-AJAYD,0,0.0102,Low,0
8100-AXRAI,1,0.7104,High,0
3717-UKEJW,1,0.3409,Medium,0
3528-SCASD,0,0.0418,Low,0
3221-BATJV,0,0.0372,Low,0
7237-ZWEVJ,0,0.7063,High,0
2474-GTIFI,1,0.7215,High,0
9960-IZQEP,0,0.1862,Low,0
1389-TVHIO,1,0.8169,High,0
9433-AYFMG,0,0.1497,Low,0
5267-OTHWI,1,0.1502,Low,0
8743-JZDEI,1,0.604,High,0
4149-BDKOQ,0,0.4543,Medium,1
2602-OODQK,0,0.0047,Low,0
0053-LZLSG,0,0.1867,Low,0
2667-MUBWI,0,0.2381,Medium,0
9795-HQIFR,0,0.2861,Medium,1
5271-UCZNQ,1,0.4465,Medium,0
8326-BMPOJ,0,0.0378,Low,0
9093-LPHHB,0,0.0781,Low,0
9637-GUSNI,1,0.357,Medium,1
4275-WSTTX,0,0.1915,Low,0
4816-JSEWP,0,0.7821,High,1
1332-FFTXW,0,0.0073,Low,0
4090-LNMVT,0,0.1694,Low,1
9797-THQGN,0,0.0143,Low,0
3095-PZYYV,0,0.0324,Low,1
0139-YJVYP,1,0.326,Medium,0
9959-NDBKB,0,0.111,Low,0
1048-JMSJA,1,0.0582,Low,0
5686-RRHQF,1,0.3537,Medium,0
6010-EZQRL,0,0.0024,Low,0
2671-CIWNB,0,0.0177,Low,1
8412-PHWJI,0,0.2216,Medium,0
1855-QEREL,0,0.0711,Low,0
0520-XRJCN,1,0.9114,High,1
6685-CWLSI,0,0.3104,Medium,0
4514-RBHWX,1,0.2588,Medium,1
4948-EBBHM,0,0.1062,Low,0
1295-FQRRI,0,0.0473,Low,1
8312-XJCCI,0,0.0114,Low,0
2379-MAZJT,0,0.5368,High,0
9956-PSMAC,0,0.0495,Low,0
5773-FXOSW,1,0.5213,High,0
4115-GHEJQ,0,0.0097,Low,1
4034-CPEWA,1,0.7618,High,0
1421-QWNWY,0,0.4076,Medium,0
6172-TZGTC,0,0.2889,Medium,0
9675-UUCOK,0,0.0604,Low,0
8325-TUGVV,0,0.1536,Low,0
3850-WJLFC,0,0.0131,Low,1
6850-TVKRA,1,0.0936,Low,1
2907-MVSHT,0,0.0854,Low,0
0260-XEAFF,0,0.0067,Low,0
8560-GGZQA,0,0.0957,Low,0
4674-RUCTJ,0,0.0028,Low,1
0344-FKFDZ,0,0.0134,Low,0
8508-KZEEP,0,0.0121,Low,0
7780-HGHHZ,1,0.3701,Medium,0
4871-DQFQH,1,0.4977,Medium,0
3346-TBXRY,0,0.2555,Medium,0
2969-WAYZG,0,0.4441,Medium,0
3182-FXEYM,0,0.0376,Low,0
7390-FIUIQ,1,0.323,Medium,1
4189-RQJCZ,0,0.1654,Low,1
1512-MQOZY,0,0.6455,High,1
0891-BPILT,0,0.2208,Medium,0
5234-UVBRI,0,0.5929,High,0
6435-FCSIA,0,0.0191,Low,1
4658-ESBIQ,1,0.4894,Medium,0
3605-NNFOJ,1,0.8305,High,1
0024-SPKAC,0,0.0203,Low,0
8762-HQDLY,0,0.2116,Medium,1
0754-HIVJX,0,0.0054,Low,0
6500-JBROR,0,0.0145,Low,1
4147-FCKNE,0,0.5354,High,0
1400-JVFEC,0,0.3169,Medium,0
5599-HCLGO,0,0.0122,Low,0
3235-PMDKF,0,0.2421,Medium,0
7509-YLEEH,0,0.0031,Low,0
5740-BSWFZ,1,0.8731,High,0
9557-IMXZF,0,0.0144,Low,0
5131-OSVNS,0,0.0404,Low,1
8251-YRIWT,0,0.1697,Low,0
3592-DWOQR,1,0.8314,High,0
4035-HDBPB,0,0.1793,Low,1
6716-OGKAS,0,0.2356,Medium,0
7428-CDGBE,0,0.1321,Low,0
7035-BVHSE,0,0.5825,High,1
0562-NYJGG,0,0.0084,Low,0
2078-OBHOM,1,0.7238,High,0
6132-BTTUH,0,0.0074,Low,0
1454-BSAWA,0,0.1998,Low,0
5722-MLGUN,0,0.0014,Low,0
5419-WKRYT,0,0.3677,Medium,0
0946-WTVYX,0,0.0939,Low,0
1677-JQEWF,0,0.0015,Low,1
9592-IHNFW,1,0.6167,High,1
1882-IRDRC,1,0.8652,High,0
7619-BFHJZ,0,0.2607,Medium,1
2219-XGDOW,0,0.078,Low,0
3396-JEEGM,0,0.037,Low,0
4909-AQAIR,0,0.0624,Low,0
6513-ZJNHA,0,0.0011,Low,0
7578-HNZFG,0,0.136,Low,0
9867-FLYUA,0,0.004,Low,0
8356-GTEWR,0,0.0106,Low,0
6591-AXKTT,1,0.5002,High,0
7718-IZSAI,0,0.0258,Low,0
9407-MXWTX,1,0.8317,High,0
4110-SCMVQ,0,0.0077,Low,1
5308-MHZYJ,0,0.0111,Low,0
2650-QGAFC,1,0.9239,High,0
3249-QLLUF,0,0.0063,Low,1
3508-APXOZ,1,0.9002,High,1
0454-VYCIL,1,0.2376,Medium,0
0296-ORJHV,0,0.2095,Medium,1
7581-KHERV,0,0.0111,Low,0
5645-YTKMS,0,0.1921,Low,0
0389-UFXZC,0,0.0762,Low,1
4761-XFRLC,0,0.0206,Low,0
7825-KHDIR,0,0.167,Low,0
7024-FQSCI,0,0.0203,Low,0
1504-MCXSY,0,0.3383,Medium,1
0776-HOIME,0,0.0014,Low,1
6077-VBRTF,1,0.6365,High,1
1279-WKBZU,0,0.002,Low,0
8671-QMACN,0,0.2486,Medium,0
3627-KEIVX,0,0.1731,Low,0
1041-TEWLX,0,0.0775,Low,0
9883-JWOBH,1,0.4831,Medium,0
6304-YXRUX,1,0.3713,Medium,0
7007-GKSYO,0,0.0074,Low,0
7830-HLULT,1,0.8621,High,1
3067-TOIID,1,0.2199,Medium,0
8381-OBBMK,0,0.4548,Medium,1
4343-KJBWY,0,0.1054,Low,1
8468-NFPDA,0,0.6692,High,1
3063-SVAWE,0,0.2762,Medium,1
3485-OEKTH,0,0.2454,Medium,1
7049-HUNBY,0,0.1612,Low,0
5167-RGFQJ,0,0.1776,Low,0
7547-CGPMN,0,0.0087,Low,1
7696-LDIPT,1,0.9298,High,0
0850-OTFOS,0,0.0277,Low,0
7657-LMIIZ,0,0.1296,Low,1
9917-WMGAT,0,0.0242,Low,0
3926-GQWBU,1,0.0654,Low,1
0421-PIXKH,1,0.8236,High,0
3415-VZFJG,1,0.54,High,0
3483-SEIZE,0,0.0571,Low,0
7545-NTAED,0,0.2684,Medium,1
3552-TTFYD,0,0.4892,Medium,0
5331-HXOXW,0,0.0472,Low,0
7491-MLGAB,1,0.0212,Low,0
4691-UJBJG,0,0.1002,Low,0
4389-EAYHH,0,0.0325,Low,1
8038-FPCEZ,0,0.0083,Low,1
6425-FJHRW,1,0.542,High,0
2756-DAYNK,0,0.023,Low,0
6206-YQBFL,0,0.0353,Low,0
8271-SXTOR,0,0.1597,Low,1
7345-GZTYY,0,0.1104,Low,0
0365-YBXAU,1,0.0219,Low,0
6473-ZZGAH,0,0.5504,High,0
9676-YVSOJ,0,0.1454,Low,1
0066-LZKRN,0,0.2087,Medium,1
9232-KPHXX,0,0.1674,Low,0
3427-OFLNQ,1,0.5255,High,0
5403-BVYIL,0,0.0514,Low,0
8523-FADGR,0,0.0319,Low,0
6945-AJFPB,0,0.1064,Low,1
9050-BGXPR,1,0.5871,High,0
4709-ESCSZ,1,0.7658,High,1
0970-DHJZS,1,0.7764,High,0
4709-UTHFA,0,0.0046,Low,0
5045-JFGVJ,0,0.0679,Low,1
1031-ZANDY,0,0.0126,Low,0
6073-UPFZC,0,0.0765,Low,1
4028-PAZCZ,1,0.3994,Medium,1
9736-KVUUX,0,0.0022,Low,0
1969-QJMYQ,0,0.2253,Medium,0
3272-TFNOT,0,0.0154,Low,0
2996-SOSQQ,0,0.0574,Low,0
7820-FRMUB,0,0.019,Low,0
1532-JGNIF,0,0.326,Medium,0
4284-EGTVU,0,0.0235,Low,0
5728-AENYT,0,0.0422,Low,0
9010-HWNFI,0,0.051,Low,1
7609-YIHZZ,0,0.2446,Medium,0
0561-NUQWM,1,0.5159,High,0
7884-AIIQI,0,0.0015,Low,0
9839-TFPQQ,0,0.0044,Low,0
6416-UCRVD,1,0.6795,High,1
0790-GYZCZ,1,0.8624,High,0
4622-DMCYN,1,0.5794,High,0
9329-BDFDO,0,0.0056,Low,0
7257-ZLCHD,0,0.3797,Medium,0
4290-XEYHO,1,0.7775,High,0
2828-DODRG,1,0.7752,High,1
8099-IOHPD,0,0.2668,Medium,0
9572-YQNEE,1,0.735,High,1
6900-BIQRI,0,0.0017,Low,0
7329-LJEGR,0,0.0212,Low,0
0062-JSDLK,1,0.5971,High,0
0647-ASFJJ,0,0.0227,Low,0
4941-RHPGX,0,0.0342,Low,0
4454-QBNKY,0,0.0051,Low,0
0448-TLBDI,0,0.1416,Low,0
6593-OGVCX,0,0.2889,Medium,1
0660-HVQKZ,0,0.0201,Low,0
2089-QNOIT,0,0.0052,Low,0
2712-PCGRP,1,0.6649,High,0
2769-YCKLG,0,0.4218,Medium,1
2896-XTTHZ,1,0.7924,High,0
2059-WCPDP,0,0.0235,Low,0
3580-KZMMY,0,0.0444,Low,0
9540-ZQZGN,0,0.5236,High,0
2492-DHQYL,1,0.0089,Low,1
6535-KJIFZ,0,0.0585,Low,0
9390-IPHQO,0,0.0331,Low,1
8853-WYSON,0,0.0076,Low,0
1326-BOHLD,0,0.7146,High,0
5256-LPQKW,0,0.0566,Low,0
6287-KQIJP,0,0.0031,Low,1
0990-FHRYY,1,0.3894,Medium,1
4816-HMTXK,0,0.0018,Low,0
8467-VTUZU,0,0.2455,Medium,0
6804-ZWWCA,0,0.0091,Low,1
0786-NLXLC,0,0.0084,Low,0
0287-AFGSN,0,0.0589,Low,0
3033-PIGEY,1,0.6277,High,0
8702-JYWEZ,0,0.6636,High,0
5501-OGMCQ,0,0.0342,Low,0
0036-XXPQN,1,0.7654,High,0
8192-ABAKS,1,0.9144,High,0
1326-PEZSJ,1,0.3855,Medium,1
4587-PXNFT,0,0.0348,Low,0
8503-JGNGQ,0,0.1097,Low,0
2142-VBGLE,0,0.301,Medium,0
0874-NULCR,0,0.0161,Low,0
9940-HNJSL,0,0.3268,Medium,1
4880-GLTFO,0,0.2471,Medium,0
6543-UUMHE,0,0.0695,Low,0
7548-SNCZB,0,0.0092,Low,0
1952-DUDXG,0,0.0032,Low,0
2018-BRZPB,0,0.3892,Medium,1
1746-IEHJD,0,0.0276,Low,0
7341-WMXHW,1,0.1242,Low,0
5146-JCOBN,1,0.1765,Low,0
8954-WPHVH,0,0.0041,Low,0
5548-XUCNH,1,0.835,High,0
2523-HVMNS,0,0.2226,Medium,0
9647-LBCAD,0,0.0044,Low,1
0442-QGKQA,1,0.5444,High,0
9913-LRCYD,0,0.0052,Low,0
3099-PHQEP,1,0.3389,Medium,1
8152-OMDBU,1,0.4593,Medium,0
7267-CKGEW,0,0.3577,Medium,0
6510-BIZIE,0,0.0919,Low,1
4924-JQBST,0,0.0145,Low,0
6177-EQKBL,1,0.7538,High,0
2220-QOMMC,0,0.0065,Low,1
5572-CHWDF,0,0.0259,Low,0
7569-VZDGQ,0,0.004,Low,0
4407-BGCUC,0,0.0109,Low,0
5138-OKOJM,0,0.1282,Low,1
7482-AYIUM,1,0.6245,High,0
4712-EMALJ,1,0.7722,High,1
5398-LKLXF,1,0.3145,Medium,0
1065-ATYRB,0,0.0681,Low,1
1142-LJLBS,0,0.0134,Low,1
9060-ZOAIQ,0,0.0586,Low,0
7061-ZXQCZ,0,0.1583,Low,0
8715-UEPLC,0,0.4737,Medium,0
9835-HXYRD,0,0.0901,Low,0
4794-DVKGS,0,0.7616,High,0
5789-PFKYD,0,0.002,Low,0
6060-GZWZM,1,0.2208,Medium,0
0406-GUUIF,1,0.1572,Low,0
5212-VFASP,1,0.6316,High,1
5325-IRFCN,0,0.4277,Medium,0
1543-AQMGB,0,0.0696,Low,1
9274-SGFXQ,1,0.6607,High,0
7952-JNIIE,1,0.6921,High,0
5988-XJRSV,0,0.014,Low,0
6791-UEGKV,0,0.0681,Low,0
2708-NPKUU,0,0.0548,Low,0
1516-THSRE,0,0.0129,Low,0
8615-JHNOO,0,0.0013,Low,1
7603-EQHCI,0,0.003,Low,0
8223-ASVWF,0,0.2224,Medium,1
1920-EOGZD,1,0.428,Medium,0
1768-AZICE,0,0.0043,Low,1
7062-FHYHS,0,0.0851,Low,1
9670-XTWUF,0,0.0229,Low,0
2038-KXSWR,0,0.1533,Low,0
8296-AAWDS,0,0.0013,Low,0
2180-SXJIO,0,0.1511,Low,1
1897-PCAWH,1,0.8263,High,1
2620-ZKAUD,0,0.1508,Low,0
4091-KKVIE,0,0.7244,High,1
1450-KLIXK,0,0.0055,Low,0
3017-POLHK,0,0.6646,High,0
1166-BFBAM,0,0.0128,Low,0
1651-TAHED,0,0.0018,Low,1
8077-ILIND,0,0.0691,Low,1
7395-YSHEJ,0,0.0328,Low,0
6261-CBDYF,1,0.0253,Low,0
3322-EIRBI,0,0.0381,Low,0
2219-POXRA,0,0.0024,Low,0
4471-ADWQU,1,0.6779,High,1
1311-HNIKG,0,0.115,Low,0
1964-IRENA,0,0.1231,Low,0
0340-BPVVR,0,0.8157,High,0
9503-GAHBP,1,0.1952,Low,0
0705-CZUAJ,0,0.1896,Low,0
8344-ALQGK,0,0.435,Medium,1
0652-FIOGN,0,0.0135,Low,0
6757-NLYWZ,0,0.0304,Low,0
2093-ZWLUR,1,0.5635,High,1
0314-MTNEU,1,0.6118,High,0
6467-HRLHK,0,0.1908,Low,0
4724-ZTAZY,0,0.0016,Low,0
6279-IMYOH,1,0.6245,High,0
1075-XFGKD,1,0.6689,High,0
5729-VCZDB,0,0.6968,High,0
8059-SEEAY,1,0.5874,High,0
0424-CWZZI,0,0.3121,Medium,1
5164-TSDRY,0,0.2536,Medium,0
4167-FUMJC,0,0.1325,Low,0
0441-WRHUV,0,0.6245,High,0
5987-OKORQ,1,0.7219,High,1
4721-OQIBR,1,0.0821,Low,0
9966-UYYCG,0,0.0063,Low,1
5140-RNAAY,0,0.0079,Low,0
1066-WJPNT,0,0.3522,Medium,1
7937-ICZEA,0,0.341,Medium,0
6346-PTBXP,0,0.309,Medium,0
4731-HQGLQ,0,0.4683,Medium,1
8197-DQKQT,0,0.0033,Low,0
6351-ZPFSP,0,0.0096,Low,0
8537-DZQEL,0,0.0924,Low,1
2516-RLUNB,0,0.4179,Medium,0
1666-ZKLDH,0,0.0289,Low,0
2260-VYYYC,0,0.0368,Low,0
1087-HGXAV,1,0.0483,Low,0
2731-ABELR,0,0.105,Low,1
0462-BWBUX,0,0.0184,Low,0
9522-QXSSE,1,0.766,High,0
3195-XURQK,0,0.0212,Low,0
1544-UDVDE,0,0.0265,Low,1
6407-WANCE,0,0.0422,Low,0
7075-JSPAH,0,0.2124,Medium,1
3396-WAIFN,0,0.4622,Medium,1
3107-BQPUD,0,0.017,Low,1
6270-VMYYF,0,0.0376,Low,0
1231-ENPTU,0,0.0576,Low,1
9333-IAUBT,0,0.0171,Low,0
5361-FKNRI,0,0.0529,Low,1
2068-AEYDA,0,0.529,High,1
1615-LRHNR,0,0.0125,Low,0
8153-LWTSW,0,0.4015,Medium,0
7780-RYYSJ,0,0.0617,Low,0
5911-DFCFL,0,0.0109,Low,1
1780-HKNXO,0,0.0084,Low,0
5346-YYMQC,0,0.0116,Low,0
9265-PLTPV,0,0.6466,High,0
8419-MLIZJ,0,0.0036,Low,0
5248-DPIWG,1,0.8483,High,1
6451-IRKRC,0,0.2435,Medium,1
2676-RBEWP,0,0.2761,Medium,0
3996-RVARX,0,0.3733,Medium,1
9788-VOAOL,0,0.0383,Low,0
9026-NEITV,0,0.1877,Low,0
8996-UZKCM,0,0.0052,Low,1
7157-ERQHL,1,0.6086,High,1
3827-FDZDS,1,0.7778,High,0
2982-ORDBC,0,0.0174,Low,0
8163-VKNJG,0,0.3407,Medium,1
0382-DCHIQ,0,0.1514,Low,0
9002-WLHFD,0,0.4884,Medium,1
1407-KDAMK,1,0.0762,Low,1
6022-JRQON,1,0.2066,Medium,0
8455-NORFC,0,0.1264,Low,0
0788-UGLMU,1,0.1174,Low,1
8894-QSCCS,0,0.0356,Low,0
1693-UKPLU,0,0.0695,Low,0
3078-DEKNX,0,0.0283,Low,0
3715-TYNCM,0,0.1056,Low,0
2985-XORSO,0,0.0331,Low,0
8638-UHSGE,0,0.2594,Medium,0
3068-RQMFT,0,0.2633,Medium,1
8653-BWRVM,0,0.2463,Medium,0
2506-MXLJX,0,0.0197,Low,1
2998-IJRCB,0,0.0488,Low,0
4742-HBLHW,0,0.2568,Medium,1
5033-XGLGC,0,0.0053,Low,0
6234-CYCGZ,0,0.0857,Low,0
4249-OGOQG,0,0.0272,Low,1
6996-OWXSL,0,0.0239,Low,0
6175-AFXZQ,0,0.1481,Low,0
5251-RJOIL,0,0.1608,Low,0
5822-BBXRA,0,0.0122,Low,0
8131-KCPYS,0,0.1008,Low,0
2218-XVHDG,0,0.0038,Low,1
4170-ISXTN,0,0.1274,Low,0
5212-WZSSW,1,0.3167,Medium,0
5286-NREVZ,0,0.2381,Medium,0
2719-DSKZQ,0,0.0205,Low,0
2073-MVKSZ,0,0.7484,High,0
7333-GPHUL,0,0.0128,Low,0
8543-UVFAX,0,0.1088,Low,0
4617-SBRTM,0,0.08,Low,0
2487-BNEWH,0,0.5009,High,0
1079-NPCJM,1,0.7267,High,0
4465-MRVOT,0,0.1208,Low,0
3325-OHIMB,0,0.0198,Low,0
8943-PXWFE,0,0.0819,Low,0
0876-BADNV,0,0.472,Medium,0
3772-SNBCK,1,0.4589,Medium,1
4504-FCOXB,0,0.1413,Low,0
4125-HHTMS,0,0.0414,Low,1
1522-ZSDIS,1,0.9365,High,0
2836-CGKDM,0,0.053,Low,1
1677-EDOAO,0,0.0104,Low,1
1949-OUNFZ,0,0.122,Low,0
2424-HNMSA,0,0.0132,Low,0
3636-JKBAK,0,0.1623,Low,0
7071-DOLRA,0,0.0179,Low,0
0934-CABHA,0,0.2594,Medium,1
9984-ROEVQ,0,0.2578,Medium,0
6379-YHAGO,0,0.1411,Low,0
2855-HCLSR,0,0.0162,Low,0
5094-SGAPZ,0,0.0945,Low,0
1109-TAUBF,0,0.0502,Low,1
1899-IWBVY,0,0.3699,Medium,1
5316-CYRGP,0,0.075,Low,1
0003-EJBEW,0,0.003,Low,0
9585-BNBWP,1,0.7714,High,1
7214-CNSXE,1,0.6897,High,0
0568-CCLOJ,1,0.7105,High,0
9610-NYFLD,1,0.6923,High,1
4102-WLHCK,0,0.3058,Medium,0
9423-CRUNM,0,0.0208,Low,0
8384-QAQDK,1,0.5845,High,0
8259-QKXKB,0,0.1034,Low,1
5606-GOZPP,0,0.0485,Low,0
4751-MPPID,0,0.5649,High,1
3336-ARFTN,0,0.0027,Low,0
2512-XEDPO,0,0.2813,Medium,0
8477-UEOFO,0,0.3187,Medium,0
2907-WOEJA,0,0.1163,Low,1
2371-FBLBW,1,0.8549,High,0
0935-FIFPS,0,0.6336,High,0
8372-WJCPQ,0,0.5711,High,0
0514-DVHNX,0,0.0012,Low,1
3142-EUMPC,0,0.0013,Low,0
3527-MFYXW,0,0.0265,Low,1
5988-ONEKW,0,0.1924,Low,0
3207-FOFUK,1,0.5629,High,0
4397-EASZH,0,0.0019,Low,1
8397-LNJEY,0,0.0008,Low,0
5086-SNRON,1,0.8033,High,0
8683-KASRJ,0,0.4239,Medium,1
2435-RQQNI,0,0.4988,Medium,0
0061-HPDDR,0,0.6735,High,0
8078-GVOWB,0,0.0892,Low,0
4462-PFQDH,0,0.0095,Low,0
9632-MWZWM,1,0.7242,High,0
6091-WCFOC,0,0.2391,Medium,0
7123-WRSAE,0,0.4307,Medium,1
7530-HRRPB,0,0.1147,Low,0
6742-RSWWA,0,0.0033,Low,1
0391-ONTXE,1,0.8905,High,0
0626-NUUPX,0,0.0017,Low,1
7389-UNGXY,0,0.1257,Low,0
6521-OGLOZ,0,0.0126,Low,1
3173-LPYIC,1,0.9393,High,0
5345-PMTES,0,0.0133,Low,0
4237-ZLLWQ,0,0.3347,Medium,0
8235-LKLUA,0,0.3875,Medium,0
6363-GPHDG,0,0.2305,Medium,0
4519-ZRKMC,0,0.0031,Low,0
1151-EQCUF,0,0.102,Low,1
7945-RRQOB,1,0.5303,High,1
7380-CCUVY,0,0.0402,Low,0
1720-YFEWY,1,0.4775,Medium,1
3147-IQVXU,1,0.6228,High,0
1334-ARUTU,0,0.1628,Low,0
5968-RGWST,0,0.0153,Low,1
3499-NENCD,1,0.2942,Medium,0
8267-QGQAG,0,0.2745,Medium,0
9410-ULCQH,0,0.0277,Low,0
9797-VXZAU,0,0.0074,Low,0
8394-IBMQV,0,0.1304,Low,0
9040-WIUUJ,0,0.1951,Low,1
3717-PMOHH,0,0.0454,Low,0
9296-FKTOJ,0,0.009,Low,0
1663-COADG,0,0.0051,Low,0
7260-WELDH,0,0.6335,High,0
7971-OPBQL,0,0.0403,Low,0
7820-IDYBF,0,0.1583,Low,0
4671-UBCHM,1,0.0912,Low,0
0831-WWGNX,1,0.5553,High,0
8221-PQYLI,0,0.0082,Low,0
6813-NIIPZ,1,0.43,Medium,1
0114-XRIAP,1,0.8837,High,1
0248-GUWLR,0,0.3497,Medium,0
3177-NWDBQ,0,0.0098,Low,1
6306-RDICA,0,0.0108,Low,0
4680-OBHSB,1,0.3711,Medium,0
9092-PEUDJ,1,0.6934,High,1
8690-MUKQS,0,0.0307,Low,0
0660-WLADW,0,0.0017,Low,0
8171-FFKJT,0,0.1204,Low,0
3434-OYVOR,0,0.011,Low,0
4613-JPTPC,1,0.5321,High,1
9310-QIYPC,0,0.6063,High,1
5696-QQPOZ,1,0.7226,High,0
3123-KKLQT,0,0.2967,Medium,0
2008-VOULD,0,0.1252,Low,0
1088-UXZCO,0,0.2242,Medium,1
5071-ZXVUD,0,0.7152,High,0
7875-GZHEI,0,0.5919,High,0
4217-MZZEC,0,0.025,Low,0
4719-NHNSS,1,0.296,Medium,1
7708-XXCXC,0,0.009,Low,1
6151-FGVJF,1,0.2039,Medium,0
5654-DFVXX,1,0.5069,High,0
2151-VEQTG,0,0.3159,Medium,0
8543-LFCOR,0,0.5393,High,0
6405-GWIPG,1,0.8632,High,1
0352-LUYGQ,1,0.1976,Low,1
8877-MAWRX,0,0.1654,Low,0
2369-IWEUZ,0,0.0027,Low,0
3638-ZEEPE,0,0.0193,Low,0
8128-BYVJR,0,0.6908,High,0
2931-DGYGJ,1,0.234,Medium,0
7737-KMPHB,0,0.0481,Low,0
7183-YHRAO,1,0.8286,High,0
0487-ICCZG,0,0.0428,Low,0
0145-YVGDV,0,0.001,Low,0
8196-WNRXV,1,0.6078,High,1
4696-QOSLQ,0,0.1748,Low,0
9823-AHTOQ,0,0.2376,Medium,1
9143-AEYWT,1,0.6314,High,0
8772-QZYKS,0,0.1923,Low,0
4831-JQOVA,0,0.0031,Low,0
0255-IMROD,0,0.6691,High,0
7296-BQNZT,1,0.1741,Low,1
8950-HNQZO,1,0.4198,Medium,0
6301-OFNQX,0,0.436,Medium,0
2834-HPBMA,1,0.0598,Low,0
2259-FHTPZ,1,0.7252,High,1
4222-BKUSG,1,0.6553,High,1
2197-BTRPA,0,0.0283,Low,0
7463-CSPZJ,0,0.1577,Low,0
6817-KOOFG,0,0.7775,High,0
6473-KIJJH,1,0.5659,High,1
7821-JJZZM,0,0.0052,Low,0
6796-NGGJJ,0,0.1247,Low,0
3970-IUXLT,1,0.6074,High,1
4682-SOJPI,1,0.4341,Medium,0
2921-BDILJ,1,0.8854,High,0
8631-JVBLR,0,0.4208,Medium,0
1867-JFGDV,0,0.0022,Low,0
3107-ARJGM,0,0.0397,Low,1
0755-EBEFB,0,0.0174,Low,0
4678-XKUFG,0,0.015,Low,0
5717-AHIZZ,0,0.6071,High,0
8669-WWHCL,1,0.8606,High,1
1461-SHYUQ,0,0.001,Low,0
5768-SMKID,0,0.0074,Low,0
3406-VSQBO,0,0.0279,Low,0
3391-SWSUV,0,0.697,High,0
3727-BWZGX,1,0.2923,Medium,0
8432-PHJLE,0,0.0084,Low,0
9631-GHWGB,1,0.3661,Medium,0
3155-PGKGZ,0,0.0047,Low,0
2630-DRHVX,0,0.2232,Medium,0
5821-QONID,0,0.0288,Low,0
0493-JFJLB,0,0.6557,High,0
2580-HTADG,0,0.0058,Low,0
7752-KNDDO,0,0.7671,High,1
4308-HBRSM,0,0.0182,Low,0
0715-ITBEH,0,0.4631,Medium,0
7726-XCZPZ,1,0.1916,Low,1
4254-UVNFI,1,0.6815,High,0
8827-ZZCLU,0,0.0396,Low,1
1887-ICRMB,0,0.2511,Medium,0
2001-MHJOO,0,0.0971,Low,0
8338-TENOM,0,0.7215,High,0
4089-UMANF,0,0.1217,Low,0
7978-DLDUQ,1,0.5822,High,1
9880-QIPRC,0,0.019,Low,0
2163-ACBFS,0,0.1112,Low,1
1750-JPSMD,0,0.0014,Low,0
4405-APPIG,0,0.02,Low,1
1781-NGOET,0,0.1057,Low,0
3889-UBVAI,1,0.0597,Low,1
8792-FVMYU,1,0.6221,High,1
7655-ACBKK,0,0.1526,Low,0
8813-ZOLSC,0,0.7201,High,0
4119-SZOPV,0,0.0156,Low,0
0865-TUNUJ,1,0.6411,High,0
1307-RZMCB,1,0.8177,High,1
4968-HQWGB,0,0.0188,Low,0
7902-MMDEV,0,0.5163,High,0
0434-KZVMO,1,0.0852,Low,0
5064-OGNHR,0,0.0553,Low,0
8724-WIFDX,1,0.3411,Medium,0
1320-HIRZV,1,0.8059,High,1
8756-FSCYU,1,0.1512,Low,0
3622-ZRWTQ,0,0.0231,Low,0
8257-SFNFT,0,0.0039,Low,0
7862-OMTHB,0,0.0053,Low,0
0037-OWQAH,0,0.0213,Low,0
6585-ETMOQ,0,0.1618,Low,0
0147-BLUUV,0,0.0152,Low,0
3431-MCIRE,0,0.0041,Low,1
2170-MCVNX,1,0.8599,High,0
7695-LKXLJ,0,0.0607,Low,1
9139-KQEDT,0,0.6474,High,0
1951-CKLNT,0,0.1431,Low,0
6905-IPJWS,0,0.1895,Low,0
7316-OSKGY,0,0.1877,Low,0
8734-HJVNR,0,0.003,Low,1
0013-LGCAL,1,0.2798,Medium,1
6257-FXBQD,0,0.6826,High,0
1461-YWBKU,0,0.0681,Low,1
3044-IMWPX,0,0.0024,Low,0
9568-WNPJD,0,0.0158,Low,0
8097-KUAEH,0,0.0023,Low,0
1116-BYFGU,0,0.0167,Low,1
2055-MXYLC,0,0.0992,Low,1
8890-FIEOU,0,0.5359,High,1
7776-CCHVN,0,0.1668,Low,0
7334-VMXEL,0,0.076,Low,0
3505-LASCR,0,0.0831,Low,0
2119-PKCCR,0,0.0492,Low,0
1942-RRSFS,0,0.5081,High,0
1936-SBPIL,1,0.569,High,0
9721-MTNMN,0,0.2864,Medium,1
4978-MIPFN,0,0.142,Low,0
1767-NSMKT,0,0.6405,High,0
5151-FLANS,1,0.7908,High,1
3414-HHOPG,0,0.0112,Low,0
2498-LOVHE,0,0.2001,Medium,0
6885-LQQLM,0,0.0934,Low,0
6411-VDUNQ,1,0.7902,High,0
7000-GYZCT,0,0.0072,Low,0
5438-JQJQY,0,0.0064,Low,1
7047-NYFFW,0,0.5357,High,0
2069-LEPZN,0,0.132,Low,0
2778-SUZOA,0,0.0138,Low,0
5529-OMJCA,0,0.0311,Low,0
9857-WDGLX,0,0.0455,Low,0
8598-RUPZR,1,0.6632,High,0
4781-UDZMG,0,0.0016,Low,0
8454-BRMUU,0,0.0153,Low,0
5861-BMXGR,1,0.7533,High,1
8261-SGDAH,0,0.1654,Low,1
9910-LCHDR,0,0.6249,High,1
4937-TNARL,0,0.0971,Low,1
2695-YZZTB,0,0.6117,High,0
8081-AULSK,0,0.3172,Medium,0
3790-PHJHR,0,0.1156,Low,0
4347-FKPQJ,1,0.5904,High,0
0381-IGSLU,0,0.1103,Low,0
6076-BLBCJ,0,0.7239,High,0
5476-OZIJT,0,0.0395,Low,0
6399-ZUFXK,1,0.8764,High,0
8680-VLSKG,0,0.0105,Low,0
9751-FGADO,0,0.0045,Low,0
8209-NGKCP,0,0.0078,Low,0
3590-YKRZJ,0,0.0546,Low,0
6984-OXQNN,0,0.0797,Low,1
4886-XDHBE,1,0.349,Medium,0
5560-RMTCR,0,0.6206,High,0
7897-BMKAB,0,0.231,Medium,0
8144-GQJLI,1,0.7274,High,0
3270-CBDJE,0,0.2136,Medium,0
8260-EABZC,0,0.3195,Medium,0
0124-EDXBO,0,0.2045,Medium,0
5104-KYFKG,0,0.3068,Medium,0
8573-MNNCC,0,0.1184,Low,0
9676-GSUMW,0,0.0265,Low,0
0013-ZTYUL,0,0.0506,Low,0
8483-IKXJY,0,0.0414,Low,0
7108-FUVOZ,0,0.0081,Low,0
5919-KAPHI,0,0.0169,Low,0
2028-QSCRV,0,0.0024,Low,0
3405-MNGQI,0,0.1569,Low,1
8749-ISBPW,0,0.0248,Low,0
8662-YPNVZ,0,0.2039,Medium,0
4721-JCDNY,0,0.1195,Low,1
4308-XHPDW,0,0.4567,Medium,0
5251-LSRXJ,0,0.0595,Low,1
6503-TJCJR,0,0.0106,Low,0
9380-DMSML,0,0.1634,Low,1
2898-PGZHN,0,0.4774,Medium,1
7244-BVFJE,1,0.6081,High,1
2765-POAXO,0,0.3945,Medium,0
6368-TXQTF,0,0.0101,Low,0
1915-ATSCM,0,0.0074,Low,0
2538-QQLHG,0,0.0245,Low,0
5056-VADFC,1,0.5181,High,0
4903-EAHTI,1,0.4872,Medium,0
9506-KXDJG,0,0.0118,Low,1
4288-NQMUS,0,0.3355,Medium,0
0146-JHYLR,0,0.1669,Low,0
4330-LBGEE,1,0.5452,High,0
4427-MIKSA,0,0.48,Medium,0
3173-OXQCK,0,0.0116,Low,0
2027-ZERQF,0,0.0494,Low,0
8025-NJEYU,1,0.4778,Medium,0
8572-ZLSXW,0,0.8045,High,1
1526-BZOSN,0,0.0801,Low,1
3415-BDWIA,1,0.7922,High,0
2033-EBJRZ,0,0.0145,Low,0
4564-CCXHQ,0,0.3866,Medium,0
9273-EZPTB,1,0.6895,High,0
5406-BYRFB,1,0.8963,High,1
2815-SILQZ,0,0.0347,Low,0
6003-ZTQIL,0,0.1917,Low,1
3703-YKRRV,0,0.0015,Low,0
6749-RHDEF,1,0.844,High,0
8556-AVNYC,0,0.1441,Low,0
0265-KTCHG,0,0.0059,Low,0
0956-WKTZS,1,0.7175,High,1
9808-DXGZZ,1,0.3907,Medium,0
7836-LFZNS,1,0.7781,High,0
1180-IQNSR,1,0.2967,Medium,0
9612-UKSIX,1,0.8042,High,0
1274-USWCF,0,0.013,Low,0
9038-OOSFT,0,0.0418,Low,0
2027-YFMOG,0,0.0936,Low,1
5958-DTFCT,0,0.0453,Low,0
7451-MCIAQ,0,0.0157,Low,0
2843-UGZTQ,1,0.7299,High,1
5835-UKVXC,0,0.0134,Low,0
7539-UFBFV,1,0.5652,High,0
0261-OFVTT,0,0.0132,Low,0
7557-EXKAS,1,0.3116,Medium,0
3214-IPEVW,1,0.3204,Medium,0
8306-KBXZJ,0,0.0407,Low,0
9139-XJWXY,0,0.0148,Low,0
6592-LMGZK,0,0.0248,Low,0
5652-YUDDX,0,0.3325,Medium,0
8740-XMRPH,0,0.028,Low,0
8082-AQYBU,1,0.1379,Low,0
7820-RARZT,0,0.0448,Low,0
2833-WMIHR,0,0.1329,Low,1
3730-YJQNZ,0,0.4524,Medium,1
4275-AMEPO,0,0.0043,Low,1
7630-JIURV,0,0.3966,Medium,0
7721-JWABW,1,0.3492,Medium,1
1486-LSVUU,0,0.012,Low,0
3269-IORDX,0,0.0145,Low,1
5890-RGVRX,1,0.072,Low,0
6075-BFJAA,0,0.0015,Low,1
5346-UCBOX,0,0.0346,Low,0
4980-RMAPU,0,0.0987,Low,0
6185-OEBBQ,0,0.0142,Low,1
3590-ISNAI,0,0.3234,Medium,0
7811-TERHH,0,0.6523,High,0
1992-IDUYC,1,0.7561,High,0
3986-EATUG,0,0.0988,Low,1
8516-WJBJD,0,0.2522,Medium,0
0077-CZYIN,0,0.0049,Low,0
8124-LZCIS,0,0.2115,Medium,0
8096-PJFNA,0,0.0141,Low,1
6080-XSUPY,0,0.0093,Low,0
5373-CTFIV,0,0.7328,High,0
1806-UOKPZ,0,0.3343,Medium,0
1638-AJQAZ,0,0.0061,Low,0
8461-PBTXR,0,0.0187,Low,1
6382-HNWIK,0,0.0403,Low,1
0294-XLCNO,0,0.0037,Low,0
3560-GEITN,0,0.0072,Low,0
7665-PGLCY,0,0.6636,High,0
7574-KUBEM,0,0.3691,Medium,0
3354-TCBWP,1,0.6845,High,0
4823-DGLPM,0,0.5259,High,0
6163-QIYGM,0,0.0524,Low,0
7604-UIIKG,1,0.5043,High,1
0755-LLGOG,0,0.0371,Low,0
7581-TGHIX,0,0.0267,Low,0
6035-WJMPV,0,0.0693,Low,0
8464-EYUKY,0,0.0165,Low,1
4401-DKUPE,0,0.0084,Low,0
9868-CEAUC,0,0.1552,Low,0
5531-OLVBC,0,0.0774,Low,0
2651-FZRHQ,1,0.2091,Medium,0
8984-JTQSQ,0,0.0438,Low,0
8672-TNKXW,0,0.117,Low,0
1345-JHBTA,0,0.0051,Low,0
3513-WIGVM,0,0.045,Low,0
0353-NKOLX,0,0.6539,High,0
7137-USMQH,1,0.4998,Medium,0
5769-JWDXF,0,0.0171,Low,0
1546-DJTKL,0,0.086,Low,1
7713-QXJGL,1,0.5184,High,0
0393-VOJCT,0,0.028,Low,1
6225-WBNVV,0,0.148,Low,0
8435-OXISS,0,0.0811,Low,0
5032-LUOMK,0,0.032,Low,0
5038-FNCIY,0,0.226,Medium,0
2454-HSLDV,0,0.1501,Low,0
6458-UWUUW,0,0.0272,Low,1
1151-CBNBP,0,0.4808,Medium,0
0831-RCKTO,0,0.5682,High,1
8879-CYEOZ,0,0.0758,Low,0
0677-IGPNW,0,0.0196,Low,0
2270-ARBVP,0,0.0124,Low,1
1598-VATHY,0,0.046,Low,0
4412-YFNRA,0,0.0115,Low,1
6133-MYVBX,1,0.3551,Medium,0
1356-YMILG,0,0.1086,Low,0
1713-DEJBV,0,0.0904,Low,0
5234-AHNDD,0,0.012,Low,0
5117-NHWJP,1,0.3549,Medium,0
3164-EGAPY,1,0.3962,Medium,1
7083-RFWSH,1,0.3164,Medium,0
9837-VMKKJ,1,0.5062,High,1
9359-KUUPT,0,0.8401,High,0
2702-KPLKZ,0,0.0373,Low,0
4054-OMNBZ,1,0.1067,Low,1
7742-ZOLXD,0,0.2404,Medium,1
3267-TDHIQ,0,0.0309,Low,0
2928-UWJCG,0,0.0227,Low,0
1987-BFPPE,1,0.2828,Medium,1
5840-WRFDL,1,0.9174,High,0
3267-JBFDE,0,0.014,Low,1
5870-AQLJU,0,0.0107,Low,0
6040-JXUWX,0,0.6258,High,1
6358-MWMXU,0,0.1318,Low,1
7506-UVZUN,0,0.0041,Low,0
6606-TVJWM,0,0.0649,Low,0
2661-AITPC,0,0.012,Low,0
7267-IIQIA,0,0.2084,Medium,0
7330-YDLGX,1,0.5995,High,0
6013-DOITO,0,0.0198,Low,1
7252-WLNLJ,0,0.0046,Low,1
5124-LPUEU,0,0.0251,Low,0
7255-HJGRG,1,0.7015,High,0
8223-GGWWA,0,0.7975,High,0
6124-ZDAXP,0,0.8295,High,0
2255-QIZGW,0,0.0032,Low,0
4865-JUWLN,0,0.2669,Medium,0
9091-AXEWI,0,0.2739,Medium,0
8046-XUVCJ,0,0.0114,Low,0
0846-WEKNW,0,0.0011,Low,0
0242-KBHWK,1,0.7332,High,0
5343-YGSZF,0,0.2,Medium,0
5405-MCQSY,0,0.0214,Low,0
4287-RMOIV,0,0.4643,Medium,0
8880-EZOKG,0,0.0462,Low,0
3487-AKHTT,0,0.0752,Low,0
7709-QPEDD,0,0.1753,Low,0
3649-MQQAW,0,0.4342,Medium,0
1952-CIPFD,0,0.0125,Low,1
9012-YWXYZ,0,0.1312,Low,0
3262-PULLI,0,0.1464,Low,1
3002-OKOZX,0,0.0703,Low,0
4119-BKURD,0,0.0074,Low,1
4597-NDBRE,1,0.3235,Medium,0
9602-KECYK,0,0.0331,Low,0
3834-EJKFZ,1,0.4226,Medium,1
9290-STEOT,0,0.5754,High,0
4706-HPVID,1,0.5211,High,1
6114-DBNUM,0,0.0034,Low,0
9968-SMHED,1,0.721,High,1
7533-PHKDJ,0,0.0756,Low,0
0324-YEZHJ,0,0.0241,Low,1
5277-QWJNR,0,0.7315,High,1
6012-LSWRK,1,0.0315,Low,0
2804-DDELN,0,0.0062,Low,1
4695-IAUIR,1,0.3744,Medium,0
4244-HFOMF,0,0.0109,Low,1
9269-HEFGF,1,0.0223,Low,0
6900-ZPURJ,0,0.3482,Medium,0
0584-UZRJW,0,0.0092,Low,0
2700-KXEGB,0,0.0091,Low,0
4046-JHUIS,0,0.0156,Low,0
3664-LYOND,0,0.6286,High,0
6570-PNCIC,0,0.0173,Low,0
6989-NELGM,0,0.0054,Low,1
9431-TIYHG,0,0.0012,Low,0
8508-UHOQY,0,0.4947,Medium,1
3984-HMRWA,0,0.0363,Low,0
3726-TGGVQ,0,0.007,Low,1
9615-FINNZ,0,0.0195,Low,0
2610-KJMFK,0,0.0184,Low,0
9141-MWRIF,0,0.1291,Low,0
6760-XQGVD,0,0.0769,Low,0
6113-OBBXE,0,0.0448,Low,0
9349-JDKDD,0,0.0014,Low,1
2695-TWXTT,0,0.2297,Medium,0
7736-ACXUQ,0,0.0031,Low,1
1751-UKGAC,0,0.3142,Medium,0
8179-CVGAX,1,0.2222,Medium,1
9915-GPHFK,0,0.0175,Low,0
5169-CAKZX,0,0.2509,Medium,0
2420-QRXAK,0,0.5631,High,1
5718-IGAPZ,0,0.0085,Low,0
5077-XIFJE,1,0.3688,Medium,1
3468-IJILT,0,0.0722,Low,0
3112-SHGHI,0,0.0578,Low,0
2612-ZPXLM,0,0.0022,Low,0
3740-TQSNG,1,0.0644,Low,0
3799-GAYYG,1,0.8736,High,0
6741-PFIGQ,1,0.7545,High,0
5075-WODGT,0,0.0228,Low,0
6672-KSLTZ,0,0.0088,Low,0
2312-BEJGN,1,0.442,Medium,0
8729-AVQPR,0,0.0136,Low,0
3396-TUZIJ,0,0.0138,Low,0
0568-WGACT,0,0.0182,Low,0
7652-YCZCD,0,0.0298,Low,0
7676-CDKIT,0,0.1273,Low,1
6362-CQSPC,1,0.541,High,0
3764-TLHFP,0,0.0981,Low,0
2403-REIUZ,0,0.541,High,0
5316-UFJZA,0,0.5444,High,0
1137-VRELB,0,0.0056,Low,1
5801-FHTQG,0,0.0659,Low,0
6582-CHNFG,0,0.0016,Low,0
7618-GYVFP,0,0.0034,Low,0
8256-ZKHVK,0,0.3051,Medium,0
5390-ZWPZK,0,0.1595,Low,1
2805-BNBFA,1,0.1895,Low,0
4885-TLSNH,0,0.0928,Low,1
6446-PVUAC,1,0.0113,Low,0
0600-IYJGQ,0,0.1317,Low,0
9909-ODPHP,0,0.5941,High,1
6849-TTOQN,0,0.0405,Low,0
4222-TFIHN,0,0.6714,High,0
7662-XZKMN,0,0.5842,High,0
3799-KACTJ,0,0.003,Low,0
7851-YXIHH,1,0.8229,High,0
5061-JEETF,0,0.0062,Low,1
8518-GWMZS,0,0.7176,High,0
2313-ORBSG,0,0.0064,Low,0
9386-BQLQU,0,0.0596,Low,0
6882-EJISG,0,0.239,Medium,0
5335-EFTWJ,0,0.2971,Medium,0
4754-WWKZV,1,0.525,High,1
0133-VBQLD,1,0.0014,Low,0
5871-QQIGU,1,0.5413,High,0
9861-VPBZL,0,0.1768,Low,0
3084-BRSMS,1,0.3622,Medium,0
3134-TBKLD,0,0.3141,Medium,1
0029-WICQY,1,0.4973,Medium,0
5060-MKCVK,0,0.0063,Low,1
3848-NFDXP,0,0.0534,Low,0
1500-WGNRO,1,0.6518,High,0
1604-TPXFK,0,0.3331,Medium,0
7131-SVTZO,1,0.6999,High,0
5690-JNYVK,0,0.176,Low,0
8684-ZVGFO,1,0.7674,High,0
1378-NXJBZ,0,0.9,High,1
6901-UMVBP,1,0.6143,High,0
5120-YFKFV,0,0.0087,Low,0
4210-GLWIA,1,0.5089,High,0
6781-AQMGG,0,0.3377,Medium,0
3043-TPKVL,0,0.0139,Low,0
0680-YMCYZ,0,0.4986,Medium,0
4631-EAWUN,0,0.0422,Low,0
9084-PZRBX,0,0.1786,Low,0
0260-OSPKA,0,0.5083,High,0
1568-UMAEA,1,0.1839,Low,1
2372-NXUMZ,1,0.6238,High,0
6704-TPBFD,0,0.0127,Low,0
8351-PCAIE,0,0.0138,Low,1
1283-WHIPC,1,0.6107,High,0
4629-PVVLP,0,0.2184,Medium,0
6075-KBBJN,1,0.6691,High,0
2170-DCAHT,0,0.0644,Low,0
3223-VCXUM,1,0.545,High,1
9307-RXZZT,1,0.0249,Low,0
3416-IICPA,0,0.3749,Medium,0
9405-GAGPV,1,0.7773,High,1
1705-NMRQR,0,0.1192,Low,0
1045-NDBVS,0,0.5938,High,0
7985-QYNAP,0,0.063,Low,0
5397-CRBHS,0,0.0013,Low,0
0809-SVWPQ,0,0.2823,Medium,1
0780-KKUSB,0,0.2858,Medium,0
7461-MRKEV,0,0.3962,Medium,0
8535-BMRKL,0,0.0842,Low,0
7021-GIVJD,0,0.021,Low,0
3534-NLHEY,0,0.1565,Low,0
1892-IEOAC,0,0.1812,Low,0
3751-VXAMG,0,0.0143,Low,1
7544-TDHNI,0,0.0023,Low,1
1673-XLCSI,1,0.76,High,0
1412-HGKIO,0,0.0189,Low,0
8053-NSJJA,0,0.2024,Medium,0
2988-CDBVB,1,0.3367,Medium,0
4258-HJBAJ,0,0.0394,Low,1
0756-WJVAB,0,0.0332,Low,0
5464-CQWPU,1,0.5313,High,1
7461-GNWCJ,1,0.8282,High,1
2917-GTVBT,0,0.0755,Low,1
8794-DKNCE,0,0.5267,High,0
2498-IGSUE,1,0.3554,Medium,1
4778-VJIVM,1,0.1202,Low,0
9260-PJZOM,0,0.0142,Low,0
5525-KAVXE,0,0.0036,Low,1
2787-VYNYZ,1,0.6225,High,1
9132-REDWH,0,0.0075,Low,0
0418-GJMHP,0,0.2014,Medium,0
7648-QPOAY,0,0.0113,Low,0
0674-SDWHE,0,0.0153,Low,0
4378-RRJYB,0,0.1701,Low,0
8548-TUYUI,0,0.0243,Low,0
4403-XDSZC,0,0.052,Low,1
3818-BXGCQ,1,0.7674,High,0
2327-NIRKE,0,0.5512,High,0
6513-KNCWD,1,0.391,Medium,1
0878-EVHQJ,1,0.8194,High,0
4038-NUUAQ,1,0.6968,High,0
7370-WSBQK,0,0.1058,Low,0
6827-GWEXS,0,0.3082,Medium,0
4595-TAHYL,1,0.8593,High,0
1193-NUGPH,0,0.0134,Low,1
7218-PBCNQ,1,0.2781,Medium,0
6797-HURIT,0,0.1652,Low,0
6644-HNSNK,1,0.171,Low,0
2450-OMSFQ,0,0.3855,Medium,0
0397-WITYN,0,0.122,Low,0
1993-XENRR,1,0.7761,High,0
7948-IYHNP,1,0.8674,High,0
3114-FUFEI,1,0.8586,High,0
4948-XSTCF,0,0.1423,Low,0
8050-RAOQN,0,0.0062,Low,0
9345-HVKFC,0,0.1711,Low,0
4346-CLMUL,0,0.096,Low,1
1805-NTFGR,0,0.0011,Low,0
1388-JLWSD,1,0.6212,High,0
6676-YIXPE,1,0.4331,Medium,0
1035-YPZRA,0,0.3551,Medium,1
4941-YLTER,0,0.0046,Low,0
2688-IJXNS,0,0.7749,High,0
9833-QBSAC,0,0.0011,Low,0
4781-QWBNV,0,0.1948,Low,0
3422-GYPKF,0,0.3744,Medium,0
9599-PFDBM,0,0.4428,Medium,0
8048-WITOQ,0,0.1417,Low,0
0211-YBKIS,0,0.0874,Low,0
9945-TVVYC,0,0.0702,Low,1
5023-MTRXU,0,0.1505,Low,0
7946-ZTNMV,0,0.0465,Low,0
0905-OUHPA,0,0.0201,Low,0
7672-LTVAW,0,0.1947,Low,0
2759-ABIRL,0,0.0389,Low,0
9355-DBAJF,0,0.0104,Low,0
5889-ELFDC,0,0.0693,Low,0
7488-KAZEP,0,0.0767,Low,0
1614-MMHZM,1,0.0021,Low,1
6771-INYGH,0,0.0122,Low,1
9805-HJXKG,0,0.4093,Medium,0
6773-SBUJT,0,0.1286,Low,0
6174-MHPZA,1,0.646,High,0
9450-BHMCX,1,0.5178,High,0
5357-GMMKJ,1,0.3497,Medium,1
1986-HSNBU,1,0.8145,High,0
3827-RKKEM,0,0.302,Medium,0
0791-YUEHF,0,0.1971,Low,0
6099-TDNOH,0,0.0057,Low,0
9939-BVEFP,0,0.002,Low,1
1233-AGMDD,1,0.8191,High,0
3313-QHKSY,1,0.4397,Medium,0
4831-BGBAE,0,0.0148,Low,1
6736-MLVNV,0,0.453,Medium,0
3245-QYVMP,0,0.0368,Low,0
3462-RJUEC,0,0.039,Low,0
5038-MLFCK,0,0.3479,Medium,0
5387-TSAFO,0,0.0734,Low,1
7504-AVKKY,0,0.0149,Low,0
5466-MFVTR,0,0.1684,Low,0
8453-MQDKU,1,0.7664,High,0
0008-ENSZV,0,0.5236,High,0
8606-QPWHU,0,0.1305,Low,0
4789-XZGBA,0,0.012,Low,0
1502-ZCVKB,0,0.192,Low,0
4216-RIIWA,0,0.0094,Low,0
4356-XLOBF,0,0.6103,High,0
6983-STTDR,0,0.0013,Low,1
7900-UYMBE,0,0.212,Medium,1
5829-JVKIR,0,0.1949,Low,0
9439-QFHXQ,0,0.0046,Low,0
5999-HKGFL,0,0.3289,Medium,1
4743-BLJVW,0,0.0218,Low,1
7388-NDBHE,0,0.2355,Medium,0
5743-WTINN,1,0.8461,High,0
2644-ZRQEX,1,0.4894,Medium,0
2873-QSTZR,1,0.5454,High,0
6626-ZASBP,0,0.0132,Low,1
7994-EBNGS,1,0.4538,Medium,0
5099-MARJT,0,0.0191,Low,0
9221-DWFDH,0,0.2446,Medium,1
4467-FDIQM,0,0.1724,Low,1
0350-SNVCC,0,0.4491,Medium,0
4648-PVFXE,0,0.0019,Low,1
6781-ELHTI,0,0.01,Low,0
9528-STSLY,0,0.0288,Low,0
4561-HBMLU,0,0.0173,Low,0
5004-QECUT,0,0.8405,High,1
7883-LICYS,1,0.207,Medium,1
3350-ZKOUB,0,0.4299,Medium,0
8611-XXLTI,0,0.0012,Low,0
1515-XKPRC,0,0.0152,Low,0
5581-FFSIV,1,0.4392,Medium,0
2816-RXSME,0,0.0591,Low,0
9578-UZOTE,0,0.2291,Medium,0
5232-YSDYY,0,0.0245,Low,0
4125-ITSVW,0,0.0039,Low,1
8674-WFZTC,0,0.1281,Low,1
2448-QEEKU,0,0.0106,Low,0
0459-QBVNA,0,0.2167,Medium,0
3675-OHHDI,0,0.0269,Low,1
5109-PBJFH,0,0.2412,Medium,1
9972-MDSQY,0,0.0286,Low,0
8283-EAQPW,0,0.1324,Low,0
5039-NVCRT,0,0.0022,Low,0
0536-SJOOU,0,0.0336,Low,0
9607-FSXUU,0,0.016,Low,1
6380-ZSPXL,1,0.9161,High,0
2379-QXWNY,0,0.0671,Low,0
3939-KUIGT,1,0.0814,Low,0
3387-PJUWO,0,0.6309,High,0
6553-MGGBW,0,0.0035,Low,0
4019-YIFJN,0,0.1048,Low,1
3231-KXFPH,0,0.0029,Low,1
0555-RVQGT,0,0.2237,Medium,1
9226-UGJRK,0,0.1055,Low,0
3170-UBBHZ,0,0.0137,Low,0
0524-VRFOW,1,0.5192,High,0
0541-KQASV,0,0.0188,Low,0
1182-ZIIHL,1,0.3363,Medium,0
6033-YKDGX,1,0.5236,High,0
2548-OKPGQ,0,0.1591,Low,0
6488-DSQZZ,0,0.239,Medium,0
7080-BYLOA,0,0.0728,Low,1
3822-ZRROL,0,0.0391,Low,0
1133-QHLZG,0,0.0236,Low,0
9110-YFKKO,1,0.5984,High,0
5264-QTRDZ,1,0.8615,High,0
3456-OWWAU,1,0.6823,High,0
1425-VVTJM,0,0.3702,Medium,1
0103-KPDUR,1,0.7864,High,0
8382-ILWJG,0,0.03,Low,0
2514-XFTLT,1,0.786,High,0
6810-GJSPR,0,0.2101,Medium,0
4193-XEUSI,0,0.0055,Low,0
1852-GWSDW,0,0.7318,High,0
6698-NJIDX,1,0.5203,High,0
5046-MTEAH,1,0.8319,High,0
7592-QTHED,0,0.0046,Low,0
4818-IMYFR,1,0.3446,Medium,0
3980-UVQVG,1,0.1772,Low,0
2669-FLDNE,1,0.2358,Medium,0
6857-BGPQC,1,0.174,Low,0
5203-RGTQE,0,0.4087,Medium,0
8457-TJQUM,1,0.58,High,0
8145-GYDWK,0,0.1348,Low,0
2699-LYBEF,0,0.0098,Low,0
5334-KMTVH,1,0.1068,Low,0
8220-XWNZM,1,0.376,Medium,0
4570-LLFOW,0,0.0074,Low,0
5430-FIJAY,0,0.191,Low,1
2925-QUNWO,1,0.2621,Medium,0
4158-SRZMI,1,0.8294,High,0
1993-ATVQG,0,0.2391,Medium,0
2566-BOKUW,1,0.6387,High,1
7220-DGTUD,0,0.0325,Low,0
6718-THJGK,1,0.6409,High,0
6393-RVBJA,0,0.3585,Medium,1
3130-ITRMP,0,0.0046,Low,0
3289-IRITT,1,0.1004,Low,0
5450-NWLHA,0,0.3481,Medium,0
2957-KYAFC,0,0.0117,Low,1
0125-KLQIX,0,0.0132,Low,0
2003-IFPDQ,1,0.1104,Low,1
8091-GKXYY,0,0.2005,Medium,0
8012-ILIKN,0,0.104,Low,0
3783-VZMMB,1,0.3912,Medium,1
5177-EQBMV,1,0.8675,High,0
9453-HHWJG,0,0.1675,Low,0
3201-AGHDT,1,0.5911,High,0
9964-VJGZY,0,0.2425,Medium,0
8020-RGMNB,1,0.3859,Medium,0
2354-ZJUFY,0,0.4156,Medium,0
2073-RXQDE,0,0.6364,High,0
9622-BKLFI,1,0.9066,High,0
4415-NENPZ,0,0.2397,Medium,0
6016-FCKPF,0,0.3401,Medium,1
0881-HGPFH,0,0.0305,Low,1
6881-AJZJP,1,0.7992,High,1
5611-DMYCU,0,0.0167,Low,0
6381-QFPYQ,1,0.2344,Medium,0
4776-SPBPB,0,0.2258,Medium,0
9857-YSUPF,0,0.0036,Low,0
7908-UZVNJ,1,0.8357,High,1
5755-HVIZC,0,0.0062,Low,0
1094-YRIJS,0,0.3955,Medium,0
6412-LDYOG,0,0.0418,Low,0
6635-MOJIR,0,0.0089,Low,0
7241-YABRO,0,0.2835,Medium,0
6545-IFFZC,0,0.0899,Low,0
0412-LMMXD,0,0.0008,Low,1
6686-MNXIM,0,0.0086,Low,0
7634-OQVZC,0,0.1379,Low,0
9624-PJLEY,0,0.0498,Low,0
0790-HYADV,0,0.2221,Medium,0
7636-BNOTR,0,0.0137,Low,1
4062-EIPJJ,0,0.0186,Low,0
7927-CLXRF,0,0.0162,Low,0
3826-XNGJX,1,0.6768,High,0
2256-KZHYN,0,0.0029,Low,0
2730-DCPRH,0,0.1962,Low,0
3171-GVCTO,0,0.3022,Medium,0
8039-AXJAP,0,0.0266,Low,0
9798-ZIFNJ,1,0.8997,High,0
3118-ZCBPK,0,0.2795,Medium,0
4667-ESEKV,0,0.3725,Medium,1
3490-LPIUA,1,0.7815,High,0
1562-JGEEF,1,0.6309,High,0
7445-FTSGJ,0,0.5069,High,0
0256-HQGYZ,1,0.5267,High,0
8430-BLDKL,1,0.7157,High,0
0363-SFSMA,0,0.0363,Low,1
2954-TEZHB,0,0.14,Low,0
3072-QIKGI,1,0.172,Low,1
1294-FHVHJ,0,0.0038,Low,1
2178-YKXVI,0,0.0634,Low,1
3628-FGSMR,1,0.7281,High,0
6214-SEQHU,0,0.1263,Low,1
7378-VVFRA,0,0.0031,Low,0
8366-XOTSF,1,0.4839,Medium,0
7954-OJAVY,1,0.9111,High,1
1194-CURDI,0,0.0189,Low,0
9659-VYCMV,0,0.0662,Low,0
8692-VVKBZ,0,0.1188,Low,0
9653-XEEVI,0,0.103,Low,0
2323-BVVKW,0,0.1465,Low,0
3173-UFSZG,1,0.7253,High,0
6570-WCGLX,0,0.1119,Low,0
2775-GQIOT,0,0.1039,Low,1
6264-KPSKX,1,0.7648,High,0
6071-JYCID,0,0.5246,High,1
0268-AUVZQ,0,0.4211,Medium,1
6243-AZKRN,0,0.0156,Low,0
9964-TEULW,0,0.5907,High,0
5212-SGPSN,1,0.7588,High,1
3651-HOBFA,0,0.3804,Medium,1
7221-FJAPL,0,0.0797,Low,0
6368-OCOEN,0,0.0219,Low,0
5024-YONBK,0,0.0256,Low,0
6872-QVSVK,0,0.0128,Low,0
5083-JNYBZ,1,0.3079,Medium,1
3750-JJYAQ,1,0.2795,Medium,0
8574-KOQWK,0,0.003,Low,0
9181-ZPAKS,0,0.2092,Medium,0
8506-CJQOM,0,0.0188,Low,1
5166-DLADK,0,0.0069,Low,0
4779-RIBDW,0,0.0386,Low,0
6970-YJFTO,1,0.8456,High,1
5923-GXUNI,0,0.233,Medium,1
1225-YOXAT,0,0.0089,Low,1
8793-QLGHB,0,0.4596,Medium,0
0696-DQYOD,0,0.0341,Low,1
3820-BGPQZ,1,0.7137,High,0
7040-FSHVP,0,0.008,Low,0
5548-AINFH,1,0.4868,Medium,0
0842-VYCUE,0,0.0864,Low,0
3180-RHMVJ,0,0.0014,Low,0
1110-ONVTS,0,0.039,Low,0
7577-ZVCFU,0,0.1857,Low,0
7324-IKUFA,1,0.857,High,0
1877-XTKBV,1,0.3194,Medium,0
2361-BLNMG,1,0.7312,High,0
0381-FFQGK,0,0.121,Low,0
0303-YRVMA,0,0.0025,Low,0
6403-JUSUP,0,0.0433,Low,1
2543-JOEOD,0,0.0052,Low,0
5654-PETIF,0,0.0009,Low,0
3018-WAGHP,1,0.5905,High,0
4119-SIPLI,0,0.3649,Medium,0
8714-WGOTM,1,0.6969,High,0
5601-LHPQX,1,0.5447,High,1
1607-MPDIS,1,0.7138,High,1
2641-TWUMS,1,0.7756,High,0
8591-DKWJM,1,0.6796,High,0
5713-SFUUD,1,0.8548,High,0
1061-XKGZB,1,0.8678,High,0
4638-LIJHX,0,0.1509,Low,0
8330-LVPWC,0,0.2922,Medium,1
4969-YZYDD,1,0.8564,High,0
4452-PEQYD,0,0.0017,Low,0
0208-NWEUK,1,0.7964,High,0
2994-RZVKG,1,0.1615,Low,1
1492-RBXCC,1,0.3388,Medium,1
5834-VJFSQ,0,0.0091,Low,0
2052-KIKTS,0,0.01,Low,1
8820-XBHDD,0,0.507,High,0
1945-FJOFX,0,0.7337,High,0
4116-INTHY,1,0.8938,High,0
2759-UCCVI,1,0.234,Medium,0
9467-KIWUG,0,0.0315,Low,0
9545-WEGOK,0,0.3213,Medium,0
4736-RSGIN,1,0.7304,High,0
2773-GTFET,1,0.7051,High,0
4365-GBSUH,0,0.0025,Low,0
7142-XQDRI,0,0.3689,Medium,0
0255-VTNIV,0,0.2061,Medium,0
8162-RKSIN,1,0.7351,High,0
5798-NCTWY,1,0.3595,Medium,0
6118-PFURT,1,0.9308,High,0
0868-LWUCA,0,0.0099,Low,0
3284-LZZAS,0,0.0044,Low,1
8827-SGWSV,0,0.1222,Low,0
9045-RSYMD,0,0.0757,Low,0
0085-MCYGQ,0,0.0552,Low,1
2879-VGUMG,1,0.2361,Medium,0
2590-TIQMX,0,0.0032,Low,1
5908-MBHAJ,1,0.5707,High,0
1425-GHAZI,1,0.434,Medium,0
5888-MNNAN,1,0.8932,High,0
8817-IQSVQ,0,0.113,Low,0
7550-ZJESB,0,0.5178,High,0
6728-MFRIP,0,0.0344,Low,0
7469-MRLLK,0,0.0611,Low,0
4521-TVPMK,1,0.3899,Medium,0
6640-IZHYV,0,0.2709,Medium,0
4371-OUKEZ,0,0.0023,Low,1
6908-ASUSN,1,0.3592,Medium,0
8619-HJJSQ,1,0.1449,Low,0
7450-IEFOE,0,0.0819,Low,1
0760-BYMCR,0,0.0012,Low,1
0552-HKZNJ,0,0.1591,Low,0
1458-CZMQF,0,0.0113,Low,1
5175-PYFZH,0,0.004,Low,0
3096-DCPJJ,0,0.5059,High,0
6701-VVXVY,0,0.0032,Low,0
0919-UBQKH,0,0.477,Medium,0
5555-TPOJP,0,0.2547,Medium,0
1810-AJPSI,0,0.0071,Low,0
9871-LBDBJ,0,0.6519,High,0
0748-TFSMZ,1,0.6392,High,0
7179-TAYNI,0,0.0317,Low,1
9418-FLNXP,0,0.7382,High,0
7125-HWURG,1,0.3147,Medium,0
8970-YLGMC,0,0.0096,Low,1
3261-CMABB,0,0.0497,Low,0
2558-ACEUQ,0,0.2238,Medium,0
9599-HCFTF,1,0.3019,Medium,1
5809-ZPYZF,0,0.0335,Low,0
5875-IYGEF,1,0.7125,High,0
3333-BUZNA,1,0.6252,High,1
0515-XRSNK,0,0.0163,Low,1
3136-ONJJE,0,0.4059,Medium,0
7288-NLXIO,0,0.1818,Low,0
2862-CQXWY,0,0.0264,Low,0
0595-PUKEI,0,0.0252,Low,0
1183-DVEFP,0,0.2555,Medium,0
3400-FMPMF,0,0.5509,High,0
4528-NTREH,0,0.0186,Low,0
9449-SGUKQ,0,0.0074,Low,0
2146-XEUZX,0,0.1055,Low,0
2701-AYYXH,0,0.2685,Medium,0
5943-ODILW,0,0.0151,Low,0
9384-DPUGH,0,0.0118,Low,1
1298-ZQDYO,0,0.0046,Low,0
6978-HYFRA,0,0.0036,Low,1
0611-DLMEK,1,0.6415,High,0
1793-BZMUG,0,0.0225,Low,0
3005-ANWPJ,0,0.0088,Low,1
4652-MVTWJ,0,0.0124,Low,0
5401-PERBT,0,0.3483,Medium,0
2291-FZKWO,1,0.8619,High,0
6368-ANXAU,0,0.2804,Medium,0
6720-ELUDM,0,0.3753,Medium,1
5349-KCYZJ,0,0.0063,Low,0
7102-ZJDWQ,0,0.0971,Low,0
9196-DWXVQ,1,0.8155,High,0
3274-SQROR,1,0.1686,Low,0
2223-SNYHG,1,0.5924,High,0
6775-YIRWL,1,0.9418,High,0
8566-QOOZF,1,0.6321,High,0
8061-VJTIU,1,0.8007,High,0
1562-WGJGV,0,0.0371,Low,0
4020-QLOYQ,0,0.0101,Low,1
3806-BQCIQ,0,0.0099,Low,0
8273-FFYNL,1,0.2606,Medium,0
1217-UEYCS,1,0.8561,High,0
9656-QAELA,0,0.0134,Low,1
0705-HRGSE,0,0.803,High,0
4200-KUOAP,0,0.0532,Low,1
5605-MNYYH,0,0.0119,Low,0
1212-XJKHT,0,0.7482,High,0
2554-KVWGN,0,0.0141,Low,0
7803-QCPXB,0,0.0072,Low,1
5591-BYIBU,0,0.037,Low,0
7891-EAFYT,0,0.3232,Medium,1
3893-UHYPD,0,0.7127,High,0
6330-BNUWH,1,0.6781,High,1
4763-RPMDH,1,0.239,Medium,0
0885-AKJYJ,0,0.0304,Low,1
8992-TVURV,0,0.4953,Medium,0
4771-ENVSV,1,0.3627,Medium,1
7157-PZXET,1,0.2947,Medium,1
6228-ZFRDP,1,0.8648,High,0
0091-IMKXW,0,0.0335,Low,0
2959-QPBNR,1,0.5079,High,0
4112-PNHPY,0,0.1402,Low,0
3173-GLNSL,0,0.0248,Low,0
3008-AXBOW,1,0.7235,High,0
6574-KERMD,0,0.2387,Medium,0
3687-PKPUB,1,0.3615,Medium,0
7291-WMEXH,0,0.5424,High,0
4405-HGVLO,0,0.0186,Low,1
9091-MJTNK,1,0.8354,High,0
6592-MBZFC,0,0.1893,Low,0
0434-DILZX,0,0.4284,Medium,0
3182-UZRVQ,0,0.1919,Low,0
3275-LOGVO,0,0.0025,Low,1
5873-BBTSJ,0,0.6544,High,0
7926-WNBME,1,0.712,High,0
6520-NUPGN,1,0.3044,Medium,0
7025-QKWDH,0,0.746,High,0
8609-VAOOF,1,0.2037,Medium,0
5262-LHYAH,1,0.6435,High,0
1761-FLGLA,0,0.0024,Low,1
2566-URLDO,0,0.3769,Medium,0
8417-OJFHY,1,0.702,High,1
9706-YEPCR,1,0.899,High,0
3011-RAFXC,0,0.1362,Low,0
2987-EYPYK,0,0.0286,Low,0
4522-ZKDHY,0,0.0184,Low,0
7146-ULBBR,1,0.8249,High,0
2011-LVTXV,0,0.0463,Low,0
8365-RNLST,1,0.1635,Low,0
7883-QQYGU,0,0.0437,Low,0
6943-UUVOQ,0,0.1104,Low,0
2851-ESLFA,0,0.0814,Low,0
1409-SFPYY,0,0.062,Low,0
2235-OTZJM,0,0.1491,Low,0
9713-VUVZM,1,0.2312,Medium,1
7864-ZGQBQ,0,0.4293,Medium,0
7478-WJXSA,0,0.0499,Low,0
2036-BSAMK,0,0.1937,Low,0
7877-PBEZH,0,0.0156,Low,0
6833-RUTAQ,0,0.4217,Medium,0
3597-DEYCM,0,0.1527,Low,1
9597-CJCJP,1,0.8419,High,1
6394-QWYIY,1,0.4672,Medium,0
6324-NTIWK,0,0.0036,Low,0
2015-TOODE,0,0.0848,Low,0
6148-KNSHF,1,0.557,High,0
2919-OUFOR,1,0.6376,High,0
1349-WOTKQ,1,0.1527,Low,0
3951-DOGVN,1,0.4727,Medium,0
2553-MFQGD,0,0.1195,Low,0
7502-BURKM,0,0.0869,Low,0
9490-OFOUF,1,0.0999,Low,0
6065-PCISI,0,0.0422,Low,0
2019-SEREI,0,0.0013,Low,1
4604-KDKOO,0,0.5842,High,0
5468-JIVLV,0,0.1823,Low,0
1532-XYSCB,1,0.8348,High,0
9226-QTFRO,0,0.0227,Low,0
6530-MECRT,1,0.6031,High,1
8909-SOWCQ,0,0.2838,Medium,1
2641-WDKWZ,0,0.012,Low,0
0554-VEOCY,1,0.2542,Medium,0
4423-LWYRQ,1,0.7062,High,0
3034-SLMQJ,0,0.0184,Low,0
7784-IIAIP,0,0.1132,Low,0
7881-ZBEHW,0,0.0531,Low,0
3089-UZHVI,0,0.0166,Low,1
8028-PNWJC,0,0.4233,Medium,1
8576-IIBKM,0,0.2369,Medium,1
1673-JIHHS,1,0.4301,Medium,0
4635-VWXDD,0,0.6542,High,0
8685-OBECT,0,0.7048,High,0
7374-JDSEO,0,0.4291,Medium,0
7563-OHCIO,1,0.8854,High,0
9033-LLQFW,0,0.2998,Medium,0
7469-HHAFM,1,0.7573,High,0
4544-JUGBM,0,0.5718,High,0
7482-OXPNF,0,0.014,Low,0
7814-GKDTG,0,0.0057,Low,0
8691-QTTUY,0,0.0021,Low,1
4883-KAEXI,0,0.1556,Low,1
3569-BXFCI,1,0.6416,High,0
1141-WYMIN,0,0.0176,Low,0
8715-LSNUE,0,0.0101,Low,0
0630-ZEUVN,1,0.2082,Medium,0
6097-NITIG,0,0.0016,Low,0
8078-YOVVP,0,0.0029,Low,0
6737-UQWMO,0,0.0391,Low,0
1494-JSUKY,0,0.0276,Low,1
8473-WVGQP,1,0.342,Medium,0
2828-DHDER,0,0.3814,Medium,0
7480-OHKVG,0,0.2788,Medium,1
9588-NUIHF,1,0.6311,High,0
1279-IXAOR,1,0.8191,High,0
3456-POZYR,0,0.0172,Low,1
4889-LMCTH,0,0.0112,Low,0
0950-KQBZW,1,0.7133,High,1
8119-UIUDE,0,0.8444,High,0
9423-NPZPF,0,0.1176,Low,0
7143-RMENR,0,0.2143,Medium,0
8548-YBHLN,0,0.6151,High,1
1637-MPSNZ,1,0.142,Low,0
5513-AURXC,0,0.0107,Low,0
9856-NVSSJ,0,0.1048,Low,0
2265-DQGYU,0,0.1562,Low,1
5713-PKKAP,0,0.0245,Low,0
9282-MEYIC,0,0.0326,Low,1
6728-IJHQW,0,0.0011,Low,0
1897-CPWBO,0,0.0353,Low,0
9466-KPBCK,0,0.1213,Low,1
0691-VOSCW,0,0.8252,High,0
1948-YNDYJ,0,0.8539,High,1
9976-DONNB,0,0.3502,Medium,1
2183-MOIZN,0,0.4151,Medium,0
5342-UBOKU,1,0.2824,Medium,0
1241-GCSQZ,0,0.1102,Low,0
5353-KYDLE,1,0.7044,High,0
5197-FZQIP,0,0.0054,Low,0
8281-JYKYL,0,0.1262,Low,0
4924-ESEWE,0,0.0213,Low,1
0683-KNAAU,0,0.0985,Low,0
7633-FMXKT,0,0.1848,Low,0
9154-JHZSO,0,0.6813,High,0
9222-BFAMP,0,0.0072,Low,1
8355-LOWVV,0,0.0039,Low,0
0816-XVJLW,0,0.0763,Low,0
8976-QTELO,0,0.4727,Medium,1
0678-OIZUL,0,0.1046,Low,0
1531-VFQCK,0,0.0181,Low,0
7720-YRMEZ,0,0.6251,High,0
8778-ZQFYG,0,0.3277,Medium,0
6340-FVCGY,0,0.0133,Low,0
4921-MIRRL,0,0.114,Low,1
2911-KGOKB,0,0.2945,Medium,0
5125-TESHI,0,0.1081,Low,0
8945-ZDAOG,0,0.6203,High,0
0301-OOPGH,0,0.1313,Low,1
4186-BRFHW,1,0.5173,High,0
7403-QWKHE,1,0.8887,High,1
7788-TNAPH,1,0.2035,Medium,0
0065-QOQZK,1,0.4567,Medium,0
2035-TMSPL,0,0.0631,Low,0
4590-JDOZQ,0,0.0736,Low,1
3902-ZDMXB,0,0.0134,Low,0
7530-NAARX,0,0.4082,Medium,0
7923-GJOAT,0,0.2814,Medium,0
0148-PAKHV,0,0.3054,Medium,1
0886-WWXZI,0,0.1463,Low,1
1620-XXWZZ,0,0.0043,Low,0
5557-QZQEB,1,0.9482,High,0
6681-VFHYL,0,0.293,Medium,1
7624-RYLOD,1,0.8622,High,0
7524-PWBSD,0,0.0044,Low,0
1369-MMLYQ,1,0.7503,High,0
4691-ZANIO,1,0.2543,Medium,0
8969-AJVRI,0,0.3585,Medium,0
4519-SZWCG,0,0.006,Low,1
9491-FSZIC,0,0.0048,Low,0
5591-RECNI,0,0.4018,Medium,0
9785-NIZOR,0,0.4288,Medium,1
9447-CTGIH,0,0.2041,Medium,0
3073-ATIMD,0,0.3284,Medium,1
2363-ZSEAJ,0,0.1374,Low,1
2314-HHADY,0,0.0109,Low,1
7028-ZHIRG,0,0.4657,Medium,0
5469-EMWAT,0,0.2583,Medium,0
2317-TCKJR,0,0.1934,Low,0
6019-JRZGI,1,0.4315,Medium,0
7403-TKYXT,1,0.6606,High,0
6513-YNPRY,0,0.226,Medium,0
9675-STFBH,1,0.5267,High,0
5827-SXUIV,0,0.1516,Low,0
4185-BAORO,0,0.0238,Low,0
2651-LOILD,0,0.1822,Low,0
6781-TDZCH,0,0.1308,Low,0
7729-IHLZO,1,0.365,Medium,0
1776-KFGZS,0,0.4672,Medium,0
6839-RYRDN,0,0.2049,Medium,0
2074-IGPHR,0,0.0174,Low,0
9071-MHPWL,0,0.182,Low,0
0625-QWCQA,0,0.0904,Low,0
7658-DHHHR,0,0.1414,Low,0
5086-WKQVD,0,0.2419,Medium,0
1773-EJWAH,0,0.1915,Low,0
7627-PANVW,0,0.4552,Medium,1
9445-PYSXF,1,0.5198,High,0
1927-FRSYS,1,0.5969,High,0
7475-PGKBG,0,0.0031,Low,1
7599-KGOPC,0,0.177,Low,1
3445-CNVKU,0,0.051,Low,0
4469-OFUST,0,0.6151,High,0
0437-GFBTJ,0,0.2507,Medium,0
9299-FKWQK,0,0.1255,Low,0
8362-MRXDI,0,0.1927,Low,0
8036-SLHJW,0,0.0548,Low,0
4077-MELRK,0,0.1901,Low,1
2479-URXVV,0,0.0175,Low,0
5056-OADGC,0,0.0286,Low,0
3568-GMYVC,0,0.1587,Low,0
9142-VDMYG,0,0.0065,Low,0
1326-EKPZG,0,0.0564,Low,0
7241-UYSXZ,1,0.6626,High,1
5515-QYRCN,0,0.0035,Low,0
3751-RXEZV,1,0.3747,Medium,0
9562-UGAZL,0,0.5284,High,0
1141-KEBLB,0,0.1064,Low,0
5255-IOECR,1,0.1845,Low,0
4631-TGQOT,0,0.5913,High,1
4817-IIURD,0,0.2761,Medium,0
4793-IEZPK,0,0.0069,Low,1
2028-GPNCF,0,0.3208,Medium,0
8796-GYRYJ,0,0.0117,Low,0
3303-BUDJF,0,0.0118,Low,0
2235-KPRBD,1,0.4003,Medium,0
0178-DROCG,0,0.159,Low,0
4415-ASJYW,1,0.2045,Medium,0
2975-GTSEF,0,0.0067,Low,0
4838-WEPTQ,0,0.4105,Medium,1
1215-MUVST,0,0.1327,Low,0
8649-ZKDFI,0,0.2348,Medium,0
0443-EOTPF,0,0.4141,Medium,0
5177-XFHGQ,1,0.8316,High,1
3166-TTFNE,0,0.4225,Medium,1
5918-OWCCY,1,0.6684,High,0
8687-USGKW,0,0.1248,Low,1
8395-UFEOQ,1,0.5303,High,1
6236-ZMPLX,0,0.3574,Medium,1
1402-IGPUC,1,0.2514,Medium,1
8340-EHLJE,0,0.2793,Medium,0
0842-JFZKA,1,0.3941,Medium,0
8688-BXRXS,0,0.0169,Low,0
1139-DDMQT,0,0.0952,Low,0
8722-DEXIA,0,0.244,Medium,0
4986-VAMNI,0,0.011,Low,1
8888-BCWBE,0,0.01,Low,0
3552-PJVRD,0,0.0053,Low,1
0742-FGWCH,0,0.0017,Low,1
9541-LTLXF,0,0.0968,Low,1
2509-EESSQ,0,0.2356,Medium,0
8812-MREYG,0,0.0031,Low,0
8278-SFUJQ,0,0.4182,Medium,0
7679-TAUHR,0,0.2873,Medium,0
8502-WINRG,0,0.2271,Medium,0
3253-ASABE,0,0.1784,Low,1
7241-DPXCM,0,0.0041,Low,0
1568-QFHKD,0,0.1579,Low,0
1009-QJJPS,0,0.0814,Low,0
8050-JEVTN,0,0.0391,Low,0
2281-RITXU,0,0.0043,Low,1
9511-QNHWA,0,0.1492,Low,1
1331-WCTUI,0,0.0151,Low,0
0782-NABCE,0,0.0549,Low,0
2691-TWYHQ,0,0.015,Low,0
4033-WGSUS,1,0.2655,Medium,1
1984-ONUZE,1,0.9338,High,0
8875-KGQOO,0,0.4384,Medium,1
5135-DBMQO,1,0.1289,Low,0
7523-QBMFS,0,0.2281,Medium,0
5503-IFEIG,0,0.4441,Medium,0
4905-KFKDA,0,0.0958,Low,0
5228-HFPQZ,0,0.0807,Low,0
0354-GLQXD,0,0.0435,Low,0
5471-DLXUL,1,0.7353,High,0
9203-NIESH,0,0.0057,Low,0
8377-GHYQE,0,0.0015,Low,0
3942-XXSJB,0,0.0802,Low,0
8202-BWHQX,0,0.0272,Low,1
4472-NQSQC,0,0.0143,Low,0
3110-IYWKG,0,0.3696,Medium,0
9187-JXLJI,0,0.2018,Medium,0
3176-RSPCN,0,0.3357,Medium,0
9370-ARQDX,0,0.8497,High,0
5555-KKGDZ,0,0.0027,Low,0
0893-ARLGM,0,0.3929,Medium,1
1831-MOUKX,1,0.7582,High,0
6413-NJTUT,0,0.0289,Low,0
5325-JBVXL,0,0.0037,Low,0
0007-QMZHM,0,0.3028,Medium,0
9653-LQAXX,1,0.262,Medium,0
4030-YIAUK,0,0.1322,Low,0
8150-IWNWD,1,0.3221,Medium,1
4822-RRZMX,0,0.0061,Low,0
5900-ODYJN,1,0.5155,High,0
1645-WWYKL,0,0.0155,Low,0
5940-QSEKC,0,0.1647,Low,0
4767-XVDDB,0,0.0774,Low,0
9380-DGLHP,0,0.0962,Low,0
8777-YHZQB,0,0.6441,High,0
9034-HMNHB,0,0.0069,Low,1
6971-DXJUR,1,0.7268,High,0
9694-SFGBU,0,0.0196,Low,0
3458-MHEIM,1,0.1566,Low,1
8153-ATHYY,0,0.0115,Low,1
0925-MRBKG,0,0.0159,Low,0
9086-UNSCZ,0,0.0012,Low,1
5317-VCGKO,0,0.033,Low,1
3596-ZGERF,1,0.8272,High,0
9906-CGLQZ,0,0.3069,Medium,0
0555-RNUDX,0,0.3187,Medium,1
3368-OMRSL,0,0.0775,Low,0
7657-GWJBD,0,0.2578,Medium,0
3068-PFOCT,1,0.1736,Low,1
5862-JLRXF,1,0.633,High,0
9674-XMBFA,0,0.0501,Low,1
6656-CPQJJ,0,0.0462,Low,0
0455-MOUIA,0,0.1975,Low,0
1193-IIDMM,0,0.0247,Low,0
6526-BQQNR,0,0.0184,Low,0
6604-NPXNR,0,0.0605,Low,0
3892-PHWKL,0,0.0041,Low,0
3708-YNMUG,0,0.1412,Low,0
9429-UMKZS,0,0.7943,High,0
4570-SECCU,1,0.8742,High,1
2119-WRLUE,1,0.8122,High,0
3196-XMKUJ,0,0.0469,Low,0
4175-ZHXKC,0,0.0335,Low,0
7205-IHAWH,0,0.0057,Low,0
3647-FBIIX,0,0.2955,Medium,0
6142-WGWBF,0,0.519,High,0
9367-AIPNF,1,0.8113,High,1
5939-ZOWVM,0,0.6068,High,0
2352-TSUEM,1,0.8787,High,1
9927-SRHWE,0,0.1705,Low,0
3331-ZWPAP,1,0.5659,High,0
1055-JWISJ,0,0.5507,High,0
0222-SFBWD,0,0.3856,Medium,0
4404-SLAEZ,1,0.622,High,0
4097-JUNSS,0,0.2343,Medium,0
2869-QISZQ,1,0.3835,Medium,0
4942-AKUWG,0,0.0944,Low,1
3027-EORJN,0,0.455,Medium,0
4405-EJYMZ,0,0.2248,Medium,0
4686-MMKLO,1,0.7205,High,0
3260-AQDUO,0,0.2348,Medium,0
3879-GNULL,0,0.1006,Low,0
6028-FIEIX,0,0.0177,Low,1
1351-NKZEK,1,0.0922,Low,0
2394-MFMLA,0,0.4547,Medium,0
0329-YLEFV,0,0.0016,Low,0
6647-GSOFC,0,0.0993,Low,1
5055-LCRBV,0,0.0291,Low,0
5203-TAXWZ,0,0.0453,Low,0
9271-YQKZK,0,0.0848,Low,1
2095-BUSBC,0,0.3103,Medium,0
6357-IVCWA,1,0.7711,High,0
6390-ACEUF,0,0.0993,Low,1
7090-ASMUY,0,0.0478,Low,0
4248-UNZQH,0,0.0041,Low,1
9282-QYXAU,0,0.0117,Low,1
5232-GRRFM,0,0.3946,Medium,1
5485-MMCKB,1,0.8764,High,0
9926-WAGVB,0,0.1628,Low,1
3227-FZHML,0,0.64,High,0
8705-ZCSIB,1,0.2639,Medium,1
1664-XHAIR,1,0.4727,Medium,0
0097-WQFVO,0,0.3522,Medium,0
6048-HZIIK,0,0.1816,Low,0
0792-CLXDL,0,0.6726,High,1
7195-XQIQP,1,0.8248,High,0
9543-DAQBU,1,0.7374,High,0
9626-XBXYV,1,0.232,Medium,0
4171-RTRJY,1,0.6936,High,0
0502-LOGZQ,0,0.173,Low,0
1369-BWYTD,0,0.1014,Low,0
9546-IWECE,1,0.874,High,0
3068-KLEWA,0,0.0046,Low,0
5183-YNAWT,0,0.1773,Low,1
7206-GHWPX,0,0.0118,Low,0
1655-QONRW,0,0.0122,Low,1
1650-QACQD,0,0.0648,Low,0
5407-VDZQV,0,0.0283,Low,0
6532-WGXKC,0,0.0822,Low,0
5529-UQRVZ,0,0.1701,Low,0
5333-QUFWU,0,0.1525,Low,0
6071-NZCYG,0,0.1859,Low,0
6321-NOEMQ,0,0.0586,Low,0
6258-TEASM,1,0.7672,High,0
1050-UPMFD,0,0.5544,High,0
4473-JBDTW,0,0.1914,Low,0
0693-MZEGE,0,0.1447,Low,0
0170-NZNLR,1,0.8707,High,0
6351-ICUDE,0,0.2322,Medium,1
7437-RSJMV,0,0.025,Low,0
2795-JYGSD,1,0.1156,Low,0
7255-WMCAD,0,0.0048,Low,0
0660-LGCOO,0,0.237,Medium,0
7569-FWSAO,1,0.0166,Low,0
3395-HGAAL,0,0.0096,Low,0
9661-NEIMC,0,0.1017,Low,0
2966-OOIAY,0,0.0167,Low,0
1781-ABOUX,1,0.3033,Medium,0
5926-FKQLU,0,0.0476,Low,0
6565-YMCBK,0,0.0027,Low,0
4264-KIRQR,0,0.0043,Low,0
7120-DKZTS,1,0.8785,High,0
4233-EANZQ,0,0.3116,Medium,1
8190-MLKGS,0,0.0181,Low,0
1429-CQNAG,0,0.0106,Low,0
6421-SGNAG,0,0.054,Low,0
9943-JSKRI,0,0.3246,Medium,0
4271-ASTYN,0,0.1539,Low,0
8161-DTSXJ,1,0.2769,Medium,0
6680-KMQKU,0,0.0016,Low,0
3634-KPAYF,0,0.0103,Low,1
3097-XVXTQ,0,0.0046,Low,0
2503-BRPXO,0,0.0037,Low,0
0291-ZVPXV,0,0.0509,Low,1
3568-CFZQE,1,0.6541,High,0
2354-IHTNK,0,0.1612,Low,0
8165-XWEUK,1,0.8514,High,1
6299-YYUPA,1,0.4339,Medium,0
1141-RQZNV,0,0.3651,Medium,0
5645-MODYG,1,0.9354,High,1
5214-MSYOU,1,0.2207,Medium,0
1437-ZEHHA,0,0.2284,Medium,0
1668-IKBST,1,0.7711,High,0
1395-BEQAR,0,0.1585,Low,0
6073-BTOKM,0,0.0267,Low,1
9300-OCNAC,0,0.0088,Low,0
9901-WCIBB,1,0.5858,High,0
8125-BHDHJ,0,0.0029,Low,1
9400-NNMLR,1,0.5173,High,1
6407-YYIHT,0,0.0107,Low,0
1381-JAAES,0,0.0207,Low,0
1749-TWMRT,0,0.8267,High,1
5713-VJRKT,0,0.0237,Low,0
5687-JMNQF,0,0.0276,Low,0
7390-ZFTDZ,0,0.0223,Low,0
2116-MLYMR,1,0.3865,Medium,0
5166-YCLCL,1,0.8624,High,0
8004-LACLO,1,0.0128,Low,0
4748-NXGPR,0,0.4374,Medium,1
3016-ZGIXW,0,0.025,Low,0
9289-WKMEB,0,0.1181,Low,1
6993-TGIYV,0,0.0939,Low,0
6645-KEFSG,1,0.8589,High,0
5896-BGSKZ,1,0.0806,Low,0
9258-NXCCV,0,0.2166,Medium,1
5068-LVBNL,0,0.345,Medium,0
3324-KKOHF,0,0.0219,Low,0
8192-TOIYF,0,0.0427,Low,0
7425-WIYGL,0,0.066,Low,0
2718-YVBVB,1,0.4478,Medium,0
2947-ADYKM,0,0.0504,Low,0
9869-CEEPL,0,0.2642,Medium,0
0469-SAPNT,0,0.0733,Low,0
3860-QQKPT,1,0.935,High,0
6635-OAPLP,0,0.0811,Low,0
1681-JGSAQ,0,0.5497,High,0
9250-RAOJD,1,0.7124,High,0
8670-OBMVR,0,0.1513,Low,0
7339-PGFSQ,1,0.3607,Medium,0
5719-QYWBD,0,0.0176,Low,1
5604-IXXHN,1,0.7406,High,0
3670-PKJII,1,0.4344,Medium,0
3031-PTMSD,0,0.0442,Low,0
8551-CPNJQ,0,0.2312,Medium,0
8445-VGQXU,0,0.0418,Low,0
1665-ACVUN,0,0.1837,Low,0
8857-EWVEG,0,0.0195,Low,0
3773-QBSOW,0,0.0514,Low,0
7876-AJXKC,1,0.4455,Medium,0
9937-CUJVP,0,0.0068,Low,0
7212-YLCXQ,0,0.2102,Medium,0
0400-MLHJL,0,0.0745,Low,0
4931-KIUMJ,0,0.4722,Medium,0
6538-ZXPUN,1,0.6263,High,0
1703-CXUCQ,0,0.0023,Low,0
4324-WNGCJ,0,0.0204,Low,0
7050-ACRMI,0,0.4811,Medium,0
3404-EZDXD,0,0.3544,Medium,0
7252-EZKDB,0,0.1297,Low,1
5122-KSXEO,0,0.0339,Low,0
4561-FCDSN,0,0.0094,Low,0
7570-JHLFU,0,0.571,High,1
1250-TJPPV,0,0.6197,High,0
7745-FWJAM,1,0.2818,Medium,0
0674-YMHSA,0,0.1587,Low,1
2910-NXJDP,0,0.0052,Low,0
1385-NUGQA,0,0.5012,High,0
9749-ZWIUL,1,0.8426,High,0
7744-XCMKT,1,0.2999,Medium,0
1998-ZSIFX,0,0.0266,Low,0
7645-ZSJZH,1,0.5234,High,0
4907-NAPBH,1,0.182,Low,0
4177-DSMCD,0,0.0049,Low,0
6126-SWDNN,0,0.0231,Low,0
8337-NEMUQ,0,0.0029,Low,1
1093-NIQSW,0,0.5501,High,0
3396-JSVCV,1,0.8195,High,0
8434-OLAUM,0,0.1909,Low,0
7409-QAWME,1,0.4713,Medium,0
0129-FPJDQ,0,0.0048,Low,0
1396-VOYLF,0,0.0088,Low,0
5608-ITYGI,0,0.06,Low,0
0244-JALVR,0,0.0156,Low,0
4313-IOFJV,0,0.0374,Low,0
7551-WMVYO,0,0.0128,Low,0
8988-ASHFO,1,0.3806,Medium,0
1170-ZAOAR,1,0.8827,High,0
3647-ARSRO,0,0.2161,Medium,0
5443-OFSQM,0,0.02,Low,0
9556-RERQR,1,0.705,High,0
2843-YWCLT,0,0.0144,Low,0
4949-EXXMO,0,0.0837,Low,0
4334-UEFKX,0,0.0195,Low,1
1843-UYBUJ,0,0.5041,High,1
9907-WWQJL,0,0.026,Low,0
1987-QWPLH,1,0.8826,High,0
1193-XBLJK,0,0.1202,Low,0
5672-WKUXW,0,0.075,Low,1
0009-CUYVX,0,0.781,High,0
7969-JMAVH,0,0.0127,Low,0
7263-SNZCS,0,0.1134,Low,0
1059-AQBHU,0,0.0105,Low,0
4430-IWQMF,1,0.6631,High,0
7383-RRLRH,0,0.3436,Medium,0
9055-JBMUE,1,0.346,Medium,0
8880-AUHBB,0,0.6957,High,0
6031-DERLD,0,0.1141,Low,0
8439-FMAZG,1,0.7171,High,0
3643-XGNRQ,0,0.0124,Low,0
5066-MHCWS,0,0.0048,Low,0
7815-PBVFD,0,0.0545,Low,0
6240-BYIKU,1,0.2314,Medium,0
1354-HITHW,1,0.1439,Low,0
7623-OVOAW,0,0.682,High,0
2239-ZVWCP,0,0.0784,Low,1
3342-NTPYW,1,0.2296,Medium,1
4139-SSLHR,0,0.187,Low,1
5709-LENLB,1,0.5212,High,1
1652-QNSTU,0,0.0143,Low,0
2228-AMNUK,0,0.024,Low,1
0308-PDPSO,1,0.6306,High,0
8504-LBWEH,0,0.2089,Medium,0
4149-XAEUE,1,0.5718,High,0
6803-ZUTOG,1,0.0687,Low,0
7241-FHEIY,0,0.6014,High,0
1432-DXZKF,0,0.0033,Low,1
8324-JOOQB,0,0.0017,Low,0
0063-NIBUN,1,0.7795,High,0
4574-GTZGU,0,0.0187,Low,0
3166-CPXNP,0,0.0029,Low,1
0022-MXXEQ,0,0.0509,Low,0
0022-DBSLA,0,0.006,Low,1
9981-JHVJQ,0,0.0486,Low,1
1066-KMUPD,1,0.1018,Low,0
4557-QDFKA,0,0.3691,Medium,0
1039-MGHNU,1,0.8772,High,1
7875-UGKYB,1,0.2892,Medium,0
6204-UNXVP,1,0.6642,High,0
6918-ZPYKZ,1,0.2794,Medium,0
4277-QJAAQ,0,0.141,Low,0
6367-OFFVM,0,0.3329,Medium,0
0935-XYHAQ,1,0.727,High,1
2355-BIVJF,1,0.4052,Medium,0
3836-VCVRN,0,0.1301,Low,0
8611-IFHKR,0,0.0108,Low,1
0747-IARJB,1,0.5408,High,1
9761-SVXZP,0,0.0221,Low,1
5045-NQHSA,1,0.8227,High,1
3953-LOKUL,0,0.3797,Medium,0
0383-ZNYDH,1,0.8956,High,0
2948-BXCFD,0,0.0115,Low,0
1457-JIFDR,1,0.5559,High,0
2093-XWPFF,1,0.0068,Low,0
9038-HUUNQ,0,0.0743,Low,0
2550-GGSIT,0,0.2929,Medium,0
2697-EQAKD,0,0.0296,Low,0
1092-XNPGA,1,0.1637,Low,1
0345-TQGWE,0,0.0016,Low,0
1601-DDUNF,0,0.1037,Low,0
2164-EXYPP,0,0.0967,Low,0
2723-GLWTH,0,0.0027,Low,1
8812-UFVBH,0,0.1514,Low,0
8492-FRMIS,1,0.386,Medium,0
1588-OKUAX,0,0.2122,Medium,0
5584-HDKSQ,0,0.0869,Low,0
9063-KDKND,0,0.0486,Low,0
4920-WJZUF,0,0.4622,Medium,1
0098-ZDQRQ,1,0.2367,Medium,0
5584-QUZBG,0,0.0324,Low,0
9702-JPMPL,0,0.0021,Low,0
6331-YTQVN,0,0.4362,Medium,0
9231-PJDUR,0,0.2558,Medium,1
6068-RXFOK,1,0.5131,High,1
5734-SRUCO,1,0.5196,High,0
4939-AHWNQ,0,0.1642,Low,0
8779-QDDMP,0,0.0207,Low,1
7542-NTIAU,0,0.2246,Medium,0
0343-BSFCU,0,0.0881,Low,0
4480-ORPXE,0,0.4124,Medium,0
9048-XANJX,0,0.0226,Low,0
8166-NTWTJ,0,0.5948,High,0
5415-SZJYL,1,0.811,High,1
6705-WEBKI,0,0.1996,Low,0
8257-RCVMO,0,0.0207,Low,0
7533-EUCMQ,0,0.0153,Low,1
9143-XTFYO,0,0.0214,Low,0
5979-TJDKF,1,0.8339,High,0
6429-XADMK,0,0.0186,Low,1
5990-KLBSS,0,0.0248,Low,0
1034-VRNDZ,1,0.7344,High,0
0915-SXFET,0,0.579,High,1
2148-NGZBZ,1,0.3485,Medium,0
2169-ZAHNH,0,0.5184,High,1
5250-YWKCA,0,0.0016,Low,0
0371-CROOX,0,0.3256,Medium,1
3711-GYNOA,1,0.3601,Medium,0
4889-OUDOV,0,0.0131,Low,0
7014-ORYMY,0,0.2888,Medium,0
0431-JYPQC,0,0.0381,Low,0
7156-BLPRC,0,0.579,High,0
0788-WTSEU,0,0.0046,Low,1
3365-EJBPN,0,0.0252,Low,1
5323-JXMDH,0,0.1544,Low,1
0031-UUONS,0,0.1705,Low,0
2993-MIADY,0,0.0023,Low,0
0783-JWETI,0,0.0143,Low,0
8889-TQIZS,1,0.3042,Medium,0
1654-ZWYHL,0,0.0081,Low,1
3343-YNUBH,0,0.1257,Low,1
1460-IDEWM,0,0.2186,Medium,1
7324-HOCCY,0,0.0061,Low,0
9280-VDIXO,0,0.0064,Low,0
7193-DJSXF,0,0.2103,Medium,0
5968-LBFLE,0,0.2939,Medium,0
2083-ZODBN,0,0.0176,Low,0
2529-NUEIU,0,0.8666,High,0
3632-XRLAO,0,0.1125,Low,1
5241-JJQVB,0,0.0052,Low,0
5707-BZCPP,0,0.0135,Low,0
1597-RAGDZ,0,0.0122,Low,0
3750-RKAGE,0,0.0127,Low,1
8161-VBOJX,1,0.4828,Medium,1
0808-KNUZK,0,0.1652,Low,0
6315-UNVFS,0,0.0968,Low,0
1574-JLAEP,1,0.6861,High,1
4038-CIGUB,0,0.0172,Low,1
2222-PTUEZ,1,0.6643,High,0
4216-OZRNB,0,0.0321,Low,0
4514-BIZBX,0,0.0014,Low,0
4497-RURMX,0,0.0898,Low,1
0218-SDGSQ,0,0.4813,Medium,1
9367-LHZCM,0,0.0858,Low,0
9179-HNMRX,0,0.0135,Low,1
9789-IKMSO,1,0.7101,High,0
8561-LHQUY,0,0.0346,Low,1
8440-YDVBJ,0,0.0689,Low,0
0715-GZSCT,1,0.6374,High,0
5945-WUZXT,0,0.2704,Medium,1
9652-EGFTR,1,0.3836,Medium,0
7503-KJCZB,0,0.0224,Low,0
5480-LQXZF,1,0.0942,Low,0
9008-WCTCJ,1,0.3133,Medium,0
3298-FKOSG,0,0.26,Medium,0
8842-ZFSHZ,0,0.0597,Low,1
7476-KULZG,1,0.5591,High,0
8889-KRWNB,0,0.038,Low,1
4184-SSNYW,0,0.1288,Low,0
6063-VYPAQ,0,0.7477,High,1
4309-NQERP,0,0.0406,Low,0
9007-GOTBY,1,0.2121,Medium,0
2539-PLYHX,0,0.0329,Low,0
2799-PNPGN,0,0.4751,Medium,0
2591-FFWNR,0,0.0026,Low,1
4613-XEHTF,0,0.1528,Low,0
0101-BYPUA,0,0.005,Low,0
7041-LQOHD,0,0.0544,Low,0
0749-IVHOV,0,0.0049,Low,0
7476-UKPEN,0,0.3565,Medium,0
7489-YVHVK,0,0.0677,Low,0
7335-PEJJH,0,0.1367,Low,0
2326-YALPZ,0,0.0248,Low,0
5089-IBAFG,0,0.2146,Medium,0
7623-IIJDE,0,0.0142,Low,1
3280-NEWST,0,0.2294,Medium,0
1503-OBWUF,0,0.2187,Medium,0
9358-GMPOA,0,0.0499,Low,0
3130-SGZUJ,0,0.0055,Low,0
5106-VYRSN,0,0.0016,Low,1
7551-IKNYB,0,0.5037,High,1
7569-QJJPM,0,0.0033,Low,0
2579-GSFJJ,1,0.279,Medium,0
0707-ACKEW,0,0.0141,Low,1
9627-HFTOR,1,0.5273,High,1
6844-JMMHO,0,0.1407,Low,1
4747-JZCXW,1,0.8316,High,1
0616-ZBMAK,1,0.6329,High,0
5351-EIJPF,0,0.0048,Low,0
8056-QAVJM,1,0.4133,Medium,0
9010-TMKRT,1,0.434,Medium,1
8591-WZDPC,1,0.6805,High,0
9612-DCYOL,0,0.3698,Medium,0
0421-GUYNN,0,0.2804,Medium,1
4159-MBWNZ,1,0.6969,High,0
9892-PIBBR,0,0.4036,Medium,1
2205-YOIHO,0,0.0329,Low,1
9599-UCOVM,1,0.47,Medium,0
9476-CYENI,1,0.7942,High,0
3414-XTOOX,0,0.3112,Medium,1
8128-RAWMM,0,0.0031,Low,0
0383-JQXXV,1,0.519,High,0
4798-MWBYA,0,0.0844,Low,0
5874-DURQN,0,0.0082,Low,1
7348-PCUAQ,1,0.7738,High,0
1726-UNVZK,0,0.0089,Low,1
0657-LIANZ,0,0.336,Medium,1
8912-BGEPA,0,0.0178,Low,0
1878-DMXUN,0,0.7277,High,0
2215-SEVLK,0,0.02,Low,1
7151-YTEVC,1,0.1288,Low,0
4755-SQITG,0,0.7094,High,0
1512-NSAXP,0,0.0014,Low,1
6908-GTLMP,0,0.0069,Low,0
1914-OUCBW,0,0.0823,Low,0
8417-PRNLO,0,0.0012,Low,0
5297-GFIPG,0,0.1098,Low,0
0811-MYOVL,0,0.0985,Low,0
1068-RVRDM,1,0.807,High,0
6670-CJRHG,0,0.0058,Low,0
5655-LPOCR,1,0.0709,Low,0
9296-YMXQD,0,0.0157,Low,0
0812-HOMGN,1,0.3536,Medium,0
0226-AZNKV,0,0.1568,Low,0
0898-AYEVA,0,0.0213,Low,0
5549-ENBDM,0,0.2554,Medium,1
4401-BAWLC,1,0.1556,Low,0
9138-UVKDJ,0,0.0371,Low,0
7264-QCTTM,1,0.7775,High,0
5746-SLJJE,0,0.0545,Low,1
3974-USBOE,0,0.0129,Low,0
1063-ISMSQ,0,0.085,Low,0
0618-JCKTN,1,0.7962,High,0
4323-VMRKA,1,0.7728,High,1
2110-KRISL,0,0.4922,Medium,0
1843-XZYQX,1,0.5073,High,1
5974-GZGYZ,0,0.0069,Low,1
0550-JYBJC,0,0.3864,Medium,1
4160-IQYLI,0,0.0042,Low,0
1704-VFGAI,1,0.4212,Medium,0
4016-FNVFZ,0,0.0347,Low,0
5142-EADLY,0,0.4219,Medium,0
3142-FTRGR,0,0.0265,Low,0
9184-KKVJQ,0,0.0115,Low,0
5721-OXGHQ,0,0.1936,Low,0
8672-BJTOG,1,0.2075,Medium,1
8647-WEIHX,1,0.1987,Low,0
9167-IGGER,1,0.8267,High,0
6041-GIJNJ,0,0.018,Low,0
9896-OIWND,1,0.7417,High,0
0646-QOPUB,0,0.5164,High,0
7583-YIHOS,1,0.809,High,0
1239-AAMLB,0,0.0047,Low,0
7665-UHSFJ,0,0.0169,Low,0
9444-QBUKO,0,0.1981,Low,0
3571-RWQNQ,0,0.3071,Medium,0
1043-XYTHR,1,0.6066,High,1
0263-DBWGV,0,0.0074,Low,0
5804-VWUPZ,0,0.1181,Low,0
5041-CDPWP,0,0.5976,High,0
2731-FBINE,0,0.2699,Medium,0
4070-CNTMG,1,0.3514,Medium,0
9340-FNRWY,0,0.0615,Low,0
0426-XUIOJ,0,0.0564,Low,0
6349-CMBJP,0,0.049,Low,0
0391-ILUDV,1,0.7888,High,1
7368-GNWMA,0,0.0123,Low,0
7316-ITXVT,0,0.0531,Low,0
3479-COQHT,0,0.007,Low,0
4313-CCAUT,0,0.0675,Low,0
0961-FZCUO,0,0.2928,Medium,0
7012-WDVVC,0,0.0565,Low,0
1734-PDFSB,0,0.1328,Low,1
4409-YEREO,1,0.5883,High,1
4388-PLMLK,0,0.177,Low,0
0174-URWPT,0,0.0033,Low,1
5548-AQJHU,0,0.0208,Low,1
4895-FBAEG,0,0.0386,Low,0
0294-JFMVY,1,0.3551,Medium,0
4276-JZVMR,0,0.0355,Low,1
5934-OALTP,0,0.5274,High,0
6972-PMGNG,1,0.7916,High,0
9891-BEZHI,0,0.1395,Low,1
5714-LAOUF,0,0.0039,Low,1
1734-DOQDW,1,0.7451,High,1
9382-YIPEQ,0,0.0036,Low,0
7872-CCQFJ,1,0.6016,High,1
1001-CDZZS,0,0.7243,High,1
5284-OIKHM,1,0.5361,High,0
4163-NXFGJ,0,0.0298,Low,0
0379-KZGQI,0,0.3025,Medium,0
2468-QATVF,0,0.5846,High,0
9275-LKLYH,0,0.7175,High,0
9450-WKGHN,1,0.4117,Medium,0
0889-ITRSR,0,0.0239,Low,0
4599-JRXXL,0,0.0013,Low,0
2170-OYELQ,0,0.1692,Low,0
7742-HNSBC,0,0.4667,Medium,0
5821-OEOVI,0,0.2162,Medium,1
4749-JISNP,0,0.3048,Medium,0
9966-PETWJ,0,0.2707,Medium,0
2095-ATODB,1,0.8274,High,1
6872-OVPWK,0,0.0656,Low,0
8120-XUWII,0,0.0089,Low,0
1581-TQMJI,1,0.5071,High,0
0243-SYTZN,1,0.8751,High,0
2356-IRDRP,0,0.0394,Low,0
4285-GQZWN,1,0.8166,High,1
6836-BBDBQ,1,0.8266,High,0
7613-OPQLR,1,0.8642,High,0
5401-ASDUU,0,0.4359,Medium,0
7796-UKTIP,1,0.3293,Medium,0
8990-AYSZY,0,0.2252,Medium,0
1196-MVEIR,0,0.0016,Low,0
8673-SCHAC,0,0.2372,Medium,0
1041-HVSFR,0,0.0316,Low,0
1319-PNVZT,0,0.0703,Low,1
2387-KHWSV,0,0.0113,Low,1
3627-DNPQU,0,0.1144,Low,0
9157-CIDIN,0,0.0091,Low,0
0520-XJXTS,1,0.6625,High,1
6800-BVFXO,1,0.2883,Medium,1
0439-TEFPG,1,0.9091,High,0
8632-PRMVS,0,0.0062,Low,1
1506-USSDD,1,0.827,High,0
8469-UZPQN,1,0.8397,High,0
9387-SKLSI,0,0.285,Medium,0
9027-YMIEB,0,0.5055,High,1
6169-RZWJU,1,0.5515,High,0
7083-XBSUJ,0,0.0043,Low,0
3204-ZMNLD,0,0.01,Low,1
7009-JBGPZ,1,0.0638,Low,0
7245-WOCXR,0,0.0151,Low,0
8253-LPEPF,1,0.5832,High,1
3120-ZISVH,0,0.1108,Low,0
7756-UPUPJ,1,0.8355,High,1
9364-GWNYF,0,0.1246,Low,0
0634-ZPFAD,0,0.42,Medium,1
7454-GMBZO,1,0.7408,High,1
1015-GGBOH,1,0.6434,High,0
4043-ZCQDY,1,0.2197,Medium,1
0547-XOGTY,0,0.6679,High,0
3510-FPYXO,0,0.0184,Low,0
1922-FTIWM,1,0.385,Medium,0
7800-DDSJK,0,0.0127,Low,0
5229-NAOOZ,0,0.0051,Low,0
4243-NECEZ,0,0.004,Low,0
9715-PHFWX,1,0.2946,Medium,0
5753-QKXEI,0,0.4036,Medium,1
7636-EESHG,0,0.6649,High,0
8813-SJMMX,0,0.0062,Low,0
8905-LAALG,0,0.2757,Medium,0
5419-ZCFSA,1,0.1994,Low,0
6274-ZQJHU,0,0.1895,Low,0
0254-ZALRI,0,0.2823,Medium,0
3026-XXVNM,0,0.3146,Medium,1
0209-OHVMW,0,0.3912,Medium,0
9619-XLLVA,0,0.3418,Medium,0
9265-UBBTS,0,0.0102,Low,0
1323-SIKGU,0,0.0088,Low,0
4243-XTUGY,1,0.6337,High,1
2825-NUNHY,0,0.0172,Low,0
1698-WBZEK,0,0.0376,Low,0
1004-TBGZS,0,0.5951,High,0
9148-OURJI,0,0.0693,Low,0
8794-UGGUV,0,0.8199,High,1
0410-OPHBZ,0,0.0099,Low,0
8200-HFCSA,0,0.1065,Low,0
7303-FSXFA,0,0.2685,Medium,0
7150-QEWAZ,0,0.5169,High,1
5917-PBQNR,0,0.0019,Low,0
5715-FWANI,0,0.312,Medium,0
4316-RYDZK,0,0.0775,Low,0
0768-SLWBJ,0,0.0965,Low,1
5570-EZBSR,0,0.0135,Low,0
2740-PMIIB,1,0.7706,High,0
5995-LBGBW,0,0.5294,High,0
9259-PTPJI,0,0.1983,Low,0
6235-INHSQ,0,0.3334,Medium,0
9445-FIMRG,0,0.3925,Medium,0
6688-VHKXB,0,0.0039,Low,0
7810-YHJMC,0,0.3482,Medium,0
4509-IDQUF,0,0.0111,Low,0
1520-HPXDR,0,0.0032,Low,0
7032-APMBG,0,0.001,Low,0
6181-UIWLG,0,0.7099,High,1
1466-DKULH,0,0.1285,Low,0
6249-YTGVM,0,0.0147,Low,0
4099-QWOHX,0,0.0816,Low,0
3977-SGEZJ,1,0.6839,High,0
8155-LJKLN,0,0.0241,Low,0
8621-APLHY,0,0.0085,Low,1
9926-LYGLD,0,0.1564,Low,0
2010-WFSKB,1,0.5073,High,0
1257-GXHNJ,1,0.5843,High,1
9217-ONHCW,1,0.2205,Medium,0
2595-RAPOG,1,0.0989,Low,0
9959-AWWJM,0,0.1229,Low,0
0552-GTCFU,0,0.0082,Low,0
4409-IHBYC,1,0.4683,Medium,0
3505-CZADC,0,0.1967,Low,0
0058-KIDHH,0,0.0219,Low,0
9398-FIADZ,0,0.0045,Low,0
0514-KNULN,1,0.9354,High,0
3697-CCKKT,0,0.0078,Low,0
1010-JFAPG,0,0.0243,Low,0
0826-SHNJJ,1,0.7436,High,1
6418-YCKHY,0,0.388,Medium,0
8509-UJNAE,0,0.009,Low,0
0439-VBKSZ,0,0.0173,Low,0
6938-WNXJM,0,0.2174,Medium,0
9699-EJFSM,0,0.1115,Low,0
7369-ILJER,0,0.2722,Medium,0
9548-JNQVM,0,0.3617,Medium,0
8359-RRULB,0,0.0124,Low,1
2243-BKEII,0,0.0547,Low,0
0285-LFNZF,0,0.0033,Low,0
2231-MGPHS,0,0.6663,High,1
8058-WCCJL,0,0.0078,Low,1
0953-ETJDV,0,0.0086,Low,0
1424-MLOSG,1,0.0758,Low,1
7206-YYUNK,0,0.0059,Low,1
8017-BCAOB,0,0.022,Low,0
4444-NYIAL,0,0.2895,Medium,0
7176-ZDKYN,0,0.0929,Low,0
8945-JVYNC,0,0.0161,Low,0
0948-USXYY,1,0.5356,High,1
8825-GIVRM,0,0.8257,High,0
8624-DWCQV,0,0.2632,Medium,0
1618-QPQTM,1,0.6503,High,0
5288-WBMOX,0,0.0067,Low,0
2501-ODOKF,1,0.6256,High,1
8031-YQQPM,1,0.8216,High,0
3485-UDHDB,1,0.3973,Medium,1
2534-CRFTY,1,0.0226,Low,0
9996-CGTJG,1,0.8098,High,0
0533-BTSXS,0,0.0353,Low,1
7169-NRGBV,0,0.043,Low,0
8555-MVRBM,1,0.1025,Low,0
8712-MOHXM,0,0.0096,Low,0
4022-WMDWI,0,0.0058,Low,0
3605-DWZZX,0,0.7165,High,0
5973-KQWCH,0,0.0122,Low,0
8138-CKBKQ,0,0.4044,Medium,0
4547-ZMQZF,0,0.004,Low,0
7853-GPQMY,0,0.0035,Low,1
2294-PRWTZ,0,0.8862,High,0
5027-GGXTE,1,0.7024,High,1
6475-KMFEX,0,0.1065,Low,1
3333-NJAYQ,0,0.1117,Low,0
9880-DRJNC,0,0.3192,Medium,0
2304-PULDG,0,0.0017,Low,1
9589-USJCN,1,0.8383,High,0
5769-YTIXK,1,0.268,Medium,0
6368-EUCIQ,1,0.074,Low,0
6288-MFEHT,0,0.0039,Low,1
8580-BQCZH,1,0.0711,Low,0
6075-XRSKB,0,0.017,Low,0
0758-THQBP,1,0.8818,High,0
6903-USJXE,0,0.4236,Medium,1
1322-NEILO,0,0.0052,Low,0
1948-KCCSC,0,0.0105,Low,0
1566-GXIPL,0,0.435,Medium,0
2190-LJBIU,1,0.7665,High,0
4135-WWKIN,0,0.0188,Low,0
5083-NZPPI,0,0.0244,Low,1
9784-TIYID,0,0.1553,Low,0
1450-SBSPB,0,0.2287,Medium,0
6254-FQTZD,0,0.0097,Low,1
5245-HSZFG,0,0.158,Low,0
4433-KFRHX,0,0.0929,Low,0
9273-DYKPL,0,0.0274,Low,0
5356-EQLZW,0,0.3018,Medium,0
3778-XGMJT,0,0.0319,Low,0
5209-KBVRQ,1,0.6239,High,0
6066-BEVMQ,1,0.4319,Medium,0
3796-CXCMD,0,0.0068,Low,0
4662-TWLHP,0,0.215,Medium,0
1808-RMYAU,1,0.2904,Medium,0
4490-HZAWH,0,0.3147,Medium,0
7090-TSXXH,0,0.0087,Low,1
0094-FPXUQ,0,0.0106,Low,0
9066-IIDXH,0,0.1189,Low,0
9823-TFAQO,0,0.002,Low,0
7465-EXTIY,0,0.0045,Low,0
3991-ZPTTF,0,0.021,Low,1
8418-CPJUN,0,0.0021,Low,1
3417-VLMDC,0,0.4692,Medium,1
7319-DMQPY,0,0.643,High,1
7592-EXWQV,0,0.0016,Low,1
3616-UHXHK,1,0.1825,Low,0
3755-YBUEC,0,0.4855,Medium,0
6485-YDOHL,0,0.4489,Medium,0
4004-VXZXP,1,0.6474,High,1
2028-CTZNP,0,0.0791,Low,1
9614-TXNFA,1,0.2891,Medium,0
6087-BLPPD,0,0.2753,Medium,0
5075-OHPYJ,1,0.6853,High,0
6055-XXZIP,0,0.0062,Low,0
6110-OPSJN,0,0.0177,Low,0
8934-ATQHH,0,0.13,Low,0
3306-PPOYU,1,0.8836,High,0
3790-EZMZL,0,0.0974,Low,0
8183-FAAVX,1,0.6233,High,0
9809-OEILD,0,0.1659,Low,1
1864-BJDHQ,1,0.689,High,0
4264-XXQLP,0,0.0306,Low,0
3056-YMKAZ,0,0.0524,Low,0
4782-OGQGY,1,0.9125,High,0
4275-CUYBM,1,0.7697,High,0
3773-NZFQD,0,0.1334,Low,0
8658-YGIXA,0,0.365,Medium,1
0656-YDRNV,1,0.2027,Medium,1
1209-ZENKL,0,0.1161,Low,1
4384-JCBQK,1,0.1704,Low,1
6221-YMDNM,0,0.0388,Low,0
4148-CDGKX,0,0.022,Low,0
3802-RAYZC,0,0.0042,Low,0
4994-KFNXM,0,0.3134,Medium,0
3422-SZERE,0,0.2459,Medium,0
7680-KQEIP,0,0.0351,Low,0
7204-TWZXU,1,0.0754,Low,0
9368-OVDWO,1,0.3112,Medium,0
7333-NGUGI,1,0.3823,Medium,0
3209-OGFIT,0,0.1004,Low,0
8198-EIPVE,0,0.001,Low,1
5502-AWCZH,0,0.1296,Low,0
5596-WDAMG,0,0.3748,Medium,0
5918-YJINW,0,0.3466,Medium,1
0731-VQGCX,1,0.2159,Medium,0
7697-BHUDS,0,0.0364,Low,1
2633-MZTZI,1,0.7364,High,0
0237-PJREV,0,0.2599,Medium,0
3271-YTQUW,0,0.0307,Low,0
5112-VIGAG,0,0.005,Low,0
1337-LJAFN,0,0.0596,Low,1
0343-ZTYXF,0,0.1407,Low,0
4967-KDXQI,0,0.2337,Medium,0
6968-RNEXL,0,0.0121,Low,1
6253-PBKCI,0,0.2572,Medium,0
5854-KJVHQ,1,0.2315,Medium,1
1251-DXPGU,0,0.0188,Low,1
3418-GIJCS,0,0.0281,Low,1
0159-WRBVA,0,0.1953,Low,1
4041-AKONN,0,0.0114,Low,1
4482-IMKKG,0,0.4009,Medium,0
2327-VULSY,0,0.2515,Medium,0
0343-FBZWY,0,0.0497,Low,1
5748-MCUIG,0,0.2688,Medium,0
2747-ECTVM,0,0.0095,Low,0
7721-VJYZS,1,0.8325,High,0
4969-LDBVN,0,0.0706,Low,1
0706-DILAK,0,0.0308,Low,0
3526-KTUDT,0,0.0224,Low,0
8689-HWWHP,0,0.0011,Low,1
8229-IIQQO,1,0.7871,High,0
6119-WEPVH,0,0.105,Low,0
9990-GVCLO,0,0.1083,Low,0
0606-OGUPU,0,0.7889,High,0
1998-LSTHE,0,0.2091,Medium,0
3586-QQHHC,0,0.0231,Low,1
5239-EGIEY,1,0.8066,High,0
3168-NQNFV,1,0.5886,High,0
9840-LRGIV,0,0.0381,Low,0
4898-DYSIU,0,0.7917,High,0
2055-MWMUQ,0,0.0163,Low,1
0098-IMIKD,0,0.5289,High,0
1897-HNVZT,0,0.03,Low,0
5572-SMDCX,1,0.5728,High,0
9865-RLFPO,0,0.3603,Medium,0
8680-NXHEQ,1,0.6432,High,0
5375-SGQLY,0,0.04,Low,0
6315-YUJIC,1,0.5838,High,0
4748-IZBTF,0,0.0093,Low,1
6711-MLYEO,1,0.5511,High,0
4728-TPWIH,0,0.0114,Low,0
0357-OGKSX,0,0.2851,Medium,0
2186-RHTUF,0,0.7149,High,1
3153-LAHNX,0,0.201,Medium,0
8852-MYWVF,0,0.4679,Medium,1
4638-OATYM,0,0.3579,Medium,0
9986-SIVAZ,0,0.0125,Low,0
4487-IYNFV,1,0.7941,High,0
8873-YZTNO,0,0.2047,Medium,0
9118-ZFESH,0,0.0022,Low,0
1066-MULVD,1,0.8296,High,0
8852-IZAZD,0,0.1226,Low,1
2597-DIVYC,0,0.1219,Low,0
6355-RWXAH,1,0.312,Medium,0
3851-RJJFB,0,0.025,Low,0
5216-DGKWH,0,0.0067,Low,0
7096-KZHJA,0,0.026,Low,0
0355-UFRVU,1,0.8279,High,1
0481-JIPXU,1,0.1545,Low,1
7654-OMXPM,0,0.2361,Medium,1
1722-JAGAC,1,0.8756,High,0
1731-ADORC,1,0.8557,High,0
0903-JJIWA,0,0.2507,Medium,1
0911-WKNEQ,0,0.117,Low,0
8374-BMSCE,1,0.8763,High,0
0331-XBMKO,1,0.4441,Medium,1
8256-JSJWP,0,0.0092,Low,0
7114-YEBXH,0,0.0122,Low,0
8060-CJSHV,0,0.3746,Medium,0
1140-AZGUA,0,0.0023,Low,0
9401-SIFNL,0,0.5479,High,1
2538-OPHBI,0,0.0738,Low,0
6742-GMKDP,0,0.0069,Low,0
9576-RBQTI,1,0.5623,High,0
6020-WRGHQ,0,0.2454,Medium,1
5737-YJARF,1,0.5273,High,0
1694-SVETJ,1,0.6479,High,1
4393-JEURL,0,0.0148,Low,0
0424-TDUOX,0,0.0103,Low,0
2763-KWVIH,0,0.545,High,0
9693-ODJGX,0,0.2804,Medium,0
8016-ZQDNL,1,0.4537,Medium,1
1796-IBCGH,0,0.0439,Low,0
4077-LECLP,0,0.0276,Low,0
9694-PPWRJ,1,0.8381,High,1
2735-QVXZQ,0,0.1518,Low,0
3750-ORLUV,0,0.3396,Medium,0
4774-MYJKQ,0,0.008,Low,1
9446-DZWQE,0,0.0034,Low,0
2638-NUIBB,0,0.4714,Medium,0
4339-KAHJJ,1,0.3453,Medium,0
9558-JMNVT,0,0.195,Low,1
4292-DTVTS,1,0.2416,Medium,0
4356-IYGTU,0,0.4251,Medium,0
2187-DKOHG,0,0.0924,Low,1
4007-CUWOS,0,0.029,Low,0
8409-LRNHU,0,0.5625,High,0
7700-VZKTX,0,0.1316,Low,0
9787-OCJTP,0,0.2784,Medium,1
6669-DNWMA,0,0.0634,Low,0
5945-NNVPN,1,0.5494,High,0
0096-RPQQA,0,0.148,Low,0
1153-KLZHF,0,0.0401,Low,0
6812-OZGJS,0,0.0033,Low,0
3579-QQZDA,1,0.6909,High,1
2117-WNEIG,0,0.0114,Low,1
4989-WVJHZ,1,0.7156,High,0
9379-ACIZS,0,0.0374,Low,0
1735-XWXVY,0,0.7149,High,0
1171-NQTAA,0,0.3784,Medium,0
3362-VGGZA,0,0.4976,Medium,0
5701-IEARA,1,0.6979,High,0
0319-DBVXD,0,0.0858,Low,0
9515-IMYDG,1,0.8738,High,1
2582-NFKKW,0,0.462,Medium,0
3396-FIDZJ,0,0.0128,Low,0
8725-EFHQW,0,0.1276,Low,0
5473-DGLGR,0,0.7198,High,0
2219-YYJAF,0,0.334,Medium,0
6990-IIMDK,0,0.5636,High,1
8394-AMQGW,0,0.0676,Low,1
6085-YNAHY,0,0.0433,Low,0
1077-BOYZH,1,0.4517,Medium,0
2412-WJJUI,1,0.2649,Medium,0
5804-EZPHT,0,0.3086,Medium,0
0718-XAWPQ,1,0.6829,High,0
1014-GNDMD,0,0.2483,Medium,0
4287-KWIHQ,0,0.0096,Low,0
9393-SDWDD,1,0.0693,Low,0
3500-RWTMH,0,0.0567,Low,0
5962-MTOIO,1,0.5673,High,0
4319-CJGFS,0,0.0302,Low,0
5174-FORZO,1,0.3626,Medium,0
2157-GLVYK,0,0.4624,Medium,1
1018-WDIAR,0,0.0019,Low,0
8619-ZEMDW,0,0.1359,Low,0
4008-KAOLY,0,0.3299,Medium,1
0077-LJUSL,0,0.0049,Low,0
8831-FLTBS,0,0.3624,Medium,0
1410-AMEDD,1,0.6237,High,1
6459-IEBWA,1,0.7474,High,1
0441-RSXYQ,0,0.0305,Low,0
2670-CVIPE,1,0.339,Medium,0
7504-TIYCD,1,0.9391,High,0
9267-ZSCTH,1,0.8771,High,0
3318-SSGBO,0,0.2131,Medium,0
0277-LBCFU,1,0.5471,High,1
8920-LLCCM,0,0.0079,Low,0
7376-GDOEK,1,0.3712,Medium,1
1915-ZGRME,0,0.015,Low,0
0188-QFOZA,0,0.5814,High,0
3895-UPFHF,0,0.0099,Low,0
9163-QECKM,0,0.2818,Medium,0
1778-LFBJR,0,0.5244,High,0
4467-QWTQU,1,0.5668,High,0
7680-ISHYS,1,0.4279,Medium,0
3404-HBZGL,0,0.0385,Low,0
9848-WOAEF,0,0.2196,Medium,1
3741-EECSN,0,0.0066,Low,0
8798-BIPPV,0,0.1497,Low,0
2811-RJZXU,0,0.0022,Low,0
5518-AGPAM,0,0.0444,Low,1
4039-ITABC,1,0.5658,High,0
5670-XOXKX,0,0.0818,Low,0
1199-OFWHR,0,0.0023,Low,0
6563-ARLWR,1,0.7801,High,0
4648-PEBTY,0,0.1049,Low,1
2850-UXMAN,0,0.0747,Low,0
7801-AEQTF,0,0.0248,Low,1
0524-JGQVF,0,0.2022,Medium,0
9882-HDRWC,0,0.0116,Low,1
6455-RZEWP,0,0.0412,Low,1
3862-SXQRI,0,0.7692,High,0
4680-KMIUK,0,0.3764,Medium,0
6787-RDRFT,0,0.0528,Low,1
7059-AXJAV,0,0.1548,Low,1
7621-GZJEP,1,0.3219,Medium,0
3213-FAVKJ,0,0.0534,Low,0
7655-KBVAR,1,0.2788,Medium,0
0395-UYMNY,1,0.7555,High,1
5895-VXOBQ,0,0.7346,High,0
8462-BDHTC,0,0.2425,Medium,0
6667-KLLUQ,0,0.0051,Low,1
4714-ALFGR,0,0.0413,Low,0
7990-GUFKA,0,0.01,Low,1
7073-BGPVU,0,0.2863,Medium,0
9678-WLSEW,0,0.1762,Low,1
8153-FEWCD,0,0.3898,Medium,0
3131-EAMOR,0,0.0133,Low,0
9642-GRJMZ,0,0.0534,Low,0
4293-VPRMH,1,0.8144,High,0
8000-MQUYC,0,0.2926,Medium,0
2326-SURPU,0,0.2917,Medium,0
7850-QKASR,0,0.0067,Low,0
2314-OVHRA,0,0.1172,Low,0
1957-TLFBM,0,0.1841,Low,0
5816-ZQRNN,1,0.913,High,1
1450-KKXBJ,1,0.7945,High,0
7958-NPVXD,0,0.0154,Low,0
7848-TDUEO,0,0.191,Low,0
1559-TBXGG,0,0.101,Low,0
2503-YTUXT,0,0.7399,High,0
0335-EXAMY,0,0.0076,Low,0
2211-XNYVH,1,0.7213,High,0
8063-WOHFZ,0,0.3061,Medium,0
2648-VZMAB,1,0.4772,Medium,0
0451-MYCFV,0,0.1386,Low,1
9872-NSIIK,1,0.6258,High,0
5326-AHUCS,0,0.0161,Low,0
1801-ONMZN,0,0.0603,Low,0
3021-OICRR,0,0.4221,Medium,0
8066-VSRAG,0,0.0203,Low,0
8908-UKCCG,1,0.4106,Medium,0
0740-CKGAF,1,0.0653,Low,0
2354-HUYRX,0,0.3807,Medium,1
6175-PQEYH,1,0.5806,High,0
9308-XOABK,1,0.6871,High,0
6767-ZRLVF,1,0.2775,Medium,1
8796-XZCXW,0,0.2628,Medium,0
1402-PCQQC,0,0.0639,Low,0
6817-XVZAN,0,0.2381,Medium,1
4283-PLHSL,0,0.0035,Low,1
4427-LHXXB,0,0.0506,Low,0
7841-WJIYO,1,0.2962,Medium,0
2160-EKZMY,0,0.2177,Medium,0
7439-IGYMB,1,0.1439,Low,0
0632-GVLSZ,0,0.3617,Medium,1
5082-CCKMW,1,0.8753,High,1
3485-MBNHG,0,0.0106,Low,0
5724-CTJKG,1,0.5085,High,1
6813-WLTZY,0,0.2334,Medium,0
9966-BNCMV,0,0.0072,Low,0
9785-HLVJB,0,0.1785,Low,0
3440-DCJCB,0,0.3645,Medium,0
5106-YKXKL,0,0.2781,Medium,1
7675-MNLAN,0,0.0073,Low,1
0568-MGFVV,0,0.0024,Low,0
7880-VOPRR,1,0.5773,High,0
1115-YHLGX,1,0.791,High,0
1014-PDUKJ,1,0.6501,High,0
0100-KOTDM,1,0.4803,Medium,0
5061-FMASN,0,0.554,High,0
0659-IRUPW,0,0.0194,Low,1
1550-BTBXL,0,0.1746,Low,1
1928-HLFYZ,1,0.5949,High,0
0380-CDLMJ,0,0.0917,Low,0
9693-YDSLG,0,0.0178,Low,1
1949-XPWXL,1,0.6012,High,0
9642-ABOBS,0,0.0048,Low,0
7258-QUFLL,0,0.0046,Low,0
8418-GZNIF,0,0.0334,Low,1
8545-DIGFJ,1,0.2984,Medium,0
0097-ONJBC,0,0.0634,Low,0
8529-LDIQG,1,0.7263,High,0
5466-SXVSE,0,0.2978,Medium,0
3111-TIKRI,0,0.0531,Low,0
8856-BKAVD,1,0.6866,High,0
7304-YXLSG,1,0.6179,High,0
1006-MRLWQ,0,0.1038,Low,0
8239-HWGGZ,0,0.0544,Low,0
3984-MMDCJ,0,0.0014,Low,0
2911-GGXOL,0,0.0031,Low,1
3673-BITVN,0,0.2185,Medium,0
9487-IYUII,1,0.8886,High,0
7566-ROTCD,1,0.5014,High,0
2351-NCJNR,1,0.4909,Medium,0
7189-BAIOX,0,0.0218,Low,0
2546-ZLGQM,0,0.1386,Low,0
8180-VHPBK,1,0.7465,High,0
5406-OAZNV,0,0.0046,Low,0
8680-ZMJTS,0,0.1695,Low,1
8773-PTVFL,0,0.011,Low,0
3237-KTVAJ,1,0.4196,Medium,0
1053-HIAGL,0,0.0205,Low,0
0196-XWOQB,0,0.2395,Medium,0
3745-WYOCH,0,0.5913,High,0
8274-JGRBL,0,0.3805,Medium,0
0671-QHAAZ,0,0.0183,Low,0
5109-WLPRO,1,0.1257,Low,0
0922-BNWOA,1,0.2971,Medium,1
3464-PXCJA,0,0.0059,Low,0
4075-OQWGG,0,0.0052,Low,0
1486-EUBPC,1,0.0848,Low,0
8568-UIIIM,0,0.0036,Low,0
7143-MIJKF,1,0.7692,High,0
4973-VAUET,0,0.0127,Low,0
2505-WJACV,1,0.8181,High,0
5210-URIHY,0,0.0031,Low,0
3912-UASJX,1,0.022,Low,0
0968-VLWNO,0,0.0047,Low,0
9632-IFYQH,0,0.0146,Low,1
7252-TYIGA,0,0.0176,Low,0
1585-SRMQF,0,0.0184,Low,1
0239-MFWCU,1,0.1263,Low,1
7122-ODCWT,0,0.2782,Medium,0
4112-TDIOA,0,0.0367,Low,0
4101-LOUMV,0,0.005,Low,0
7777-DYPEP,0,0.0229,Low,0
3480-FPQED,0,0.6149,High,0
8029-HGVTQ,1,0.3381,Medium,0
8374-IEWJX,0,0.0402,Low,1
0774-KZGMN,0,0.0499,Low,0
0619-KRIVW,0,0.3839,Medium,0
2262-AMIBP,1,0.5908,High,1
0231-OETJH,0,0.3851,Medium,1
8790-MZTQX,1,0.3853,Medium,0
7904-HSUHV,0,0.0388,Low,0
2115-QGZMO,1,0.5817,High,0
6217-VBENJ,0,0.6988,High,1
8573-PKIRX,1,0.4249,Medium,0
8664-RRSJZ,0,0.015,Low,0
7807-QBUOH,0,0.4197,Medium,0
7360-DDOKS,0,0.0516,Low,0
2389-JTWHC,0,0.015,Low,1
8591-IBYEI,1,0.8735,High,1
8643-UHXJR,0,0.0697,Low,0
1684-DJUOB,1,0.6791,High,0
6664-BYYFM,0,0.1853,Low,0
7585-VDRID,0,0.2781,Medium,0
5769-QXJGY,0,0.0018,Low,0
1176-DJLQE,0,0.4526,Medium,0
6775-CWWRY,1,0.645,High,0
7329-FNEMN,0,0.2933,Medium,0
3321-DLZHG,0,0.0184,Low,0
7599-OJRVE,1,0.9493,High,0
2712-UFDGD,0,0.2393,Medium,0
8701-HOIIR,1,0.784,High,0
9669-RKFXV,1,0.7011,High,1
8977-SLFZH,0,0.0016,Low,0
9985-FWQWQ,0,0.4135,Medium,0
1598-PVPZQ,0,0.2196,Medium,0
5651-ULQDN,0,0.0066,Low,0
0041-JBGBY,0,0.0046,Low,1
6177-ZVCKK,0,0.0246,Low,0
5678-UYIWW,1,0.353,Medium,0
2935-RJQAR,1,0.4551,Medium,0
9179-HVIQF,0,0.0191,Low,1
5369-YJITQ,1,0.4472,Medium,1
8795-PCLMG,1,0.8404,High,0
0279-YJEME,0,0.0182,Low,1
4619-RQKZF,0,0.767,High,1
7603-UADUE,0,0.0264,Low,0
3612-TZNQL,0,0.0876,Low,1
2131-WIFTC,0,0.0584,Low,0
5321-SXCQJ,0,0.0457,Low,0
3086-NRNNP,0,0.0035,Low,0
7584-FJPXG,0,0.0348,Low,1
5490-ZHKUD,0,0.2004,Medium,0
8026-DNFTO,0,0.4608,Medium,0
4169-FOCSV,0,0.1261,Low,0
8965-GKCCK,0,0.0015,Low,0
7585-TWCZL,0,0.4079,Medium,1
8520-WCDEV,0,0.1262,Low,0
3752-FDHQV,0,0.5472,High,1
1227-NSQRJ,1,0.8232,High,0
1807-UIFJP,0,0.0034,Low,0
4682-DUXVC,0,0.0179,Low,0
5998-WGTOU,0,0.347,Medium,0
3019-OWZRM,0,0.2506,Medium,1
3772-OOPWW,0,0.0336,Low,0
8371-VUXGZ,1,0.8369,High,0
6025-QOEFX,1,0.7264,High,0
7912-ENHFZ,0,0.2431,Medium,0
3332-TVNGA,0,0.564,High,0
0100-RXKYK,0,0.0068,Low,0
1358-ZTRVP,1,0.8205,High,1
2248-CGRHU,1,0.3296,Medium,0
2943-SXUTO,0,0.1421,Low,0
9387-XQPJD,0,0.2969,Medium,0
8456-XFXDN,1,0.927,High,0
1717-EZFOF,0,0.6062,High,0
7252-ELAQE,0,0.0028,Low,0
8568-NUMMP,1,0.854,High,0
8833-VSIMV,0,0.0277,Low,1
6817-GNWRJ,0,0.0036,Low,0
3917-WSHRE,1,0.3719,Medium,0
7058-ACLJJ,0,0.0057,Low,1
2133-WITAM,1,0.7559,High,1
9202-AEQOD,0,0.3163,Medium,1
2738-OFBAC,0,0.4763,Medium,0
5203-AMTIJ,0,0.0137,Low,1
1079-SMBEO,0,0.1904,Low,0
7690-BZWEM,0,0.0125,Low,1
1891-BLINF,0,0.032,Low,0
2891-ACXPI,0,0.6811,High,0
9756-IWBRR,1,0.3369,Medium,0
4723-DJYBW,1,0.6514,High,1
8077-XLVUB,0,0.5217,High,1
0295-QPCOH,0,0.1785,Low,0
5838-SNWZX,0,0.0055,Low,0
5445-ZTLHJ,1,0.7005,High,0
4355-QSRPM,0,0.0151,Low,1
9001-UTNWF,0,0.0271,Low,0
2427-RVSIV,1,0.7069,High,0
2800-EZWDL,0,0.1014,Low,0
5520-IPHMK,1,0.5469,High,1
8545-HYDAJ,1,0.6514,High,0
1097-MEWON,0,0.002,Low,1
3551-YUFFO,0,0.0418,Low,1
5501-JMLBT,0,0.5925,High,0
7657-FXUJL,1,0.781,High,0
3198-KPLGJ,0,0.2114,Medium,0
5100-XJSXD,0,0.0045,Low,0
4767-BDZVV,1,0.0154,Low,1
9023-YXKIP,0,0.1584,Low,1
7790-ZZFLG,1,0.4872,Medium,0
1998-XZHED,0,0.2322,Medium,0
0624-DRDUT,1,0.7702,High,1
0183-NEJYZ,0,0.0366,Low,0
3805-JORUK,0,0.0584,Low,0
0358-SJNGJ,0,0.0101,Low,0
7996-ZKEAC,0,0.003,Low,0
9474-HXVDO,1,0.1676,Low,0
6016-DEAMS,0,0.003,Low,0
0657-WARGX,0,0.2014,Medium,0
8394-YWDKN,1,0.8354,High,0
3897-VNMGO,0,0.0569,Low,0
2386-XJSTB,0,0.3138,Medium,0
7520-RIQPH,0,0.0064,Low,0
5757-QKKRT,1,0.537,High,0
3455-ADZWO,0,0.3501,Medium,1
5372-SIYZT,0,0.0594,Low,1
7259-PVJTU,1,0.3,Medium,0
7178-CCZDW,0,0.6326,High,1
8584-AWQXH,0,0.0376,Low,0
4298-LZUQD,0,0.0023,Low,0
9779-YCORW,1,0.7402,High,0
1147-OYEMK,1,0.5412,High,0
1674-UDENC,0,0.0055,Low,1
9767-BMFFT,0,0.106,Low,0
7212-VSWCI,0,0.1605,Low,0
1472-JNTKW,0,0.052,Low,0
5283-HCWMB,1,0.7172,High,0
4005-IGFKU,1,0.5644,High,0
9071-WJOFY,0,0.0036,Low,0
2652-AQORL,1,0.8032,High,0
8072-DKEMI,0,0.0183,Low,1
2125-CGPYE,0,0.0012,Low,0
6447-KAHDA,1,0.203,Medium,1
3139-EYCJX,0,0.3045,Medium,0
4395-HGRZT,0,0.0162,Low,0
0050-GEQRM,0,0.0113,Low,1
8929-YUVTH,1,0.7859,High,0
9853-GWBVY,1,0.5227,High,0
9419-AXISR,1,0.6875,High,0
0177-UMENY,0,0.3365,Medium,0
7039-TFGFK,0,0.1599,Low,0
2836-VNTMN,0,0.1929,Low,0
2781-JBJPQ,0,0.0662,Low,1
9272-XKTQQ,0,0.0126,Low,0
1431-HLDIR,0,0.1674,Low,0
6404-PXGZF,0,0.3889,Medium,0
6515-ZXYKQ,0,0.0572,Low,0
7019-XMMLJ,0,0.0055,Low,0
1479-MNQQW,0,0.1905,Low,1
7800-VEIDA,0,0.0319,Low,0
9062-ESHHE,1,0.5009,High,0
7952-PLQHQ,0,0.0064,Low,0
9400-CJOJS,0,0.1952,Low,1
3866-PAXNU,0,0.2138,Medium,0
4115-EJCUE,1,0.4733,Medium,0
9369-ESNBX,1,0.6631,High,0
8389-VRGJR,0,0.0999,Low,0
4895-ERZOE,0,0.0077,Low,1
0880-QUAPX,0,0.1485,Low,0
0222-WCENP,1,0.4079,Medium,0
2093-WYNNO,0,0.0057,Low,0
6166-BYRXO,1,0.4773,Medium,0
2298-WJKKI,0,0.0034,Low,0
6476-XKNEJ,0,0.1364,Low,1
6430-DCUIU,1,0.3358,Medium,1
4821-RJAPS,0,0.1635,Low,0
0091-GXXHZ,0,0.0059,Low,1
1835-JGPRX,0,0.179,Low,1
5201-VRYZV,0,0.0078,Low,0
0592-PERKL,0,0.2942,Medium,0
7619-JRWFQ,1,0.5381,High,0
6434-HTNGZ,0,0.008,Low,0
4851-UOSQW,0,0.0313,Low,0
2056-YANPV,0,0.0525,Low,0
4959-GWCKI,0,0.0206,Low,0
3114-UCHDM,0,0.0032,Low,0
2934-QTKQA,0,0.4201,Medium,0
2958-ISLVW,0,0.7152,High,0
1130-SMYKF,0,0.5793,High,0
5666-UTOEQ,0,0.7711,High,0
2827-ZGQZG,0,0.3617,Medium,0
6659-NCMTI,0,0.0421,Low,0
7445-MECHF,0,0.051,Low,0
9697-IASRZ,0,0.4696,Medium,0
3747-YERKO,0,0.1043,Low,0
5114-QTRLA,1,0.7376,High,0
5941-XYRRI,1,0.7174,High,1
9565-SXPRV,0,0.0035,Low,0
8338-EWFYB,1,0.8909,High,0
6021-DCVTJ,0,0.5509,High,0
8586-FYJRS,0,0.0009,Low,0
9437-DBSCP,0,0.1403,Low,0
4537-YASVX,1,0.0918,Low,0
8679-WAEJN,0,0.5447,High,0
5722-WRMEI,0,0.0227,Low,0
1639-RZLVW,1,0.3181,Medium,1
3800-KAOXV,0,0.0937,Low,0
0043-BFWLS,1,0.1203,Low,1
7836-TJGTR,1,0.6254,High,1
6516-VMXFZ,0,0.449,Medium,0
9557-WLEQF,1,0.6628,High,1
4253-XBQEW,1,0.3302,Medium,1
0175-TVILJ,0,0.2606,Medium,0
2492-RLFUD,0,0.7444,High,0
5477-LAYSN,0,0.115,Low,0
4770-WRHAG,0,0.008,Low,0
1168-VEZAQ,0,0.0283,Low,0
5994-AYWCK,0,0.0212,Low,0
2535-IGBPZ,0,0.1276,Low,0
6098-NPTYS,1,0.4845,Medium,0
5284-ERTGO,0,0.0645,Low,0
9315-YOPSR,0,0.6552,High,0
3243-NNSMN,0,0.0207,Low,0
2773-WWIMF,0,0.2584,Medium,0
7443-KANEA,1,0.9323,High,0
7398-HWJVK,1,0.0979,Low,1
6183-CVTCZ,0,0.4689,Medium,1
8170-XFJKL,0,0.0174,Low,1
9504-FCFVP,0,0.1422,Low,1
5238-MSNOI,0,0.1458,Low,0
0397-JWKJZ,0,0.0117,Low,0
9988-SMSDE,0,0.0136,Low,0
5866-QUIAW,1,0.8923,High,0
3252-ZGKBU,0,0.3565,Medium,0
6087-AIHBD,0,0.3403,Medium,0
2236-PORKA,1,0.7366,High,0
4823-OMIAA,1,0.3823,Medium,0
5471-IQWGX,0,0.0042,Low,0
3322-JPSOK,1,0.7905,High,0
9665-MGNJR,0,0.2119,Medium,0
0280-OSSFC,0,0.01,Low,0
9903-DFGZY,0,0.0349,Low,1
2932-MCZUQ,1,0.4167,Medium,0
1097-MIVUL,0,0.0383,Low,1
0372-PRZIB,0,0.0148,Low,0
8593-LLXEK,1,0.8864,High,1
6639-VXMDO,0,0.0073,Low,0
8519-CQJUB,1,0.6476,High,0
8803-PHFJB,0,0.0019,Low,1
5298-MNNZF,0,0.0121,Low,0
0786-SBCPQ,0,0.0038,Low,0
7197-PQRBU,0,0.0019,Low,0
3898-YJZVJ,0,0.3099,Medium,0
9650-GRZAU,1,0.6142,High,0
9417-RZPOV,0,0.1498,Low,0
9305-EGBSX,0,0.1816,Low,0
9263-EUSFB,0,0.2202,Medium,0
5160-OGHSO,0,0.372,Medium,0
3498-TFYGW,0,0.6407,High,1
0273-TNZMM,1,0.8053,High,1
7354-WPAWL,0,0.1675,Low,0
2564-BTIXW,1,0.6311,High,0
0465-VCNYF,1,0.2168,Medium,0
0878-YRLWU,0,0.0021,Low,1
5223-BIKFY,0,0.0057,Low,0
0640-USBBW,0,0.0312,Low,0
2740-LNGGG,0,0.0026,Low,0
4684-YCOXU,0,0.0033,Low,1
3298-AUNIN,0,0.0727,Low,0
9004-TYLBG,0,0.1355,Low,0
5581-SPLYY,0,0.1395,Low,0
4702-UMGGP,0,0.6913,High,1
9753-XUROU,0,0.0249,Low,0
8399-YUWGK,1,0.193,Low,1
2722-QDAME,0,0.0698,Low,0
9876-JHNXS,1,0.3929,Medium,0
0600-MMIXI,0,0.0361,Low,0
8547-FHMBB,0,0.084,Low,0
9971-LTJJR,0,0.2722,Medium,0
0541-YSTHQ,0,0.4193,Medium,1
2394-PYBVL,0,0.0454,Low,0
2042-KHHPT,0,0.0092,Low,1
5419-FYMVC,1,0.6306,High,0
7394-BCGWZ,0,0.3317,Medium,0
5483-KRRPX,1,0.4218,Medium,1
2011-GMYQJ,0,0.0113,Low,1
7743-EJKBU,0,0.0158,Low,1
7658-ZZAGS,1,0.6717,High,0
2340-VKTBL,0,0.5094,High,0
1654-RDWCZ,1,0.7178,High,0
4780-FZEMN,0,0.4157,Medium,0
7351-MOGID,0,0.1727,Low,0
3932-BRTRR,0,0.0174,Low,0
6441-XEZBF,0,0.0368,Low,0
8049-ERNFQ,1,0.6376,High,1
1683-PNZBC,1,0.4486,Medium,1
1672-XILPU,0,0.0047,Low,1
2196-ZULYJ,0,0.2577,Medium,1
5978-UULXX,0,0.1338,Low,0
3701-OEQGS,0,0.3863,Medium,0
7870-INXWV,0,0.3061,Medium,0
6193-UIHGD,0,0.5511,High,0
7464-HRZMF,0,0.0628,Low,0
4638-WDOKX,0,0.0056,Low,0
7581-TNGNV,1,0.5125,High,0
1022-QSPAB,0,0.0868,Low,0
9634-UCXGO,0,0.0184,Low,0
3248-ESBNS,0,0.0672,Low,1
0135-ATGKS,0,0.0675,Low,1
5321-CHENS,1,0.5169,High,0
6871-MZQJC,0,0.0147,Low,0
5332-DXPGX,0,0.7772,High,1
7670-PDFUG,0,0.0056,Low,0
6969-OPAME,0,0.0207,Low,0
5967-SXXUT,0,0.0916,Low,0
5651-EOYNT,0,0.0364,Low,0
3433-YVMRK,0,0.0559,Low,0
4136-ZRMDJ,0,0.0082,Low,0
2958-EWPZB,0,0.6839,High,0
9362-UWRXC,1,0.4317,Medium,0
9412-HFOLC,0,0.1863,Low,0
1170-FRUTW,0,0.1171,Low,0
8164-VTQKO,1,0.4366,Medium,0
5539-HHCNE,0,0.0037,Low,1
1567-ZKJJQ,0,0.0338,Low,0
8439-WLHZL,1,0.6289,High,1
1057-PFHZK,0,0.0038,Low,0
2848-IZYRA,0,0.0067,Low,0
5682-USLFY,0,0.0082,Low,0
5748-VLEDF,0,0.0228,Low,0
1581-YMIDJ,0,0.0046,Low,0
3434-ZSUEW,0,0.0073,Low,0
0604-PYPMK,1,0.1837,Low,1
1164-EQTVO,0,0.2876,Medium,0
6669-DMJYY,1,0.19,Low,0
7908-LBERF,0,0.115,Low,0
6834-GGFQR,0,0.017,Low,0
3101-ZOSCR,0,0.1317,Low,0
9593-QZHCJ,0,0.0088,Low,0
7659-ULNGL,1,0.7913,High,0
9275-STPKF,0,0.1412,Low,0
1644-YKJOE,0,0.0205,Low,1
2495-ZQZAL,0,0.0268,Low,0
2540-JPAVH,0,0.7968,High,0
9896-HLSFQ,1,0.4698,Medium,0
4642-UDIYN,0,0.0021,Low,0
9339-DFZJO,1,0.3319,Medium,0
0743-XBHFZ,0,0.0702,Low,0
4504-LCYGN,0,0.1172,Low,0
6715-CJQQB,0,0.0062,Low,1
0723-QNHFS,1,0.5752,High,0
7909-QPZFX,0,0.1997,Low,0
0404-CEYPH,0,0.141,Low,0
0888-VHGVY,0,0.3376,Medium,0
5356-YJXYQ,1,0.8691,High,1
2065-HTFLR,0,0.118,Low,0
5845-XRWPB,0,0.023,Low,0
2202-YGJYB,0,0.1247,Low,0
0547-HSOSW,0,0.0025,Low,0
5718-IGCOX,0,0.011,Low,0
0021-OJJNO,0,0.2528,Medium,1
0425-AVTFD,0,0.4978,Medium,0
6551-GIEDC,0,0.2436,Medium,1
9483-HASAB,0,0.0915,Low,1
5470-LPELT,0,0.1908,Low,0
9801-OBVAQ,1,0.6627,High,0
3509-YUYXL,0,0.3272,Medium,0
9088-GARLA,0,0.7128,High,1
5387-VXYFE,1,0.3871,Medium,1
8678-PJWZI,0,0.0253,Low,0
2963-VQYDP,0,0.2904,Medium,0
9686-PBMHB,0,0.1646,Low,1
4763-WZQVC,1,0.2533,Medium,0
1331-OKMVP,0,0.0129,Low,0
3502-DDRLM,0,0.003,Low,0
7805-CDOMY,0,0.361,Medium,0
9349-MORER,1,0.219,Medium,0
7689-VBHGO,0,0.6473,High,0
4133-ALGIL,1,0.8002,High,0
7632-XPKLY,0,0.107,Low,0
8540-MNGXN,1,0.6081,High,1
4960-WEEUV,0,0.0763,Low,0
9381-YBJKK,1,0.4443,Medium,1
3380-JJKTD,0,0.0265,Low,1
2487-HIOHQ,1,0.5008,High,0
0716-PMMVH,0,0.1735,Low,0
1218-TSUTI,0,0.0197,Low,0
7360-LCRFW,0,0.1095,Low,0
8873-CVFIA,0,0.2399,Medium,0
4749-IQDYZ,0,0.1916,Low,1
5082-VQIOI,0,0.0156,Low,1
1873-DJBBZ,0,0.0253,Low,1
2589-BFXXT,0,0.0179,Low,1
7850-APZZS,0,0.006,Low,0
4738-UEFUE,0,0.0068,Low,0
0989-QNTPD,0,0.3184,Medium,0
9099-WXHLG,0,0.0411,Low,0
5192-VJMBD,0,0.0394,Low,0
3817-SFXHZ,0,0.3237,Medium,0
9376-XTOFJ,0,0.1413,Low,0
9188-UIMYL,0,0.3762,Medium,0
7457-UAUGR,0,0.092,Low,0
6335-KYSBW,0,0.0468,Low,1
7704-CMMQV,0,0.067,Low,0
1427-TJWWY,1,0.8298,High,1
0512-GOBZL,1,0.725,High,0
5423-DLCRR,1,0.6437,High,0
2845-HAAUL,1,0.8083,High,0
0636-GHGJP,1,0.8357,High,0
4914-ZQUIH,0,0.0236,Low,0
6591-SVSHT,0,0.1546,Low,0
9804-AMZHN,1,0.332,Medium,0
3986-THWGN,1,0.5438,High,0
2496-QJTCH,0,0.003,Low,1
3970-HMJQJ,0,0.0038,Low,0
1899-ULQOV,0,0.035,Low,0
9981-KQUUF,0,0.8463,High,0
9890-OQPNQ,1,0.4402,Medium,0
3480-TPYUX,1,0.8948,High,0
0960-WYKXG,0,0.2765,Medium,1
2668-ZYZJY,0,0.5586,High,0
6711-QDPFG,0,0.0219,Low,0
3495-HOZRX,0,0.004,Low,0
5748-QTSQD,0,0.0298,Low,1
6901-SOSOV,0,0.5567,High,0
0427-NZOYQ,0,0.0721,Low,0
8883-ILLAV,1,0.8991,High,1
4757-POLHS,0,0.0204,Low,0
6504-XCHZO,1,0.2838,Medium,0
6986-JSBIK,1,0.3067,Medium,1
7792-FLZUI,1,0.516,High,0
4865-SKHDO,0,0.7844,High,1
4764-LEQDM,0,0.0131,Low,0
5326-LZEGW,0,0.7359,High,1
1129-PHFNK,0,0.0028,Low,1
9628-QANPB,0,0.0474,Low,1
6343-IIVVD,1,0.5529,High,0
8335-MPBRR,1,0.884,High,0
8855-DRNFX,0,0.3385,Medium,0
9609-PQHAF,0,0.7082,High,1
2844-VLJUJ,1,0.7804,High,0
0406-GOBJD,0,0.2932,Medium,0
5760-MGCDI,0,0.0115,Low,0
2486-SLRKJ,0,0.3684,Medium,1
1813-MGEKT,0,0.1154,Low,0
4900-SWURU,0,0.0638,Low,0
5045-JWKVX,0,0.3322,Medium,0
2305-XYCQY,0,0.0078,Low,1
2459-VWINV,0,0.0275,Low,1
8736-EDRPB,0,0.0225,Low,0
0973-FAZWK,0,0.6398,High,0
6138-SVEQO,0,0.0084,Low,0
7392-HAIYU,1,0.8348,High,0
7444-HAEZF,1,0.7751,High,0
4351-CZFIL,0,0.0212,Low,0
8029-XJOLM,0,0.4446,Medium,0
7490-VKOVI,1,0.2603,Medium,0
3498-RGGWM,0,0.0164,Low,0
6320-GFHFM,0,0.0374,Low,0
7575-ZWSXF,1,0.6267,High,1
3426-MWTQW,0,0.1157,Low,0
8985-SACLL,0,0.0189,Low,0
3703-ZKCSS,0,0.1984,Low,0
9224-YDQYY,0,0.1432,Low,0
2708-IDNAP,1,0.8404,High,0
1007-CBGUP,1,0.7832,High,0
4292-GIVEO,1,0.8811,High,0
6028-BNUUK,0,0.0075,Low,0
1317-HAHST,0,0.01,Low,0
1645-WIJBL,0,0.3689,Medium,0
3034-RTAWZ,1,0.3279,Medium,1
3884-KRMDO,0,0.0996,Low,0
7305-EMYEE,1,0.3736,Medium,0
7109-LZSOZ,0,0.2702,Medium,1
3248-RDRTR,1,0.6764,High,1
7437-DZRYM,0,0.1329,Low,1
0235-UXZIF,0,0.168,Low,1
5990-CNCRB,0,0.3308,Medium,0
0585-EKCAR,0,0.0487,Low,0
6814-CGXIT,1,0.5736,High,0
5745-WMKTL,0,0.2331,Medium,0
3291-FUCWV,0,0.0699,Low,0
0444-PGTDJ,0,0.2618,Medium,0
8598-YHMKN,0,0.0017,Low,0
8639-YIUVD,0,0.0933,Low,1
7264-IMDMS,0,0.0063,Low,0
2188-XEBFT,1,0.7327,High,1
0147-PMNFS,0,0.0576,Low,0
7557-GQRWE,1,0.3057,Medium,0
4541-LQCPK,1,0.2094,Medium,1
7025-EIBBD,0,0.013,Low,0
8676-YGIQA,0,0.0029,Low,1
0846-BAJPZ,0,0.0119,Low,0
2267-BPZCW,0,0.0513,Low,1
6864-VJEKP,1,0.259,Medium,1
7392-HELAQ,1,0.7079,High,0
8805-TMAZT,0,0.0076,Low,0
2815-IDNHH,0,0.0076,Low,1
4034-ROJIN,0,0.9097,High,0
7456-IYWXF,0,0.2821,Medium,1
1556-IJRPR,0,0.0326,Low,0
4422-OHKKP,1,0.8917,High,0
5406-SCVKU,0,0.2179,Medium,0
2654-BPWFB,0,0.0315,Low,0
7122-YJMJB,1,0.288,Medium,0
3310-ZZWWV,0,0.0026,Low,0
1660-EWLSD,0,0.0065,Low,0
6387-PTZAZ,0,0.1395,Low,0
9101-DGCEQ,0,0.4529,Medium,0
6822-FBUWC,0,0.0035,Low,0
7091-DGPRD,0,0.0383,Low,0
0118-JTMUM,0,0.009,Low,0
3800-OXZWD,1,0.3442,Medium,0
7239-HASRC,0,0.0048,Low,0
2018-UZUED,0,0.014,Low,1
5714-VGSTT,0,0.3316,Medium,0
9573-WFWIW,0,0.0326,Low,1
7726-YMVSH,0,0.0519,Low,0
6642-BLPOM,0,0.1558,Low,1
5710-KXKUP,0,0.0321,Low,0
3202-SDFZK,0,0.287,Medium,0
2412-MOGEN,1,0.2445,Medium,0
0128-NGCHH,0,0.1066,Low,0
3790-YUYSK,0,0.0449,Low,0
1154-TGNRP,0,0.4748,Medium,0
8392-DVXRI,0,0.0137,Low,0
3620-POHQG,0,0.3208,Medium,0
6379-CPWCA,1,0.6602,High,0
7315-KSSUW,0,0.2378,Medium,0
7249-YDEXK,0,0.6026,High,0
7875-MUDKH,0,0.2755,Medium,0
5888-FAFLU,0,0.0086,Low,1
5013-BCOFF,1,0.8169,High,0
4420-RMUMH,0,0.0032,Low,0
4664-JNEGC,0,0.0216,Low,1
9022-KUEVP,0,0.4125,Medium,0
4882-GHSUE,0,0.7112,High,0
5788-SSOHN,0,0.1198,Low,1
9124-JKKZI,0,0.211,Medium,1
1512-JLAAB,0,0.461,Medium,0
5937-IFLYA,1,0.5952,High,1
5240-BJFBA,0,0.0054,Low,0
1635-ORFWW,1,0.8946,High,0
5933-LNIXN,0,0.7802,High,0
4083-EGPHG,0,0.0964,Low,0
0301-DRXDO,0,0.1181,Low,0
0616-DHVFD,1,0.7097,High,0
0892-URLLW,0,0.7041,High,0
1809-KQPZH,0,0.223,Medium,1
5622-AIVEX,0,0.0037,Low,0
8256-WVQHP,0,0.02,Low,0
5333-AWNBB,0,0.3713,Medium,1
9309-PJMQG,0,0.1168,Low,0
1419-XMPBV,0,0.1036,Low,0
5528-ZFULF,1,0.2679,Medium,0
1983-RRTCW,1,0.6385,High,0
8603-FHZVF,1,0.5471,High,0
8896-WWGRE,0,0.0068,Low,0
6205-PYILG,0,0.0074,Low,0
5220-JKTIK,0,0.0146,Low,0
5561-CEPGS,0,0.0307,Low,0
5341-YORXZ,1,0.8157,High,1
8304-YKGND,0,0.0289,Low,0
8431-FKMRJ,0,0.166,Low,0
6077-TEIRV,1,0.7923,High,0
4937-GKCYS,1,0.7084,High,0
9708-CZBWQ,1,0.7424,High,0
9403-TPPIY,0,0.0098,Low,0
9338-NOUBP,0,0.0293,Low,0
9225-TJZKI,0,0.0108,Low,0
2005-GZFVQ,0,0.0021,Low,0
0794-WILSR,0,0.0548,Low,1
4957-WUOUK,0,0.171,Low,0
3002-FDERM,0,0.0429,Low,0
4577-PMZBG,0,0.202,Medium,1
9880-PTYQV,0,0.0473,Low,0
7569-KLCZV,0,0.0799,Low,0
5960-DMZVA,0,0.0731,Low,1
2932-VRYYW,0,0.214,Medium,1
2602-BIPEV,0,0.0167,Low,0
3754-XVFWP,1,0.6365,High,0
2666-YMONN,0,0.6991,High,1
6083-OOKMV,1,0.8617,High,0
8970-MCTTM,0,0.0688,Low,1
7877-FTELT,0,0.1348,Low,0
3698-IZIBJ,0,0.1006,Low,0
8616-BTUBF,1,0.2323,Medium,1
8259-XHIIA,1,0.0779,Low,0
0690-IXHID,1,0.5262,High,0
4915-EEKFF,0,0.0325,Low,0
5661-TREDM,0,0.0237,Low,0
3614-XWMSE,0,0.0673,Low,0
3567-TINRF,0,0.0078,Low,0
2897-JLOVJ,1,0.8566,High,0
4427-TQNLZ,0,0.0327,Low,0
5060-TOVOB,0,0.2535,Medium,0
7362-FOWBD,1,0.7212,High,0
6183-YUWUK,0,0.6451,High,0
3077-EOXWG,0,0.0879,Low,1
1203-SKZAJ,0,0.1744,Low,0
8904-EWWDS,1,0.5456,High,0
5112-RSCTA,0,0.6714,High,1
4043-OOFON,0,0.1487,Low,1
0698-RJDKY,1,0.6561,High,0
6455-JTPPU,0,0.7591,High,1
8292-SDBKM,1,0.9298,High,1
7425-TEBZX,0,0.0208,Low,0
2234-ODPQL,0,0.0094,Low,1
2274-LMLLX,0,0.0214,Low,0
9455-MFMFE,0,0.5185,High,0
7915-SDOEC,1,0.3613,Medium,0
3505-TPMCO,1,0.7694,High,1
7208-EMVFD,0,0.1298,Low,0
8511-BSCBR,1,0.7985,High,0
2979-HWBBT,0,0.1024,Low,0
3950-VVIUC,0,0.1142,Low,0
1823-HSBLP,1,0.6418,High,0
0007-OEXEU,0,0.2399,Medium,0
4279-VSOEO,1,0.4441,Medium,1
1955-CVTDZ,0,0.1002,Low,0
8339-QZIPR,1,0.8409,High,0
8254-WYGSS,0,0.6888,High,0
4390-KMWMI,1,0.8745,High,0
3277-EGJTW,0,0.1762,Low,1
4663-DAJDQ,0,0.0379,Low,0
4385-EFHAN,0,0.1049,Low,0
3214-KXJPD,0,0.631,High,0
9367-YOYLK,1,0.8353,High,0
2456-YNWIH,1,0.4311,Medium,0
3046-PKRRF,1,0.57,High,1
3628-VSEZD,0,0.0173,Low,0
6129-YHPXX,0,0.0077,Low,0
7620-IWCNE,0,0.0345,Low,0
7083-IQSUY,0,0.1345,Low,0
2673-SMJRP,1,0.6991,High,0
4779-QHAVS,0,0.7567,High,0
5399-VABFM,1,0.1216,Low,1
7168-YYBIT,1,0.8822,High,0
2556-YQZJQ,0,0.0173,Low,0
5071-PDGTY,0,0.0089,Low,0
2640-NGQBJ,0,0.0042,Low,1
9236-NUPAL,0,0.131,Low,0
9683-SAOTM,0,0.2476,Medium,1
1851-BMBEJ,0,0.0074,Low,0
1253-IOUAY,0,0.0043,Low,0
4063-JBACL,0,0.0061,Low,1
4175-XTSWA,1,0.9455,High,0
5239-GTZBB,0,0.0079,Low,0
7757-JTWQT,0,0.1747,Low,0
8712-OSKUL,1,0.6421,High,0
5036-SQMYY,0,0.0069,Low,0
2653-LPSUJ,0,0.0269,Low,0
2288-HQLWH,0,0.0264,Low,0
0114-XBXGB,0,0.173,Low,0
8013-LABVU,0,0.0116,Low,0
4349-GNUAW,0,0.1503,Low,0
2005-WORXF,1,0.5371,High,0
0039-OEXCQ,0,0.0032,Low,1
9190-UFBXY,0,0.0077,Low,0
4131-BTODO,0,0.0098,Low,0
4440-EWCYF,0,0.0158,Low,0
9308-PWQLO,0,0.0013,Low,0
0986-SDZOO,1,0.8169,High,0
2510-NUUDV,1,0.6833,High,0
2385-JEVEF,0,0.033,Low,0
8349-DVKQO,1,0.1366,Low,0
8731-KKNUM,0,0.0686,Low,0
0300-AEZQU,1,0.3372,Medium,0
6029-BYZEU,0,0.0482,Low,1
1506-OONRY,0,0.0564,Low,1
5067-WPMQL,0,0.0387,Low,0
3130-VXJRZ,0,0.0081,Low,1
3763-ZPLOU,0,0.2243,Medium,1
9237-GADER,1,0.6947,High,0
9791-JHSMO,0,0.0571,Low,0
5827-YVUUU,0,0.2164,Medium,0
0988-ZLSCY,0,0.5255,High,1
7461-OAOUV,0,0.188,Low,0
0375-OVLIH,0,0.0253,Low,0
7249-YWEPL,1,0.7982,High,0
9297-MYNQP,0,0.7923,High,0
4492-FRKHG,1,0.5465,High,0
6073-WDJYD,1,0.5738,High,1
0450-SFMBR,0,0.4667,Medium,1
5774-DLDOA,0,0.008,Low,0
5667-EBMUD,0,0.053,Low,1
4778-ILGHT,1,0.4149,Medium,0
0475-BLREH,1,0.8356,High,1
1395-DUNGU,0,0.0026,Low,0
6159-DFTGW,0,0.0022,Low,0
1584-FYKIU,0,0.3597,Medium,0
9254-ZNXRA,0,0.0026,Low,0
3349-NBSZU,1,0.9134,High,0
3518-LEOLU,0,0.0219,Low,1
3532-XZMPJ,0,0.0295,Low,1
7852-LJNRM,0,0.0853,Low,1
0501-SPXMN,0,0.3015,Medium,0
5120-SILFV,0,0.2924,Medium,0
3633-ZIFYE,1,0.0553,Low,1
9348-VYALF,1,0.3879,Medium,0
5235-EAODX,1,0.6171,High,1
6205-SAFRI,0,0.2745,Medium,0
5919-FAEUP,0,0.2432,Medium,0
3061-JIQTC,0,0.0324,Low,1
1846-TAJNB,0,0.5597,High,1
1814-JSBXE,0,0.124,Low,0
9743-EYNRR,0,0.0073,Low,1
0162-DNENJ,0,0.1215,Low,0
0247-YEPVT,0,0.0047,Low,0
4905-ACDMP,0,0.0707,Low,0
4563-ASWUL,0,0.3631,Medium,0
3291-UAPRV,0,0.0044,Low,0
9798-BQLHI,0,0.3073,Medium,1
4209-YCNVM,0,0.1894,Low,0
7686-JOZDM,0,0.0158,Low,1
4728-ZUWCM,0,0.0172,Low,0
8550-ZPGOS,0,0.0044,Low,1
7522-WKIZL,0,0.001,Low,0
1145-HOXWE,0,0.0418,Low,0
4537-FBSGO,1,0.751,High,0
9459-VYCAF,0,0.3677,Medium,0
1178-SQZCF,0,0.0044,Low,0
2399-YXXJI,1,0.262,Medium,0
6271-EORQD,0,0.2432,Medium,0
1080-HOSIF,1,0.7618,High,0
2750-LCCTZ,1,0.1071,Low,1
1090-GWJAS,0,0.0848,Low,0
0362-KRLQS,0,0.2021,Medium,0
0777-DQWEI,0,0.2808,Medium,0
3100-UIECY,0,0.0454,Low,0
5399-VZIYL,1,0.2782,Medium,0
2518-GWLUJ,0,0.3034,Medium,1
4392-XXYMH,0,0.2569,Medium,0
7905-QDBPM,0,0.1965,Low,0
5956-XKKKZ,0,0.0617,Low,0
5708-OFJBM,0,0.1842,Low,0
4168-BTBRL,0,0.0745,Low,0
4178-OUDMA,0,0.0487,Low,0
5422-MUGYI,0,0.0271,Low,0
4020-TOFQG,0,0.1944,Low,0
0029-HDNXH,0,0.1796,Low,0
8918-LHUOA,1,0.4737,Medium,0
3063-EGXYB,1,0.0899,Low,0
8539-OIOQX,1,0.3695,Medium,0
2624-STBCO,0,0.0124,Low,0
6568-CRPAF,1,0.7615,High,0
2958-QMQUD,0,0.0009,Low,0
0750-NOTOE,0,0.0112,Low,0
3123-MFLYT,0,0.0026,Low,0
5972-DKMUP,0,0.895,High,1
6205-CMMAP,0,0.2244,Medium,0
8495-SGUTX,1,0.8007,High,0
8484-MGLBD,1,0.3859,Medium,0
0550-AGEME,1,0.8069,High,0
2058-BNDGU,0,0.2656,Medium,0
0816-AQEOY,1,0.2283,Medium,0
2323-CNRQD,0,0.0211,Low,0
4037-VPKTN,1,0.2647,Medium,0
9866-QOLTL,1,0.8474,High,0
3508-FOAHL,0,0.1063,Low,0
4104-UVYPM,0,0.0235,Low,0
4300-ENWZL,0,0.0134,Low,0
4941-ARAUS,0,0.0133,Low,0
6360-JJTPG,0,0.0125,Low,0
4447-PHALS,0,0.001,Low,0
3262-JRLTK,0,0.0013,Low,0
8047-OREXV,0,0.0068,Low,0
9520-LEEST,0,0.0331,Low,0
1220-SLWHB,1,0.7516,High,0
0385-LTWCG,0,0.0014,Low,0
0445-QCHOG,0,0.0274,Low,0
6611-JLTGP,0,0.0018,Low,0
8883-WBJCH,0,0.0159,Low,0
2990-RVMGS,0,0.1712,Low,0
1450-BUHJV,0,0.6898,High,0
1108-EFDDA,0,0.0022,Low,0
8126-KVVLE,0,0.0054,Low,0
3050-AXIUF,0,0.0097,Low,1
8300-MVYMB,1,0.6516,High,0
1021-XEPWT,1,0.6443,High,0
2376-QIRZC,0,0.0022,Low,1
3601-INXMK,1,0.2793,Medium,0
4201-URBIS,1,0.2706,Medium,1
5112-STOPG,0,0.0035,Low,0
2962-CIUZY,1,0.8312,High,1
0615-EUICH,0,0.7483,High,1
5742-EMIEC,1,0.8361,High,0
7750-ADLQR,1,0.859,High,1
6993-XQVUV,0,0.0504,Low,0
5390-VSBLT,0,0.0022,Low,0
0049-FECZU,0,0.099,Low,0
0458-CWMQP,1,0.8227,High,1
1550-BBTQU,1,0.8503,High,0
1309-IIERJ,0,0.8684,High,0
6218-NXGZY,0,0.0359,Low,1
0570-MLGDB,1,0.2241,Medium,0
5665-DJVLR,0,0.4571,Medium,0
0797-EZMEI,1,0.3993,Medium,0
3179-BTEHR,0,0.2716,Medium,1
4661-KVKOC,1,0.6225,High,0
5193-YSTCG,1,0.763,High,0
3061-PFZZG,0,0.0037,Low,0
6427-UIVEG,0,0.0044,Low,0
7884-ILJRQ,0,0.3632,Medium,0
9128-EOQYT,1,0.4018,Medium,1
7352-SCGMB,0,0.0169,Low,0
0186-DFBSY,0,0.4395,Medium,0
6410-UUPTX,0,0.3939,Medium,0
4220-QQNNZ,0,0.008,Low,0
3474-FRBUU,0,0.0047,Low,0
5682-EAKPV,0,0.062,Low,0
2650-CIKQG,0,0.0714,Low,0
1246-TIOQQ,0,0.0983,Low,1
1097-KIEJN,0,0.0043,Low,0
2320-GCBSW,0,0.3648,Medium,0
6278-HIPEN,0,0.4492,Medium,0
6587-JNFBK,1,0.162,Low,0
8816-BMPJD,0,0.2247,Medium,0
5033-RSLJB,0,0.0255,Low,0
8011-XAYSC,0,0.0021,Low,0
1600-IAURT,0,0.0155,Low,0
9608-CDZWP,0,0.0311,Low,1
8310-EOVUO,1,0.5273,High,0
5134-DBEBT,0,0.0151,Low,1
4027-XMGGE,0,0.0569,Low,1
6075-JTEMC,0,0.2316,Medium,1
6812-NZKFD,1,0.4069,Medium,0
2524-XUXZK,0,0.0271,Low,0
5450-BZSMG,0,0.8106,High,1
0841-SLPTJ,0,0.0023,Low,0
6833-WOEXU,0,0.4782,Medium,0
0526-JNMLG,0,0.0546,Low,0
0791-TOQOO,0,0.0069,Low,0
9925-JUKLT,0,0.0786,Low,0
1365-QPHTD,0,0.0067,Low,0
3088-XILSZ,0,0.1114,Low,0
0205-WLVCL,0,0.8442,High,0
7622-PNVKK,0,0.1675,Low,0
2781-SOZHG,0,0.1544,Low,1
0643-YGTVO,0,0.6849,High,0
0732-ALBIF,1,0.7878,High,0
0833-KDZPV,0,0.0259,Low,0
2292-VSBHV,0,0.0049,Low,0
1081-SVKQZ,1,0.459,Medium,1
2629-RNATK,0,0.2498,Medium,0
7849-MAQQF,0,0.0044,Low,1
0910-NZBLU,0,0.0471,Low,0
5994-OZCND,0,0.0822,Low,0
0559-BWVVB,0,0.3109,Medium,1
1096-NPCQE,0,0.0104,Low,0
2928-OWFFZ,0,0.3374,Medium,0
0328-NYPAS,1,0.8652,High,0
4002-GBTYR,0,0.0088,Low,1
5074-GZRVU,1,0.5957,High,0
6509-EXIUI,0,0.0117,Low,1
6349-JJXWM,1,0.3649,Medium,0
3058-RDJYO,0,0.0018,Low,0
1812-BEBSQ,0,0.0035,Low,1
4800-WUHGU,1,0.9464,High,0
5441-UGHHU,1,0.1669,Low,0
0452-FZSYG,0,0.0404,Low,1
3766-USVNY,0,0.0017,Low,0
2330-HITJD,0,0.1968,Low,0
0875-VPVUA,0,0.0121,Low,0
6809-JGWPX,0,0.0112,Low,1
8994-VJPYP,0,0.2052,Medium,0
3569-MYSKV,0,0.0343,Low,0
6856-KDXLY,1,0.7148,High,1
9896-PLJPP,0,0.1331,Low,0
9254-RTBXS,0,0.1798,Low,0
0186-QLEDB,0,0.0685,Low,0
4853-VDNVW,0,0.0893,Low,0
3259-UDXMN,0,0.2252,Medium,0
7718-ZYBTN,0,0.0052,Low,1
8501-IKPBN,0,0.088,Low,0
3015-UOGBU,1,0.6316,High,0
4901-UYSNZ,1,0.4893,Medium,0
7494-PNBBQ,0,0.7703,High,0
1997-AKKOF,0,0.009,Low,0
8155-RMBBS,1,0.679,High,0
6498-CFOOU,0,0.5793,High,0
9674-FQUWJ,1,0.2526,Medium,0
8831-AACOG,0,0.0729,Low,0
6681-YOHPQ,0,0.4805,Medium,0
7816-HWMJI,0,0.2663,Medium,0
6798-UAQDL,1,0.7204,High,1
0354-SWEIV,1,0.0256,Low,1
9664-YYWQN,0,0.0036,Low,1
2037-BPVYG,0,0.7819,High,0
3278-SSBPI,1,0.7554,High,0
5863-VFFVS,0,0.0015,Low,0
9750-GVCPT,0,0.0101,Low,1
7336-QDIIE,1,0.0681,Low,0
4583-BSYOK,0,0.0689,Low,0
1130-GYOII,0,0.0473,Low,1
9435-BEKIB,1,0.8342,High,0
4767-WQVZC,0,0.2326,Medium,0
6160-HIUEC,0,0.0336,Low,1
2672-FHAYG,0,0.1745,Low,0
5518-DPJFU,0,0.0018,Low,1
4093-WHQLN,1,0.4113,Medium,0
8489-QQPTL,0,0.0053,Low,1
5038-QDNSG,0,0.2143,Medium,0
8393-BFSXU,1,0.1359,Low,0
1457-WTYCS,0,0.0016,Low,0
8131-ARNJW,1,0.8277,High,0
6453-QWJWA,0,0.0335,Low,0
5268-PILCH,0,0.1049,Low,0
0144-LSHWJ,1,0.815,High,0
7602-CSAPM,0,0.0054,Low,0
5978-CWHPE,1,0.2637,Medium,1
5822-ILGKK,0,0.023,Low,0
5721-QRKWV,0,0.1109,Low,0
0069-VCVWJ,1,0.1071,Low,1
7411-ALVLD,0,0.0297,Low,0
4878-CVQAU,0,0.8792,High,0
0291-CSQZO,1,0.5524,High,0
9247-RUMTI,1,0.6451,High,0
1259-IJJRN,0,0.1585,Low,0
0877-TKIKW,0,0.4015,Medium,0
6729-TLLKT,0,0.0067,Low,0
2587-POYYJ,0,0.0075,Low,0
5135-QHJNL,1,0.6252,High,1
6664-RJKCA,1,0.5076,High,1
1679-BNRNJ,0,0.2264,Medium,0
2649-AYAOZ,0,0.098,Low,1
2868-WGHVW,0,0.4044,Medium,0
7950-UBYUJ,0,0.0055,Low,0
7427-FCNEU,0,0.0133,Low,1
9973-FWVEA,0,0.1899,Low,0
4116-JZTXP,1,0.8376,High,0
5868-FSSGW,1,0.8233,High,0
8670-IFEFL,0,0.1794,Low,0
9124-FZYAT,1,0.6191,High,1
2899-CKWEA,0,0.0102,Low,0
3814-CTZKG,1,0.3043,Medium,0
3131-TFMGM,0,0.4625,Medium,0
1636-FWHIX,0,0.0392,Low,0
5430-AYKYW,1,0.4649,Medium,1
3836-MHRJO,0,0.0087,Low,0
2021-PWINR,0,0.0456,Low,0
0675-UMOOS,0,0.0319,Low,0
8919-LDDNA,0,0.2832,Medium,0
5583-XDXWN,1,0.7753,High,0
3759-HQFVR,0,0.2303,Medium,0
0513-HDFUF,0,0.1577,Low,1
7014-LILHH,0,0.0055,Low,1
3089-PGFJX,0,0.0654,Low,1
1964-BMSFE,0,0.0153,Low,0
8108-BVVRV,1,0.7632,High,1
2039-UTCXV,1,0.774,High,0
1864-ALHAU,0,0.1067,Low,0
9589-UULQF,0,0.4441,Medium,0
1832-DNKMX,0,0.4779,Medium,0
9064-YFPDS,1,0.629,High,1
7974-HJBYQ,1,0.1172,Low,0
8825-UIKXA,1,0.4266,Medium,0
7307-IBTXA,1,0.8289,High,0
1502-VRWNE,0,0.4326,Medium,0
1620-AORMI,0,0.0929,Low,0
7641-BJPCW,0,0.095,Low,0
8372-VHWJO,1,0.8839,High,1
9532-PXZIG,0,0.0122,Low,1
2753-OGDQR,0,0.208,Medium,0
8492-RPLKY,1,0.6402,High,0
8136-UAWTK,0,0.0274,Low,0
4077-WJGWT,0,0.0145,Low,1
0666-ENLDU,0,0.5403,High,1
9302-NFDEA,1,0.665,High,0
8115-USFQY,0,0.002,Low,0
2954-GGSFC,0,0.0603,Low,0
5026-IZRUH,0,0.0104,Low,1
1370-IBNDG,0,0.6055,High,1
6706-ZURAN,0,0.0221,Low,0
0064-OTOJV,0,0.005,Low,0
5203-ISHQH,0,0.0061,Low,0
3168-LJTGC,0,0.0048,Low,0
0391-MQWNM,0,0.2795,Medium,0
7061-HSWBA,0,0.175,Low,0
0927-XIMCH,0,0.2196,Medium,0
5711-AISYZ,0,0.2684,Medium,0
2999-QYCPX,1,0.9023,High,0
9478-HCHPL,0,0.0017,Low,0
7780-FBKQL,1,0.8605,High,0
3230-NZWVM,0,0.0801,Low,0
0762-FWABU,0,0.2054,Medium,0
9468-WRJFW,0,0.0198,Low,1
4809-TUPJT,0,0.0932,Low,0
3526-CUXMF,0,0.2902,Medium,0
8328-OEVZB,0,0.651,High,0
9559-QLIJF,0,0.0388,Low,0
7232-YSLHK,0,0.4997,Medium,0
8144-LBFQP,0,0.0314,Low,0
7229-HAGTW,1,0.2761,Medium,1
8729-TYAFB,0,0.0684,Low,0
1684-TFHDE,0,0.006,Low,0
6794-XESUD,0,0.0045,Low,0
4616-CBMQG,1,0.2144,Medium,1
7571-UASQZ,0,0.0061,Low,0
1428-VRNPW,1,0.3734,Medium,0
7983-TIDLU,0,0.0083,Low,0
3994-VPWNM,0,0.4353,Medium,0
8627-CVNAF,0,0.0111,Low,1
2444-CXTFD,0,0.0025,Low,1
2118-KBSHY,0,0.0834,Low,0
7540-FYCTC,0,0.0019,Low,0
9309-XFQZM,0,0.0029,Low,0
4546-EJDMS,0,0.0103,Low,0
5757-CABXU,0,0.0026,Low,0
3024-YDRAO,0,0.0622,Low,0
4511-CYCXR,0,0.079,Low,0
5124-DYXGC,1,0.6631,High,0
8401-KAJKK,0,0.0987,Low,0
7488-LVVDB,0,0.1216,Low,1
6202-LOTJE,0,0.6942,High,1
6494-AGTWY,1,0.9249,High,0
7691-QSCUJ,1,0.3715,Medium,0
4538-LTMBK,0,0.3014,Medium,0
7604-JPZPU,0,0.3168,Medium,0
7128-UCHIQ,1,0.2672,Medium,1
3361-QFNRX,1,0.0818,Low,0
2533-SPWZJ,0,0.0094,Low,0
5010-KBWLU,0,0.1525,Low,0
0407-XYEXX,0,0.002,Low,0
4761-RGAMR,0,0.0371,Low,1
5107-ZNZUI,0,0.0213,Low,0
2402-UPTCV,0,0.1436,Low,0
9387-TICPX,0,0.0783,Low,0
9892-XOLTS,1,0.5214,High,0
8808-FYQTT,0,0.3646,Medium,0
9834-UKJKK,0,0.0544,Low,0
8801-YVUMG,1,0.528,High,0
9689-PIBRU,0,0.2625,Medium,0
9829-YOYFZ,1,0.6733,High,0
2911-VOJLR,1,0.2101,Medium,1
7290-PLJSJ,1,0.9397,High,0
0410-MSKRZ,0,0.0233,Low,0
2343-ZCPEK,1,0.5876,High,0
7820-HSZGO,0,0.7255,High,1
4789-XSABA,0,0.3667,Medium,0
8411-IHZNQ,0,0.0251,Low,0
9554-RCFOW,0,0.2267,Medium,0
0013-FTNRN,0,0.0666,Low,0
2494-UKMVF,0,0.0156,Low,0
9241-WXATS,1,0.5372,High,0
2612-YYNKV,1,0.9013,High,0
5757-YNMBF,0,0.005,Low,0
7415-QXSQV,1,0.4369,Medium,0
8278-EHFDC,0,0.0017,Low,0
2889-PKDOO,1,0.649,High,0
8689-AAXPE,0,0.0024,Low,1
7353-YTGRH,0,0.0586,Low,1
5412-BFDYJ,0,0.6947,High,0
1183-QXGFP,1,0.2603,Medium,0
9265-NOEFV,0,0.0105,Low,1
4747-TVBXJ,0,0.0161,Low,0
6459-DUJWS,0,0.3399,Medium,0
6969-DNNOY,1,0.5491,High,0
9378-JWKLP,0,0.0053,Low,0
6635-DKZXU,0,0.0021,Low,1
7334-ESBTR,0,0.3131,Medium,1
2917-YOWFH,0,0.056,Low,0
0456-TMLNF,1,0.795,High,0
5727-RKTBT,0,0.2736,Medium,0
8042-OCAFH,0,0.1734,Low,1
7820-BYMTE,0,0.0897,Low,0
4910-DKJYL,0,0.1255,Low,0
2513-CLAIW,0,0.068,Low,1
9401-MXLMF,0,0.2502,Medium,1
5561-QKRUT,0,0.0318,Low,0
3231-KMBSC,0,0.0196,Low,0
6788-BGAYA,1,0.6624,High,1
2590-ZZBHP,0,0.0843,Low,1
9276-OPFOR,1,0.1862,Low,0
5840-NHBLY,0,0.1115,Low,0
1326-YRCBK,0,0.1034,Low,0
1396-HGSGA,0,0.0138,Low,0
7068-RDAOS,0,0.0472,Low,1
9363-VBWJV,1,0.1846,Low,1
7330-XMCJK,1,0.6221,High,0
1967-FFYCA,0,0.002,Low,1
2763-EEURW,0,0.4793,Medium,1
1692-UGPMG,0,0.3922,Medium,1
6792-LFFRN,1,0.2382,Medium,1
5951-EMZBB,0,0.0055,Low,1
7801-QXUGK,0,0.075,Low,0
5048-UAYPZ,0,0.0781,Low,0
3535-ARRFW,0,0.0677,Low,0
6961-LHYRL,0,0.1837,Low,0
9035-DEYNB,1,0.4669,Medium,0
5600-HTPNY,0,0.1832,Low,0
7967-DNQQZ,1,0.8751,High,0
5009-IXRXG,0,0.0159,Low,1
3408-HOSDL,1,0.7403,High,0
7645-ATIWU,1,0.5284,High,0
6159-VVTKN,0,0.0825,Low,0
0796-VWLSG,0,0.0139,Low,0
1149-LLEKD,0,0.2612,Medium,0
6062-UNDNZ,0,0.0067,Low,1
6478-XDBRP,1,0.2621,Medium,1
1723-YMWHJ,0,0.0347,Low,0
0367-XSERE,0,0.0054,Low,0
6882-ZCYBN,0,0.1625,Low,1
1249-OTDNR,0,0.4472,Medium,0
0795-KSPLL,0,0.0441,Low,0
9904-WSVBC,0,0.103,Low,0
6018-BSSCN,1,0.6791,High,0
7928-SEVUD,1,0.4207,Medium,0
4192-CMZRS,0,0.1103,Low,0
4188-DOQZI,0,0.4134,Medium,0
2294-OQTZV,0,0.255,Medium,0
9689-SMJOC,0,0.1359,Low,0
3393-SXUAR,0,0.0085,Low,1
6858-KDIML,0,0.0061,Low,0
8530-RBUAL,1,0.6259,High,0
9178-SIOPM,0,0.0023,Low,0
1077-QWPSD,0,0.0052,Low,0
3224-WVSKU,1,0.7888,High,0
2685-QSWAB,0,0.5536,High,1
9684-KWFUO,1,0.1043,Low,0
2507-PTTNT,0,0.0045,Low,1
6760-QVSSB,0,0.009,Low,0
5024-VXGCU,0,0.0142,Low,0
4573-KKCAU,0,0.1938,Low,1
4910-KWECF,1,0.5046,High,1
2201-ECKMX,1,0.6531,High,0
7006-NSLEK,0,0.292,Medium,0
2776-ITKTY,0,0.0708,Low,0
2863-XUGEZ,0,0.2075,Medium,0
2764-SLDJZ,1,0.4377,Medium,0
3668-LZNQT,0,0.0147,Low,0
0096-EYUHP,0,0.0337,Low,0
3613-MRUEN,0,0.2874,Medium,1
0825-SXDVT,0,0.2837,Medium,0
2483-IJDSO,0,0.018,Low,1
6140-ZNBGQ,0,0.0648,Low,0
0388-NKFZG,1,0.3059,Medium,0
7989-UWWDH,0,0.0368,Low,0
6176-NNJXU,0,0.1763,Low,0
0853-MCROW,0,0.2268,Medium,1
4074-VNBWT,0,0.0105,Low,1
0013-EZLSM,1,0.8231,High,1
5235-DUIJD,0,0.033,Low,0
1286-NZQRF,0,0.0035,Low,0
9025-HSPLK,1,0.1429,Low,0
2190-UKIHP,0,0.1362,Low,0
9712-HEPEZ,0,0.0032,Low,0
3886-JBWGZ,1,0.0552,Low,0
4643-LGDVC,1,0.574,High,0
1995-GJZTV,0,0.6803,High,0
1600-KVZSR,0,0.7904,High,1
1374-HJQPU,1,0.2751,Medium,0
3002-YQBXY,0,0.073,Low,0
8690-LFEXI,0,0.0059,Low,0
5503-PFWYK,0,0.7204,High,1
7229-DHKEW,0,0.004,Low,0
3703-RVMBO,1,0.7932,High,0
1523-RVKTK,0,0.0087,Low,0
5508-OBFBZ,0,0.0058,Low,0
0515-LJDTN,0,0.8072,High,1
6710-XRGXC,0,0.0033,Low,0
4995-ZERCH,0,0.0422,Low,1
8307-LOQPT,0,0.0466,Low,0
6201-QOUXO,0,0.3454,Medium,0
6346-KANUA,0,0.1722,Low,1
9432-TQDGF,0,0.029,Low,1
3024-YSPLN,1,0.6051,High,1
7191-DYDQA,0,0.4557,Medium,0
5161-JMGFY,0,0.7761,High,0
7936-EWPKR,0,0.2455,Medium,0
6677-LDOSF,1,0.5567,High,0
7390-RILBU,1,0.3113,Medium,1
8346-HADNZ,1,0.1682,Low,0
6025-DXAMW,1,0.5594,High,1
7168-VPQJF,0,0.0148,Low,0
7985-WAPPJ,1,0.6651,High,0
9793-TBNWB,0,0.1327,Low,0
8783-SOHCX,0,0.0086,Low,1
6141-NIVCD,1,0.4719,Medium,0
8847-XJTTR,1,0.3104,Medium,0
9956-EEYOB,0,0.3889,Medium,0
4168-ZCZEH,0,0.019,Low,1
7964-DUVRI,0,0.1529,Low,0
5128-FTVHX,0,0.0047,Low,0
9402-PFELS,0,0.6319,High,1
7566-LSOTR,0,0.0051,Low,0
8335-LEEPD,0,0.3126,Medium,0
3201-PMYMC,1,0.3325,Medium,0
7230-XBIPS,0,0.4253,Medium,0
6556-MLIKQ,0,0.0508,Low,1
4986-YYQWI,1,0.8326,High,0
8780-ZPIRQ,0,0.1577,Low,0
3952-TNLMY,0,0.5639,High,0
7869-QWUNT,0,0.0024,Low,0
8259-DLDOY,0,0.0492,Low,0
0503-FAUJJ,0,0.0023,Low,1
8143-NVJKV,0,0.5683,High,1
0177-MSLCR,0,0.3903,Medium,1
8323-XNUJL,0,0.055,Low,0
0997-KHABL,0,0.0015,Low,0
2612-XGEGI,1,0.1293,Low,1
9444-JVQQJ,1,0.8516,High,0
8154-MQEYU,0,0.59,High,0
8646-KJDZW,0,0.0109,Low,0
8391-PMPFL,0,0.0193,Low,0
5997-XMLVC,0,0.0037,Low,0
5874-IABPY,0,0.0033,Low,0
1563-BVPZU,1,0.579,High,0
7781-EVXCM,1,0.6656,High,1
3083-BSVSK,1,0.1775,Low,1
4542-WSNLV,1,0.7996,High,0
6268-JESZU,0,0.0432,Low,0
2222-RHQRY,0,0.239,Medium,0
2646-ODFOH,0,0.1535,Low,1
1000-JXBEA,1,0.7615,High,0
2767-GRNDR,0,0.0132,Low,1
5528-GWEQN,0,0.0026,Low,0
1920-OXHNT,0,0.0953,Low,1
2183-VKVDP,0,0.0046,Low,0
4914-NPUGH,0,0.0015,Low,1
9035-SWOUW,0,0.0048,Low,1
1333-NICGN,0,0.2283,Medium,0
6982-ITCWJ,0,0.1944,Low,0
3123-ORQJW,0,0.0182,Low,0
5093-CRZLO,1,0.8107,High,0
2499-SCWJJ,0,0.6136,High,0
9163-ZRIDY,0,0.1235,Low,0
1015-RDRAH,1,0.5137,High,0
4968-ZPVED,0,0.0419,Low,0
4679-MJLMD,0,0.7665,High,0
9546-ISRMU,0,0.6856,High,0
9391-ZMQTB,0,0.0338,Low,1
9856-GYCFI,0,0.0116,Low,1
0563-FCTZO,0,0.139,Low,0
9315-EFPPU,0,0.0974,Low,0
4119-XYIMN,1,0.3091,Medium,0
5666-LEFLB,1,0.2258,Medium,0
1295-CZCTT,1,0.817,High,0
7168-AAXAG,0,0.049,Low,0
9759-TNHXZ,1,0.6493,High,0
2491-DGYZW,0,0.5737,High,0
9182-CXFGN,0,0.0248,Low,0
2069-ZZBAG,0,0.3968,Medium,0
2995-KEEYH,0,0.0298,Low,0
5586-DCCQI,1,0.7358,High,0
7247-FDNBQ,0,0.0766,Low,0
2712-VKQAT,1,0.0365,Low,1
5118-JVBAO,1,0.2662,Medium,0
3991-DYPBO,1,0.31,Medium,0
4715-SHUOL,0,0.0152,Low,0
6890-TGGKQ,0,0.0712,Low,1
7501-VKYYR,0,0.0085,Low,0
3710-VHINF,0,0.2109,Medium,0
9635-SIRZG,1,0.8109,High,0
3917-JLTEZ,0,0.3336,Medium,0
5179-UKRWH,0,0.0792,Low,0
1954-VWLLM,0,0.0521,Low,0
3766-KVZTV,0,0.0134,Low,0
6721-SLCAM,0,0.0803,Low,0
1381-PSCHO,0,0.0046,Low,0
8340-RZACN,1,0.2093,Medium,0
6144-TLNLL,0,0.0024,Low,1
8898-JKAHJ,0,0.0737,Low,0
7105-QHZIH,0,0.0043,Low,0
8625-NMXVN,1,0.3022,Medium,1
6664-UOOEY,0,0.0493,Low,0
4093-AMYKC,0,0.0036,Low,0
5809-AQQOQ,0,0.0303,Low,0
6619-UHGMQ,0,0.3094,Medium,0
2952-QIMEL,1,0.5668,High,0
2642-DAZPU,0,0.0765,Low,1
1090-AXCAQ,0,0.0148,Low,0
4088-DSCUW,0,0.0081,Low,0
8212-WLBOH,0,0.1695,Low,1
0331-VDKFH,0,0.0583,Low,0
0999-DRMZO,0,0.0608,Low,1
1106-VJDZH,0,0.0052,Low,0
0534-AKXAB,0,0.004,Low,0
1783-GJHDL,1,0.6826,High,0
5429-UMGAE,0,0.021,Low,0
3907-KLDXJ,0,0.0155,Low,0
4083-VMKLL,0,0.0031,Low,0
9488-BKNSQ,0,0.6149,High,0
1008-ULBJF,0,0.1667,Low,0
1356-MXZFJ,1,0.4629,Medium,1
8135-WHKOK,0,0.3394,Medium,0
6260-RQUZV,0,0.3949,Medium,1
6191-VQPMG,0,0.0112,Low,1
3703-LUZCM,0,0.548,High,1
4745-KPRWZ,0,0.0057,Low,0
1872-ZIJSA,0,0.0148,Low,0
8393-ESVYI,0,0.1968,Low,0
7331-CKZKF,0,0.0558,Low,1
4583-WVXQX,0,0.4573,Medium,0
1995-UWRNU,0,0.3867,Medium,0
2061-TFDAM,0,0.2392,Medium,0
4733-FGFBQ,0,0.0111,Low,0
5482-IITLC,0,0.0183,Low,1
9444-KOXAN,0,0.4352,Medium,0
3573-GXORT,0,0.0046,Low,0
1016-BJAKI,1,0.2581,Medium,0
2492-FSAVH,0,0.0161,Low,0
9747-YWIZH,1,0.9296,High,0
4691-UJMMS,0,0.0016,Low,0
0874-PUGGF,1,0.5184,High,1
4102-JXCTT,0,0.7741,High,0
9603-HIZOG,1,0.5936,High,0
8210-USIJC,0,0.1758,Low,0
2449-WLHJH,0,0.1492,Low,0
0157-HCSNZ,0,0.4568,Medium,1
0430-ZOHKT,1,0.6486,High,0
0164-MPRUU,1,0.8485,High,0
1093-VBMPR,1,0.864,High,0
3991-AEWJC,0,0.0163,Low,0
8811-IYVIM,0,0.002,Low,1
7225-NORMA,0,0.186,Low,1
9638-DJWDG,0,0.011,Low,1
4507-EHRVX,0,0.1695,Low,0
7853-MSKXS,0,0.1999,Low,0
9384-XEITR,0,0.0125,Low,0
2502-QLGTY,1,0.8057,High,0
9678-ZCETH,0,0.3124,Medium,0
6506-QAKWU,0,0.0309,Low,0
6791-DQHEM,0,0.0358,Low,0
3903-WFBBC,1,0.9005,High,0
7226-JFRUQ,0,0.022,Low,1
7201-KSLLA,0,0.0012,Low,0
2336-PEOFB,0,0.0206,Low,0
0883-PXMXZ,1,0.4587,Medium,0
1288-GFDEI,1,0.5889,High,0
3548-QONZU,0,0.1493,Low,0
1917-GPIQY,0,0.6327,High,0
8214-TZTQJ,0,0.0237,Low,0
0191-FKCLG,0,0.1035,Low,1
5176-PAXXP,0,0.0057,Low,0
2985-FOQQB,1,0.7171,High,0
8053-JYUPF,1,0.827,High,1
2065-YALIK,0,0.3215,Medium,0
7366-YWCZJ,0,0.0373,Low,0
3877-VUMAT,0,0.3414,Medium,1
2009-JQYGS,0,0.004,Low,1
4812-YOVDK,0,0.3219,Medium,0
3619-YQDXU,0,0.0143,Low,0
3031-QYOSA,0,0.6748,High,0
3356-PJQGU,0,0.006,Low,1
2582-DVHVC,0,0.1828,Low,0
2334-BFCZC,0,0.0409,Low,0
2050-MIQJR,0,0.1929,Low,0
3801-DEXAI,0,0.2155,Medium,0
8914-NNWRD,0,0.1281,Low,0
8062-WFPOD,1,0.7607,High,0
2001-OHECS,1,0.1072,Low,1
4240-ZHSTB,0,0.0023,Low,0
1120-MRHTC,1,0.8498,High,0
4017-XZZCM,0,0.2948,Medium,0
6042-YUFXR,0,0.2061,Medium,0
4647-GOOQI,0,0.012,Low,1
1802-HZYDO,1,0.4315,Medium,0
7199-GIGHE,1,0.6287,High,0
2694-ZJIZN,0,0.0444,Low,0
8776-LGGYO,0,0.4275,Medium,0
0943-YPOEM,0,0.1324,Low,1
2768-AFWPJ,0,0.8035,High,0
4418-PATRA,0,0.0073,Low,1
9550-NYAHA,1,0.7995,High,0
4457-CUYXT,0,0.018,Low,0
2518-FJRKI,1,0.285,Medium,0
6925-LSLST,0,0.0373,Low,0
5956-YMVQX,0,0.0026,Low,0
4284-SAMGH,0,0.0244,Low,0
7785-BQRNS,1,0.4969,Medium,0
3934-HBYOP,0,0.0125,Low,0
8106-THTSC,0,0.4048,Medium,0
8109-IRSOO,0,0.1069,Low,0
0370-VWJVU,0,0.0133,Low,0
3683-OUZZE,0,0.038,Low,0
4927-SRLIQ,0,0.0786,Low,0
0734-PTSNI,1,0.2633,Medium,1
5685-BQQWF,0,0.0155,Low,1
6154-XVAYB,0,0.0103,Low,1
4578-EXUZW,0,0.1133,Low,0
1204-GSJZY,0,0.0056,Low,0
9694-IIQJX,1,0.3835,Medium,0
4509-FDEZP,0,0.4771,Medium,0
7004-EJFSY,0,0.2713,Medium,0
7721-YAQAN,0,0.3529,Medium,1
2780-OLGKC,1,0.1639,Low,0
0483-NRFSA,1,0.7114,High,0
6947-TCMZW,0,0.0526,Low,0
6277-SHUPF,0,0.0069,Low,0
4618-PTDZL,0,0.0197,Low,1
4757-JYIOA,1,0.5122,High,0
9675-GYBZL,0,0.3415,Medium,1
3628-AXAWU,0,0.0035,Low,0
7427-IGGTZ,0,0.0251,Low,1
0734-YPGGB,0,0.0057,Low,0
6405-RACMC,0,0.0315,Low,0
6925-UMIPJ,1,0.7659,High,0
0106-PAPKH,0,0.0612,Low,0
2132-KYPLD,0,0.3171,Medium,0
7519-MAQMH,0,0.4107,Medium,0
3016-JHHFP,1,0.8484,High,0
9312-SZTBY,0,0.023,Low,0
5265-SCTFH,1,0.3115,Medium,0
1441-NEYJK,0,0.2806,Medium,0
4395-WXXSZ,0,0.0244,Low,0
8282-KKASS,0,0.6025,High,1
9682-PXZCJ,0,0.0008,Low,0
9286-FOPUU,0,0.0188,Low,0
9014-HYJIM,1,0.8126,High,0
4220-MIOME,1,0.7007,High,0
9374-QCIWI,1,0.6395,High,0
3843-POMGC,1,0.0452,Low,0
3905-QJBFL,0,0.0262,Low,1
9321-DBGTX,0,0.1316,Low,1
5378-FSFUA,0,0.0453,Low,1
1269-GUUAF,0,0.7899,High,0
1134-ENRHV,0,0.03,Low,0
9722-QONMY,0,0.2077,Medium,0
9274-AIOPS,0,0.0195,Low,0
8476-GSPXH,0,0.162,Low,0
4268-LPSFF,1,0.4579,Medium,1
6738-PQVNS,0,0.142,Low,0
9658-DDMHN,0,0.3469,Medium,0
9817-CTPWZ,1,0.682,High,0
1737-EKMGH,0,0.7148,High,0
2655-PRQKU,1,0.3829,Medium,1
0342-XMROR,0,0.0338,Low,1
1805-GTTAF,0,0.5315,High,0
0209-FXOZF,0,0.0303,Low,0
8015-BKDBM,0,0.1031,Low,0
9924-AGGGM,0,0.109,Low,0
1004-LQFKO,0,0.7554,High,0
3689-SJKUI,0,0.024,Low,0
9995-ORVQP,0,0.1078,Low,0
0434-FCQZE,0,0.085,Low,0
4887-EDGRC,0,0.4304,Medium,0
5963-XICUL,0,0.0252,Low,0
5584-AULGY,0,0.0125,Low,0
1208-TNDWG,0,0.0013,Low,1
9798-VHODM,1,0.5498,High,1
8790-DKSGZ,0,0.0037,Low,1
4827-FLDQO,0,0.106,Low,0
8618-QCSLQ,0,0.4342,Medium,0
5033-WXDYP,0,0.7369,High,0
6944-BGITY,0,0.0927,Low,1
3403-YLSCQ,0,0.0176,Low,0
9567-MWMDA,0,0.0086,Low,0
4494-HMRJS,1,0.7047,High,0
2518-VPIQR,1,0.4831,Medium,0
0591-VXSWP,0,0.2306,Medium,0
0399-GDORK,0,0.0123,Low,0
8069-SXOOO,0,0.1253,Low,0
9764-WORIC,0,0.0128,Low,0
8627-LZVSO,0,0.3174,Medium,0
4464-WFFKC,0,0.0862,Low,0
9923-BRYWK,0,0.0334,Low,0
0153-VNRQZ,0,0.001,Low,0
0687-ASJHQ,0,0.0167,Low,1
2688-GVVWQ,0,0.3019,Medium,1
2691-TQSGI,1,0.7448,High,1
3482-CVZNM,0,0.3629,Medium,0
7467-EJPSW,0,0.0191,Low,1
1257-ZBPGH,0,0.6852,High,0
1894-QKISK,0,0.0595,Low,1
2729-XEGEX,0,0.0104,Low,0
4310-TLAFZ,1,0.5078,High,0
0179-RZDHN,0,0.2253,Medium,0
7428-GOAAZ,1,0.556,High,0
4750-JJWTE,0,0.2884,Medium,0
3874-UCSKA,1,0.7324,High,1
2347-QJZXX,0,0.2429,Medium,0
6458-WWCWT,0,0.3629,Medium,0
6715-FOBDT,0,0.0612,Low,0
8852-OAEFJ,1,0.7078,High,0
8138-EYURG,1,0.4421,Medium,0
2359-OBGTM,0,0.0375,Low,1
1972-EPCEV,0,0.2924,Medium,0
7708-MZAYF,1,0.6202,High,0
8709-NLVFF,0,0.0572,Low,1
9937-VLWYE,0,0.0189,Low,0
5990-LQVJN,0,0.2,Medium,0
5636-EASQS,0,0.0151,Low,1
9816-NWKCV,0,0.0338,Low,1
2952-ZTWPN,0,0.012,Low,0
5665-AKHES,0,0.0969,Low,0
7688-MDCIG,0,0.1916,Low,0
9661-ONJCQ,0,0.3768,Medium,0
9249-QLQWF,1,0.6697,High,0
0226-INWFN,0,0.0362,Low,0
5844-YRYII,1,0.0293,Low,0
5636-LHPJY,0,0.0399,Low,0
4065-OZJXT,0,0.3184,Medium,0
7833-YZTPF,0,0.1274,Low,1
9913-SYDRB,1,0.6117,High,0
6643-VENYU,0,0.0671,Low,0
9264-LCQZW,0,0.568,High,0
0836-IHHMD,0,0.1528,Low,1
0902-HSPPT,0,0.055,Low,0
8012-UASKO,1,0.2219,Medium,0
8260-ESJLW,0,0.002,Low,1
5254-DXBAI,1,0.1876,Low,0
4675-SWMHZ,1,0.8713,High,0
3286-HNZRO,1,0.8508,High,0
8076-NDXHH,1,0.7913,High,0
1707-GMNEY,0,0.0114,Low,1
8342-SXDXX,0,0.0434,Low,0
6463-EKVXK,0,0.0035,Low,0
8197-BJFSD,0,0.1344,Low,1
0929-WILKH,0,0.0723,Low,0
9686-NITKH,0,0.1061,Low,1
2659-YZMNL,0,0.2711,Medium,1
0104-SUFTF,1,0.8629,High,1
3882-EBIGG,0,0.0115,Low,0
9205-XUZSX,0,0.0067,Low,0
7849-HEVJI,0,0.0027,Low,0
0697-HDBJJ,0,0.0035,Low,0
5067-VMFBY,1,0.6911,High,0
2676-PJLFQ,0,0.0401,Low,0
7508-XOBNK,0,0.0961,Low,1
5216-PJFJS,0,0.1671,Low,1
8857-XCCWZ,1,0.7541,High,0
4010-EOYDG,0,0.0809,Low,1
8348-UCWMD,0,0.0295,Low,0
6715-LGITT,0,0.0105,Low,0
7161-JNPMT,0,0.046,Low,1
9006-JERXX,1,0.2805,Medium,0
7972-EXEAB,1,0.6144,High,1
9077-FAROO,0,0.823,High,0
1600-PGLDG,0,0.1675,Low,1
4516-TGBIZ,0,0.5866,High,0
1444-CWNSS,0,0.0013,Low,0
0734-HXPOU,0,0.0504,Low,1
2127-POOQX,0,0.0029,Low,1
8055-LVSWL,0,0.5906,High,0
0010-TPCML,0,0.0973,Low,0
9340-XFGZI,0,0.0103,Low,0
5407-BUPHZ,0,0.2701,Medium,0
4566-LWKHJ,0,0.0306,Low,0
9770-JDQUD,1,0.7661,High,0
2306-ERBNL,0,0.0939,Low,1
2979-EHSWW,0,0.0281,Low,1
3428-AAJAI,0,0.0009,Low,0
8823-VJLAH,1,0.6474,High,0
9899-KRESH,1,0.4007,Medium,0
1442-DJOUE,0,0.0157,Low,1
2009-DNYKQ,0,0.1405,Low,1
0696-OHHXY,0,0.0223,Low,0
8324-XZYFA,0,0.0311,Low,0
2101-UBWDP,1,0.1936,Low,0
8785-FNMUB,0,0.1245,Low,1
2121-OMKQZ,0,0.0038,Low,0
9914-OQFTV,0,0.0041,Low,0
8825-WIIBH,0,0.0045,Low,0
6567-IAZFV,0,0.0416,Low,0
4149-ZGCPQ,0,0.0789,Low,0
1347-MLNNS,1,0.2442,Medium,0
2837-CRAIW,0,0.038,Low,0
8647-SDTSL,0,0.0123,Low,1
8503-NHUNG,0,0.1226,Low,1
1578-XTLVP,0,0.2905,Medium,0
5097-LLUNB,0,0.0033,Low,1
5600-QONYB,0,0.0709,Low,0
8052-KUPMD,0,0.0387,Low,0
4724-JECDY,0,0.226,Medium,0
0767-ECMOP,0,0.0057,Low,1
2360-EECOW,1,0.1741,Low,0
3461-DKLEO,0,0.0719,Low,0
2434-AGGTN,0,0.2971,Medium,0
1051-WUSCC,1,0.7134,High,0
4059-PENFR,1,0.2364,Medium,0
5894-VEMRI,1,0.8093,High,0
0133-RXNDO,0,0.3159,Medium,0
9599-FNVZV,0,0.0019,Low,1
6036-FEMSA,1,0.7313,High,0
6282-QHLMU,1,0.9168,High,0
9398-RLJLE,0,0.0235,Low,1
5521-HQGOP,0,0.0383,Low,0
7444-SKLHU,1,0.2276,Medium,0
7868-EGUCL,0,0.038,Low,1
5905-DIXBB,0,0.0165,Low,0
7720-DEKGK,0,0.0459,Low,1
8398-YYQTI,0,0.0021,Low,0
7628-NQQTX,1,0.4661,Medium,0
6265-BQTAS,0,0.0027,Low,0
0146-MYXGM,0,0.0116,Low,0
0638-WMDEJ,1,0.845,High,0
2097-XTIJG,0,0.4767,Medium,0
8527-BOTAZ,0,0.147,Low,0
1891-INCWI,0,0.0078,Low,0
4057-VNQJL,0,0.0196,Low,0
7356-ACPWY,1,0.8019,High,0
1147-SDFSL,1,0.1955,Low,0
3449-GETWU,0,0.0021,Low,0
1536-DSKLW,0,0.0341,Low,0
9809-KGCXJ,0,0.013,Low,0
0416-JKHGN,0,0.2459,Medium,0
9189-VQHRO,0,0.3971,Medium,0
8029-XGWEI,1,0.5239,High,0
2553-ZXPSW,0,0.1287,Low,1
4369-KRCYO,0,0.0039,Low,0
7862-SSERU,0,0.0053,Low,0
0950-LQSST,0,0.033,Low,1
2163-SUHBO,0,0.113,Low,0
2972-KKBTN,0,0.0598,Low,0
8699-FGSWP,0,0.353,Medium,1
8867-AWXXJ,1,0.2412,Medium,1
0903-EBNVX,0,0.4204,Medium,0
5448-SDAGF,1,0.2152,Medium,0
7317-VXDSD,0,0.2633,Medium,1
8024-WQCLW,0,0.1675,Low,0
8413-KFTQS,0,0.0592,Low,0
0371-RVOQA,0,0.0142,Low,0
3135-XRCZS,1,0.6994,High,1
1471-PNFDT,1,0.8009,High,1
4518-UQXDA,0,0.19,Low,1
9215-UXYXP,1,0.7218,High,0
4017-QFIKQ,0,0.4284,Medium,1
8761-VCEOR,1,0.6005,High,1
4984-HIPPD,0,0.6629,High,0
5326-STOGT,0,0.0138,Low,0
0254-AAUTV,0,0.01,Low,0
0602-EUNDZ,0,0.0396,Low,0
3541-ALZYH,0,0.0182,Low,0
8505-PTPIR,0,0.004,Low,0
8723-LCIUN,0,0.017,Low,0
7905-VYYGS,0,0.0672,Low,0
6698-SEDJP,1,0.5048,High,0
5243-HCMSF,1,0.6,High,0
6430-NOPSB,0,0.1859,Low,0
1189-QOQMU,0,0.3009,Medium,0
8224-GTZYL,0,0.5151,High,1
0164-VXUTJ,0,0.0579,Low,0
9689-RSPHX,1,0.3735,Medium,0
7876-IRTRK,0,0.561,High,0
9444-QRSQV,0,0.0012,Low,0
6015-IXAHK,0,0.4785,Medium,1
7986-TPWUX,1,0.8205,High,0
6262-LSGPQ,0,0.0041,Low,1
3172-MKHMG,0,0.0033,Low,0
1838-TYZPT,0,0.0226,Low,0
5444-AOKSW,0,0.0282,Low,0
5013-AHJVV,1,0.198,Low,0
3433-KSGXT,0,0.1292,Low,1
2700-JIPSR,0,0.0089,Low,0
8243-GNORZ,1,0.3488,Medium,0
1589-ITDPJ,0,0.0396,Low,1
9561-ILTPB,0,0.0015,Low,0
4252-YHYQY,1,0.7571,High,1
9182-HQGXH,0,0.5784,High,0
9901-ERHTK,0,0.0206,Low,0
4244-UMZTS,0,0.3922,Medium,0
7458-UKHLU,1,0.7778,High,0
6808-ZCRNP,1,0.3394,Medium,0
7999-FKOJQ,1,0.8225,High,0
3336-EWURU,0,0.0535,Low,1
9403-GHHOE,0,0.731,High,1
9177-TEFCG,0,0.0417,Low,1
4280-KYCUX,0,0.0235,Low,0
5165-UPJPZ,0,0.0573,Low,0
0558-CUGCP,0,0.0155,Low,1
4193-YWZWO,0,0.0016,Low,0
2836-ONTQU,0,0.2547,Medium,0
9997-APOWL,0,0.0418,Low,1
0473-CYBVF,0,0.3491,Medium,0
9837-CAFPG,0,0.0096,Low,1
1814-YTULM,0,0.0118,Low,0
2933-ZIVUW,0,0.3374,Medium,0
2037-JURHG,0,0.0795,Low,0
0730-WTWCU,0,0.183,Low,0
9781-ZMYND,0,0.025,Low,0
6873-QPAOH,0,0.1097,Low,1
0060-HAJZM,0,0.2199,Medium,1
6909-FKVDD,0,0.1182,Low,0
1967-ZYOWZ,1,0.6947,High,0
3800-HEYGN,1,0.5074,High,0
9767-TRJDX,0,0.0887,Low,1
9772-GPFXT,0,0.0023,Low,0
7520-PCDTW,0,0.0151,Low,0
4073-WCCZO,0,0.7304,High,0
9534-DJULR,1,0.8523,High,1
1187-GXOIJ,0,0.0024,Low,0
1131-HWZPI,0,0.0078,Low,0
4976-JHRYT,0,0.4615,Medium,0
3060-DFJSR,1,0.4122,Medium,1
9035-TWYBG,0,0.0163,Low,1
1523-RDLIE,0,0.4489,Medium,1
6562-DVGAN,0,0.4472,Medium,0
3377-VECNP,0,0.0161,Low,0
1262-ONUZR,0,0.1146,Low,1
4914-YRJYG,0,0.0053,Low,0
6511-KMNOK,1,0.6338,High,0
9443-CGYSQ,0,0.0151,Low,0
7472-VCDCX,0,0.0241,Low,1
9548-KSELS,0,0.0255,Low,0
7381-JSAAN,0,0.0224,Low,0
1522-MBHPH,1,0.8437,High,1
6000-QUUCA,1,0.7639,High,1
7607-EBDJV,0,0.0313,Low,0
0120-BSXKW,0,0.0054,Low,0
1475-IJTJS,0,0.012,Low,0
9065-OXTTR,0,0.0016,Low,1
6941-BBSQB,1,0.89,High,1
6836-SPMIK,0,0.0177,Low,0
8010-VSQTU,1,0.4814,Medium,1
7723-TYMYR,0,0.0021,Low,0
7710-ROIQZ,0,0.3307,Medium,0
5215-LLCWS,0,0.0016,Low,1
0571-HIQMF,0,0.0078,Low,0
9752-PRDWT,0,0.2575,Medium,0
6368-PQALE,0,0.1583,Low,0
2060-LLVHG,0,0.0728,Low,0
7768-HTXEF,0,0.0193,Low,0
5065-EUSAW,1,0.7795,High,0
3150-BWEVZ,0,0.1361,Low,0
9017-IHYQL,0,0.0019,Low,0
6106-LQYIX,0,0.2251,Medium,0
7441-MIRRJ,0,0.0102,Low,0
1391-JIDBY,0,0.2295,Medium,1
2099-LRKON,0,0.0028,Low,0
8378-HEOZE,0,0.4194,Medium,0
7766-SRHDP,0,0.2061,Medium,0
6183-MGTSZ,1,0.3571,Medium,1
8586-EVHON,1,0.5593,High,1
4758-HGVKJ,0,0.057,Low,0
0898-PTZIO,0,0.4308,Medium,1
1404-VKGST,0,0.2279,Medium,0
4353-OBEYL,0,0.0009,Low,0
4098-OZJAD,0,0.0044,Low,1
0457-XPDNA,0,0.0281,Low,0
7150-EOCUQ,0,0.0607,Low,1
0215-FPIMY,0,0.0171,Low,1
9387-JWNMH,0,0.0346,Low,0
4809-ZVYIG,0,0.0367,Low,0
9292-SJRUN,1,0.4412,Medium,0
