customer_key,customer_id,gender,senior_citizen,partner,dependents,tenure_months,tenure_bucket
1,0000-LNIVG,Female,No,No,No,32,25-48 months
2,0003-EJBEW,Female,No,No,No,65,49-72 months
3,0007-OEXEU,Male,No,Yes,Yes,53,49-72 months
4,0007-QMZHM,Female,No,Yes,No,6,00-12 months
5,0007-UXQSC,Male,No,No,No,34,25-48 months
6,0008-ENSZV,Male,No,Yes,Yes,17,13-24 months
7,0009-CUYVX,Male,No,Yes,Yes,6,00-12 months
8,0010-TPCML,Female,No,No,No,19,13-24 months
9,0013-ERECP,Female,No,Yes,No,57,49-72 months
10,0013-EZLSM,Female,No,Yes,Yes,4,00-12 months
11,0013-FTNRN,Male,Yes,Yes,No,54,49-72 months
12,0013-LGCAL,Male,No,No,No,2,00-12 months
13,0013-ZTYUL,Male,No,No,No,25,25-48 months
14,0014-MUJGP,Male,No,Yes,No,66,49-72 months
15,0019-NKGPR,Female,No,No,No,39,25-48 months
16,0021-OJJNO,Male,No,Yes,No,29,25-48 months
17,0022-DBSLA,Male,No,Yes,Yes,46,25-48 months
18,0022-MXXEQ,Female,No,No,No,32,25-48 months
19,0024-PLRRN,Male,No,Yes,Yes,17,13-24 months
20,0024-SPKAC,Female,No,No,No,69,49-72 months
21,0024-ZQDZB,Female,No,No,No,3,00-12 months
22,0029-HDNXH,Female,No,No,No,23,13-24 months
23,0029-WICQY,Female,Yes,No,No,10,00-12 months
24,0030-ETJDH,Male,No,No,No,57,49-72 months
25,0031-MDZHM,Male,Yes,Yes,No,23,13-24 months
26,0031-UUONS,Female,No,No,No,1,00-12 months
27,0036-XXPQN,Female,No,No,No,9,00-12 months
28,0037-OWQAH,Male,No,Yes,No,72,49-72 months
29,0039-OEXCQ,Female,Yes,Yes,No,64,49-72 months
30,0039-XLZEP,Male,No,Yes,No,7,00-12 months
31,0040-BMGCK,Male,No,Yes,No,34,25-48 months
32,0041-FOJXC,Male,No,No,No,61,49-72 months
33,0041-JBGBY,Male,No,No,Yes,63,49-72 months
34,0042-RKMTV,Female,No,Yes,Yes,68,49-72 months
35,0043-BFWLS,Female,No,No,No,28,25-48 months
36,0043-ILERZ,Female,Yes,No,No,1,00-12 months
37,0046-LMQDE,Female,No,Yes,Yes,17,13-24 months
38,0047-DHBNU,Female,No,No,No,2,00-12 months
39,0049-FECZU,Female,No,No,Yes,20,13-24 months
40,0049-MYSGQ,Male,No,Yes,No,65,49-72 months
41,0050-GEQRM,Male,No,Yes,Yes,65,49-72 months
42,0053-LZLSG,Female,No,No,No,13,13-24 months
43,0054-FRDOW,Male,No,Yes,No,14,13-24 months
44,0058-KIDHH,Male,No,Yes,No,59,49-72 months
45,0060-HAJZM,Female,No,No,No,43,25-48 months
46,0061-HPDDR,Male,No,Yes,Yes,2,00-12 months
47,0062-JSDLK,Female,Yes,Yes,No,28,25-48 months
48,0063-FROIM,Female,No,Yes,No,14,13-24 months
49,0063-NIBUN,Male,No,No,No,2,00-12 months
50,0064-OTOJV,Male,No,No,Yes,64,49-72 months
51,0065-HXMOA,Female,No,No,No,55,49-72 months
52,0065-QOQZK,Male,No,No,No,16,13-24 months
53,0066-LZKRN,Female,No,No,No,3,00-12 months
54,0069-VCVWJ,Female,No,Yes,No,40,25-48 months
55,0074-CYUZC,Male,No,Yes,Yes,19,13-24 months
56,0077-CZYIN,Female,No,Yes,Yes,62,49-72 months
57,0077-LJUSL,Female,No,Yes,No,70,49-72 months
58,0077-TKKQO,Male,No,No,No,9,00-12 months
59,0081-WTTKU,Female,Yes,No,No,68,49-72 months
60,0084-RZPKM,Male,No,No,No,5,00-12 months
61,0085-MCYGQ,Female,No,Yes,Yes,24,13-24 months
62,0089-JFBLF,Female,No,No,No,17,13-24 months
63,0091-GXXHZ,Female,Yes,Yes,Yes,48,25-48 months
64,0091-IMKXW,Female,No,No,Yes,72,49-72 months
65,0093-AVDCO,Female,No,Yes,No,3,00-12 months
66,0094-FPXUQ,Female,No,No,No,63,49-72 months
67,0096-EYUHP,Female,No,No,No,70,49-72 months
68,0096-RPQQA,Male,No,No,No,4,00-12 months
69,0097-ONJBC,Female,No,Yes,No,40,25-48 months
70,0097-WQFVO,Female,No,No,No,4,00-12 months
71,0098-IMIKD,Male,No,No,No,20,13-24 months
72,0098-ZDQRQ,Female,No,Yes,No,8,00-12 months
73,0099-YUJSD,Female,No,No,Yes,5,00-12 months
74,0100-KOTDM,Female,Yes,No,No,20,13-24 months
75,0100-NBNJS,Male,No,No,No,20,13-24 months
76,0100-RXKYK,Male,No,Yes,No,49,49-72 months
77,0101-BYPUA,Male,No,No,No,60,49-72 months
78,0103-KPDUR,Female,No,No,No,5,00-12 months
79,0104-SUFTF,Male,No,No,Yes,3,00-12 months
80,0106-PAPKH,Female,No,Yes,Yes,46,25-48 months
81,0110-GTSTG,Female,No,Yes,No,3,00-12 months
82,0114-XBXGB,Female,No,Yes,Yes,9,00-12 months
83,0114-XRIAP,Female,No,No,No,1,00-12 months
84,0117-KWHLX,Female,No,No,No,45,25-48 months
85,0117-VRTKJ,Male,No,Yes,No,21,13-24 months
86,0118-JTMUM,Male,No,Yes,Yes,65,49-72 months
87,0120-BSXKW,Female,No,Yes,No,55,49-72 months
88,0122-BNNHG,Male,No,No,No,6,00-12 months
89,0124-EDXBO,Female,No,Yes,Yes,4,00-12 months
90,0125-KLQIX,Female,No,Yes,Yes,58,49-72 months
91,0126-XZCGU,Female,No,No,No,4,00-12 months
92,0126-YWLIP,Female,No,No,No,17,13-24 months
93,0127-KMQCR,Male,No,Yes,No,52,49-72 months
94,0127-PYWJW,Female,No,No,No,1,00-12 months
95,0128-NGCHH,Female,No,No,Yes,14,13-24 months
96,0129-FPJDQ,Male,No,Yes,No,67,49-72 months
97,0131-QHIPY,Female,No,No,No,67,49-72 months
98,0133-ESODR,Female,No,Yes,No,5,00-12 months
99,0133-RXNDO,Female,No,No,No,22,13-24 months
100,0133-VBQLD,Female,No,No,No,66,49-72 months
101,0135-ATGKS,Male,No,Yes,No,53,49-72 months
102,0139-YJVYP,Female,No,No,Yes,7,00-12 months
103,0144-CCSFG,Male,No,Yes,Yes,72,49-72 months
104,0144-LSHWJ,Female,No,Yes,No,1,00-12 months
105,0144-WWZDV,Female,No,No,Yes,51,49-72 months
106,0145-YVGDV,Female,No,Yes,No,72,49-72 months
107,0146-JHYLR,Male,No,Yes,Yes,17,13-24 months
108,0146-MYXGM,Male,No,No,No,47,25-48 months
109,0147-BLUUV,Female,No,No,No,72,49-72 months
110,0147-PMNFS,Female,Yes,No,No,60,49-72 months
111,0148-PAKHV,Female,No,No,No,22,13-24 months
112,0150-EMXTR,Female,No,Yes,No,1,00-12 months
113,0151-MQOON,Male,No,No,No,13,13-24 months
114,0153-VNRQZ,Male,No,Yes,Yes,72,49-72 months
115,0157-HCSNZ,Male,Yes,Yes,No,2,00-12 months
116,0158-HDDTQ,Female,No,Yes,Yes,12,00-12 months
117,0159-FDFCU,Male,No,No,No,22,13-24 months
118,0159-WRBVA,Male,Yes,No,Yes,26,25-48 months
119,0160-MOVFH,Male,No,Yes,Yes,38,25-48 months
120,0162-AYPSH,Male,No,No,No,7,00-12 months
121,0162-DNENJ,Male,Yes,Yes,No,18,13-24 months
122,0163-XRTYI,Male,Yes,Yes,Yes,25,25-48 months
123,0164-MPRUU,Female,No,Yes,No,8,00-12 months
124,0164-VXUTJ,Female,No,Yes,Yes,32,25-48 months
125,0165-NKFBW,Male,No,No,No,6,00-12 months
126,0166-ZRUDB,Male,No,No,No,39,25-48 months
127,0167-LYAUB,Male,No,No,No,12,00-12 months
128,0168-TLNIT,Female,No,Yes,Yes,3,00-12 months
129,0170-NZNLR,Male,No,No,No,4,00-12 months
130,0173-XVVBJ,Female,Yes,No,Yes,4,00-12 months
131,0174-URWPT,Male,No,Yes,No,69,49-72 months
132,0175-TVILJ,Female,No,No,Yes,20,13-24 months
133,0177-MSLCR,Male,Yes,No,No,10,00-12 months
134,0177-UMENY,Male,No,Yes,No,3,00-12 months
135,0178-DROCG,Male,No,No,No,27,25-48 months
136,0179-RZDHN,Female,No,Yes,Yes,2,00-12 months
137,0182-BBNSS,Male,No,Yes,Yes,58,49-72 months
138,0183-NEJYZ,Male,No,Yes,No,45,25-48 months
139,0186-DFBSY,Male,No,Yes,No,12,00-12 months
140,0186-QLEDB,Female,No,No,Yes,55,49-72 months
141,0188-QFOZA,Female,No,Yes,Yes,6,00-12 months
142,0191-FKCLG,Male,Yes,No,No,67,49-72 months
143,0196-XWOQB,Female,No,Yes,No,14,13-24 months
144,0200-KXHTO,Female,No,Yes,Yes,8,00-12 months
145,0204-RKWSD,Female,No,No,No,72,49-72 months
146,0205-WLVCL,Male,No,Yes,Yes,1,00-12 months
147,0207-TYHYL,Female,Yes,No,No,15,13-24 months
148,0208-NWEUK,Male,No,No,No,9,00-12 months
149,0209-FXOZF,Female,No,Yes,Yes,62,49-72 months
150,0209-OHVMW,Male,No,Yes,Yes,14,13-24 months
151,0211-XHUTN,Female,No,Yes,No,25,25-48 months
152,0211-YBKIS,Female,No,Yes,No,16,13-24 months
153,0212-IJDPR,Male,No,No,No,60,49-72 months
154,0214-VFQYX,Male,No,No,No,4,00-12 months
155,0215-FPIMY,Male,No,No,No,69,49-72 months
156,0215-ISEEJ,Female,No,No,No,60,49-72 months
157,0218-SDGSQ,Male,No,No,No,30,25-48 months
158,0219-KBNRN,Male,No,Yes,Yes,50,49-72 months
159,0221-FEXYK,Female,No,Yes,Yes,28,25-48 months
160,0222-GVHUL,Female,No,No,No,64,49-72 months
161,0222-SFBWD,Male,No,Yes,No,3,00-12 months
162,0222-WCENP,Female,No,No,No,1,00-12 months
163,0225-OVJZJ,Female,No,Yes,No,61,49-72 months
164,0226-AZNKV,Male,No,Yes,Yes,21,13-24 months
165,0226-INWFN,Female,No,No,No,52,49-72 months
166,0229-KAUZI,Female,Yes,No,Yes,19,13-24 months
167,0231-OETJH,Female,No,No,No,12,00-12 months
168,0232-OZUNI,Male,No,Yes,Yes,7,00-12 months
169,0233-UGUYR,Female,No,Yes,No,17,13-24 months
170,0235-UXZIF,Female,No,Yes,No,27,25-48 months
171,0236-HIHOF,Male,No,Yes,No,72,49-72 months
172,0236-YSGFC,Male,No,No,No,17,13-24 months
173,0237-PJREV,Male,Yes,Yes,No,15,13-24 months
174,0239-MFWCU,Male,No,Yes,No,35,25-48 months
175,0242-HHLKW,Male,Yes,Yes,Yes,14,13-24 months
176,0242-KBHWK,Female,Yes,Yes,Yes,21,13-24 months
177,0243-SYTZN,Male,Yes,No,No,9,00-12 months
178,0244-ALZHG,Male,No,No,No,65,49-72 months
179,0244-JALVR,Male,No,No,Yes,35,25-48 months
180,0247-WKAPE,Female,No,No,No,70,49-72 months
181,0247-YEPVT,Male,No,Yes,Yes,62,49-72 months
182,0248-GUWLR,Female,Yes,Yes,No,13,13-24 months
183,0249-IUGEI,Female,No,Yes,Yes,61,49-72 months
184,0250-HWGHI,Female,No,No,No,64,49-72 months
185,0250-ZJRZY,Female,No,Yes,Yes,13,13-24 months
186,0254-AAUTV,Male,No,Yes,No,47,25-48 months
187,0254-ZALRI,Male,No,No,No,4,00-12 months
188,0255-IMROD,Male,Yes,No,No,20,13-24 months
189,0255-MBZQG,Male,No,No,No,6,00-12 months
190,0255-VTNIV,Female,No,No,No,61,49-72 months
191,0256-HQGYZ,Male,Yes,Yes,Yes,41,25-48 months
192,0260-OSPKA,Male,No,No,No,3,00-12 months
193,0260-XEAFF,Male,Yes,Yes,No,62,49-72 months
194,0261-OFVTT,Female,No,No,No,71,49-72 months
195,0262-HQETC,Male,No,No,No,51,49-72 months
196,0263-DBWGV,Male,No,Yes,No,72,49-72 months
197,0265-KTCHG,Male,Yes,No,No,69,49-72 months
198,0266-GASMU,Male,No,No,No,62,49-72 months
199,0268-AUVZQ,Female,No,Yes,Yes,7,00-12 months
200,0273-TNZMM,Female,No,No,No,3,00-12 months
201,0277-LBCFU,Female,No,Yes,Yes,5,00-12 months
202,0278-IIOHI,Male,No,No,No,39,25-48 months
203,0279-YJEME,Male,Yes,Yes,Yes,38,25-48 months
204,0280-OSSFC,Female,No,Yes,Yes,36,25-48 months
205,0285-LFNZF,Female,No,No,No,66,49-72 months
206,0287-AFGSN,Female,No,Yes,Yes,40,25-48 months
207,0291-CSQZO,Male,No,Yes,No,16,13-24 months
208,0291-ZVPXV,Female,No,Yes,Yes,45,25-48 months
209,0293-KDPAA,Male,No,Yes,No,1,00-12 months
210,0294-JFMVY,Male,No,Yes,No,14,13-24 months
211,0294-XLCNO,Male,No,Yes,No,44,25-48 months
212,0295-QPCOH,Male,No,No,No,9,00-12 months
213,0296-ORJHV,Female,No,Yes,No,72,49-72 months
214,0299-VYAQC,Male,No,Yes,Yes,44,25-48 months
215,0300-AEZQU,Female,No,No,No,5,00-12 months
216,0301-DRXDO,Female,No,No,No,44,25-48 months
217,0301-DSTAN,Female,No,Yes,Yes,10,00-12 months
218,0301-OOPGH,Male,No,No,No,17,13-24 months
219,0303-YRVMA,Female,No,Yes,Yes,67,49-72 months
220,0306-WGXUW,Male,Yes,No,No,1,00-12 months
221,0308-PDPSO,Female,No,No,No,5,00-12 months
222,0310-NFFUD,Female,Yes,Yes,Yes,29,25-48 months
223,0311-CWDUX,Female,No,No,No,12,00-12 months
224,0314-MTNEU,Male,No,No,No,12,00-12 months
225,0316-LUNFE,Female,No,Yes,No,56,49-72 months
226,0317-NCCRS,Male,No,Yes,No,50,49-72 months
227,0317-YSFBR,Male,No,No,No,6,00-12 months
228,0318-JPHMG,Female,No,No,No,67,49-72 months
229,0319-BDTKR,Female,No,Yes,Yes,15,13-24 months
230,0319-DBVXD,Male,No,No,Yes,22,13-24 months
231,0323-ROACL,Male,No,No,No,21,13-24 months
232,0324-YEZHJ,Male,No,Yes,No,60,49-72 months
233,0328-NYPAS,Female,No,No,No,5,00-12 months
234,0329-HGRTD,Female,No,No,No,9,00-12 months
235,0329-YLEFV,Female,No,Yes,No,59,49-72 months
236,0331-VDKFH,Male,Yes,No,No,43,25-48 months
237,0331-XBMKO,Male,No,No,No,27,25-48 months
238,0335-EXAMY,Male,No,No,No,66,49-72 months
239,0337-THSED,Male,No,No,No,26,25-48 months
240,0339-IOHPL,Male,No,No,No,26,25-48 months
241,0340-BPVVR,Female,Yes,No,No,7,00-12 months
242,0342-OULCK,Female,No,Yes,No,69,49-72 months
243,0342-XMROR,Male,No,No,No,23,13-24 months
244,0343-BSFCU,Female,Yes,Yes,Yes,62,49-72 months
245,0343-FBZWY,Female,No,No,No,1,00-12 months
246,0343-HCCEE,Female,No,Yes,No,35,25-48 months
247,0343-ZTYXF,Female,No,Yes,No,2,00-12 months
248,0344-FKFDZ,Female,No,Yes,Yes,60,49-72 months
249,0345-TQGWE,Female,No,Yes,No,58,49-72 months
250,0349-ENDRQ,Male,No,No,No,7,00-12 months
251,0350-SNVCC,Male,No,No,No,7,00-12 months
252,0351-RHHLL,Male,No,No,No,18,13-24 months
253,0352-LUYGQ,Female,No,No,No,7,00-12 months
254,0353-GQMHI,Male,No,No,No,23,13-24 months
255,0353-NKOLX,Male,No,Yes,Yes,11,00-12 months
256,0354-GLQXD,Female,Yes,No,No,15,13-24 months
257,0354-SWEIV,Male,No,No,No,64,49-72 months
258,0355-UFRVU,Female,No,Yes,Yes,1,00-12 months
259,0357-JHXSU,Female,No,No,No,41,25-48 months
260,0357-OGKSX,Female,No,Yes,Yes,13,13-24 months
261,0358-SJNGJ,Female,Yes,No,No,40,25-48 months
262,0361-XRHAW,Female,No,No,No,43,25-48 months
263,0362-KRLQS,Female,Yes,Yes,No,26,25-48 months
264,0362-RRDAC,Female,No,No,No,32,25-48 months
265,0363-SFSMA,Female,No,No,No,22,13-24 months
266,0365-YBXAU,Male,No,Yes,No,30,25-48 months
267,0367-XSERE,Male,No,Yes,No,55,49-72 months
268,0370-VWJVU,Male,No,No,No,34,25-48 months
269,0371-CROOX,Female,Yes,No,No,26,25-48 months
270,0371-RVOQA,Female,No,No,No,43,25-48 months
271,0371-VGSYT,Male,Yes,No,No,63,49-72 months
272,0372-FREBZ,Male,No,No,No,69,49-72 months
273,0372-MTNWX,Female,No,Yes,Yes,33,25-48 months
274,0372-PRZIB,Male,No,No,No,66,49-72 months
275,0375-OVLIH,Male,No,No,Yes,41,25-48 months
276,0376-JZYRJ,Male,Yes,Yes,No,13,13-24 months
277,0379-KZGQI,Female,No,Yes,Yes,14,13-24 months
278,0380-CDLMJ,Male,No,Yes,No,24,13-24 months
279,0381-FFQGK,Female,No,No,No,1,00-12 months
280,0381-IGSLU,Male,No,Yes,No,48,25-48 months
281,0381-KWDOF,Female,No,Yes,No,11,00-12 months
282,0382-DCHIQ,Female,Yes,Yes,Yes,16,13-24 months
283,0382-HFIVO,Female,No,Yes,No,41,25-48 months
284,0383-JQXXV,Male,No,Yes,Yes,3,00-12 months
285,0383-QJVQT,Female,No,Yes,No,8,00-12 months
286,0383-ZNYDH,Male,Yes,No,No,2,00-12 months
287,0384-XYHKA,Male,No,No,No,72,49-72 months
288,0385-LTWCG,Female,No,Yes,No,70,49-72 months
289,0387-RMAWN,Male,No,Yes,No,21,13-24 months
290,0388-NKFZG,Male,Yes,No,No,2,00-12 months
291,0389-UFXZC,Male,No,Yes,Yes,55,49-72 months
292,0391-ILUDV,Female,No,Yes,Yes,15,13-24 months
293,0391-MQWNM,Female,No,No,No,12,00-12 months
294,0391-ONTXE,Female,Yes,No,No,12,00-12 months
295,0392-ULTPW,Female,No,No,No,70,49-72 months
296,0393-VOJCT,Female,No,Yes,No,21,13-24 months
297,0395-UYMNY,Female,No,No,No,7,00-12 months
298,0396-MYHUI,Female,No,Yes,No,14,13-24 months
299,0397-JWKJZ,Female,No,Yes,No,34,25-48 months
300,0397-WITYN,Female,Yes,Yes,Yes,32,25-48 months
301,0399-GDORK,Female,No,No,No,71,49-72 months
302,0400-MLHJL,Male,No,No,No,10,00-12 months
303,0402-LVYDV,Female,No,No,No,53,49-72 months
304,0403-KNFWQ,Female,No,No,No,60,49-72 months
305,0404-CEYPH,Male,No,No,No,26,25-48 months
306,0406-GOBJD,Male,No,No,No,47,25-48 months
307,0406-GUUIF,Male,No,No,No,40,25-48 months
308,0407-LZRQX,Female,No,Yes,Yes,6,00-12 months
309,0407-XYEXX,Female,No,No,Yes,50,49-72 months
310,0410-MSKRZ,Female,No,Yes,No,22,13-24 months
311,0410-OPHBZ,Male,No,No,No,17,13-24 months
312,0412-LMMXD,Female,No,Yes,Yes,72,49-72 months
313,0414-YXDDR,Male,No,No,No,4,00-12 months
314,0416-JKHGN,Male,Yes,Yes,No,26,25-48 months
315,0418-GJMHP,Female,No,Yes,No,11,00-12 months
316,0419-XLITB,Male,No,No,No,3,00-12 months
317,0421-GUYNN,Female,No,No,No,14,13-24 months
318,0421-OWYFR,Female,No,Yes,No,1,00-12 months
319,0421-PIXKH,Male,No,No,Yes,3,00-12 months
320,0424-CWZZI,Female,No,Yes,Yes,37,25-48 months
321,0424-TDUOX,Female,No,Yes,Yes,41,25-48 months
322,0425-AVTFD,Male,No,Yes,No,50,49-72 months
323,0426-XUIOJ,Female,No,No,No,54,49-72 months
324,0427-NZOYQ,Female,No,Yes,Yes,58,49-72 months
325,0427-QYZOX,Female,Yes,Yes,Yes,43,25-48 months
326,0429-SDOSY,Male,No,Yes,No,32,25-48 months
327,0430-ZOHKT,Male,No,No,Yes,4,00-12 months
328,0431-JYPQC,Female,No,No,No,44,25-48 months
329,0432-CRZAR,Male,No,No,No,26,25-48 months
330,0434-DILZX,Female,No,Yes,Yes,18,13-24 months
331,0434-FCQZE,Female,No,Yes,No,19,13-24 months
332,0434-KZVMO,Male,No,No,No,48,25-48 months
333,0437-GFBTJ,Female,No,No,No,37,25-48 months
334,0438-VWNBV,Female,Yes,Yes,No,42,25-48 months
335,0439-TEFPG,Male,Yes,No,No,1,00-12 months
336,0439-VBKSZ,Female,No,No,No,54,49-72 months
337,0440-DPITV,Male,No,No,No,40,25-48 months
338,0441-RSXYQ,Male,No,No,No,47,25-48 months
339,0441-WRHUV,Female,No,Yes,Yes,31,25-48 months
340,0442-QGKQA,Male,No,Yes,No,6,00-12 months
341,0443-EOTPF,Female,No,No,No,41,25-48 months
342,0444-PGTDJ,Female,No,No,No,5,00-12 months
343,0445-QCHOG,Female,No,Yes,Yes,47,25-48 months
344,0447-FHIZU,Male,No,Yes,No,6,00-12 months
345,0448-TLBDI,Female,No,No,No,37,25-48 months
346,0450-SFMBR,Male,No,No,Yes,1,00-12 months
347,0451-MYCFV,Male,No,Yes,Yes,18,13-24 months
348,0452-FZSYG,Female,No,No,No,61,49-72 months
349,0452-YYDFX,Female,No,No,No,14,13-24 months
350,0454-VYCIL,Female,No,No,Yes,22,13-24 months
351,0455-KZOPP,Female,No,Yes,No,28,25-48 months
352,0455-MOUIA,Male,Yes,Yes,No,12,00-12 months
353,0456-TMLNF,Female,No,No,No,2,00-12 months
354,0457-XPDNA,Female,Yes,No,No,65,49-72 months
355,0458-CWMQP,Female,Yes,No,No,4,00-12 months
356,0459-QBVNA,Male,No,No,Yes,44,25-48 months
357,0462-BWBUX,Male,No,No,No,48,25-48 months
358,0465-VCNYF,Female,Yes,Yes,Yes,13,13-24 months
359,0469-SAPNT,Female,No,No,No,16,13-24 months
360,0472-QLBZJ,Female,No,No,Yes,12,00-12 months
361,0473-CYBVF,Female,No,Yes,No,8,00-12 months
362,0475-BLREH,Male,No,No,No,6,00-12 months
363,0479-SNYNE,Male,No,Yes,Yes,7,00-12 months
364,0481-CXOQI,Female,No,No,No,72,49-72 months
365,0481-JIPXU,Female,No,No,No,72,49-72 months
366,0481-RPEIM,Female,No,No,No,20,13-24 months
367,0483-NRFSA,Female,No,No,No,10,00-12 months
368,0487-ICCZG,Female,No,Yes,Yes,23,13-24 months
369,0488-FJMJW,Female,No,Yes,No,12,00-12 months
370,0491-LBBUB,Male,No,No,No,10,00-12 months
371,0493-JFJLB,Male,No,No,No,1,00-12 months
372,0494-EZLFD,Male,No,No,No,47,25-48 months
373,0496-MXZAB,Male,No,No,No,63,49-72 months
374,0500-CSEUD,Female,No,No,No,24,13-24 months
375,0501-SPXMN,Female,No,No,Yes,7,00-12 months
376,0501-XGCNY,Female,No,No,No,56,49-72 months
377,0502-LOGZQ,Male,No,Yes,Yes,9,00-12 months
378,0503-FAUJJ,Male,Yes,No,Yes,68,49-72 months
379,0503-PXMOT,Male,No,Yes,Yes,67,49-72 months
380,0512-GOBZL,Female,No,No,No,15,13-24 months
381,0513-HDFUF,Male,Yes,Yes,Yes,42,25-48 months
382,0514-DVHNX,Female,No,Yes,Yes,72,49-72 months
383,0514-KNULN,Male,Yes,No,No,1,00-12 months
384,0515-LJDTN,Female,No,Yes,Yes,1,00-12 months
385,0515-XRSNK,Female,No,No,No,60,49-72 months
386,0520-XJXTS,Female,No,No,Yes,27,25-48 months
387,0520-XRJCN,Female,Yes,No,No,3,00-12 months
388,0524-JGQVF,Male,No,No,No,14,13-24 months
389,0524-VRFOW,Male,No,No,No,3,00-12 months
390,0526-JNMLG,Female,No,No,No,44,25-48 months
391,0529-LJQNT,Female,No,No,No,66,49-72 months
392,0531-LCHZW,Female,No,No,No,2,00-12 months
393,0533-BTSXS,Female,No,Yes,Yes,25,25-48 months
394,0534-AKXAB,Female,No,No,No,48,25-48 months
395,0536-SJOOU,Female,No,No,No,3,00-12 months
396,0538-NNKVK,Male,No,No,No,16,13-24 months
397,0541-KQASV,Male,No,Yes,No,48,25-48 months
398,0541-YSTHQ,Male,No,No,No,29,25-48 months
399,0542-SPUFP,Female,No,Yes,No,15,13-24 months
400,0546-ETTXN,Male,No,Yes,Yes,15,13-24 months
401,0547-HSOSW,Male,Yes,Yes,Yes,70,49-72 months
402,0547-XOGTY,Female,No,No,No,1,00-12 months
403,0549-HOJAZ,Male,No,Yes,Yes,2,00-12 months
404,0550-AGEME,Male,No,Yes,Yes,2,00-12 months
405,0550-JYBJC,Male,No,Yes,No,11,00-12 months
406,0551-OFJNS,Male,No,Yes,Yes,57,49-72 months
407,0552-GTCFU,Male,No,Yes,No,71,49-72 months
408,0552-HKZNJ,Male,No,No,No,22,13-24 months
409,0552-VIDOQ,Female,Yes,No,No,62,49-72 months
410,0554-URCFE,Male,No,No,No,22,13-24 months
411,0554-VEOCY,Male,Yes,No,No,28,25-48 months
412,0555-RNUDX,Male,Yes,No,No,17,13-24 months
413,0555-RVQGT,Female,Yes,No,No,14,13-24 months
414,0556-XRENC,Female,No,No,No,50,49-72 months
415,0558-CUGCP,Female,No,No,No,69,49-72 months
416,0559-BWVVB,Male,No,No,No,28,25-48 months
417,0561-NUQWM,Female,No,No,No,2,00-12 months
418,0562-DBTFS,Female,No,No,No,4,00-12 months
419,0562-NYJGG,Male,Yes,No,No,63,49-72 months
420,0563-FCTZO,Male,No,Yes,Yes,7,00-12 months
421,0563-JTAMK,Female,No,Yes,No,25,25-48 months
422,0568-CCLOJ,Male,No,Yes,Yes,3,00-12 months
423,0568-MGFVV,Female,No,No,No,70,49-72 months
424,0568-WGACT,Female,No,Yes,Yes,47,25-48 months
425,0569-DXFCL,Female,No,No,No,8,00-12 months
426,0570-MLGDB,Male,No,No,No,27,25-48 months
427,0571-HIQMF,Male,Yes,Yes,No,63,49-72 months
428,0572-EROPF,Female,No,Yes,No,61,49-72 months
429,0572-QNXOT,Female,No,Yes,Yes,63,49-72 months
430,0573-FZNQX,Female,Yes,No,No,70,49-72 months
431,0573-IUYZP,Male,No,Yes,No,9,00-12 months
432,0575-ESMHT,Male,No,Yes,No,5,00-12 months
433,0575-LBEKT,Female,No,Yes,No,4,00-12 months
434,0576-GOHAX,Female,No,No,No,42,25-48 months
435,0576-JCKTQ,Male,No,No,Yes,4,00-12 months
436,0579-UKGVA,Male,Yes,Yes,Yes,5,00-12 months
437,0582-FDBTF,Female,No,Yes,No,59,49-72 months
438,0584-UZRJW,Female,No,No,No,41,25-48 months
439,0585-EKCAR,Female,No,No,No,15,13-24 months
440,0586-FDUXQ,Male,No,No,No,9,00-12 months
441,0587-NZGYQ,Female,No,No,No,72,49-72 months
442,0591-VXSWP,Male,No,No,No,1,00-12 months
443,0592-PERKL,Female,No,No,No,11,00-12 months
444,0595-PUKEI,Female,No,Yes,No,70,49-72 months
445,0595-TCRJK,Female,No,Yes,Yes,18,13-24 months
446,0597-HRGZC,Female,No,No,No,10,00-12 months
447,0598-ACRUL,Female,No,No,Yes,17,13-24 months
448,0598-HUVCA,Female,No,No,No,3,00-12 months
449,0598-RPISQ,Male,No,Yes,No,13,13-24 months
450,0600-IYJGQ,Male,No,Yes,No,5,00-12 months
451,0600-MMIXI,Female,No,Yes,No,33,25-48 months
452,0600-UPLMV,Male,No,No,No,8,00-12 months
453,0602-EUNDZ,Female,Yes,No,Yes,19,13-24 months
454,0602-KMXFM,Male,No,No,No,8,00-12 months
455,0603-ZITXZ,Female,No,Yes,No,49,49-72 months
456,0604-PYPMK,Male,No,Yes,No,7,00-12 months
457,0605-IFUMC,Female,No,No,No,3,00-12 months
458,0606-OGUPU,Female,No,Yes,No,18,13-24 months
459,0606-SWZAM,Female,No,No,No,56,49-72 months
460,0611-DLMEK,Female,No,Yes,Yes,21,13-24 months
461,0611-VWHHP,Male,Yes,Yes,No,15,13-24 months
462,0615-EUICH,Male,No,No,No,8,00-12 months
463,0616-DHVFD,Female,Yes,Yes,No,4,00-12 months
464,0616-WBILG,Male,No,Yes,Yes,25,25-48 months
465,0616-ZBMAK,Female,Yes,No,No,52,49-72 months
466,0618-JCKTN,Male,Yes,No,No,10,00-12 months
467,0619-KRIVW,Female,Yes,Yes,Yes,12,00-12 months
468,0623-PTZRO,Male,Yes,No,No,26,25-48 months
469,0624-DRDUT,Female,No,Yes,No,7,00-12 months
470,0624-EPRHO,Male,Yes,No,No,2,00-12 months
471,0625-QWCQA,Female,Yes,No,No,67,49-72 months
472,0626-NUUPX,Male,No,No,Yes,54,49-72 months
473,0630-XXLUO,Male,Yes,Yes,No,60,49-72 months
474,0630-ZEUVN,Female,No,Yes,Yes,5,00-12 months
475,0632-GVLSZ,Female,No,No,No,28,25-48 months
476,0634-ZPFAD,Male,No,No,No,18,13-24 months
477,0636-GHGJP,Male,No,No,Yes,2,00-12 months
478,0637-PFUFB,Female,No,No,No,70,49-72 months
479,0638-WMDEJ,Female,No,No,Yes,6,00-12 months
480,0640-USBBW,Male,Yes,Yes,No,71,49-72 months
481,0642-MOGFG,Male,No,No,No,31,25-48 months
482,0643-BJZGK,Male,Yes,No,No,6,00-12 months
483,0643-YGTVO,Male,No,Yes,No,12,00-12 months
484,0644-LKVDE,Male,No,Yes,No,15,13-24 months
485,0646-QOPUB,Male,Yes,No,No,29,25-48 months
486,0647-ASFJJ,Female,No,No,No,64,49-72 months
487,0647-CUDKH,Female,No,No,No,68,49-72 months
488,0647-RGCBE,Male,No,No,No,48,25-48 months
489,0647-UBIGU,Female,No,Yes,Yes,44,25-48 months
490,0652-FIOGN,Male,No,No,No,48,25-48 months
491,0652-MOMBM,Female,Yes,Yes,No,48,25-48 months
492,0656-BMAIO,Female,No,Yes,No,6,00-12 months
493,0656-YDRNV,Female,No,No,Yes,13,13-24 months
494,0657-LIANZ,Female,Yes,No,No,7,00-12 months
495,0657-WARGX,Male,No,Yes,No,10,00-12 months
496,0659-IRUPW,Female,No,Yes,No,21,13-24 months
497,0660-HVQKZ,Male,Yes,No,No,47,25-48 months
498,0660-LGCOO,Male,No,No,No,3,00-12 months
499,0660-WLADW,Male,No,Yes,Yes,54,49-72 months
500,0662-RTJAN,Male,No,Yes,Yes,1,00-12 months
501,0663-MDXJV,Female,No,No,Yes,72,49-72 months
502,0665-TDBOL,Female,No,No,No,72,49-72 months
503,0666-ENLDU,Female,No,No,No,8,00-12 months
504,0668-QTTFK,Female,No,Yes,Yes,20,13-24 months
505,0671-QHAAZ,Male,No,Yes,Yes,26,25-48 months
506,0673-XSCGJ,Male,No,No,No,41,25-48 months
507,0674-SDWHE,Female,No,Yes,No,65,49-72 months
508,0674-YMHSA,Female,No,Yes,No,57,49-72 months
509,0675-KUCJA,Female,Yes,No,No,13,13-24 months
510,0675-UMOOS,Male,No,Yes,No,48,25-48 months
511,0677-IGPNW,Male,Yes,Yes,No,62,49-72 months
512,0678-OIZUL,Female,No,Yes,Yes,16,13-24 months
513,0680-VQZFZ,Male,No,No,No,25,25-48 months
514,0680-YMCYZ,Male,No,Yes,Yes,34,25-48 months
515,0683-HTGKC,Female,No,Yes,Yes,48,25-48 months
516,0683-KNAAU,Male,Yes,Yes,No,38,25-48 months
517,0684-KBJYQ,Female,No,Yes,No,60,49-72 months
518,0687-ASJHQ,Male,No,No,No,38,25-48 months
519,0690-IXHID,Female,No,Yes,Yes,44,25-48 months
520,0691-VOSCW,Male,No,No,No,10,00-12 months
521,0693-MZEGE,Male,No,Yes,No,10,00-12 months
522,0696-AVEAY,Male,No,Yes,No,71,49-72 months
523,0696-DQYOD,Female,No,No,No,33,25-48 months
524,0696-OHHXY,Male,Yes,Yes,Yes,1,00-12 months
525,0697-HDBJJ,Female,No,No,No,70,49-72 months
526,0698-RJDKY,Male,No,Yes,No,9,00-12 months
527,0701-NWBPL,Female,Yes,Yes,No,7,00-12 months
528,0702-YGUVO,Female,No,Yes,No,11,00-12 months
529,0705-CZUAJ,Male,No,Yes,Yes,18,13-24 months
530,0705-HRGSE,Male,No,No,No,10,00-12 months
531,0705-PBYXN,Male,No,Yes,No,61,49-72 months
532,0706-DILAK,Male,Yes,No,No,69,49-72 months
533,0706-FGUVV,Female,No,No,No,20,13-24 months
534,0707-ACKEW,Male,No,Yes,Yes,66,49-72 months
535,0707-VNKOT,Female,No,No,No,15,13-24 months
536,0712-UBJAH,Male,No,Yes,Yes,3,00-12 months
537,0715-GZSCT,Male,Yes,No,Yes,7,00-12 months
538,0715-ITBEH,Male,No,Yes,Yes,16,13-24 months
539,0716-PMMVH,Male,No,Yes,No,15,13-24 months
540,0718-XAWPQ,Female,Yes,No,No,7,00-12 months
541,0723-PRUOO,Female,No,No,No,1,00-12 months
542,0723-QNHFS,Female,No,No,No,28,25-48 months
543,0730-WTWCU,Female,No,Yes,No,25,25-48 months
544,0731-VQGCX,Male,No,Yes,Yes,25,25-48 months
545,0732-ALBIF,Male,No,Yes,Yes,15,13-24 months
546,0732-HNLNH,Male,Yes,No,No,18,13-24 months
547,0734-HXPOU,Female,No,No,No,46,25-48 months
548,0734-PTSNI,Female,No,No,No,22,13-24 months
549,0734-YPGGB,Female,No,Yes,Yes,39,25-48 months
550,0736-UJTFA,Female,No,No,No,49,49-72 months
551,0737-GNHWY,Female,No,Yes,Yes,69,49-72 months
552,0737-NYCUA,Female,No,No,No,67,49-72 months
553,0738-POFIZ,Female,No,No,No,22,13-24 months
554,0740-CKGAF,Female,No,No,No,34,25-48 months
555,0742-FGWCH,Female,No,No,No,69,49-72 months
556,0743-XBHFZ,Male,No,No,No,36,25-48 months
557,0746-CDDKS,Female,Yes,No,No,61,49-72 months
558,0747-IARJB,Male,No,No,No,6,00-12 months
559,0748-SRPDQ,Male,No,Yes,Yes,5,00-12 months
560,0748-TFSMZ,Female,No,Yes,Yes,8,00-12 months
561,0749-IVHOV,Male,No,No,No,62,49-72 months
562,0750-NOTOE,Female,No,Yes,No,15,13-24 months
563,0752-CPOTX,Female,No,Yes,Yes,20,13-24 months
564,0754-HIVJX,Female,No,No,No,29,25-48 months
565,0755-EBEFB,Female,No,No,No,58,49-72 months
566,0755-LLGOG,Male,No,No,No,8,00-12 months
567,0756-WJVAB,Female,No,No,No,19,13-24 months
568,0758-THQBP,Female,Yes,No,No,12,00-12 months
569,0760-BYMCR,Male,No,Yes,No,71,49-72 months
570,0762-FWABU,Male,No,No,No,15,13-24 months
571,0767-ECMOP,Male,No,No,No,60,49-72 months
572,0768-SLWBJ,Male,No,Yes,Yes,36,25-48 months
573,0771-JRQUE,Female,Yes,Yes,No,10,00-12 months
574,0774-DBHKL,Female,No,Yes,No,54,49-72 months
575,0774-KZGMN,Male,No,No,No,27,25-48 months
576,0774-SPYHI,Female,No,Yes,No,68,49-72 months
577,0776-HOIME,Male,No,Yes,Yes,64,49-72 months
578,0777-DQWEI,Male,No,Yes,No,30,25-48 months
579,0778-FPSAB,Male,No,Yes,Yes,54,49-72 months
580,0778-LCVNI,Male,No,No,No,72,49-72 months
581,0779-PRZMU,Female,No,No,No,12,00-12 months
582,0780-KKUSB,Female,No,No,No,3,00-12 months
583,0781-LRYGB,Male,No,No,No,10,00-12 months
584,0782-NABCE,Female,Yes,No,No,38,25-48 months
585,0783-GUAVI,Female,Yes,Yes,Yes,46,25-48 months
586,0783-JWETI,Male,No,No,No,58,49-72 months
587,0786-NLXLC,Male,No,No,No,59,49-72 months
588,0786-SBCPQ,Female,No,No,No,60,49-72 months
589,0787-XXOPU,Male,No,No,No,49,49-72 months
590,0788-UGLMU,Female,No,No,No,40,25-48 months
591,0788-WTSEU,Female,No,Yes,No,41,25-48 months
592,0790-GYZCZ,Female,Yes,Yes,Yes,1,00-12 months
593,0790-HYADV,Male,No,No,No,1,00-12 months
594,0790-RQFWH,Male,No,Yes,Yes,5,00-12 months
595,0791-TOQOO,Male,No,Yes,No,40,25-48 months
596,0791-YUEHF,Female,No,Yes,No,21,13-24 months
597,0792-CLXDL,Male,Yes,Yes,Yes,4,00-12 months
598,0794-HCQTE,Male,No,Yes,No,67,49-72 months
599,0794-WILSR,Female,No,Yes,Yes,45,25-48 months
600,0795-KSPLL,Male,Yes,Yes,Yes,34,25-48 months
601,0796-VWLSG,Male,No,No,No,52,49-72 months
602,0797-EZMEI,Male,No,Yes,No,26,25-48 months
603,0798-ZBSVQ,Female,No,Yes,No,64,49-72 months
604,0799-GLJEJ,Female,No,No,No,17,13-24 months
605,0808-DRIGR,Female,No,Yes,No,12,00-12 months
606,0808-KNUZK,Male,No,Yes,No,7,00-12 months
607,0808-KZHDM,Male,Yes,No,No,40,25-48 months
608,0809-SVWPQ,Female,No,No,No,11,00-12 months
609,0811-MYOVL,Female,Yes,No,Yes,64,49-72 months
610,0812-BQHGK,Male,No,No,No,24,13-24 months
611,0812-HOMGN,Female,No,Yes,Yes,6,00-12 months
612,0812-MFRUZ,Male,Yes,No,No,9,00-12 months
613,0816-AQEOY,Male,Yes,Yes,Yes,40,25-48 months
614,0816-XVJLW,Male,No,No,No,41,25-48 months
615,0818-NMOGA,Female,No,Yes,Yes,16,13-24 months
616,0824-RLIWV,Male,No,No,No,8,00-12 months
617,0825-SXDVT,Male,No,Yes,No,7,00-12 months
618,0826-SHNJJ,Male,No,Yes,Yes,9,00-12 months
619,0827-SQKVX,Male,No,Yes,Yes,30,25-48 months
620,0828-AEXSS,Female,No,Yes,Yes,1,00-12 months
621,0829-SDYWW,Male,No,No,Yes,2,00-12 months
622,0829-TJKRK,Female,No,Yes,No,72,49-72 months
623,0831-RCKTO,Female,Yes,No,No,15,13-24 months
624,0831-WWGNX,Male,No,No,Yes,1,00-12 months
625,0832-AITDW,Female,No,Yes,No,4,00-12 months
626,0833-KDZPV,Male,No,No,No,52,49-72 months
627,0836-IHHMD,Female,Yes,Yes,Yes,0,00-12 months
628,0839-OIRWC,Male,No,Yes,No,59,49-72 months
629,0841-SLPTJ,Female,No,No,No,72,49-72 months
630,0842-JFZKA,Male,Yes,No,No,21,13-24 months
631,0842-VYCUE,Male,No,No,No,13,13-24 months
632,0843-JUIPE,Female,No,Yes,No,61,49-72 months
633,0846-BAJPZ,Female,No,Yes,No,35,25-48 months
634,0846-WEKNW,Female,No,Yes,Yes,64,49-72 months
635,0850-OTFOS,Female,No,No,No,1,00-12 months
636,0852-CGNOW,Female,No,No,Yes,53,49-72 months
637,0852-NARFD,Male,Yes,Yes,Yes,21,13-24 months
638,0853-MCROW,Male,No,No,No,12,00-12 months
639,0853-SXLMN,Female,No,Yes,No,4,00-12 months
640,0859-ECRIB,Male,No,No,No,71,49-72 months
641,0859-SFCNZ,Female,No,Yes,Yes,1,00-12 months
642,0861-LQRXH,Male,Yes,No,No,4,00-12 months
643,0865-TUNUJ,Female,No,No,No,6,00-12 months
644,0868-BRJUH,Female,No,No,No,6,00-12 months
645,0868-LWUCA,Female,No,No,No,72,49-72 months
646,0871-KWTQX,Female,No,No,Yes,6,00-12 months
647,0873-AYMRH,Female,No,No,No,71,49-72 months
648,0874-NULCR,Male,No,No,No,38,25-48 months
649,0874-PUGGF,Male,No,Yes,Yes,14,13-24 months
650,0875-SINMU,Female,No,No,No,3,00-12 months
651,0875-VPVUA,Male,Yes,Yes,Yes,27,25-48 months
652,0876-BADNV,Female,No,No,No,31,25-48 months
653,0877-TKIKW,Female,No,No,No,4,00-12 months
654,0878-EVHQJ,Female,No,Yes,Yes,10,00-12 months
655,0878-YRLWU,Female,No,No,No,64,49-72 months
656,0880-QUAPX,Female,No,No,No,8,00-12 months
657,0881-HGPFH,Male,No,Yes,No,46,25-48 months
658,0883-PXMXZ,Female,No,No,No,2,00-12 months
659,0885-AKJYJ,Female,Yes,Yes,No,60,49-72 months
660,0885-ZLEAY,Female,No,No,No,3,00-12 months
661,0886-WWXZI,Female,No,No,No,36,25-48 months
662,0887-SOFXQ,Male,Yes,No,No,19,13-24 months
663,0888-OFPRW,Female,No,Yes,Yes,25,25-48 months
664,0888-VHGVY,Male,No,No,No,30,25-48 months
665,0889-ITRSR,Female,No,Yes,No,40,25-48 months
666,0890-QYCSP,Male,No,No,No,5,00-12 months
667,0891-BPILT,Female,No,No,No,3,00-12 months
668,0892-DEECY,Female,No,Yes,No,65,49-72 months
669,0892-URLLW,Male,No,No,No,21,13-24 months
670,0893-ARLGM,Male,No,Yes,No,7,00-12 months
671,0893-IKBKM,Male,No,No,No,15,13-24 months
672,0898-AYEVA,Male,No,No,No,1,00-12 months
673,0898-PTZIO,Female,No,Yes,No,31,25-48 months
674,0902-HSPPT,Male,Yes,Yes,No,46,25-48 months
675,0903-CUKZA,Female,No,No,No,26,25-48 months
676,0903-EBNVX,Male,No,No,No,2,00-12 months
677,0903-JJIWA,Female,No,No,No,52,49-72 months
678,0905-ETCPJ,Female,No,Yes,Yes,61,49-72 months
679,0905-IHMCU,Female,No,Yes,No,69,49-72 months
680,0905-OUHPA,Female,No,No,No,57,49-72 months
681,0910-NZBLU,Male,No,No,No,72,49-72 months
682,0911-WKNEQ,Female,No,No,No,36,25-48 months
683,0915-GZUAX,Male,No,Yes,Yes,4,00-12 months
684,0915-SXFET,Female,Yes,Yes,No,31,25-48 months
685,0918-WNQBP,Female,No,Yes,Yes,20,13-24 months
686,0919-UBQKH,Male,No,Yes,Yes,11,00-12 months
687,0922-BNWOA,Male,No,No,No,10,00-12 months
688,0923-YXKOL,Male,No,No,No,8,00-12 months
689,0924-WXNPF,Female,Yes,No,No,54,49-72 months
690,0925-MRBKG,Male,No,No,No,56,49-72 months
691,0926-APFPA,Male,Yes,Yes,No,21,13-24 months
692,0927-XIMCH,Male,Yes,No,No,12,00-12 months
693,0929-WILKH,Female,No,No,No,37,25-48 months
694,0931-PATXT,Male,No,Yes,No,37,25-48 months
695,0932-OZCHV,Male,No,Yes,No,38,25-48 months
696,0934-CABHA,Female,No,Yes,No,49,49-72 months
697,0935-FIFPS,Male,Yes,No,No,5,00-12 months
698,0935-XYHAQ,Male,No,No,Yes,12,00-12 months
699,0940-PHTKQ,Female,No,No,No,23,13-24 months
700,0943-YPOEM,Female,No,No,No,17,13-24 months
701,0946-WTVYX,Female,No,Yes,Yes,30,25-48 months
702,0948-GFOAG,Male,No,Yes,No,72,49-72 months
703,0948-USXYY,Male,No,No,No,2,00-12 months
704,0949-SZNDB,Female,No,Yes,Yes,6,00-12 months
705,0950-KQBZW,Female,No,Yes,Yes,11,00-12 months
706,0950-LQSST,Female,No,No,No,72,49-72 months
707,0952-QJMAW,Male,Yes,No,No,29,25-48 months
708,0953-ETJDV,Female,No,No,No,37,25-48 months
709,0956-NOWZG,Male,No,Yes,Yes,8,00-12 months
710,0956-WKTZS,Female,No,No,No,18,13-24 months
711,0960-LETOS,Male,No,No,No,27,25-48 months
712,0960-WYKXG,Male,No,No,Yes,21,13-24 months
713,0961-FZCUO,Female,No,No,No,5,00-12 months
714,0963-WFEES,Female,No,No,No,24,13-24 months
715,0968-VLWNO,Female,No,Yes,No,47,25-48 months
716,0969-AVKLQ,Male,No,No,Yes,20,13-24 months
717,0969-CUIIA,Male,No,No,No,29,25-48 months
718,0970-DHJZS,Female,No,No,No,4,00-12 months
719,0970-WKSBA,Male,No,Yes,Yes,38,25-48 months
720,0973-AFXQS,Male,No,Yes,No,16,13-24 months
721,0973-FAZWK,Female,No,No,No,1,00-12 months
722,0974-WREXC,Male,No,No,Yes,41,25-48 months
723,0982-FTTVC,Female,No,No,No,8,00-12 months
724,0986-SDZOO,Female,No,No,No,8,00-12 months
725,0988-ZLSCY,Female,Yes,Yes,Yes,23,13-24 months
726,0989-QNTPD,Female,No,Yes,No,7,00-12 months
727,0989-ZZZEJ,Female,No,No,No,1,00-12 months
728,0990-FHRYY,Male,No,No,No,4,00-12 months
729,0994-CEZSR,Female,No,No,No,11,00-12 months
730,0997-KHABL,Male,No,Yes,No,69,49-72 months
731,0999-DRMZO,Male,No,No,No,14,13-24 months
732,1000-JXBEA,Male,No,No,No,5,00-12 months
733,1001-CDZZS,Male,No,Yes,Yes,10,00-12 months
734,1004-LQFKO,Male,No,Yes,No,2,00-12 months
735,1004-TBGZS,Female,No,No,No,8,00-12 months
736,1006-MRLWQ,Female,No,No,No,19,13-24 months
737,1007-CBGUP,Female,No,Yes,Yes,3,00-12 months
738,1007-TOYFX,Female,No,No,No,4,00-12 months
739,1008-ULBJF,Female,No,Yes,No,1,00-12 months
740,1009-DOSFM,Female,No,No,No,52,49-72 months
741,1009-QJJPS,Female,No,No,No,39,25-48 months
742,1010-JFAPG,Male,Yes,Yes,No,69,49-72 months
743,1010-WBOGF,Female,No,Yes,No,26,25-48 months
744,1012-PLQFD,Male,No,Yes,Yes,48,25-48 months
745,1014-GNDMD,Female,No,No,No,9,00-12 months
746,1014-PDUKJ,Female,No,Yes,Yes,29,25-48 months
747,1015-GGBOH,Male,No,Yes,No,2,00-12 months
748,1015-PSGQO,Male,Yes,No,No,26,25-48 months
749,1015-RDRAH,Male,No,No,No,9,00-12 months
750,1016-BJAKI,Female,No,No,No,31,25-48 months
751,1016-QWLWY,Male,Yes,No,Yes,69,49-72 months
752,1018-WDIAR,Female,No,No,No,71,49-72 months
753,1019-LEVDL,Female,No,Yes,Yes,7,00-12 months
754,1020-JGXCI,Male,No,Yes,Yes,13,13-24 months
755,1021-XEPWT,Female,No,Yes,No,3,00-12 months
756,1022-QSPAB,Male,Yes,No,No,16,13-24 months
757,1028-JMJCN,Female,No,No,No,24,13-24 months
758,1028-NAZXE,Female,No,No,No,1,00-12 months
759,1030-PXFAF,Male,No,No,No,5,00-12 months
760,1031-ZANDY,Male,No,No,No,62,49-72 months
761,1034-VRNDZ,Male,Yes,Yes,Yes,14,13-24 months
762,1035-YPZRA,Male,No,No,Yes,30,25-48 months
763,1037-HHPUW,Male,No,No,No,72,49-72 months
764,1039-MGHNU,Male,Yes,Yes,Yes,14,13-24 months
765,1039-YXPZA,Female,No,Yes,No,36,25-48 months
766,1040-CSNKE,Female,No,Yes,No,29,25-48 months
767,1040-ZIMON,Male,No,No,No,34,25-48 months
768,1041-HVSFR,Male,No,No,No,63,49-72 months
769,1041-TEWLX,Female,No,Yes,No,13,13-24 months
770,1043-KQVYI,Female,Yes,Yes,No,25,25-48 months
771,1043-XYTHR,Male,No,Yes,Yes,7,00-12 months
772,1045-NDBVS,Male,No,No,No,20,13-24 months
773,1048-JMSJA,Male,No,Yes,Yes,33,25-48 months
774,1050-UPMFD,Female,No,Yes,No,31,25-48 months
775,1051-GXOUE,Male,No,No,No,7,00-12 months
776,1051-WUSCC,Female,No,No,No,24,13-24 months
777,1052-CFTKQ,Female,No,Yes,No,14,13-24 months
778,1053-HIAGL,Female,Yes,Yes,Yes,69,49-72 months
779,1055-JWISJ,Female,No,No,No,4,00-12 months
780,1057-PFHZK,Male,No,Yes,No,71,49-72 months
781,1059-AQBHU,Female,No,No,No,27,25-48 months
782,1061-XKGZB,Female,Yes,No,No,5,00-12 months
783,1063-HPEYH,Female,No,No,No,43,25-48 months
784,1063-ISMSQ,Male,No,No,Yes,32,25-48 months
785,1065-ATYRB,Male,No,Yes,Yes,39,25-48 months
786,1066-KMUPD,Female,No,Yes,Yes,7,00-12 months
787,1066-MULVD,Female,No,Yes,No,6,00-12 months
788,1066-WJPNT,Male,Yes,Yes,No,46,25-48 months
789,1067-ACNDF,Female,No,No,No,67,49-72 months
790,1067-BKYRC,Female,No,Yes,No,29,25-48 months
791,1067-IMOWY,Female,No,No,Yes,3,00-12 months
792,1067-TEJJN,Male,No,No,No,58,49-72 months
793,1068-RVRDM,Female,No,Yes,No,3,00-12 months
794,1069-NOAOS,Male,No,Yes,No,55,49-72 months
795,1070-XTFQI,Female,No,No,No,23,13-24 months
796,1071-GSPLK,Male,No,Yes,No,21,13-24 months
797,1073-OWJVP,Male,Yes,Yes,Yes,66,49-72 months
798,1075-LBIYS,Male,No,Yes,Yes,69,49-72 months
799,1075-XFGKD,Male,No,Yes,Yes,4,00-12 months
800,1077-BOYZH,Male,No,Yes,Yes,4,00-12 months
801,1077-QWPSD,Male,No,No,No,61,49-72 months
802,1079-NPCJM,Male,No,No,No,13,13-24 months
803,1079-SMBEO,Female,No,Yes,No,13,13-24 months
804,1080-HOSIF,Male,Yes,No,No,36,25-48 months
805,1081-SVKQZ,Male,No,No,No,26,25-48 months
806,1087-HGXAV,Male,Yes,No,No,55,49-72 months
807,1088-UXZCO,Female,No,Yes,No,40,25-48 months
808,1090-AXCAQ,Female,Yes,No,No,63,49-72 months
809,1090-GWJAS,Male,Yes,No,No,32,25-48 months
810,1091-LTALR,Female,No,Yes,Yes,27,25-48 months
811,1092-XNPGA,Male,No,Yes,No,7,00-12 months
812,1093-NIQSW,Male,Yes,Yes,No,8,00-12 months
813,1093-VBMPR,Male,No,Yes,No,6,00-12 months
814,1094-YRIJS,Female,No,No,No,34,25-48 months
815,1096-DKXIY,Male,No,No,No,26,25-48 months
816,1096-NPCQE,Male,No,No,No,72,49-72 months
817,1097-KIEJN,Female,No,Yes,Yes,64,49-72 months
818,1097-MEWON,Female,No,No,No,66,49-72 months
819,1097-MIVUL,Female,Yes,No,Yes,66,49-72 months
820,1102-HEEJZ,Male,Yes,No,No,9,00-12 months
821,1104-FANPJ,Female,No,Yes,Yes,36,25-48 months
822,1106-VJDZH,Female,No,Yes,Yes,47,25-48 months
823,1108-EFDDA,Male,No,Yes,No,70,49-72 months
824,1109-TAUBF,Male,No,Yes,Yes,38,25-48 months
825,1110-NHMAI,Female,No,No,No,31,25-48 months
826,1110-ONVTS,Female,No,Yes,No,17,13-24 months
827,1115-YHLGX,Female,No,No,No,6,00-12 months
828,1116-BYFGU,Female,No,No,No,56,49-72 months
829,1118-BBPFZ,Female,No,Yes,No,71,49-72 months
830,1120-MRHTC,Male,No,No,No,2,00-12 months
831,1121-CMFKL,Female,No,Yes,No,6,00-12 months
832,1121-IGHYE,Female,No,No,No,1,00-12 months
833,1121-MWGIC,Female,Yes,No,No,68,49-72 months
834,1121-RXRTG,Female,Yes,No,No,14,13-24 months
835,1123-YGNFJ,Female,No,No,No,71,49-72 months
836,1124-RWTZA,Male,No,No,Yes,40,25-48 months
837,1127-HBHYM,Female,No,No,Yes,12,00-12 months
838,1129-PHFNK,Male,No,No,No,61,49-72 months
839,1130-GYOII,Male,No,Yes,No,39,25-48 months
840,1130-SMYKF,Male,Yes,No,No,16,13-24 months
841,1130-ZQAOA,Male,No,No,No,68,49-72 months
842,1131-HWZPI,Male,No,Yes,Yes,70,49-72 months
843,1133-QHLZG,Female,Yes,Yes,No,69,49-72 months
844,1134-ENRHV,Male,No,Yes,Yes,32,25-48 months
845,1137-VRELB,Male,No,Yes,No,71,49-72 months
846,1139-DDMQT,Male,No,No,No,19,13-24 months
847,1139-GAMEF,Female,No,No,No,40,25-48 months
848,1140-AZGUA,Male,No,Yes,No,57,49-72 months
849,1141-KEBLB,Male,No,Yes,Yes,32,25-48 months
850,1141-RQZNV,Male,No,No,No,3,00-12 months
851,1141-WYMIN,Male,No,Yes,Yes,33,25-48 months
852,1142-LJLBS,Male,No,No,No,35,25-48 months
853,1143-ZTXXI,Male,No,No,No,70,49-72 months
854,1145-HOXWE,Female,No,No,No,36,25-48 months
855,1147-CTUKR,Female,No,No,No,60,49-72 months
856,1147-OYEMK,Female,Yes,No,No,31,25-48 months
857,1147-SDFSL,Female,Yes,Yes,Yes,16,13-24 months
858,1148-ELJME,Female,No,No,No,4,00-12 months
859,1149-LLEKD,Male,Yes,No,No,37,25-48 months
860,1151-CBNBP,Male,No,No,No,9,00-12 months
861,1151-EQCUF,Female,No,Yes,Yes,37,25-48 months
862,1153-KLZHF,Female,No,Yes,Yes,57,49-72 months
863,1154-TGNRP,Male,Yes,No,Yes,16,13-24 months
864,1158-HSVXA,Female,Yes,Yes,Yes,1,00-12 months
865,1159-PUGFC,Male,No,No,No,0,00-12 months
866,1164-EQTVO,Female,No,No,No,59,49-72 months
867,1164-QCIPR,Female,No,Yes,Yes,25,25-48 months
868,1166-BFBAM,Female,No,No,No,59,49-72 months
869,1168-VEZAQ,Female,No,No,No,40,25-48 months
870,1170-FRUTW,Female,No,No,No,22,13-24 months
871,1170-ZAOAR,Male,Yes,Yes,Yes,7,00-12 months
872,1171-NQTAA,Female,No,No,No,14,13-24 months
873,1176-DJLQE,Male,No,No,Yes,1,00-12 months
874,1178-SQZCF,Male,No,Yes,Yes,53,49-72 months
875,1180-IQNSR,Female,Yes,No,No,45,25-48 months
876,1182-XECOW,Female,No,No,No,50,49-72 months
877,1182-ZIIHL,Male,No,Yes,No,2,00-12 months
878,1183-DVEFP,Female,No,No,No,1,00-12 months
879,1183-PSHPL,Female,Yes,No,No,48,25-48 months
880,1183-QXGFP,Female,No,Yes,No,4,00-12 months
881,1187-BQQOR,Male,No,No,No,11,00-12 months
882,1187-GXOIJ,Female,No,Yes,Yes,64,49-72 months
883,1188-HGRSS,Male,No,No,No,18,13-24 months
884,1189-QOQMU,Female,No,No,No,11,00-12 months
885,1190-UVSPM,Male,No,Yes,No,42,25-48 months
886,1191-LQKII,Female,No,No,No,63,49-72 months
887,1191-RPXCK,Female,Yes,No,No,3,00-12 months
888,1193-IIDMM,Male,No,No,No,64,49-72 months
889,1193-NUGPH,Female,No,No,No,36,25-48 months
890,1193-XBLJK,Female,No,Yes,Yes,25,25-48 months
891,1194-CURDI,Male,No,Yes,No,67,49-72 months
892,1194-YCCXY,Male,No,No,No,11,00-12 months
893,1195-CFIBP,Male,No,Yes,Yes,39,25-48 months
894,1195-OJBQS,Male,Yes,Yes,No,26,25-48 months
895,1196-MVEIR,Male,No,No,No,61,49-72 months
896,1197-ADMUD,Male,No,No,No,10,00-12 months
897,1199-OFWHR,Female,No,Yes,Yes,72,49-72 months
898,1202-TBKVZ,Male,No,No,Yes,4,00-12 months
899,1203-SKZAJ,Male,No,No,No,9,00-12 months
900,1203-XDHDP,Male,No,No,No,70,49-72 months
901,1204-GSJZY,Male,No,Yes,Yes,26,25-48 months
902,1204-RMLLD,Female,No,Yes,Yes,10,00-12 months
903,1206-PISML,Male,No,No,No,6,00-12 months
904,1208-TNDWG,Female,No,No,Yes,71,49-72 months
905,1209-ZENKL,Male,No,Yes,No,8,00-12 months
906,1212-XJKHT,Male,No,Yes,Yes,5,00-12 months
907,1215-MUVST,Male,No,Yes,Yes,33,25-48 months
908,1217-UEYCS,Female,No,Yes,No,6,00-12 months
909,1218-TSUTI,Male,No,No,No,24,13-24 months
910,1218-YNEEF,Male,No,Yes,No,4,00-12 months
911,1219-QPTZG,Male,Yes,No,No,22,13-24 months
912,1220-SLWHB,Male,No,No,No,8,00-12 months
913,1225-YOXAT,Female,No,Yes,No,52,49-72 months
914,1227-NSQRJ,Male,No,No,No,5,00-12 months
915,1227-ZAAAQ,Female,No,Yes,Yes,53,49-72 months
916,1229-XXUJB,Male,No,Yes,No,8,00-12 months
917,1231-ENPTU,Female,Yes,No,No,60,49-72 months
918,1231-JGZYR,Female,No,No,No,40,25-48 months
919,1231-LBQIF,Female,Yes,No,No,18,13-24 months
920,1231-PIJPZ,Female,No,Yes,No,3,00-12 months
921,1233-AGMDD,Female,No,No,Yes,4,00-12 months
922,1236-FUXNZ,Female,No,No,No,55,49-72 months
923,1236-OKEQI,Female,No,Yes,No,50,49-72 months
924,1239-AAMLB,Female,No,No,No,43,25-48 months
925,1240-ITPUN,Female,No,Yes,Yes,27,25-48 months
926,1240-JDFKN,Female,No,No,No,6,00-12 months
927,1241-DFFPQ,Male,No,Yes,Yes,5,00-12 months
928,1241-GCSQZ,Female,No,No,No,16,13-24 months
929,1241-ISUJC,Female,No,Yes,No,10,00-12 months
930,1246-TIOQQ,Male,No,Yes,No,43,25-48 months
931,1248-CGTXP,Male,No,No,No,67,49-72 months
932,1248-EFCIO,Male,No,No,No,6,00-12 months
933,1249-OTDNR,Male,No,No,No,14,13-24 months
934,1250-TJPPV,Female,No,No,No,3,00-12 months
935,1251-DXPGU,Male,No,Yes,Yes,60,49-72 months
936,1251-FETFR,Male,No,Yes,Yes,1,00-12 months
937,1253-IOUAY,Male,No,No,No,65,49-72 months
938,1254-SPWTX,Female,Yes,Yes,Yes,25,25-48 months
939,1255-VWSNY,Male,No,No,No,43,25-48 months
940,1257-GXHNJ,Female,No,Yes,Yes,15,13-24 months
941,1257-ZBPGH,Female,No,Yes,Yes,12,00-12 months
942,1259-IJJRN,Female,No,Yes,No,45,25-48 months
943,1262-ONUZR,Female,No,No,No,40,25-48 months
944,1262-SMHFB,Female,No,Yes,Yes,1,00-12 months
945,1269-GUUAF,Male,Yes,Yes,Yes,8,00-12 months
946,1271-PRWCG,Female,No,No,No,56,49-72 months
947,1274-USWCF,Male,No,Yes,Yes,45,25-48 months
948,1278-HSMDT,Female,No,No,No,23,13-24 months
949,1279-IXAOR,Male,No,Yes,No,6,00-12 months
950,1279-WKBZU,Male,No,No,No,56,49-72 months
951,1281-XDMMY,Male,No,No,No,31,25-48 months
952,1283-VCWUD,Male,No,Yes,Yes,23,13-24 months
953,1283-WHIPC,Female,No,No,No,25,25-48 months
954,1284-IAZDM,Male,No,Yes,No,70,49-72 months
955,1286-NZQRF,Female,No,Yes,Yes,61,49-72 months
956,1288-GFDEI,Female,No,No,No,12,00-12 months
957,1290-LRYLZ,Male,No,No,No,7,00-12 months
958,1294-FHVHJ,Male,No,Yes,Yes,69,49-72 months
959,1295-CZCTT,Female,No,No,No,19,13-24 months
960,1295-FQRRI,Male,No,Yes,Yes,28,25-48 months
961,1297-NWCXP,Male,No,No,No,4,00-12 months
962,1298-ZQDYO,Female,No,Yes,No,63,49-72 months
963,1301-HNZFB,Female,No,No,No,64,49-72 months
964,1307-RZMCB,Male,No,Yes,No,6,00-12 months
965,1309-IIERJ,Male,Yes,Yes,No,17,13-24 months
966,1309-WGXKN,Male,No,No,No,69,49-72 months
967,1311-HNIKG,Male,No,No,No,41,25-48 months
968,1317-HAHST,Female,No,Yes,Yes,61,49-72 months
969,1319-EQSGJ,Female,No,No,No,37,25-48 months
970,1319-PNVZT,Male,No,Yes,Yes,42,25-48 months
971,1320-HIRZV,Female,Yes,Yes,Yes,7,00-12 months
972,1322-NEILO,Female,No,Yes,Yes,57,49-72 months
973,1323-EPVMA,Male,No,No,No,8,00-12 months
974,1323-SIKGU,Male,No,No,No,48,25-48 months
975,1326-BOHLD,Female,No,Yes,Yes,6,00-12 months
976,1326-EKPZG,Male,No,Yes,No,28,25-48 months
977,1326-PEZSJ,Female,Yes,Yes,Yes,2,00-12 months
978,1326-YRCBK,Male,No,Yes,No,32,25-48 months
979,1327-FWZTC,Male,No,Yes,Yes,71,49-72 months
980,1331-OKMVP,Female,No,No,No,64,49-72 months
981,1331-SYBVI,Female,Yes,No,No,22,13-24 months
982,1331-WCTUI,Female,No,Yes,Yes,54,49-72 months
983,1332-FFTXW,Female,No,No,Yes,60,49-72 months
984,1333-NICGN,Female,No,Yes,Yes,11,00-12 months
985,1334-ARUTU,Female,No,Yes,Yes,7,00-12 months
986,1337-LJAFN,Male,Yes,No,No,52,49-72 months
987,1341-MBZMZ,Male,Yes,Yes,No,42,25-48 months
988,1343-ACWRU,Female,No,No,No,68,49-72 months
989,1345-JHBTA,Male,No,No,No,60,49-72 months
990,1347-MLNNS,Male,No,Yes,Yes,7,00-12 months
991,1348-MKEYJ,Male,No,Yes,Yes,7,00-12 months
992,1349-WOTKQ,Male,No,No,No,18,13-24 months
993,1351-CDHYM,Female,No,Yes,Yes,66,49-72 months
994,1351-NKZEK,Male,No,No,No,58,49-72 months
995,1354-HITHW,Male,No,Yes,Yes,1,00-12 months
996,1356-MXZFJ,Male,Yes,Yes,No,10,00-12 months
997,1356-YMILG,Male,No,No,Yes,28,25-48 months
998,1357-GZEPH,Female,No,No,No,9,00-12 months
999,1357-URHTS,Female,No,Yes,Yes,40,25-48 months
1000,1358-ZTRVP,Male,Yes,No,No,1,00-12 months
1001,1361-RYNPB,Female,No,Yes,Yes,3,00-12 months
1002,1365-QPHTD,Female,No,Yes,No,57,49-72 months
1003,1365-QQCRX,Female,No,Yes,Yes,43,25-48 months
1004,1367-DIIVW,Male,No,No,No,14,13-24 months
1005,1369-BWYTD,Female,No,Yes,No,52,49-72 months
1006,1369-MMLYQ,Male,No,Yes,Yes,2,00-12 months
1007,1370-IBNDG,Female,No,No,Yes,24,13-24 months
1008,1374-HJQPU,Male,No,Yes,No,12,00-12 months
1009,1375-WJRLT,Female,Yes,Yes,No,2,00-12 months
1010,1378-NXJBZ,Female,No,No,No,3,00-12 months
1011,1381-JAAES,Female,No,Yes,No,61,49-72 months
1012,1381-PSCHO,Female,No,No,No,64,49-72 months
1013,1382-VXCPN,Female,No,No,Yes,19,13-24 months
1014,1385-NUGQA,Female,No,No,No,1,00-12 months
1015,1387-WMXRO,Male,Yes,No,No,48,25-48 months
1016,1388-JLWSD,Female,Yes,Yes,No,18,13-24 months
1017,1389-TVHIO,Female,Yes,No,No,16,13-24 months
1018,1391-JIDBY,Male,No,Yes,No,2,00-12 months
1019,1391-YVDUD,Female,No,Yes,No,62,49-72 months
1020,1395-BEQAR,Female,Yes,No,No,37,25-48 months
1021,1395-DUNGU,Male,Yes,Yes,Yes,70,49-72 months
1022,1396-HGSGA,Female,No,Yes,No,56,49-72 months
1023,1396-VOYLF,Female,No,Yes,No,45,25-48 months
1024,1397-BUHBF,Female,No,Yes,No,10,00-12 months
1025,1399-JQZAS,Male,No,No,No,53,49-72 months
1026,1400-JVFEC,Male,No,Yes,No,4,00-12 months
1027,1400-OQMUG,Female,No,Yes,Yes,55,49-72 months
1028,1401-DFEQF,Male,No,No,No,21,13-24 months
1029,1402-IGPUC,Male,No,Yes,Yes,17,13-24 months
1030,1402-PCQQC,Male,Yes,No,No,71,49-72 months
1031,1404-VKGST,Male,No,Yes,No,6,00-12 months
1032,1407-KDAMK,Male,No,No,No,35,25-48 months
1033,1409-SFPYY,Male,Yes,No,No,37,25-48 months
1034,1410-AMEDD,Male,No,Yes,Yes,6,00-12 months
1035,1411-JQFBI,Male,No,Yes,Yes,6,00-12 months
1036,1411-PXSAE,Male,No,Yes,No,6,00-12 months
1037,1412-HGKIO,Male,No,No,Yes,72,49-72 months
1038,1413-COFZE,Male,No,No,No,18,13-24 months
1039,1414-OZQVW,Male,No,Yes,Yes,4,00-12 months
1040,1419-XMPBV,Female,No,No,No,17,13-24 months
1041,1421-MNDBD,Male,No,Yes,Yes,38,25-48 months
1042,1421-QWNWY,Female,No,Yes,Yes,10,00-12 months
1043,1424-MLOSG,Female,No,No,No,20,13-24 months
1044,1425-GHAZI,Female,No,Yes,No,2,00-12 months
1045,1425-VVTJM,Female,No,No,No,2,00-12 months
1046,1427-TJWWY,Male,No,Yes,No,12,00-12 months
1047,1428-UFCGK,Female,No,No,No,19,13-24 months
1048,1428-VRNPW,Female,No,No,No,8,00-12 months
1049,1429-CQNAG,Male,Yes,No,No,70,49-72 months
1050,1431-HLDIR,Female,No,No,No,12,00-12 months
1051,1431-NIADN,Male,No,No,No,26,25-48 months
1052,1432-DXZKF,Male,No,No,No,67,49-72 months
1053,1434-UMDYN,Female,No,No,No,7,00-12 months
1054,1437-HQJRW,Female,No,No,No,4,00-12 months
1055,1437-ZEHHA,Female,Yes,No,No,32,25-48 months
1056,1440-STKYQ,Male,No,Yes,No,64,49-72 months
1057,1441-KINNA,Female,No,Yes,Yes,4,00-12 months
1058,1441-NEYJK,Female,No,No,No,5,00-12 months
1059,1442-DJOUE,Female,No,Yes,No,65,49-72 months
1060,1444-CWNSS,Male,No,No,No,67,49-72 months
1061,1444-OKBOC,Female,No,Yes,No,6,00-12 months
1062,1445-SMNMT,Female,No,No,No,45,25-48 months
1063,1446-FHODU,Female,No,Yes,No,35,25-48 months
1064,1448-MKLJV,Female,No,Yes,No,35,25-48 months
1065,1450-BUHJV,Male,No,No,No,2,00-12 months
1066,1450-KKXBJ,Female,No,No,No,5,00-12 months
1067,1450-KLIXK,Male,Yes,Yes,No,71,49-72 months
1068,1450-SBSPB,Female,No,Yes,Yes,10,00-12 months
1069,1453-MZUJI,Female,No,No,No,5,00-12 months
1070,1454-BSAWA,Female,No,Yes,No,18,13-24 months
1071,1457-CYEVU,Male,No,Yes,No,22,13-24 months
1072,1457-JIFDR,Female,No,No,No,18,13-24 months
1073,1457-MDFJQ,Female,No,No,No,53,49-72 months
1074,1457-WTYCS,Male,No,Yes,Yes,62,49-72 months
1075,1458-CZMQF,Female,Yes,Yes,No,71,49-72 months
1076,1460-BJVWM,Female,No,Yes,Yes,7,00-12 months
1077,1460-IDEWM,Female,No,No,No,12,00-12 months
1078,1460-RMPLQ,Female,No,Yes,Yes,9,00-12 months
1079,1460-YTDFO,Female,No,Yes,Yes,15,13-24 months
1080,1461-SHYUQ,Male,No,Yes,Yes,66,49-72 months
1081,1461-YWBKU,Female,No,Yes,Yes,54,49-72 months
1082,1466-DKULH,Female,No,Yes,No,23,13-24 months
1083,1467-YEXJU,Male,No,Yes,No,4,00-12 months
1084,1471-PNFDT,Female,No,Yes,Yes,4,00-12 months
1085,1472-BKONP,Female,No,No,No,38,25-48 months
1086,1472-JNTKW,Female,Yes,No,No,17,13-24 months
1087,1473-IIONU,Male,No,Yes,Yes,1,00-12 months
1088,1475-IJTJS,Male,No,Yes,No,69,49-72 months
1089,1476-KYFOM,Male,No,Yes,Yes,72,49-72 months
1090,1479-MNQQW,Female,No,Yes,No,13,13-24 months
1091,1482-QVCSD,Male,No,No,No,65,49-72 months
1092,1486-EUBPC,Female,No,Yes,Yes,30,25-48 months
1093,1486-LSVUU,Male,Yes,No,No,39,25-48 months
1094,1492-KSOII,Male,No,Yes,No,35,25-48 months
1095,1492-RBXCC,Male,No,No,No,4,00-12 months
1096,1494-JSUKY,Male,No,No,No,45,25-48 months
1097,1500-WGNRO,Female,No,No,No,10,00-12 months
1098,1502-VRWNE,Male,No,No,Yes,7,00-12 months
1099,1502-ZCVKB,Male,No,No,Yes,16,13-24 months
1100,1503-LCVZP,Female,No,No,No,44,25-48 months
1101,1503-OBWUF,Female,No,No,No,4,00-12 months
1102,1504-MCXSY,Female,No,No,No,11,00-12 months
1103,1506-OONRY,Male,No,No,No,38,25-48 months
1104,1506-USSDD,Male,No,Yes,Yes,9,00-12 months
1105,1509-VMLWM,Male,No,No,No,15,13-24 months
1106,1510-OZILI,Male,No,No,No,23,13-24 months
1107,1512-JLAAB,Male,No,No,No,8,00-12 months
1108,1512-MQOZY,Male,No,Yes,No,33,25-48 months
1109,1512-NSAXP,Female,No,Yes,Yes,66,49-72 months
1110,1515-XKPRC,Female,No,No,Yes,59,49-72 months
1111,1516-THSRE,Female,No,No,No,72,49-72 months
1112,1520-HPXDR,Female,No,Yes,Yes,60,49-72 months
1113,1520-LDASB,Male,No,No,No,50,49-72 months
1114,1522-MBHPH,Female,No,No,No,2,00-12 months
1115,1522-ZSDIS,Female,Yes,No,No,1,00-12 months
1116,1523-RDLIE,Female,No,Yes,No,17,13-24 months
1117,1523-RVKTK,Female,No,Yes,Yes,68,49-72 months
1118,1526-BZOSN,Male,No,No,No,18,13-24 months
1119,1531-VFQCK,Female,No,No,No,68,49-72 months
1120,1532-JGNIF,Female,No,Yes,Yes,10,00-12 months
1121,1532-XYSCB,Female,Yes,No,No,1,00-12 months
1122,1534-KVFYP,Male,No,Yes,Yes,6,00-12 months
1123,1535-CSQMG,Male,Yes,No,No,10,00-12 months
1124,1535-SWZGL,Female,No,Yes,Yes,9,00-12 months
1125,1536-DSKLW,Female,No,Yes,No,12,00-12 months
1126,1539-HCCGM,Female,No,No,No,4,00-12 months
1127,1543-AQMGB,Male,No,Yes,No,33,25-48 months
1128,1544-UDVDE,Female,No,Yes,No,60,49-72 months
1129,1546-DJTKL,Female,Yes,No,No,28,25-48 months
1130,1550-BBTQU,Male,No,No,No,0,00-12 months
1131,1550-BTBXL,Female,No,No,No,9,00-12 months
1132,1551-JIVHD,Female,No,Yes,Yes,6,00-12 months
1133,1556-IJRPR,Female,No,No,No,47,25-48 months
1134,1557-ZVFDV,Male,No,Yes,Yes,57,49-72 months
1135,1559-TBXGG,Female,No,Yes,Yes,28,25-48 months
1136,1562-GEOQT,Female,No,Yes,No,10,00-12 months
1137,1562-JGEEF,Male,Yes,No,No,3,00-12 months
1138,1562-WGJGV,Female,No,No,No,60,49-72 months
1139,1563-BVPZU,Male,No,No,Yes,8,00-12 months
1140,1566-GXIPL,Male,No,No,No,19,13-24 months
1141,1567-ZKJJQ,Male,No,No,Yes,42,25-48 months
1142,1568-QFHKD,Female,No,Yes,No,19,13-24 months
1143,1568-UMAEA,Male,Yes,No,No,25,25-48 months
1144,1569-EEULJ,Female,No,No,No,22,13-24 months
1145,1574-JLAEP,Male,No,Yes,No,20,13-24 months
1146,1575-NCCUI,Female,No,No,No,23,13-24 months
1147,1578-XTLVP,Female,No,Yes,Yes,9,00-12 months
1148,1579-DMNRK,Female,No,Yes,Yes,26,25-48 months
1149,1581-TQMJI,Male,Yes,Yes,Yes,17,13-24 months
1150,1581-YMIDJ,Male,No,Yes,No,63,49-72 months
1151,1584-FYKIU,Male,No,No,No,38,25-48 months
1152,1585-SHBAM,Male,Yes,Yes,No,39,25-48 months
1153,1585-SRMQF,Male,Yes,No,Yes,70,49-72 months
1154,1585-XOEGI,Male,No,Yes,Yes,16,13-24 months
1155,1585-ZLRJC,Female,No,No,No,3,00-12 months
1156,1586-EYYFF,Male,No,No,Yes,35,25-48 months
1157,1588-DUTTK,Female,No,No,No,72,49-72 months
1158,1588-OKUAX,Male,No,Yes,Yes,38,25-48 months
1159,1589-ITDPJ,Female,No,No,No,45,25-48 months
1160,1597-RAGDZ,Female,No,Yes,Yes,36,25-48 months
1161,1598-PVPZQ,Male,No,Yes,Yes,1,00-12 months
1162,1598-VATHY,Female,No,Yes,Yes,29,25-48 months
1163,1600-IAURT,Male,No,No,No,60,49-72 months
1164,1600-KVZSR,Male,No,Yes,No,5,00-12 months
1165,1600-PGLDG,Female,No,Yes,Yes,19,13-24 months
1166,1601-DDUNF,Male,No,Yes,No,50,49-72 months
1167,1602-LTPFV,Female,No,Yes,Yes,53,49-72 months
1168,1602-UGLUL,Female,No,Yes,Yes,60,49-72 months
1169,1603-IDKTG,Female,No,No,No,58,49-72 months
1170,1604-PQRJV,Male,No,No,No,14,13-24 months
1171,1604-TPXFK,Female,No,Yes,Yes,49,49-72 months
1172,1606-JXYJN,Male,No,Yes,No,29,25-48 months
1173,1607-MPDIS,Male,No,Yes,Yes,12,00-12 months
1174,1614-MMHZM,Male,No,No,No,54,49-72 months
1175,1614-UCIFS,Male,Yes,Yes,Yes,11,00-12 months
1176,1615-DORZM,Male,Yes,Yes,Yes,14,13-24 months
1177,1615-LRHNR,Female,No,Yes,Yes,68,49-72 months
1178,1618-QPQTM,Female,No,Yes,Yes,21,13-24 months
1179,1620-AORMI,Female,No,Yes,Yes,33,25-48 months
1180,1620-XXWZZ,Female,No,No,No,61,49-72 months
1181,1621-OGWTV,Male,Yes,No,No,2,00-12 months
1182,1624-UYWTG,Male,Yes,No,No,6,00-12 months
1183,1631-KTYQR,Female,No,No,No,4,00-12 months
1184,1633-SGQKC,Male,Yes,No,No,14,13-24 months
1185,1635-ORFWW,Female,Yes,No,No,3,00-12 months
1186,1636-FWHIX,Female,Yes,No,Yes,71,49-72 months
1187,1636-RKTMZ,Male,Yes,No,No,64,49-72 months
1188,1637-MPSNZ,Male,No,No,No,7,00-12 months
1189,1637-QAGSA,Female,Yes,No,No,57,49-72 months
1190,1638-AJQAZ,Female,No,Yes,No,61,49-72 months
1191,1639-ODKUV,Male,No,Yes,No,67,49-72 months
1192,1639-RZLVW,Female,No,No,No,16,13-24 months
1193,1644-YKJOE,Female,No,No,No,32,25-48 months
1194,1645-WIJBL,Female,No,No,No,12,00-12 months
1195,1645-WWYKL,Female,No,No,No,69,49-72 months
1196,1647-UPKMN,Male,No,Yes,No,58,49-72 months
1197,1648-KQKGY,Female,No,Yes,Yes,55,49-72 months
1198,1650-QACQD,Female,No,No,No,72,49-72 months
1199,1651-TAHED,Female,No,No,No,68,49-72 months
1200,1652-QNSTU,Male,No,Yes,Yes,28,25-48 months
1201,1654-RDWCZ,Female,Yes,No,Yes,8,00-12 months
1202,1654-ZWYHL,Male,No,No,Yes,66,49-72 months
1203,1655-BKYBZ,Male,No,No,No,26,25-48 months
1204,1655-QONRW,Male,Yes,No,Yes,51,49-72 months
1205,1659-WHABU,Male,Yes,No,No,15,13-24 months
1206,1660-EWLSD,Female,No,No,No,66,49-72 months
1207,1661-FHCQN,Male,No,No,No,25,25-48 months
1208,1662-JGHRQ,Male,No,No,No,3,00-12 months
1209,1663-COADG,Female,No,No,No,48,25-48 months
1210,1663-ZHKGO,Male,No,Yes,Yes,15,13-24 months
1211,1664-XHAIR,Male,No,Yes,Yes,5,00-12 months
1212,1665-ACVUN,Male,Yes,No,No,19,13-24 months
1213,1665-ZPWGS,Male,No,No,No,19,13-24 months
1214,1666-ZKLDH,Male,Yes,Yes,Yes,53,49-72 months
1215,1668-BYMGC,Female,No,No,No,46,25-48 months
1216,1668-IKBST,Male,No,Yes,Yes,11,00-12 months
1217,1672-XILPU,Female,No,Yes,No,72,49-72 months
1218,1673-JIHHS,Female,No,No,No,19,13-24 months
1219,1673-XLCSI,Male,Yes,No,No,13,13-24 months
1220,1674-UDENC,Female,No,Yes,Yes,49,49-72 months
1221,1677-EDOAO,Male,No,No,No,70,49-72 months
1222,1677-JQEWF,Male,No,Yes,No,68,49-72 months
1223,1677-YNXYB,Male,No,Yes,Yes,4,00-12 months
1224,1678-MBEKU,Female,No,No,No,4,00-12 months
1225,1679-BNRNJ,Male,No,Yes,Yes,9,00-12 months
1226,1681-JGSAQ,Female,No,No,Yes,2,00-12 months
1227,1683-KDUQU,Male,No,No,No,55,49-72 months
1228,1683-PNZBC,Male,Yes,No,Yes,9,00-12 months
1229,1684-DJUOB,Male,Yes,No,No,8,00-12 months
1230,1684-STRVS,Female,Yes,Yes,Yes,55,49-72 months
1231,1684-TFHDE,Female,No,Yes,Yes,64,49-72 months
1232,1692-PGRKP,Male,No,No,No,3,00-12 months
1233,1692-UGPMG,Female,No,Yes,No,2,00-12 months
1234,1693-UKPLU,Female,No,Yes,Yes,33,25-48 months
1235,1694-MRRUC,Male,No,No,Yes,15,13-24 months
1236,1694-SVETJ,Male,No,Yes,No,25,25-48 months
1237,1695-RFUBN,Female,No,Yes,Yes,7,00-12 months
1238,1696-XRXVI,Female,No,Yes,No,3,00-12 months
1239,1697-IZFNO,Female,No,Yes,No,67,49-72 months
1240,1698-WBZEK,Female,No,No,No,67,49-72 months
1241,1698-YEEVW,Female,No,No,No,35,25-48 months
1242,1703-CXUCQ,Female,No,Yes,No,48,25-48 months
1243,1704-MGSOS,Male,Yes,No,No,65,49-72 months
1244,1704-VFGAI,Female,No,No,No,3,00-12 months
1245,1705-KJYSA,Female,Yes,No,No,38,25-48 months
1246,1705-NMRQR,Male,No,No,No,11,00-12 months
1247,1707-GMNEY,Female,No,No,No,48,25-48 months
1248,1710-WVWRV,Female,No,Yes,No,23,13-24 months
1249,1713-DEJBV,Female,No,No,No,46,25-48 months
1250,1717-EZFOF,Female,No,Yes,No,9,00-12 months
1251,1717-IZDPD,Male,Yes,No,No,47,25-48 months
1252,1718-FHRHV,Female,Yes,Yes,Yes,72,49-72 months
1253,1720-YFEWY,Female,No,Yes,No,32,25-48 months
1254,1722-JAGAC,Male,No,Yes,Yes,1,00-12 months
1255,1723-YMWHJ,Female,No,Yes,Yes,38,25-48 months
1256,1726-UNVZK,Female,No,Yes,Yes,55,49-72 months
1257,1727-PEFJF,Male,No,No,No,15,13-24 months
1258,1731-ADORC,Female,No,Yes,No,1,00-12 months
1259,1731-OTAPX,Female,No,Yes,Yes,37,25-48 months
1260,1732-OCZRM,Female,No,Yes,No,56,49-72 months
1261,1733-GJLQF,Male,No,No,No,31,25-48 months
1262,1734-DOQDW,Male,No,Yes,Yes,4,00-12 months
1263,1734-LGRDP,Male,No,Yes,Yes,34,25-48 months
1264,1734-PDFSB,Female,No,Yes,Yes,17,13-24 months
1265,1735-XWXVY,Female,No,No,No,14,13-24 months
1266,1736-AIVTH,Male,No,No,No,2,00-12 months
1267,1737-EKMGH,Male,No,Yes,No,6,00-12 months
1268,1746-IEHJD,Female,No,No,No,18,13-24 months
1269,1749-TWMRT,Female,No,No,No,3,00-12 months
1270,1750-IKDKG,Female,No,No,No,52,49-72 months
1271,1750-JPSMD,Female,No,No,No,67,49-72 months
1272,1751-PUEHY,Female,No,Yes,No,26,25-48 months
1273,1751-UKGAC,Female,No,No,No,5,00-12 months
1274,1757-KVYVY,Female,No,Yes,No,55,49-72 months
1275,1759-AFALW,Female,No,Yes,Yes,16,13-24 months
1276,1760-UELVM,Female,No,Yes,No,45,25-48 months
1277,1761-FLGLA,Female,No,Yes,Yes,64,49-72 months
1278,1766-IZBGI,Male,No,Yes,No,26,25-48 months
1279,1767-NSMKT,Female,No,No,Yes,8,00-12 months
1280,1767-TAFPS,Male,No,Yes,Yes,3,00-12 months
1281,1768-AZICE,Female,No,No,No,44,25-48 months
1282,1773-EJWAH,Male,No,No,No,5,00-12 months
1283,1774-RNCPD,Female,No,No,No,1,00-12 months
1284,1776-KFGZS,Female,No,Yes,Yes,3,00-12 months
1285,1778-LFBJR,Female,Yes,No,No,7,00-12 months
1286,1778-QHDGG,Male,No,No,No,72,49-72 months
1287,1780-HKNXO,Female,No,No,No,66,49-72 months
1288,1781-ABOUX,Male,No,Yes,Yes,16,13-24 months
1289,1781-NGOET,Male,No,Yes,Yes,4,00-12 months
1290,1783-GJHDL,Female,No,Yes,No,1,00-12 months
1291,1783-UPOWH,Female,Yes,Yes,Yes,25,25-48 months
1292,1787-YNSKH,Male,No,No,No,17,13-24 months
1293,1793-BZMUG,Male,No,No,Yes,61,49-72 months
1294,1795-MKNDI,Female,No,No,No,2,00-12 months
1295,1796-IBCGH,Female,No,Yes,No,32,25-48 months
1296,1798-JYFUC,Female,No,Yes,Yes,29,25-48 months
1297,1799-TZDGH,Male,No,No,Yes,63,49-72 months
1298,1800-HYERF,Female,No,Yes,No,10,00-12 months
1299,1801-ONMZN,Female,Yes,No,No,43,25-48 months
1300,1802-HZYDO,Female,No,Yes,No,9,00-12 months
1301,1805-GTTAF,Male,No,Yes,No,6,00-12 months
1302,1805-NTFGR,Female,No,No,No,71,49-72 months
1303,1806-UOKPZ,Female,Yes,Yes,No,30,25-48 months
1304,1807-ENBHL,Female,No,No,No,59,49-72 months
1305,1807-UIFJP,Female,No,Yes,Yes,61,49-72 months
1306,1808-RMYAU,Female,No,Yes,No,17,13-24 months
1307,1809-CQCCB,Male,No,Yes,Yes,27,25-48 months
1308,1809-DPYBC,Male,No,No,No,20,13-24 months
1309,1809-KQPZH,Male,No,No,No,24,13-24 months
1310,1810-AJPSI,Female,No,Yes,No,51,49-72 months
1311,1812-BEBSQ,Female,No,Yes,No,69,49-72 months
1312,1813-HGNRC,Male,No,No,No,1,00-12 months
1313,1813-MGEKT,Female,No,Yes,Yes,13,13-24 months
1314,1814-JSBXE,Male,No,No,No,29,25-48 months
1315,1814-YTULM,Female,No,No,No,17,13-24 months
1316,1817-GZZFK,Male,No,Yes,Yes,9,00-12 months
1317,1820-BYSQH,Male,No,No,No,19,13-24 months
1318,1820-UOHRY,Male,No,Yes,Yes,10,00-12 months
1319,1823-HSBLP,Female,No,No,No,42,25-48 months
1320,1825-RZQWW,Male,No,No,Yes,66,49-72 months
1321,1831-BZNJJ,Male,No,Yes,No,12,00-12 months
1322,1831-MOUKX,Male,No,Yes,Yes,2,00-12 months
1323,1832-DNKMX,Male,No,Yes,Yes,4,00-12 months
1324,1835-JGPRX,Male,No,Yes,No,21,13-24 months
1325,1838-TYZPT,Female,No,Yes,No,54,49-72 months
1326,1840-HBTOV,Female,Yes,Yes,No,9,00-12 months
1327,1843-UYBUJ,Male,No,No,No,3,00-12 months
1328,1843-XZYQX,Female,No,No,Yes,6,00-12 months
1329,1846-MCJDR,Male,No,No,No,70,49-72 months
1330,1846-TAJNB,Male,No,Yes,Yes,40,25-48 months
1331,1847-PXLBT,Female,Yes,Yes,No,15,13-24 months
1332,1848-HIYDK,Female,No,Yes,No,52,49-72 months
1333,1848-PCHBR,Male,No,No,No,67,49-72 months
1334,1851-BMBEJ,Female,Yes,Yes,Yes,33,25-48 months
1335,1852-GWSDW,Male,No,Yes,Yes,13,13-24 months
1336,1852-ONKTR,Female,No,No,No,52,49-72 months
1337,1853-YXIKL,Male,No,No,No,65,49-72 months
1338,1855-BNVTV,Male,No,No,No,16,13-24 months
1339,1855-QEREL,Female,No,No,No,54,49-72 months
1340,1857-HDPNJ,Male,No,No,No,7,00-12 months
1341,1864-ALHAU,Female,No,No,No,53,49-72 months
1342,1864-BJDHQ,Male,Yes,No,No,39,25-48 months
1343,1866-ESTRI,Male,Yes,No,No,1,00-12 months
1344,1866-ZWSTP,Female,No,No,No,8,00-12 months
1345,1867-JFGDV,Female,No,Yes,No,66,49-72 months
1346,1872-ZIJSA,Male,No,No,No,1,00-12 months
1347,1873-DJBBZ,Female,No,Yes,Yes,48,25-48 months
1348,1873-HDSZV,Male,No,No,No,21,13-24 months
1349,1877-XTKBV,Female,No,Yes,Yes,1,00-12 months
1350,1878-DMXUN,Female,No,Yes,No,11,00-12 months
1351,1882-IRDRC,Male,No,No,No,6,00-12 months
1352,1884-QVJDA,Male,No,No,No,1,00-12 months
1353,1884-YUNWU,Male,No,Yes,No,50,49-72 months
1354,1887-ICRMB,Female,No,No,No,18,13-24 months
1355,1890-VVGBK,Male,No,Yes,Yes,53,49-72 months
1356,1891-BLINF,Male,No,No,No,47,25-48 months
1357,1891-INCWI,Male,No,No,No,57,49-72 months
1358,1892-IEOAC,Female,No,No,No,26,25-48 months
1359,1893-RZWBC,Male,No,No,No,69,49-72 months
1360,1894-QKISK,Female,No,No,No,17,13-24 months
1361,1896-DJXRM,Male,No,No,Yes,19,13-24 months
1362,1896-FRVLC,Male,No,Yes,No,6,00-12 months
1363,1897-ABPEG,Female,Yes,No,No,67,49-72 months
1364,1897-CPWBO,Female,No,No,No,31,25-48 months
1365,1897-HNVZT,Male,No,Yes,No,45,25-48 months
1366,1897-PCAWH,Male,Yes,Yes,No,12,00-12 months
1367,1897-XHMND,Female,No,Yes,Yes,49,49-72 months
1368,1899-IWBVY,Male,Yes,No,Yes,8,00-12 months
1369,1899-ULQOV,Female,No,No,No,71,49-72 months
1370,1909-RPICC,Male,No,Yes,Yes,30,25-48 months
1371,1912-IFIZJ,Female,No,Yes,Yes,14,13-24 months
1372,1914-OUCBW,Female,No,Yes,No,31,25-48 months
1373,1915-ATSCM,Male,No,No,No,51,49-72 months
1374,1915-ZGRME,Female,No,No,No,33,25-48 months
1375,1916-NWSRC,Female,No,Yes,No,2,00-12 months
1376,1917-GPIQY,Male,No,Yes,No,6,00-12 months
1377,1919-JVXPF,Male,No,Yes,No,37,25-48 months
1378,1920-EOGZD,Male,Yes,No,No,9,00-12 months
1379,1920-OXHNT,Male,No,Yes,Yes,8,00-12 months
1380,1922-FTIWM,Male,Yes,Yes,Yes,22,13-24 months
1381,1922-UFXOU,Female,No,No,No,67,49-72 months
1382,1922-UNODE,Female,No,Yes,Yes,7,00-12 months
1383,1923-VIIYD,Male,No,Yes,Yes,15,13-24 months
1384,1927-FRSYS,Female,No,No,No,29,25-48 months
1385,1927-ZSMBX,Male,No,Yes,No,38,25-48 months
1386,1928-HLFYZ,Male,No,Yes,Yes,5,00-12 months
1387,1929-MZAWF,Female,No,Yes,Yes,45,25-48 months
1388,1930-PDPFE,Male,No,Yes,No,33,25-48 months
1389,1934-HHYKW,Female,Yes,Yes,Yes,30,25-48 months
1390,1936-SBPIL,Male,Yes,No,Yes,19,13-24 months
1391,1938-SSBCF,Male,No,No,No,9,00-12 months
1392,1942-RRSFS,Female,Yes,No,No,7,00-12 months
1393,1945-FJOFX,Male,No,Yes,Yes,2,00-12 months
1394,1948-KCCSC,Male,No,No,No,50,49-72 months
1395,1948-YNDYJ,Male,Yes,No,No,32,25-48 months
1396,1949-OUNFZ,Female,No,Yes,Yes,7,00-12 months
1397,1949-XPWXL,Male,Yes,No,No,33,25-48 months
1398,1951-CKLNT,Female,No,No,No,43,25-48 months
1399,1952-CIPFD,Male,Yes,No,No,66,49-72 months
1400,1952-DUDXG,Male,No,Yes,No,67,49-72 months
1401,1954-VWLLM,Female,No,No,No,46,25-48 months
1402,1955-CVTDZ,Male,No,Yes,No,40,25-48 months
1403,1957-TLFBM,Male,No,Yes,Yes,49,49-72 months
1404,1962-NKNDI,Male,No,No,No,8,00-12 months
1405,1962-TZAWW,Male,No,Yes,No,10,00-12 months
1406,1964-BMSFE,Male,No,No,No,39,25-48 months
1407,1964-IRENA,Female,No,No,No,26,25-48 months
1408,1967-FFYCA,Male,No,No,No,55,49-72 months
1409,1967-ZYOWZ,Female,No,No,No,1,00-12 months
1410,1969-QJMYQ,Female,No,Yes,Yes,4,00-12 months
1411,1971-CGBFB,Male,No,No,No,64,49-72 months
1412,1972-EPCEV,Male,Yes,No,No,14,13-24 months
1413,1975-BKFYD,Male,No,No,No,7,00-12 months
1414,1977-DVFNH,Female,No,Yes,Yes,3,00-12 months
1415,1978-DJPBT,Female,No,Yes,Yes,50,49-72 months
1416,1983-LYTKZ,Female,No,Yes,No,12,00-12 months
1417,1983-RRTCW,Female,No,Yes,No,5,00-12 months
1418,1984-ONUZE,Female,Yes,Yes,Yes,1,00-12 months
1419,1986-HSNBU,Male,No,No,No,15,13-24 months
1420,1987-BFPPE,Male,No,No,No,32,25-48 months
1421,1987-DDTXR,Male,No,Yes,Yes,7,00-12 months
1422,1987-QWPLH,Female,No,No,No,6,00-12 months
1423,1987-WBQNA,Female,Yes,No,No,15,13-24 months
1424,1992-IDUYC,Female,No,No,No,27,25-48 months
1425,1993-ATVQG,Male,No,Yes,Yes,7,00-12 months
1426,1993-GRYZO,Female,No,No,No,49,49-72 months
1427,1993-XENRR,Female,No,Yes,Yes,8,00-12 months
1428,1995-GJZTV,Male,No,Yes,No,7,00-12 months
1429,1995-UWRNU,Male,No,Yes,No,15,13-24 months
1430,1996-AUAPK,Female,No,No,No,5,00-12 months
1431,1997-AKKOF,Male,No,Yes,Yes,44,25-48 months
1432,1998-CRWDS,Male,No,No,No,19,13-24 months
1433,1998-LSTHE,Female,No,No,No,3,00-12 months
1434,1998-XZHED,Female,No,No,No,32,25-48 months
1435,1998-ZSIFX,Male,No,Yes,Yes,14,13-24 months
1436,2001-MHJOO,Male,No,No,No,65,49-72 months
1437,2001-OHECS,Male,No,No,No,19,13-24 months
1438,2003-IFPDQ,Female,No,No,No,45,25-48 months
1439,2005-GZFVQ,Male,No,No,No,63,49-72 months
1440,2005-WORXF,Male,No,No,No,27,25-48 months
1441,2008-VOULD,Male,No,No,No,39,25-48 months
1442,2009-DNYKQ,Female,No,Yes,Yes,72,49-72 months
1443,2009-JQYGS,Female,No,No,No,52,49-72 months
1444,2010-WFSKB,Male,No,No,No,19,13-24 months
1445,2011-GMYQJ,Female,Yes,Yes,Yes,61,49-72 months
1446,2011-LVTXV,Male,No,No,No,68,49-72 months
1447,2014-OUAAU,Female,No,Yes,No,20,13-24 months
1448,2015-TOODE,Female,No,No,No,10,00-12 months
1449,2018-BRZPB,Female,Yes,No,No,25,25-48 months
1450,2018-UZUED,Female,No,No,No,44,25-48 months
1451,2019-SEREI,Male,No,Yes,Yes,60,49-72 months
1452,2021-PWINR,Female,Yes,No,No,33,25-48 months
1453,2022-NYUSB,Female,No,No,No,52,49-72 months
1454,2027-YFMOG,Male,No,No,No,68,49-72 months
1455,2027-ZERQF,Female,No,No,No,9,00-12 months
1456,2028-CTZNP,Male,No,Yes,Yes,29,25-48 months
1457,2028-DKOEI,Male,No,Yes,Yes,7,00-12 months
1458,2028-GPNCF,Female,No,No,No,18,13-24 months
1459,2028-QSCRV,Male,No,Yes,No,57,49-72 months
1460,2033-EBJRZ,Female,No,No,No,44,25-48 months
1461,2034-SOHNX,Female,No,Yes,No,61,49-72 months
1462,2035-TMSPL,Female,No,Yes,No,37,25-48 months
1463,2036-BSAMK,Female,No,No,No,13,13-24 months
1464,2037-BPVYG,Female,No,Yes,Yes,2,00-12 months
1465,2037-JURHG,Female,No,Yes,No,7,00-12 months
1466,2037-YIGPU,Male,No,Yes,No,52,49-72 months
1467,2037-ZFALV,Female,No,Yes,No,8,00-12 months
1468,2038-JKWMK,Female,No,No,No,7,00-12 months
1469,2038-KXSWR,Male,Yes,No,No,55,49-72 months
1470,2039-BALIT,Male,No,Yes,Yes,71,49-72 months
1471,2039-UTCXV,Female,No,No,No,16,13-24 months
1472,2040-YPIRO,Male,No,No,No,28,25-48 months
1473,2042-KHHPT,Male,No,No,Yes,38,25-48 months
1474,2045-VSWSM,Female,No,No,No,25,25-48 months
1475,2047-IFFMU,Female,Yes,Yes,No,18,13-24 months
1476,2050-JPYBY,Male,No,Yes,No,60,49-72 months
1477,2050-MIQJR,Male,No,No,No,19,13-24 months
1478,2052-KIKTS,Male,Yes,No,No,63,49-72 months
1479,2055-MWMUQ,Female,No,No,No,10,00-12 months
1480,2055-MXYLC,Female,Yes,Yes,No,45,25-48 months
1481,2056-YANPV,Female,No,No,No,37,25-48 months
1482,2058-BNDGU,Female,No,No,No,28,25-48 months
1483,2059-SZNZE,Male,No,Yes,No,10,00-12 months
1484,2059-WCPDP,Female,Yes,No,No,56,49-72 months
1485,2060-LLVHG,Male,No,No,No,16,13-24 months
1486,2061-TFDAM,Female,No,Yes,Yes,1,00-12 months
1487,2062-LDXGS,Female,No,Yes,Yes,3,00-12 months
1488,2065-HTFLR,Female,No,Yes,No,7,00-12 months
1489,2065-YALIK,Male,No,No,No,2,00-12 months
1490,2068-AEYDA,Female,No,Yes,Yes,25,25-48 months
1491,2069-LEPZN,Male,No,No,No,7,00-12 months
1492,2069-ZZBAG,Male,No,No,No,10,00-12 months
1493,2073-MVKSZ,Male,No,No,No,6,00-12 months
1494,2073-RXQDE,Female,No,No,No,32,25-48 months
1495,2074-IGPHR,Female,No,Yes,No,60,49-72 months
1496,2078-OBHOM,Female,No,No,No,1,00-12 months
1497,2083-ZODBN,Female,No,Yes,No,40,25-48 months
1498,2084-DMNSA,Female,No,No,No,4,00-12 months
1499,2084-TQWVI,Male,No,Yes,Yes,8,00-12 months
1500,2084-UVQXM,Male,No,Yes,No,13,13-24 months
1501,2086-OZGSE,Female,No,Yes,Yes,8,00-12 months
1502,2088-FXNSV,Female,No,Yes,No,46,25-48 months
1503,2089-QNOIT,Female,No,Yes,Yes,58,49-72 months
1504,2092-CDCNF,Male,No,Yes,No,5,00-12 months
1505,2093-KBIWW,Male,Yes,No,No,14,13-24 months
1506,2093-WYNNO,Male,Yes,No,No,59,49-72 months
1507,2093-XWPFF,Female,No,No,Yes,61,49-72 months
1508,2093-ZWLUR,Male,No,Yes,No,10,00-12 months
1509,2095-ATODB,Female,No,Yes,No,2,00-12 months
1510,2095-BUSBC,Female,No,No,No,15,13-24 months
1511,2097-XTIJG,Female,No,No,No,1,00-12 months
1512,2098-CMTNQ,Male,No,Yes,No,55,49-72 months
1513,2098-QACBT,Male,No,Yes,No,5,00-12 months
1514,2099-HYOGY,Female,No,No,No,16,13-24 months
1515,2099-LRKON,Female,No,Yes,Yes,67,49-72 months
1516,2101-UBWDP,Female,No,Yes,Yes,16,13-24 months
1517,2106-XHNZQ,Female,Yes,Yes,No,40,25-48 months
1518,2106-ZELIQ,Female,No,No,No,39,25-48 months
1519,2108-QUOCB,Male,No,Yes,Yes,3,00-12 months
1520,2110-KRISL,Male,No,Yes,No,2,00-12 months
1521,2112-NYHKI,Male,Yes,Yes,Yes,50,49-72 months
1522,2113-DBLDI,Male,No,No,No,15,13-24 months
1523,2115-BHNAE,Male,No,No,No,16,13-24 months
1524,2115-QGZMO,Female,Yes,No,No,46,25-48 months
1525,2116-MLYMR,Male,No,Yes,Yes,16,13-24 months
1526,2116-SEDBA,Male,No,Yes,No,58,49-72 months
1527,2117-WNEIG,Female,No,No,No,53,49-72 months
1528,2118-KBSHY,Female,No,Yes,No,19,13-24 months
1529,2119-PKCCR,Female,No,Yes,Yes,66,49-72 months
1530,2119-WRLUE,Male,No,Yes,No,13,13-24 months
1531,2120-OQLJG,Female,No,No,No,33,25-48 months
1532,2121-OMKQZ,Female,No,Yes,Yes,66,49-72 months
1533,2122-PUAEH,Male,No,Yes,Yes,6,00-12 months
1534,2125-CGPYE,Male,No,No,No,71,49-72 months
1535,2126-EWHQW,Female,No,No,No,19,13-24 months
1536,2127-POOQX,Male,No,No,No,55,49-72 months
1537,2131-DNBLQ,Male,No,No,No,12,00-12 months
1538,2131-WIFTC,Female,No,Yes,No,54,49-72 months
1539,2132-KYPLD,Female,No,Yes,No,3,00-12 months
1540,2133-WITAM,Female,Yes,Yes,Yes,18,13-24 months
1541,2136-NWCLF,Male,No,Yes,Yes,8,00-12 months
1542,2138-QNNPY,Male,No,No,No,70,49-72 months
1543,2142-VBGLE,Female,No,Yes,Yes,14,13-24 months
1544,2143-KVCSV,Male,No,No,No,61,49-72 months
1545,2146-GXBZL,Male,No,No,Yes,10,00-12 months
1546,2146-INCKK,Female,No,Yes,No,6,00-12 months
1547,2146-XEUZX,Male,No,No,Yes,1,00-12 months
1548,2148-NGZBZ,Female,No,No,No,16,13-24 months
1549,2151-VEQTG,Female,No,Yes,No,21,13-24 months
1550,2155-ZLSTM,Female,Yes,Yes,No,14,13-24 months
1551,2157-GLVYK,Female,Yes,Yes,No,13,13-24 months
1552,2160-EKZMY,Female,Yes,No,Yes,6,00-12 months
1553,2163-ACBFS,Female,No,Yes,No,20,13-24 months
1554,2163-SUHBO,Female,No,No,Yes,7,00-12 months
1555,2164-CHZDD,Male,No,Yes,Yes,6,00-12 months
1556,2164-EXYPP,Female,No,No,No,52,49-72 months
1557,2164-GCLAN,Female,Yes,No,No,21,13-24 months
1558,2169-ZAHNH,Male,Yes,No,No,11,00-12 months
1559,2170-DCAHT,Female,No,Yes,No,26,25-48 months
1560,2170-MCVNX,Female,Yes,No,No,12,00-12 months
1561,2170-OYELQ,Male,No,No,No,1,00-12 months
1562,2170-UYRFN,Female,No,Yes,No,18,13-24 months
1563,2175-QFDNF,Male,No,No,No,63,49-72 months
1564,2178-YKXVI,Female,No,Yes,Yes,21,13-24 months
1565,2180-SXJIO,Female,No,Yes,Yes,14,13-24 months
1566,2183-AVWKP,Male,No,No,No,68,49-72 months
1567,2183-MOIZN,Female,No,Yes,Yes,18,13-24 months
1568,2183-VKVDP,Male,No,Yes,No,71,49-72 months
1569,2184-ETLVD,Male,No,Yes,Yes,16,13-24 months
1570,2186-RHTUF,Male,No,No,No,31,25-48 months
1571,2187-DKOHG,Female,Yes,Yes,Yes,69,49-72 months
1572,2188-ENKTC,Male,No,No,No,55,49-72 months
1573,2188-XEBFT,Male,No,Yes,Yes,1,00-12 months
1574,2190-LJBIU,Female,No,No,No,2,00-12 months
1575,2190-MBKXY,Male,No,No,No,2,00-12 months
1576,2190-UKIHP,Male,Yes,No,Yes,31,25-48 months
1577,2196-ZULYJ,Female,No,Yes,Yes,5,00-12 months
1578,2197-BTRPA,Female,No,Yes,Yes,61,49-72 months
1579,2198-RCURY,Female,No,No,No,72,49-72 months
1580,2200-PCVHN,Male,No,No,No,39,25-48 months
1581,2201-ECKMX,Male,No,No,No,3,00-12 months
1582,2201-NRONX,Male,No,Yes,Yes,24,13-24 months
1583,2202-DPHZY,Male,No,No,No,23,13-24 months
1584,2202-YGJYB,Female,No,Yes,No,44,25-48 months
1585,2204-RODHF,Male,No,No,No,2,00-12 months
1586,2205-YOIHO,Female,No,Yes,Yes,25,25-48 months
1587,2207-FXXMX,Male,Yes,Yes,Yes,32,25-48 months
1588,2211-XNYVH,Female,No,Yes,No,1,00-12 months
1589,2214-OVAAY,Female,No,Yes,No,6,00-12 months
1590,2215-BSLIK,Male,No,No,No,14,13-24 months
1591,2215-SEVLK,Female,No,No,No,33,25-48 months
1592,2218-XVHDG,Male,No,No,No,49,49-72 months
1593,2219-POXRA,Male,No,No,No,65,49-72 months
1594,2219-XGDOW,Female,No,Yes,No,59,49-72 months
1595,2219-YYJAF,Female,No,No,Yes,31,25-48 months
1596,2220-QOMMC,Male,No,Yes,Yes,44,25-48 months
1597,2221-BPSFK,Male,No,Yes,No,6,00-12 months
1598,2222-PTUEZ,Female,No,Yes,No,5,00-12 months
1599,2222-RHQRY,Male,No,No,No,8,00-12 months
1600,2223-ALHEK,Female,No,Yes,No,9,00-12 months
1601,2223-SNYHG,Female,No,Yes,Yes,6,00-12 months
1602,2225-ECDVY,Female,No,No,No,18,13-24 months
1603,2228-AMNUK,Female,No,Yes,Yes,66,49-72 months
1604,2230-CZMPO,Male,No,Yes,Yes,60,49-72 months
1605,2231-MGPHS,Female,No,Yes,Yes,5,00-12 months
1606,2234-ODPQL,Female,No,Yes,No,41,25-48 months
1607,2235-FTBQY,Male,No,No,No,2,00-12 months
1608,2235-KPRBD,Male,Yes,No,Yes,8,00-12 months
1609,2235-OTZJM,Female,No,No,No,14,13-24 months
1610,2236-PORKA,Male,No,No,No,9,00-12 months
1611,2239-ZVWCP,Male,No,Yes,No,57,49-72 months
1612,2241-YJUKV,Female,Yes,Yes,Yes,20,13-24 months
1613,2243-BKEII,Female,No,Yes,No,30,25-48 months
1614,2246-FDNOA,Male,No,Yes,No,72,49-72 months
1615,2248-CGRHU,Male,Yes,Yes,Yes,15,13-24 months
1616,2255-QIZGW,Female,Yes,Yes,No,71,49-72 months
1617,2255-ZVNGQ,Male,Yes,Yes,Yes,26,25-48 months
1618,2256-KZHYN,Male,No,No,No,46,25-48 months
1619,2259-FHTPZ,Male,No,No,No,1,00-12 months
1620,2260-VYYYC,Female,Yes,No,No,59,49-72 months
1621,2261-SBGAL,Female,No,No,No,17,13-24 months
1622,2262-AMIBP,Female,No,Yes,Yes,5,00-12 months
1623,2265-DQGYU,Male,No,No,No,15,13-24 months
1624,2265-HHMMA,Male,Yes,No,No,69,49-72 months
1625,2267-BPZCW,Male,No,Yes,Yes,56,49-72 months
1626,2268-ASWAM,Male,No,No,No,42,25-48 months
1627,2269-UQXQC,Male,No,No,No,60,49-72 months
1628,2270-ARBVP,Female,No,Yes,No,3,00-12 months
1629,2274-LMLLX,Female,No,No,No,61,49-72 months
1630,2275-QASUU,Female,No,No,No,6,00-12 months
1631,2276-NWENP,Male,No,No,No,20,13-24 months
1632,2281-HCVRY,Female,No,No,No,5,00-12 months
1633,2281-RITXU,Male,No,No,No,65,49-72 months
1634,2282-SQPUD,Female,No,No,No,7,00-12 months
1635,2288-HQLWH,Male,No,No,No,30,25-48 months
1636,2288-LRLJB,Female,Yes,Yes,Yes,15,13-24 months
1637,2291-FZKWO,Female,No,No,Yes,2,00-12 months
1638,2292-VSBHV,Female,No,No,No,60,49-72 months
1639,2294-OQTZV,Male,Yes,No,No,7,00-12 months
1640,2294-PRWTZ,Female,No,No,No,6,00-12 months
1641,2296-JNWWH,Female,Yes,No,No,8,00-12 months
1642,2298-WJKKI,Male,No,Yes,Yes,70,49-72 months
1643,2299-BNJDR,Male,No,Yes,Yes,19,13-24 months
1644,2304-PULDG,Male,No,No,No,69,49-72 months
1645,2305-XYCQY,Male,Yes,No,No,60,49-72 months
1646,2306-ERBNL,Male,No,Yes,Yes,1,00-12 months
1647,2307-EZOAC,Male,No,No,No,56,49-72 months
1648,2308-CVEVN,Female,Yes,Yes,Yes,1,00-12 months
1649,2312-BEJGN,Male,Yes,No,No,48,25-48 months
1650,2312-CXWXN,Female,No,Yes,Yes,29,25-48 months
1651,2313-ORBSG,Female,No,Yes,No,59,49-72 months
1652,2314-HHADY,Male,No,No,No,63,49-72 months
1653,2314-OVHRA,Male,No,No,No,35,25-48 months
1654,2317-JWCCH,Male,No,No,No,56,49-72 months
1655,2317-TCKJR,Male,No,Yes,No,34,25-48 months
1656,2320-GCBSW,Female,No,Yes,Yes,55,49-72 months
1657,2323-BVVKW,Female,No,No,No,39,25-48 months
1658,2323-CNRQD,Male,No,No,No,1,00-12 months
1659,2326-SURPU,Male,No,No,No,1,00-12 months
1660,2326-YALPZ,Male,No,Yes,No,42,25-48 months
1661,2327-NIRKE,Female,Yes,No,No,12,00-12 months
1662,2327-VULSY,Male,No,No,No,4,00-12 months
1663,2330-HITJD,Female,No,No,No,4,00-12 months
1664,2331-KXPTJ,Male,No,Yes,Yes,2,00-12 months
1665,2334-BFCZC,Female,Yes,Yes,Yes,38,25-48 months
1666,2336-PEOFB,Female,Yes,No,No,66,49-72 months
1667,2336-WLAYN,Male,No,Yes,Yes,27,25-48 months
1668,2340-SBJDA,Female,No,No,No,57,49-72 months
1669,2340-VKTBL,Male,No,No,No,35,25-48 months
1670,2343-ZCPEK,Female,No,No,No,28,25-48 months
1671,2345-DSUPD,Female,No,No,Yes,71,49-72 months
1672,2347-QJZXX,Male,No,Yes,No,40,25-48 months
1673,2351-NCJNR,Male,No,Yes,No,21,13-24 months
1674,2352-TSUEM,Male,No,No,No,6,00-12 months
1675,2354-HUYRX,Female,No,No,Yes,4,00-12 months
1676,2354-IHTNK,Male,No,Yes,No,29,25-48 months
1677,2354-ZJUFY,Male,No,Yes,Yes,12,00-12 months
1678,2355-BIVJF,Male,Yes,No,Yes,8,00-12 months
1679,2356-IRDRP,Female,No,No,No,69,49-72 months
1680,2359-OBGTM,Male,No,Yes,No,35,25-48 months
1681,2359-XNXYK,Male,No,No,Yes,5,00-12 months
1682,2360-EECOW,Male,No,No,No,8,00-12 months
1683,2360-MDCHP,Female,Yes,No,No,13,13-24 months
1684,2361-BLNMG,Female,No,No,No,7,00-12 months
1685,2361-HEYUI,Female,No,No,No,3,00-12 months
1686,2362-DUDRS,Male,No,No,No,3,00-12 months
1687,2363-ZSEAJ,Male,No,No,No,34,25-48 months
1688,2365-EDZMI,Female,No,Yes,No,0,00-12 months
1689,2369-IWEUZ,Male,No,Yes,Yes,38,25-48 months
1690,2371-FBLBW,Female,No,No,No,2,00-12 months
1691,2372-NXUMZ,Female,Yes,Yes,Yes,2,00-12 months
1692,2373-FOVKY,Male,Yes,Yes,Yes,67,49-72 months
1693,2376-GIAGW,Female,No,No,No,17,13-24 months
1694,2376-QIRZC,Male,No,No,Yes,56,49-72 months
1695,2377-VMCSF,Female,No,Yes,No,6,00-12 months
1696,2378-KISJJ,Female,Yes,No,No,38,25-48 months
1697,2379-CDNJC,Female,No,No,No,2,00-12 months
1698,2379-MAZJT,Male,No,No,Yes,1,00-12 months
1699,2379-MSNGY,Male,No,No,No,49,49-72 months
1700,2379-QXWNY,Female,Yes,No,No,44,25-48 months
1701,2379-WWTSW,Female,No,Yes,No,48,25-48 months
1702,2385-JEVEF,Male,No,Yes,Yes,8,00-12 months
1703,2386-XJSTB,Female,No,No,No,4,00-12 months
1704,2387-KHWSV,Male,No,No,No,69,49-72 months
1705,2389-JTWHC,Female,No,Yes,Yes,67,49-72 months
1706,2389-TQTQN,Female,No,No,Yes,27,25-48 months
1707,2391-RXLPN,Male,No,Yes,No,29,25-48 months
1708,2394-MFMLA,Male,No,Yes,Yes,1,00-12 months
1709,2394-PYBVL,Female,No,Yes,Yes,38,25-48 months
1710,2395-RQDVF,Male,No,No,No,27,25-48 months
1711,2399-HGQAW,Female,No,No,No,38,25-48 months
1712,2399-XWHLQ,Male,No,Yes,No,57,49-72 months
1713,2399-YXXJI,Female,Yes,Yes,No,13,13-24 months
1714,2400-ZDPIX,Male,No,No,No,55,49-72 months
1715,2401-RBDXT,Male,No,No,No,45,25-48 months
1716,2402-UPTCV,Male,No,Yes,No,27,25-48 months
1717,2402-ZEGNM,Male,No,No,No,11,00-12 months
1718,2403-REIUZ,Male,No,No,No,17,13-24 months
1719,2404-IDXPU,Female,Yes,No,No,35,25-48 months
1720,2409-DXCKD,Female,No,Yes,No,57,49-72 months
1721,2412-HHKIP,Male,No,No,No,59,49-72 months
1722,2412-MOGEN,Female,No,Yes,Yes,7,00-12 months
1723,2412-WJJUI,Male,No,Yes,Yes,30,25-48 months
1724,2415-ZLZXX,Female,No,Yes,Yes,0,00-12 months
1725,2416-HGJSI,Male,No,No,No,10,00-12 months
1726,2417-LULOD,Male,No,Yes,Yes,4,00-12 months
1727,2419-KDPGS,Male,No,Yes,Yes,9,00-12 months
1728,2420-QRXAK,Female,No,No,No,29,25-48 months
1729,2424-HNMSA,Male,No,Yes,No,57,49-72 months
1730,2427-RVSIV,Female,Yes,No,No,1,00-12 months
1731,2434-AGGTN,Female,No,Yes,Yes,6,00-12 months
1732,2435-RQQNI,Female,No,No,No,11,00-12 months
1733,2435-TCUOW,Female,No,Yes,Yes,28,25-48 months
1734,2443-WLWQO,Male,No,No,No,5,00-12 months
1735,2444-CXTFD,Female,No,No,No,64,49-72 months
1736,2447-ZLXXT,Female,No,No,No,24,13-24 months
1737,2448-QEEKU,Male,No,Yes,Yes,49,49-72 months
1738,2449-WLHJH,Female,No,No,Yes,43,25-48 months
1739,2450-OMSFQ,Male,Yes,No,No,9,00-12 months
1740,2454-HSLDV,Female,No,Yes,Yes,12,00-12 months
1741,2456-YNWIH,Male,No,Yes,No,20,13-24 months
1742,2459-VWINV,Female,No,Yes,Yes,52,49-72 months
1743,2460-RKGGK,Male,Yes,Yes,Yes,17,13-24 months
1744,2462-JBKLL,Female,Yes,Yes,No,3,00-12 months
1745,2464-NWQDS,Male,No,No,No,47,25-48 months
1746,2468-QATVF,Female,No,No,No,16,13-24 months
1747,2473-QOFBX,Male,No,Yes,No,4,00-12 months
1748,2474-GTIFI,Female,Yes,No,No,49,49-72 months
1749,2478-KLJUX,Male,No,Yes,Yes,33,25-48 months
1750,2479-URXVV,Male,No,No,No,65,49-72 months
1751,2482-YOHKP,Male,No,No,No,63,49-72 months
1752,2483-IJDSO,Male,No,Yes,No,22,13-24 months
1753,2483-QRZOZ,Male,Yes,No,No,22,13-24 months
1754,2484-XWKEH,Male,No,No,No,1,00-12 months
1755,2486-SLRKJ,Female,No,No,No,2,00-12 months
1756,2487-BNEWH,Female,Yes,No,Yes,3,00-12 months
1757,2487-HIOHQ,Male,Yes,No,No,29,25-48 months
1758,2487-QYITA,Male,No,Yes,Yes,13,13-24 months
1759,2491-DGYZW,Female,No,No,No,46,25-48 months
1760,2492-DHQYL,Male,No,No,No,58,49-72 months
1761,2492-FSAVH,Male,Yes,Yes,Yes,58,49-72 months
1762,2492-RLFUD,Male,No,No,Yes,8,00-12 months
1763,2493-JTRAT,Female,No,Yes,No,5,00-12 months
1764,2493-WGMJR,Female,No,No,No,8,00-12 months
1765,2494-UKMVF,Female,No,No,No,45,25-48 months
1766,2495-ZQZAL,Male,No,No,Yes,53,49-72 months
1767,2496-QJTCH,Male,No,No,Yes,57,49-72 months
1768,2498-IGSUE,Male,No,Yes,No,12,00-12 months
1769,2498-LOVHE,Female,No,No,Yes,1,00-12 months
1770,2499-SCWJJ,Female,No,Yes,No,11,00-12 months
1771,2499-XYNET,Male,No,No,No,5,00-12 months
1772,2500-ALMJV,Male,No,Yes,No,20,13-24 months
1773,2501-ODOKF,Male,No,Yes,No,19,13-24 months
1774,2502-QLGTY,Female,No,No,No,1,00-12 months
1775,2503-BRPXO,Female,Yes,Yes,No,59,49-72 months
1776,2503-BSTYX,Male,Yes,Yes,Yes,34,25-48 months
1777,2503-YTUXT,Male,Yes,Yes,No,16,13-24 months
1778,2505-WJACV,Female,No,No,No,10,00-12 months
1779,2506-MXLJX,Male,No,No,No,21,13-24 months
1780,2507-AUVXP,Female,No,Yes,No,46,25-48 months
1781,2507-PTTNT,Female,No,Yes,Yes,64,49-72 months
1782,2509-EESSQ,Female,No,Yes,Yes,9,00-12 months
1783,2510-NUUDV,Female,No,No,No,1,00-12 months
1784,2512-XEDPO,Female,No,Yes,No,19,13-24 months
1785,2513-CLAIW,Female,Yes,No,No,34,25-48 months
1786,2514-XFTLT,Male,No,No,No,5,00-12 months
1787,2516-RLUNB,Male,No,Yes,No,41,25-48 months
1788,2518-FJRKI,Female,No,Yes,Yes,25,25-48 months
1789,2518-GWLUJ,Male,No,No,No,20,13-24 months
1790,2518-VPIQR,Male,No,No,No,50,49-72 months
1791,2523-HVMNS,Female,No,No,No,1,00-12 months
1792,2524-XUXZK,Male,No,Yes,Yes,43,25-48 months
1793,2529-NUEIU,Female,No,Yes,Yes,1,00-12 months
1794,2533-HSUDO,Female,No,Yes,Yes,15,13-24 months
1795,2533-SPWZJ,Male,No,Yes,No,49,49-72 months
1796,2534-CRFTY,Female,No,No,No,67,49-72 months
1797,2535-AONNB,Female,No,Yes,No,20,13-24 months
1798,2535-IGBPZ,Female,No,No,No,18,13-24 months
1799,2537-EUYPK,Male,No,Yes,Yes,14,13-24 months
1800,2538-OPHBI,Female,No,No,No,26,25-48 months
1801,2538-QQLHG,Male,No,Yes,No,13,13-24 months
1802,2539-PLYHX,Female,No,No,No,1,00-12 months
1803,2540-JPAVH,Female,Yes,Yes,Yes,4,00-12 months
1804,2541-FHSVN,Male,No,No,No,49,49-72 months
1805,2543-JOEOD,Female,No,Yes,No,68,49-72 months
1806,2543-RNLJU,Male,No,No,No,25,25-48 months
1807,2544-QWOLD,Female,No,No,No,56,49-72 months
1808,2546-ZLGQM,Male,No,No,No,62,49-72 months
1809,2548-OKPGQ,Female,No,Yes,Yes,70,49-72 months
1810,2549-QNQQQ,Male,No,No,Yes,12,00-12 months
1811,2550-GGSIT,Female,No,Yes,No,1,00-12 months
1812,2552-RXHRB,Male,No,Yes,No,72,49-72 months
1813,2553-MFQGD,Female,No,No,No,28,25-48 months
1814,2553-ZXPSW,Male,No,No,No,61,49-72 months
1815,2554-KVWGN,Male,Yes,Yes,No,71,49-72 months
1816,2556-YQZJQ,Female,No,No,No,66,49-72 months
1817,2558-ACEUQ,Male,Yes,No,Yes,14,13-24 months
1818,2559-EXNWY,Female,No,No,No,66,49-72 months
1819,2563-VRTTN,Male,No,No,No,9,00-12 months
1820,2564-BTIXW,Female,No,No,No,19,13-24 months
1821,2566-BOKUW,Male,No,No,No,7,00-12 months
1822,2566-URLDO,Male,No,Yes,Yes,28,25-48 months
1823,2576-DEPKT,Male,No,No,No,1,00-12 months
1824,2577-SPRVS,Female,No,No,No,53,49-72 months
1825,2579-GSFJJ,Male,No,Yes,No,23,13-24 months
1826,2580-HTADG,Female,No,Yes,Yes,65,49-72 months
1827,2582-DVHVC,Male,No,No,No,6,00-12 months
1828,2582-NFKKW,Male,No,Yes,Yes,28,25-48 months
1829,2583-VTSCG,Female,Yes,No,No,9,00-12 months
1830,2587-POYYJ,Male,Yes,Yes,Yes,53,49-72 months
1831,2589-BFXXT,Male,No,No,No,60,49-72 months
1832,2590-TIQMX,Female,No,Yes,No,69,49-72 months
1833,2590-ZZBHP,Male,No,Yes,Yes,53,49-72 months
1834,2591-FFWNR,Female,No,Yes,Yes,48,25-48 months
1835,2595-RAPOG,Male,No,Yes,No,35,25-48 months
1836,2597-DIVYC,Female,No,Yes,No,16,13-24 months
1837,2601-LMGKJ,Female,Yes,Yes,No,4,00-12 months
1838,2602-BIPEV,Male,No,Yes,Yes,20,13-24 months
1839,2602-OODQK,Female,No,No,No,63,49-72 months
1840,2604-TVYUF,Male,No,Yes,No,63,49-72 months
1841,2610-KJMFK,Female,No,Yes,Yes,50,49-72 months
1842,2611-SULTH,Male,No,Yes,No,44,25-48 months
1843,2612-XGEGI,Male,No,Yes,No,31,25-48 months
1844,2612-YYNKV,Female,No,No,No,1,00-12 months
1845,2612-ZPXLM,Male,No,Yes,Yes,66,49-72 months
1846,2613-CPYBI,Male,No,Yes,Yes,12,00-12 months
1847,2614-XFYCR,Male,No,No,No,42,25-48 months
1848,2617-BMZOW,Male,No,Yes,Yes,8,00-12 months
1849,2618-RYZLW,Female,No,Yes,No,18,13-24 months
1850,2619-THGLE,Female,No,Yes,No,71,49-72 months
1851,2620-ZKAUD,Male,No,Yes,No,20,13-24 months
1852,2624-STBCO,Male,No,No,No,68,49-72 months
1853,2627-GFHTB,Male,No,Yes,Yes,4,00-12 months
1854,2627-XYWZV,Male,No,No,No,59,49-72 months
1855,2629-RNATK,Female,No,Yes,No,30,25-48 months
1856,2630-DRHVX,Female,No,Yes,No,7,00-12 months
1857,2631-FJUDL,Male,No,No,No,32,25-48 months
1858,2632-AJAYD,Female,No,Yes,No,59,49-72 months
1859,2633-MZTZI,Female,No,Yes,No,26,25-48 months
1860,2635-GHDQG,Male,No,Yes,Yes,39,25-48 months
1861,2638-NKTTZ,Female,No,No,No,17,13-24 months
1862,2638-NUIBB,Male,No,Yes,No,11,00-12 months
1863,2640-NGQBJ,Female,No,No,No,54,49-72 months
1864,2641-TWUMS,Male,No,No,No,11,00-12 months
1865,2641-WDKWZ,Female,No,No,No,67,49-72 months
1866,2642-DAZPU,Female,No,Yes,No,45,25-48 months
1867,2642-JVGOQ,Female,No,Yes,No,38,25-48 months
1868,2644-HPCPN,Female,No,Yes,Yes,20,13-24 months
1869,2644-ZRQEX,Male,No,No,No,10,00-12 months
1870,2645-LELDM,Male,No,Yes,Yes,38,25-48 months
1871,2646-ODFOH,Male,No,No,No,22,13-24 months
1872,2647-CWZHI,Female,No,Yes,Yes,18,13-24 months
1873,2648-GNMJE,Female,No,No,No,3,00-12 months
1874,2648-MLISH,Female,No,Yes,No,10,00-12 months
1875,2648-VZMAB,Female,Yes,No,Yes,28,25-48 months
1876,2649-AYAOZ,Female,No,No,No,19,13-24 months
1877,2650-CIKQG,Male,No,No,No,33,25-48 months
1878,2650-QGAFC,Female,Yes,No,No,16,13-24 months
1879,2651-FZRHQ,Female,No,Yes,Yes,13,13-24 months
1880,2651-LOILD,Male,No,Yes,No,23,13-24 months
1881,2652-AQORL,Female,No,Yes,No,1,00-12 months
1882,2653-LPSUJ,Male,Yes,Yes,No,72,49-72 months
1883,2654-BPWFB,Male,No,No,No,48,25-48 months
1884,2655-PRQKU,Female,Yes,Yes,Yes,36,25-48 months
1885,2658-BBSLU,Male,No,Yes,Yes,16,13-24 months
1886,2659-YZMNL,Female,No,No,No,14,13-24 months
1887,2660-YLVGA,Female,No,Yes,No,65,49-72 months
1888,2661-AITPC,Male,No,No,No,46,25-48 months
1889,2666-YMONN,Female,No,No,No,14,13-24 months
1890,2667-MUBWI,Male,Yes,No,No,25,25-48 months
1891,2668-TNNYK,Male,Yes,No,No,47,25-48 months
1892,2668-ZYZJY,Female,No,No,No,28,25-48 months
1893,2669-FLDNE,Male,No,Yes,No,11,00-12 months
1894,2670-CVIPE,Male,No,Yes,No,1,00-12 months
1895,2670-TVVVZ,Female,No,No,No,14,13-24 months
1896,2670-UMEEO,Female,No,No,No,2,00-12 months
1897,2671-CIWNB,Male,No,Yes,Yes,63,49-72 months
1898,2671-LSHBE,Male,No,Yes,No,9,00-12 months
1899,2672-FHAYG,Female,No,No,No,10,00-12 months
1900,2673-SMJRP,Male,No,No,No,16,13-24 months
1901,2676-PJLFQ,Female,No,No,No,47,25-48 months
1902,2676-RBEWP,Male,No,No,No,13,13-24 months
1903,2677-KCPTY,Female,No,No,No,11,00-12 months
1904,2682-DOQTD,Male,No,No,No,5,00-12 months
1905,2682-WYQQN,Female,Yes,Yes,No,12,00-12 months
1906,2685-QSWAB,Male,No,No,No,21,13-24 months
1907,2688-GVVWQ,Male,No,Yes,No,3,00-12 months
1908,2688-HLARP,Female,Yes,Yes,Yes,56,49-72 months
1909,2688-IJXNS,Male,No,Yes,No,4,00-12 months
1910,2691-TQSGI,Female,No,Yes,Yes,18,13-24 months
1911,2691-TWYHQ,Male,Yes,Yes,No,34,25-48 months
1912,2694-ZJIZN,Male,No,Yes,Yes,22,13-24 months
1913,2695-TWXTT,Male,No,Yes,Yes,23,13-24 months
1914,2695-YZZTB,Male,No,Yes,Yes,7,00-12 months
1915,2696-HTMME,Male,No,Yes,No,27,25-48 months
1916,2697-EQAKD,Male,No,Yes,Yes,45,25-48 months
1917,2698-WFIAR,Female,No,Yes,Yes,4,00-12 months
1918,2699-LYBEF,Male,No,No,No,70,49-72 months
1919,2700-JIPSR,Female,Yes,Yes,No,57,49-72 months
1920,2700-KXEGB,Male,No,No,No,61,49-72 months
1921,2701-AYYXH,Male,No,Yes,No,11,00-12 months
1922,2702-KPLKZ,Female,No,Yes,Yes,48,25-48 months
1923,2708-IDNAP,Female,Yes,No,No,15,13-24 months
1924,2708-NPKUU,Male,No,Yes,No,43,25-48 months
1925,2708-ZJGRR,Female,No,Yes,No,66,49-72 months
1926,2709-RGELJ,Male,No,No,No,6,00-12 months
1927,2709-SRQBS,Female,No,No,No,44,25-48 months
1928,2710-LBJFC,Male,No,Yes,Yes,17,13-24 months
1929,2711-XUJYV,Male,No,Yes,Yes,57,49-72 months
1930,2712-NEQAK,Female,No,No,No,20,13-24 months
1931,2712-PCGRP,Female,Yes,No,No,15,13-24 months
1932,2712-UFDGD,Male,Yes,No,No,9,00-12 months
1933,2712-VKQAT,Male,No,Yes,Yes,40,25-48 months
1934,2716-WJWRV,Female,No,No,No,10,00-12 months
1935,2718-YVBVB,Female,No,No,No,24,13-24 months
1936,2719-DSKZQ,Male,No,No,No,54,49-72 months
1937,2722-QDAME,Female,No,No,No,39,25-48 months
1938,2723-GLWTH,Female,No,No,No,63,49-72 months
1939,2729-XEGEX,Female,Yes,Yes,Yes,53,49-72 months
1940,2729-XHUGC,Female,No,No,No,31,25-48 months
1941,2730-DCPRH,Male,No,No,No,25,25-48 months
1942,2731-ABELR,Male,No,Yes,Yes,14,13-24 months
1943,2731-FBINE,Female,No,No,No,31,25-48 months
1944,2733-NOEEO,Male,No,No,No,39,25-48 months
1945,2735-QVXZQ,Female,No,Yes,No,2,00-12 months
1946,2738-OFBAC,Female,No,No,No,7,00-12 months
1947,2738-TNFEJ,Female,No,No,No,2,00-12 months
1948,2739-KEDGD,Female,No,Yes,No,38,25-48 months
1949,2740-LNGGG,Female,No,No,No,63,49-72 months
1950,2740-PMIIB,Male,No,No,No,21,13-24 months
1951,2747-ECTVM,Male,Yes,Yes,No,40,25-48 months
1952,2750-HFZES,Male,No,No,No,2,00-12 months
1953,2750-LCCTZ,Male,No,No,No,72,49-72 months
1954,2753-OGDQR,Female,No,No,No,15,13-24 months
1955,2753-SNLYU,Female,Yes,No,No,58,49-72 months
1956,2754-HMPDB,Male,No,Yes,Yes,71,49-72 months
1957,2755-VJYNQ,Male,No,Yes,Yes,34,25-48 months
1958,2756-DAYNK,Male,No,Yes,No,72,49-72 months
1959,2758-OBDON,Female,No,Yes,Yes,50,49-72 months
1960,2758-UOMPO,Female,No,Yes,Yes,70,49-72 months
1961,2759-ABIRL,Female,No,No,No,36,25-48 months
1962,2759-UCCVI,Female,No,No,No,32,25-48 months
1963,2760-AXZJW,Female,No,Yes,No,17,13-24 months
1964,2763-EEURW,Female,No,Yes,Yes,3,00-12 months
1965,2763-KWVIH,Male,No,No,No,6,00-12 months
1966,2763-ZMEKG,Male,Yes,Yes,Yes,45,25-48 months
1967,2764-SLDJZ,Male,No,No,Yes,23,13-24 months
1968,2765-POAXO,Female,No,No,No,22,13-24 months
1969,2767-GRNDR,Female,No,No,Yes,69,49-72 months
1970,2768-AFWPJ,Female,No,Yes,No,5,00-12 months
1971,2769-DMRHD,Female,No,Yes,No,1,00-12 months
1972,2769-FVEHH,Female,No,Yes,No,40,25-48 months
1973,2769-YCKLG,Male,Yes,No,No,22,13-24 months
1974,2773-GTFET,Female,No,No,No,31,25-48 months
1975,2773-WWIMF,Male,Yes,Yes,Yes,7,00-12 months
1976,2775-GQIOT,Female,No,No,No,3,00-12 months
1977,2776-ITKTY,Male,No,Yes,Yes,21,13-24 months
1978,2778-SUZOA,Male,No,Yes,Yes,67,49-72 months
1979,2780-OLGKC,Female,No,Yes,Yes,2,00-12 months
1980,2781-JBJPQ,Male,No,Yes,No,34,25-48 months
1981,2781-OASNA,Male,No,No,No,64,49-72 months
1982,2781-SOZHG,Male,No,Yes,No,8,00-12 months
1983,2787-VYNYZ,Female,No,No,No,10,00-12 months
1984,2795-JYGSD,Female,No,Yes,Yes,32,25-48 months
1985,2798-EOILS,Male,No,Yes,Yes,24,13-24 months
1986,2799-PNPGN,Male,No,No,Yes,22,13-24 months
1987,2800-EZWDL,Female,No,No,No,35,25-48 months
1988,2801-XXTEC,Male,No,No,No,2,00-12 months
1989,2804-DDELN,Female,No,No,Yes,69,49-72 months
1990,2805-BNBFA,Female,No,Yes,No,24,13-24 months
1991,2805-KKUKY,Female,No,No,Yes,56,49-72 months
1992,2806-HWBKL,Male,No,Yes,Yes,11,00-12 months
1993,2807-TBCKU,Female,Yes,No,No,23,13-24 months
1994,2809-ALQLY,Female,No,No,No,17,13-24 months
1995,2811-RJZXU,Male,No,Yes,No,53,49-72 months
1996,2813-XWAVO,Female,No,No,No,37,25-48 months
1997,2815-IDNHH,Male,No,Yes,No,68,49-72 months
1998,2815-SILQZ,Female,No,No,No,33,25-48 months
1999,2816-RXSME,Male,No,Yes,Yes,32,25-48 months
2000,2823-IRAJE,Female,Yes,Yes,No,44,25-48 months
2001,2825-NUNHY,Male,No,Yes,No,57,49-72 months
2002,2827-ZGQZG,Male,No,Yes,No,1,00-12 months
2003,2828-DHDER,Female,No,Yes,Yes,7,00-12 months
2004,2828-DODRG,Male,Yes,No,No,7,00-12 months
2005,2830-OAGYA,Female,No,Yes,No,32,25-48 months
2006,2832-FQYTQ,Male,No,Yes,Yes,1,00-12 months
2007,2833-WMIHR,Female,No,No,No,72,49-72 months
2008,2834-HPBMA,Male,No,Yes,No,46,25-48 months
2009,2835-LISCV,Female,No,No,No,69,49-72 months
2010,2836-CGKDM,Male,No,Yes,No,42,25-48 months
2011,2836-ONTQU,Female,No,No,No,6,00-12 months
2012,2836-VNTMN,Female,No,Yes,Yes,7,00-12 months
2013,2837-CRAIW,Female,No,Yes,No,72,49-72 months
2014,2841-DOACN,Male,No,No,No,42,25-48 months
2015,2843-UGZTQ,Male,Yes,No,Yes,37,25-48 months
2016,2843-YWCLT,Male,No,Yes,No,40,25-48 months
2017,2844-VLJUJ,Female,No,No,No,23,13-24 months
2018,2845-HAAUL,Female,Yes,No,No,8,00-12 months
2019,2846-BSUQA,Male,No,Yes,Yes,1,00-12 months
2020,2848-IZYRA,Female,No,Yes,Yes,53,49-72 months
2021,2850-UXMAN,Female,No,No,No,42,25-48 months
2022,2851-ESLFA,Female,No,Yes,Yes,59,49-72 months
2023,2851-QSIDK,Male,No,No,No,30,25-48 months
2024,2855-HCLSR,Male,No,Yes,Yes,57,49-72 months
2025,2855-PPDMQ,Female,No,No,No,27,25-48 months
2026,2856-GIWXS,Female,No,Yes,Yes,14,13-24 months
2027,2862-CQXWY,Female,No,Yes,Yes,35,25-48 months
2028,2862-ERGKC,Female,No,Yes,No,1,00-12 months
2029,2863-RFBWF,Male,No,No,No,6,00-12 months
2030,2863-XUGEZ,Female,No,No,Yes,11,00-12 months
2031,2868-WGHVW,Male,No,No,No,9,00-12 months
2032,2869-QISZQ,Female,No,Yes,Yes,13,13-24 months
2033,2872-QTAOZ,Male,No,No,No,1,00-12 months
2034,2873-QSTZR,Female,No,No,No,15,13-24 months
2035,2878-GPQGB,Female,No,Yes,Yes,18,13-24 months
2036,2879-VGUMG,Female,No,No,Yes,3,00-12 months
2037,2883-KGTCV,Female,Yes,No,No,51,49-72 months
2038,2885-DVRKK,Female,No,No,No,69,49-72 months
2039,2889-PKDOO,Female,No,Yes,Yes,2,00-12 months
2040,2889-RXAAA,Male,No,Yes,Yes,41,25-48 months
2041,2891-ACXPI,Female,No,No,No,23,13-24 months
2042,2896-XTTHZ,Female,Yes,Yes,No,18,13-24 months
2043,2897-AWBOE,Male,Yes,Yes,Yes,39,25-48 months
2044,2897-JLOVJ,Female,No,Yes,No,3,00-12 months
2045,2898-PGZHN,Male,No,No,No,13,13-24 months
2046,2899-CKWEA,Female,No,Yes,Yes,41,25-48 months
2047,2907-MVSHT,Female,No,No,No,30,25-48 months
2048,2907-WOEJA,Female,No,No,No,34,25-48 months
2049,2910-NXJDP,Female,No,No,No,31,25-48 months
2050,2911-GGXOL,Male,No,Yes,Yes,61,49-72 months
2051,2911-KGOKB,Male,Yes,No,No,11,00-12 months
2052,2911-VOJLR,Female,No,No,No,26,25-48 months
2053,2912-JIEUO,Male,No,No,No,72,49-72 months
2054,2916-FYKYB,Female,No,Yes,No,8,00-12 months
2055,2916-NNWPZ,Male,No,Yes,Yes,17,13-24 months
2056,2917-GTVBT,Female,No,Yes,Yes,45,25-48 months
2057,2917-YOWFH,Male,No,Yes,No,24,13-24 months
2058,2919-OUFOR,Male,No,No,No,14,13-24 months
2059,2921-BDILJ,Female,No,Yes,No,5,00-12 months
2060,2922-EDFOU,Female,No,No,No,2,00-12 months
2061,2923-RXSLN,Male,No,Yes,No,27,25-48 months
2062,2925-QUNWO,Female,No,No,No,28,25-48 months
2063,2926-YJKKX,Female,No,No,No,65,49-72 months
2064,2928-OWFFZ,Male,No,No,No,4,00-12 months
2065,2928-UWJCG,Male,No,No,No,68,49-72 months
2066,2931-DGYGJ,Male,No,Yes,Yes,56,49-72 months
2067,2932-BPRCN,Female,Yes,Yes,Yes,1,00-12 months
2068,2932-MCZUQ,Female,No,No,No,6,00-12 months
2069,2932-VRYYW,Male,No,Yes,No,25,25-48 months
2070,2933-WNSPX,Male,No,Yes,No,17,13-24 months
2071,2933-ZIVUW,Female,No,Yes,No,3,00-12 months
2072,2934-QTKQA,Female,No,No,No,16,13-24 months
2073,2935-RJQAR,Male,No,No,No,5,00-12 months
2074,2942-SANXQ,Female,No,Yes,No,7,00-12 months
2075,2943-SXUTO,Male,Yes,Yes,No,61,49-72 months
2076,2947-ADYKM,Male,No,No,No,62,49-72 months
2077,2948-BXCFD,Male,No,No,No,70,49-72 months
2078,2952-QIMEL,Male,No,Yes,Yes,8,00-12 months
2079,2952-ZTWPN,Male,No,Yes,No,67,49-72 months
2080,2953-VBSND,Female,No,Yes,No,68,49-72 months
2081,2954-GGSFC,Female,No,No,No,19,13-24 months
2082,2954-TEZHB,Female,No,No,No,19,13-24 months
2083,2955-YFXAA,Female,Yes,Yes,No,2,00-12 months
2084,2956-YQPIK,Female,No,Yes,No,1,00-12 months
2085,2957-KYAFC,Female,No,No,No,68,49-72 months
2086,2958-EWPZB,Male,No,Yes,Yes,11,00-12 months
2087,2958-ISLVW,Male,Yes,Yes,Yes,11,00-12 months
2088,2958-QMQUD,Male,No,Yes,Yes,66,49-72 months
2089,2959-QPBNR,Male,No,Yes,Yes,21,13-24 months
2090,2962-CIUZY,Female,Yes,No,No,9,00-12 months
2091,2963-IHUPW,Female,No,No,No,49,49-72 months
2092,2963-VQYDP,Female,No,No,No,13,13-24 months
2093,2966-OOIAY,Female,No,No,No,37,25-48 months
2094,2968-LDURU,Female,No,No,No,25,25-48 months
2095,2969-WAYZG,Female,No,No,No,5,00-12 months
2096,2972-KKBTN,Female,No,Yes,Yes,37,25-48 months
2097,2974-OAQDB,Male,No,No,No,49,49-72 months
2098,2974-OJYZR,Male,No,No,No,1,00-12 months
2099,2975-GSDVW,Female,No,No,No,60,49-72 months
2100,2975-GTSEF,Female,Yes,Yes,No,51,49-72 months
2101,2979-EHSWW,Female,No,No,No,55,49-72 months
2102,2979-FONKU,Male,No,Yes,No,23,13-24 months
2103,2979-HWBBT,Male,Yes,No,No,64,49-72 months
2104,2982-ORDBC,Male,No,Yes,No,65,49-72 months
2105,2983-UFPXS,Male,No,No,No,58,49-72 months
2106,2985-FOQQB,Male,No,Yes,No,19,13-24 months
2107,2985-XORSO,Female,No,Yes,No,69,49-72 months
2108,2987-EYPYK,Female,No,No,No,11,00-12 months
2109,2988-CDBVB,Male,No,No,No,16,13-24 months
2110,2990-RVMGS,Female,No,Yes,Yes,1,00-12 months
2111,2991-MVOSV,Female,No,No,Yes,1,00-12 months
2112,2993-MIADY,Male,No,Yes,No,58,49-72 months
2113,2994-RZVKG,Female,No,No,No,27,25-48 months
2114,2995-KEEYH,Female,No,No,No,72,49-72 months
2115,2996-QTKDU,Male,No,No,No,3,00-12 months
2116,2996-SOSQQ,Female,No,Yes,Yes,55,49-72 months
2117,2997-FJWOV,Female,No,Yes,No,50,49-72 months
2118,2997-PIIRV,Male,No,Yes,Yes,13,13-24 months
2119,2997-YFATQ,Female,No,No,No,57,49-72 months
2120,2998-IJRCB,Male,No,Yes,Yes,9,00-12 months
2121,2999-QYCPX,Female,Yes,Yes,No,9,00-12 months
2122,3002-FDERM,Female,No,Yes,No,37,25-48 months
2123,3002-OKOZX,Male,No,No,No,57,49-72 months
2124,3002-YQBXY,Male,No,Yes,No,18,13-24 months
2125,3005-ANWPJ,Female,No,Yes,No,70,49-72 months
2126,3007-GVDAW,Male,No,No,Yes,22,13-24 months
2127,3008-AXBOW,Male,Yes,No,No,3,00-12 months
2128,3011-RAFXC,Male,Yes,Yes,No,23,13-24 months
2129,3015-UOGBU,Male,No,Yes,No,5,00-12 months
2130,3016-JHHFP,Male,No,Yes,No,5,00-12 months
2131,3016-ZGIXW,Female,No,Yes,Yes,63,49-72 months
2132,3017-MDZNO,Male,No,No,No,32,25-48 months
2133,3017-POLHK,Female,No,No,No,6,00-12 months
2134,3018-WAGHP,Female,No,Yes,No,12,00-12 months
2135,3018-WNDCD,Male,No,No,No,52,49-72 months
2136,3019-OWZRM,Male,Yes,No,No,9,00-12 months
2137,3021-OICRR,Male,No,No,No,1,00-12 months
2138,3024-YDRAO,Male,Yes,No,No,13,13-24 months
2139,3024-YSPLN,Male,No,Yes,No,4,00-12 months
2140,3026-XXVNM,Male,No,Yes,No,3,00-12 months
2141,3027-EORJN,Male,No,Yes,Yes,22,13-24 months
2142,3029-OCBLU,Female,No,No,No,62,49-72 months
2143,3031-NIBJN,Female,Yes,Yes,No,53,49-72 months
2144,3031-PTMSD,Female,No,No,No,49,49-72 months
2145,3031-QYOSA,Female,Yes,Yes,No,17,13-24 months
2146,3033-PIGEY,Female,No,No,No,6,00-12 months
2147,3034-RTAWZ,Male,No,No,No,34,25-48 months
2148,3034-SLMQJ,Female,No,Yes,Yes,45,25-48 months
2149,3043-TPKVL,Male,No,Yes,No,38,25-48 months
2150,3044-BGNRW,Male,No,No,No,12,00-12 months
2151,3044-IMWPX,Female,No,No,No,62,49-72 months
2152,3045-AMSKG,Male,No,Yes,No,9,00-12 months
2153,3046-PKRRF,Female,No,No,No,17,13-24 months
2154,3050-AXIUF,Female,No,Yes,No,39,25-48 months
2155,3052-QTDEA,Male,No,No,No,9,00-12 months
2156,3056-YMKAZ,Male,No,Yes,Yes,47,25-48 months
2157,3058-RDJYO,Female,No,Yes,Yes,72,49-72 months
2158,3058-ZYPED,Female,Yes,No,No,68,49-72 months
2159,3059-DETDM,Male,No,No,No,57,49-72 months
2160,3060-DFJSR,Male,No,Yes,Yes,2,00-12 months
2161,3061-JIQTC,Male,No,Yes,No,72,49-72 months
2162,3061-PFZZG,Female,No,Yes,No,63,49-72 months
2163,3063-EGXYB,Female,No,No,No,20,13-24 months
2164,3063-SVAWE,Male,No,No,No,16,13-24 months
2165,3067-TOIID,Female,No,No,No,68,49-72 months
2166,3068-FXJKR,Female,No,No,No,51,49-72 months
2167,3068-KLEWA,Male,No,Yes,No,54,49-72 months
2168,3068-PFOCT,Male,Yes,Yes,No,27,25-48 months
2169,3068-RQMFT,Male,No,Yes,No,31,25-48 months
2170,3069-CAKXQ,Male,No,Yes,No,39,25-48 months
2171,3072-QIKGI,Female,No,Yes,Yes,6,00-12 months
2172,3073-ATIMD,Female,No,No,No,8,00-12 months
2173,3077-EOXWG,Male,No,No,No,42,25-48 months
2174,3077-WAYPP,Male,No,Yes,No,54,49-72 months
2175,3078-DEKNX,Female,No,Yes,No,10,00-12 months
2176,3080-KHTDF,Female,No,Yes,No,17,13-24 months
2177,3080-MUFAH,Female,No,Yes,Yes,70,49-72 months
2178,3083-BSVSK,Female,No,Yes,No,5,00-12 months
2179,3083-WJVVZ,Female,Yes,No,No,19,13-24 months
2180,3084-BRSMS,Male,No,No,No,14,13-24 months
2181,3086-NRNNP,Male,Yes,Yes,No,58,49-72 months
2182,3088-IMOIF,Male,No,No,No,14,13-24 months
2183,3088-XILSZ,Male,No,Yes,Yes,3,00-12 months
2184,3089-PGFJX,Female,No,No,No,1,00-12 months
2185,3089-UZHVI,Male,No,Yes,No,67,49-72 months
2186,3095-PZYYV,Female,No,No,No,62,49-72 months
2187,3095-XSEER,Male,No,No,No,1,00-12 months
2188,3096-DCPJJ,Female,No,No,No,20,13-24 months
2189,3097-XVXTQ,Male,No,No,No,66,49-72 months
2190,3099-PHQEP,Male,No,No,No,25,25-48 months
2191,3100-UIECY,Female,No,No,No,0,00-12 months
2192,3101-ZOSCR,Male,No,Yes,No,38,25-48 months
2193,3104-AXEVP,Male,No,No,No,57,49-72 months
2194,3104-XLTNT,Male,No,No,No,5,00-12 months
2195,3107-ARJGM,Female,No,No,No,66,49-72 months
2196,3107-BQPUD,Female,No,Yes,No,69,49-72 months
2197,3107-OHJSI,Male,No,Yes,No,72,49-72 months
2198,3110-IYWKG,Male,No,Yes,No,12,00-12 months
2199,3111-TIKRI,Male,No,Yes,No,33,25-48 months
2200,3112-SHGHI,Male,No,Yes,Yes,36,25-48 months
2201,3112-UXHUC,Female,No,No,No,22,13-24 months
2202,3113-BDUIS,Female,No,Yes,Yes,15,13-24 months
2203,3114-FUFEI,Male,No,Yes,No,7,00-12 months
2204,3114-UCHDM,Male,No,No,No,52,49-72 months
2205,3118-ZCBPK,Female,No,No,No,13,13-24 months
2206,3120-NYPYL,Male,No,Yes,No,7,00-12 months
2207,3120-ZISVH,Female,No,Yes,No,12,00-12 months
2208,3121-FIMRF,Female,Yes,No,Yes,52,49-72 months
2209,3123-KKLQT,Male,No,No,Yes,26,25-48 months
2210,3123-MFLYT,Male,No,Yes,No,67,49-72 months
2211,3123-ORQJW,Female,No,Yes,Yes,58,49-72 months
2212,3128-REOUK,Female,No,No,No,71,49-72 months
2213,3129-TYXDX,Male,No,No,No,20,13-24 months
2214,3129-XUXJR,Female,Yes,No,No,21,13-24 months
2215,3130-ITRMP,Male,No,No,No,57,49-72 months
2216,3130-SGZUJ,Female,No,No,No,53,49-72 months
2217,3130-VXJRZ,Male,No,Yes,Yes,57,49-72 months
2218,3131-EAMOR,Male,No,Yes,Yes,56,49-72 months
2219,3131-QHTMZ,Male,No,No,No,2,00-12 months
2220,3131-TFMGM,Male,No,No,Yes,22,13-24 months
2221,3134-TBKLD,Female,Yes,No,Yes,4,00-12 months
2222,3135-PPWYO,Male,No,No,No,71,49-72 months
2223,3135-XRCZS,Male,No,Yes,No,11,00-12 months
2224,3136-NVUHB,Male,No,No,Yes,49,49-72 months
2225,3136-ONJJE,Female,No,No,No,10,00-12 months
2226,3139-EYCJX,Female,No,Yes,Yes,4,00-12 months
2227,3142-EUMPC,Male,No,No,Yes,70,49-72 months
2228,3142-FTRGR,Female,No,No,No,50,49-72 months
2229,3145-FJBPC,Male,No,Yes,No,35,25-48 months
2230,3146-JXBBB,Male,No,Yes,Yes,29,25-48 months
2231,3147-IQVXU,Male,No,No,No,13,13-24 months
2232,3149-IEHHG,Female,No,No,No,11,00-12 months
2233,3150-BWEVZ,Female,No,No,No,21,13-24 months
2234,3153-LAHNX,Male,Yes,Yes,No,67,49-72 months
2235,3155-PGKGZ,Male,No,No,No,49,49-72 months
2236,3160-VYZAT,Male,Yes,Yes,Yes,36,25-48 months
2237,3163-MMVZS,Male,No,Yes,No,54,49-72 months
2238,3164-EGAPY,Male,Yes,Yes,No,34,25-48 months
2239,3165-WXDYP,Female,No,Yes,Yes,14,13-24 months
2240,3166-CPXNP,Male,No,Yes,No,71,49-72 months
2241,3166-TTFNE,Female,No,Yes,Yes,17,13-24 months
2242,3167-HNUNV,Female,No,Yes,Yes,50,49-72 months
2243,3168-LJTGC,Female,No,Yes,Yes,50,49-72 months
2244,3168-NQNFV,Male,No,No,No,23,13-24 months
2245,3170-UBBHZ,Male,No,Yes,Yes,69,49-72 months
2246,3171-GVCTO,Male,Yes,No,No,39,25-48 months
2247,3172-MKHMG,Male,No,Yes,Yes,58,49-72 months
2248,3173-GLNSL,Female,No,Yes,Yes,71,49-72 months
2249,3173-LPYIC,Male,Yes,Yes,No,3,00-12 months
2250,3173-OXQCK,Female,No,No,No,42,25-48 months
2251,3173-UFSZG,Female,No,No,No,2,00-12 months
2252,3176-RSPCN,Male,No,No,No,8,00-12 months
2253,3177-NWDBQ,Male,No,No,No,44,25-48 months
2254,3179-BTEHR,Male,No,Yes,Yes,41,25-48 months
2255,3180-RHMVJ,Male,No,Yes,No,62,49-72 months
2256,3182-FXEYM,Female,Yes,No,No,24,13-24 months
2257,3182-UZRVQ,Female,No,Yes,Yes,9,00-12 months
2258,3185-FDWPR,Male,No,Yes,No,8,00-12 months
2259,3194-CLQIY,Female,No,Yes,No,18,13-24 months
2260,3195-XURQK,Male,No,No,Yes,45,25-48 months
2261,3196-KMVOU,Male,No,No,No,12,00-12 months
2262,3196-XMKUJ,Female,No,No,No,46,25-48 months
2263,3198-KPLGJ,Male,No,Yes,No,8,00-12 months
2264,3198-YSDHG,Female,No,Yes,No,45,25-48 months
2265,3199-VPSGW,Male,No,No,No,7,00-12 months
2266,3201-AGHDT,Male,No,Yes,Yes,7,00-12 months
2267,3201-PMYMC,Male,Yes,No,No,4,00-12 months
2268,3202-SDFZK,Female,No,No,No,11,00-12 months
2269,3203-ZZRQC,Female,No,Yes,No,51,49-72 months
2270,3204-ZMNLD,Female,No,Yes,No,38,25-48 months
2271,3205-DLTPY,Male,No,No,No,45,25-48 months
2272,3205-MMATO,Male,No,Yes,Yes,54,49-72 months
2273,3206-BDYUY,Female,No,Yes,Yes,4,00-12 months
2274,3206-UPUQQ,Male,Yes,Yes,Yes,7,00-12 months
2275,3207-FOFUK,Male,Yes,No,No,43,25-48 months
2276,3209-OGFIT,Male,Yes,Yes,Yes,22,13-24 months
2277,3213-FAVKJ,Female,Yes,Yes,No,69,49-72 months
2278,3214-IPEVW,Female,Yes,Yes,No,36,25-48 months
2279,3214-KXJPD,Male,No,Yes,No,1,00-12 months
2280,3215-NNWNA,Female,No,No,No,12,00-12 months
2281,3218-HZLTU,Male,No,Yes,No,30,25-48 months
2282,3221-BATJV,Female,No,No,No,26,25-48 months
2283,3223-VCXUM,Female,No,No,No,2,00-12 months
2284,3224-WVSKU,Female,No,No,No,8,00-12 months
2285,3227-FZHML,Female,No,Yes,No,16,13-24 months
2286,3228-HDOFD,Male,No,Yes,Yes,64,49-72 months
2287,3229-WZBTG,Female,No,Yes,Yes,17,13-24 months
2288,3230-BWMAV,Female,No,Yes,No,13,13-24 months
2289,3230-NZWVM,Female,No,Yes,Yes,27,25-48 months
2290,3231-KMBSC,Female,No,No,No,43,25-48 months
2291,3231-KXFPH,Female,No,Yes,Yes,59,49-72 months
2292,3231-QMYVI,Male,Yes,Yes,No,7,00-12 months
2293,3235-PMDKF,Female,No,No,No,26,25-48 months
2294,3237-KTVAJ,Male,No,Yes,Yes,40,25-48 months
2295,3237-UHFCJ,Male,Yes,No,No,5,00-12 months
2296,3240-UDDFI,Female,No,No,No,32,25-48 months
2297,3243-NNSMN,Female,No,Yes,Yes,22,13-24 months
2298,3245-QYVMP,Female,No,No,No,34,25-48 months
2299,3246-AZPGT,Female,No,No,No,13,13-24 months
2300,3248-ESBNS,Male,No,No,No,32,25-48 months
2301,3248-RDRTR,Male,No,Yes,Yes,16,13-24 months
2302,3249-POETQ,Male,No,No,Yes,68,49-72 months
2303,3249-QLLUF,Male,No,Yes,No,62,49-72 months
2304,3250-GRXDU,Female,No,Yes,Yes,11,00-12 months
2305,3251-XEWIX,Female,Yes,No,No,71,49-72 months
2306,3252-ZGKBU,Male,No,Yes,Yes,20,13-24 months
2307,3253-ASABE,Female,No,No,Yes,6,00-12 months
2308,3253-LOQGP,Female,Yes,No,No,18,13-24 months
2309,3259-UDXMN,Male,No,No,No,5,00-12 months
2310,3260-AQDUO,Female,No,Yes,Yes,7,00-12 months
2311,3261-CMABB,Female,No,Yes,No,53,49-72 months
2312,3262-JRLTK,Female,No,No,No,68,49-72 months
2313,3262-PULLI,Female,No,No,No,16,13-24 months
2314,3264-DWGFH,Male,Yes,Yes,Yes,27,25-48 months
2315,3267-JBFDE,Female,No,No,No,50,49-72 months
2316,3267-TDHIQ,Male,No,Yes,Yes,71,49-72 months
2317,3269-IORDX,Male,No,No,No,53,49-72 months
2318,3270-CBDJE,Male,No,No,No,13,13-24 months
2319,3271-YTQUW,Male,No,No,No,52,49-72 months
2320,3272-TFNOT,Male,No,Yes,No,48,25-48 months
2321,3274-IKNMH,Female,No,Yes,Yes,64,49-72 months
2322,3274-SQROR,Male,No,No,Yes,2,00-12 months
2323,3275-LOGVO,Male,No,No,No,61,49-72 months
2324,3276-IKOFK,Male,No,No,No,51,49-72 months
2325,3277-EGJTW,Male,No,No,No,33,25-48 months
2326,3278-SSBPI,Female,No,No,No,20,13-24 months
2327,3280-NEWST,Female,No,No,No,1,00-12 months
2328,3284-LZZAS,Female,No,Yes,Yes,70,49-72 months
2329,3284-NHMLN,Female,No,No,No,3,00-12 months
2330,3286-HNZRO,Female,No,No,No,17,13-24 months
2331,3289-IRITT,Female,No,Yes,Yes,7,00-12 months
2332,3291-FUCWV,Male,Yes,No,No,63,49-72 months
2333,3291-UAPRV,Male,No,No,No,53,49-72 months
2334,3294-CHFAP,Female,No,No,No,17,13-24 months
2335,3298-AUNIN,Male,No,No,No,53,49-72 months
2336,3298-FKOSG,Female,No,No,No,6,00-12 months
2337,3299-LMMSP,Female,No,No,No,12,00-12 months
2338,3301-BIBRX,Female,Yes,No,No,30,25-48 months
2339,3301-LUDEH,Female,No,No,No,12,00-12 months
2340,3301-WJUVL,Female,Yes,No,No,8,00-12 months
2341,3302-FFLZX,Female,Yes,No,No,17,13-24 months
2342,3303-BUDJF,Male,No,No,Yes,1,00-12 months
2343,3306-PPOYU,Male,No,No,No,3,00-12 months
2344,3310-ZZWWV,Male,No,No,No,69,49-72 months
2345,3311-MJWZN,Female,No,No,Yes,4,00-12 months
2346,3313-QHKSY,Male,Yes,No,No,6,00-12 months
2347,3316-HMAOB,Male,No,No,No,70,49-72 months
2348,3318-SSGBO,Male,No,No,No,3,00-12 months
2349,3321-DLZHG,Female,No,No,No,4,00-12 months
2350,3321-WPEIW,Female,No,No,No,56,49-72 months
2351,3322-EIRBI,Male,Yes,Yes,Yes,36,25-48 months
2352,3322-IYLVG,Female,No,Yes,Yes,37,25-48 months
2353,3322-JPSOK,Female,Yes,No,No,12,00-12 months
2354,3324-KKOHF,Female,No,No,No,59,49-72 months
2355,3325-OHIMB,Male,No,Yes,No,30,25-48 months
2356,3325-XTYRE,Male,No,No,No,62,49-72 months
2357,3328-ROMSU,Male,No,No,No,66,49-72 months
2358,3329-YOFEF,Female,No,Yes,No,10,00-12 months
2359,3331-ZWPAP,Female,Yes,No,No,27,25-48 months
2360,3332-TVNGA,Male,No,Yes,No,22,13-24 months
2361,3333-BUZNA,Female,No,Yes,Yes,6,00-12 months
2362,3333-NJAYQ,Male,No,Yes,Yes,3,00-12 months
2363,3336-ARFTN,Female,No,No,No,69,49-72 months
2364,3336-EWURU,Female,No,No,No,39,25-48 months
2365,3339-MERVK,Female,Yes,Yes,Yes,70,49-72 months
2366,3339-NOWUH,Female,No,No,No,5,00-12 months
2367,3340-IRADQ,Male,No,Yes,No,72,49-72 months
2368,3341-RNXLH,Male,No,No,No,7,00-12 months
2369,3342-ACCUS,Female,No,Yes,No,5,00-12 months
2370,3342-NTPYW,Female,No,No,No,19,13-24 months
2371,3343-YNUBH,Male,No,No,No,42,25-48 months
2372,3344-HYRFQ,Male,No,No,No,44,25-48 months
2373,3345-YQYTS,Male,No,No,No,40,25-48 months
2374,3346-TBXRY,Male,No,Yes,Yes,11,00-12 months
2375,3349-NBSZU,Male,Yes,No,No,8,00-12 months
2376,3350-ZKOUB,Male,No,No,No,30,25-48 months
2377,3354-TCBWP,Male,No,No,No,28,25-48 months
2378,3356-PJQGU,Female,No,Yes,Yes,57,49-72 months
2379,3361-NULVS,Female,No,Yes,No,15,13-24 months
2380,3361-QFNRX,Female,No,No,No,59,49-72 months
2381,3362-VGGZA,Male,No,Yes,No,2,00-12 months
2382,3364-YSGXK,Male,No,No,No,63,49-72 months
2383,3365-EJBPN,Female,No,No,No,46,25-48 months
2384,3365-QHRHN,Female,No,Yes,No,37,25-48 months
2385,3367-AEPHJ,Female,No,Yes,No,14,13-24 months
2386,3368-OMRSL,Female,No,Yes,Yes,15,13-24 months
2387,3377-VECNP,Male,No,No,No,66,49-72 months
2388,3377-ZIITM,Female,Yes,No,No,31,25-48 months
2389,3380-JJKTD,Female,No,No,No,15,13-24 months
2390,3380-QTVIE,Male,No,Yes,No,6,00-12 months
2391,3382-RCOFX,Male,No,No,No,6,00-12 months
2392,3387-PJUWO,Female,No,No,No,12,00-12 months
2393,3388-POUZA,Male,No,Yes,Yes,21,13-24 months
2394,3389-INDDS,Male,No,No,No,31,25-48 months
2395,3389-ZJXMS,Male,Yes,No,No,7,00-12 months
2396,3391-SWSUV,Female,No,Yes,No,15,13-24 months
2397,3393-EZVJJ,Male,No,Yes,Yes,5,00-12 months
2398,3393-KDZIP,Male,No,No,No,51,49-72 months
2399,3393-SXUAR,Male,No,No,No,72,49-72 months
2400,3393-WCYGW,Male,Yes,Yes,Yes,9,00-12 months
2401,3394-FHCLK,Female,No,Yes,No,6,00-12 months
2402,3395-HGAAL,Male,No,No,No,54,49-72 months
2403,3396-FIDZJ,Male,No,No,No,72,49-72 months
2404,3396-JEEGM,Male,No,Yes,Yes,71,49-72 months
2405,3396-JSVCV,Male,No,Yes,No,11,00-12 months
2406,3396-TUZIJ,Female,No,No,No,47,25-48 months
2407,3396-WAIFN,Male,No,No,No,11,00-12 months
2408,3400-FMPMF,Female,No,No,No,6,00-12 months
2409,3400-KKWXK,Female,No,No,No,8,00-12 months
2410,3402-YRRLN,Male,No,Yes,Yes,3,00-12 months
2411,3403-YLSCQ,Male,No,No,No,53,49-72 months
2412,3404-EZDXD,Female,No,Yes,Yes,19,13-24 months
2413,3404-HBZGL,Female,No,Yes,Yes,60,49-72 months
2414,3405-FOYXK,Male,No,No,No,65,49-72 months
2415,3405-MNGQI,Female,No,No,No,3,00-12 months
2416,3406-VSQBO,Male,No,Yes,No,71,49-72 months
2417,3408-HOSDL,Male,No,No,No,4,00-12 months
2418,3409-CLZGV,Female,No,No,No,28,25-48 months
2419,3414-HHOPG,Male,No,No,No,70,49-72 months
2420,3414-XTOOX,Male,No,Yes,No,10,00-12 months
2421,3415-BDWIA,Male,No,Yes,No,12,00-12 months
2422,3415-VZFJG,Male,No,Yes,No,18,13-24 months
2423,3416-IICPA,Female,No,No,No,1,00-12 months
2424,3417-VLMDC,Male,Yes,No,No,12,00-12 months
2425,3418-GIJCS,Female,No,Yes,No,65,49-72 months
2426,3420-KCCAZ,Male,No,Yes,No,17,13-24 months
2427,3422-GYPKF,Female,Yes,Yes,Yes,14,13-24 months
2428,3422-SZERE,Female,No,No,Yes,8,00-12 months
2429,3426-AHMQT,Female,No,No,No,27,25-48 months
2430,3426-MWTQW,Female,Yes,No,No,33,25-48 months
2431,3427-OFLNQ,Female,No,No,No,21,13-24 months
2432,3428-AAJAI,Male,No,No,Yes,72,49-72 months
2433,3431-KZIZS,Male,No,Yes,No,4,00-12 months
2434,3431-MCIRE,Male,No,No,No,60,49-72 months
2435,3432-JLHVI,Male,No,Yes,No,19,13-24 months
2436,3432-TVJOA,Male,No,No,No,11,00-12 months
2437,3433-DIFTT,Female,Yes,No,No,5,00-12 months
2438,3433-KSGXT,Female,No,Yes,No,27,25-48 months
2439,3433-YVMRK,Male,No,Yes,Yes,23,13-24 months
2440,3434-OYVOR,Female,No,No,Yes,42,25-48 months
2441,3434-ZSUEW,Female,No,Yes,No,72,49-72 months
2442,3436-HRITP,Male,No,Yes,Yes,34,25-48 months
2443,3438-JGBNJ,Male,Yes,Yes,No,60,49-72 months
2444,3440-DCJCB,Female,No,No,No,2,00-12 months
2445,3442-XUHNY,Female,No,No,Yes,3,00-12 months
2446,3445-CNVKU,Male,Yes,Yes,Yes,45,25-48 months
2447,3447-GNFCY,Male,No,No,No,5,00-12 months
2448,3449-GETWU,Female,No,Yes,Yes,67,49-72 months
2449,3449-VEANK,Male,No,No,Yes,1,00-12 months
2450,3450-AXGVS,Female,No,No,No,19,13-24 months
2451,3455-ADZWO,Female,No,No,No,18,13-24 months
2452,3456-OWWAU,Male,Yes,No,No,11,00-12 months
2453,3456-POZYR,Male,No,No,No,37,25-48 months
2454,3457-DHPZI,Female,Yes,No,No,60,49-72 months
2455,3457-FYZMH,Female,Yes,Yes,No,1,00-12 months
2456,3458-MHEIM,Male,No,No,No,11,00-12 months
2457,3459-VBCVB,Male,Yes,No,No,50,49-72 months
2458,3461-DKLEO,Female,No,No,No,34,25-48 months
2459,3462-RJUEC,Female,No,Yes,No,31,25-48 months
2460,3464-PXCJA,Female,No,Yes,Yes,60,49-72 months
2461,3464-STGWH,Male,No,Yes,Yes,13,13-24 months
2462,3468-IJILT,Male,No,Yes,No,24,13-24 months
2463,3472-BXJUD,Male,No,No,No,70,49-72 months
2464,3474-FRBUU,Male,No,No,Yes,55,49-72 months
2465,3474-LZFHK,Male,Yes,No,No,9,00-12 months
2466,3475-NFEJB,Male,Yes,Yes,No,6,00-12 months
2467,3479-COQHT,Female,No,No,No,53,49-72 months
2468,3480-FPQED,Female,No,Yes,Yes,32,25-48 months
2469,3480-TPYUX,Male,No,No,No,1,00-12 months
2470,3482-CVZNM,Female,No,No,No,1,00-12 months
2471,3483-SEIZE,Male,No,No,No,27,25-48 months
2472,3484-CKGZN,Female,No,Yes,No,36,25-48 months
2473,3485-MBNHG,Male,No,Yes,Yes,63,49-72 months
2474,3485-OEKTH,Female,No,No,No,3,00-12 months
2475,3485-UDHDB,Male,No,No,Yes,2,00-12 months
2476,3487-AKHTT,Male,Yes,No,No,53,49-72 months
2477,3489-DAEAR,Male,No,No,No,8,00-12 months
2478,3490-LPIUA,Male,No,Yes,No,3,00-12 months
2479,3494-YXCZQ,Female,Yes,Yes,Yes,13,13-24 months
2480,3495-HOZRX,Male,No,Yes,Yes,36,25-48 months
2481,3498-RGGWM,Female,No,No,No,39,25-48 months
2482,3498-TFYGW,Male,No,Yes,Yes,31,25-48 months
2483,3499-NENCD,Male,No,No,No,55,49-72 months
2484,3500-RWTMH,Male,No,No,No,36,25-48 months
2485,3502-DDRLM,Female,No,No,No,70,49-72 months
2486,3505-CZADC,Female,No,Yes,Yes,18,13-24 months
2487,3505-LASCR,Male,No,Yes,Yes,50,49-72 months
2488,3505-TPMCO,Male,No,Yes,No,1,00-12 months
2489,3508-APXOZ,Male,Yes,Yes,No,1,00-12 months
2490,3508-FOAHL,Female,No,Yes,No,50,49-72 months
2491,3508-OPSOQ,Male,No,Yes,No,72,49-72 months
2492,3509-YUYXL,Female,No,Yes,Yes,39,25-48 months
2493,3510-FPYXO,Male,No,Yes,Yes,72,49-72 months
2494,3511-YBNUN,Male,No,No,Yes,64,49-72 months
2495,3513-WIGVM,Female,Yes,Yes,Yes,62,49-72 months
2496,3514-EKOVJ,Female,Yes,No,No,3,00-12 months
2497,3518-LEOLU,Female,No,Yes,No,70,49-72 months
2498,3522-MDYFJ,Female,No,No,No,7,00-12 months
2499,3522-OGJXF,Female,No,Yes,Yes,36,25-48 months
2500,3526-CUXMF,Male,No,No,No,46,25-48 months
2501,3526-KTUDT,Female,No,Yes,Yes,44,25-48 months
2502,3527-MFYXW,Male,Yes,No,No,71,49-72 months
2503,3527-QFNZG,Male,No,No,No,7,00-12 months
2504,3528-SCASD,Female,No,Yes,Yes,63,49-72 months
2505,3531-QKVGO,Female,No,Yes,Yes,42,25-48 months
2506,3531-QYQMH,Male,No,No,No,1,00-12 months
2507,3532-XZMPJ,Female,No,No,No,1,00-12 months
2508,3534-NLHEY,Female,No,No,No,32,25-48 months
2509,3535-ARRFW,Male,No,Yes,No,37,25-48 months
2510,3536-XYZYQ,Female,No,No,No,29,25-48 months
2511,3540-EJQYV,Male,Yes,No,No,70,49-72 months
2512,3541-ALZYH,Male,No,No,Yes,58,49-72 months
2513,3542-YMXBZ,Male,No,No,No,51,49-72 months
2514,3546-VFQPN,Female,Yes,Yes,Yes,41,25-48 months
2515,3547-CCQYN,Female,No,Yes,No,67,49-72 months
2516,3548-QONZU,Male,No,Yes,No,8,00-12 months
2517,3548-YPBKD,Female,No,Yes,No,13,13-24 months
2518,3549-HITLA,Female,No,Yes,No,49,49-72 months
2519,3549-RZHGR,Female,Yes,No,No,6,00-12 months
2520,3551-YUFFO,Female,No,No,No,46,25-48 months
2521,3552-PJVRD,Male,No,Yes,No,65,49-72 months
2522,3552-TTFYD,Male,No,No,No,8,00-12 months
2523,3557-VPZEJ,Female,No,No,Yes,29,25-48 months
2524,3560-GEITN,Male,No,No,No,68,49-72 months
2525,3563-XGMXI,Male,No,Yes,No,62,49-72 months
2526,3567-MASFS,Male,No,No,Yes,33,25-48 months
2527,3567-TINRF,Female,No,Yes,No,63,49-72 months
2528,3568-CFZQE,Female,No,No,No,8,00-12 months
2529,3568-GMYVC,Male,No,Yes,No,8,00-12 months
2530,3569-BXFCI,Male,No,Yes,Yes,1,00-12 months
2531,3569-MYSKV,Female,No,No,No,1,00-12 months
2532,3569-QTNKK,Female,No,No,No,64,49-72 months
2533,3571-NXQAP,Male,No,No,No,59,49-72 months
2534,3571-RWQNQ,Male,No,No,No,1,00-12 months
2535,3573-GXORT,Female,Yes,Yes,No,51,49-72 months
2536,3579-QQZDA,Male,No,No,No,13,13-24 months
2537,3580-KZMMY,Male,No,No,No,40,25-48 months
2538,3586-QQHHC,Male,No,No,No,72,49-72 months
2539,3589-KCDGK,Male,No,No,No,57,49-72 months
2540,3589-TNDMJ,Female,No,Yes,Yes,11,00-12 months
2541,3590-ISNAI,Female,Yes,Yes,Yes,18,13-24 months
2542,3590-YKRZJ,Male,No,No,No,43,25-48 months
2543,3592-DWOQR,Female,No,No,No,2,00-12 months
2544,3596-ZGERF,Male,No,Yes,Yes,4,00-12 months
2545,3597-DEYCM,Female,No,Yes,Yes,4,00-12 months
2546,3598-XCWTH,Female,No,Yes,Yes,72,49-72 months
2547,3601-INXMK,Female,No,No,No,43,25-48 months
2548,3605-DWZZX,Female,No,Yes,Yes,4,00-12 months
2549,3605-NNFOJ,Male,Yes,Yes,Yes,22,13-24 months
2550,3607-PPNRO,Male,No,Yes,Yes,32,25-48 months
2551,3610-ROWNL,Male,No,Yes,Yes,62,49-72 months
2552,3611-YSJTT,Male,No,No,No,11,00-12 months
2553,3612-RZZXG,Female,No,Yes,Yes,58,49-72 months
2554,3612-TZNQL,Female,No,Yes,No,43,25-48 months
2555,3613-MRUEN,Female,No,No,No,34,25-48 months
2556,3614-XWMSE,Female,No,No,No,38,25-48 months
2557,3616-LYTAH,Male,No,Yes,No,15,13-24 months
2558,3616-UHXHK,Male,No,Yes,No,4,00-12 months
2559,3619-JCRFC,Female,No,Yes,No,2,00-12 months
2560,3619-YQDXU,Female,No,Yes,No,41,25-48 months
2561,3620-POHQG,Male,No,Yes,No,3,00-12 months
2562,3621-HNTWQ,Female,No,No,No,36,25-48 months
2563,3622-WQPDN,Female,Yes,No,No,37,25-48 months
2564,3622-ZRWTQ,Male,No,Yes,Yes,56,49-72 months
2565,3625-KHFRV,Male,No,Yes,Yes,50,49-72 months
2566,3625-LNIGW,Female,No,No,Yes,3,00-12 months
2567,3627-DNPQU,Male,No,No,No,58,49-72 months
2568,3627-KEIVX,Female,No,No,No,9,00-12 months
2569,3627-RVCHY,Male,Yes,Yes,No,72,49-72 months
2570,3627-SWCJZ,Female,No,Yes,No,61,49-72 months
2571,3627-VZWXC,Female,No,Yes,No,9,00-12 months
2572,3628-AXAWU,Female,No,Yes,Yes,32,25-48 months
2573,3628-FGSMR,Female,No,No,No,2,00-12 months
2574,3628-VSEZD,Female,No,Yes,No,68,49-72 months
2575,3632-XRLAO,Male,No,No,No,1,00-12 months
2576,3633-ZIFYE,Male,No,Yes,Yes,24,13-24 months
2577,3634-KPAYF,Male,Yes,Yes,No,36,25-48 months
2578,3634-YOJVU,Male,No,Yes,Yes,5,00-12 months
2579,3636-JKBAK,Male,No,No,No,1,00-12 months
2580,3636-VAXOD,Male,No,Yes,Yes,15,13-24 months
2581,3638-ZEEPE,Male,No,No,No,70,49-72 months
2582,3643-FRFXU,Male,Yes,No,No,7,00-12 months
2583,3643-XGNRQ,Male,No,Yes,No,65,49-72 months
2584,3645-ZRLSQ,Female,Yes,No,No,1,00-12 months
2585,3646-XBPLX,Female,No,Yes,No,15,13-24 months
2586,3647-ARSRO,Female,No,Yes,No,36,25-48 months
2587,3647-FBIIX,Female,Yes,No,No,28,25-48 months
2588,3649-MQQAW,Female,No,Yes,No,43,25-48 months
2589,3651-HOBFA,Male,No,No,No,29,25-48 months
2590,3660-XNNGX,Female,No,Yes,Yes,24,13-24 months
2591,3661-VGMSF,Male,No,No,No,1,00-12 months
2592,3662-QYAJB,Male,No,Yes,No,25,25-48 months
2593,3664-LYOND,Male,Yes,No,No,29,25-48 months
2594,3668-LZNQT,Male,No,Yes,Yes,66,49-72 months
2595,3670-OWAKS,Female,No,Yes,No,49,49-72 months
2596,3670-PKJII,Male,Yes,Yes,No,3,00-12 months
2597,3673-BITVN,Female,No,Yes,Yes,11,00-12 months
2598,3675-OHHDI,Female,No,No,No,24,13-24 months
2599,3676-TDTTG,Female,No,Yes,Yes,14,13-24 months
2600,3683-OUZZE,Male,No,No,No,50,49-72 months
2601,3684-YQXVF,Female,No,No,No,65,49-72 months
2602,3687-PKPUB,Male,No,No,No,16,13-24 months
2603,3689-SJKUI,Female,No,No,No,20,13-24 months
2604,3691-NXGQV,Female,Yes,Yes,No,4,00-12 months
2605,3693-ZMYRB,Female,Yes,No,No,44,25-48 months
2606,3697-CCKKT,Male,No,Yes,Yes,67,49-72 months
2607,3698-IZIBJ,Female,No,Yes,No,38,25-48 months
2608,3701-OEQGS,Female,No,No,No,31,25-48 months
2609,3702-YPPJJ,Male,No,Yes,Yes,72,49-72 months
2610,3703-LUZCM,Male,No,No,No,1,00-12 months
2611,3703-RVMBO,Female,No,No,No,2,00-12 months
2612,3703-TBUID,Female,No,Yes,Yes,24,13-24 months
2613,3703-YKRRV,Female,No,Yes,No,60,49-72 months
2614,3703-ZKCSS,Male,No,No,Yes,13,13-24 months
2615,3705-MVHID,Male,No,Yes,No,65,49-72 months
2616,3708-YNMUG,Female,No,No,No,6,00-12 months
2617,3710-CCLSX,Female,No,No,No,6,00-12 months
2618,3710-SMANB,Male,No,No,No,10,00-12 months
2619,3710-VHINF,Female,No,Yes,Yes,14,13-24 months
2620,3711-GYNOA,Male,Yes,Yes,No,2,00-12 months
2621,3714-OTAQW,Male,No,No,No,1,00-12 months
2622,3715-TYNCM,Male,No,Yes,No,11,00-12 months
2623,3717-PMOHH,Female,No,No,No,41,25-48 months
2624,3717-UKEJW,Male,No,No,No,40,25-48 months
2625,3719-JZTWU,Male,No,No,No,5,00-12 months
2626,3721-LAXNA,Female,No,Yes,Yes,25,25-48 months
2627,3726-TGGVQ,Female,No,No,No,42,25-48 months
2628,3727-BWZGX,Male,No,Yes,No,8,00-12 months
2629,3727-GNJKJ,Male,Yes,No,No,49,49-72 months
2630,3730-YJQNZ,Male,No,No,Yes,28,25-48 months
2631,3734-XXFBN,Male,No,Yes,No,46,25-48 months
2632,3739-QCTFX,Female,Yes,No,No,9,00-12 months
2633,3740-TQSNG,Male,No,No,No,28,25-48 months
2634,3741-EECSN,Female,No,Yes,Yes,52,49-72 months
2635,3743-DGKUL,Male,No,No,No,72,49-72 months
2636,3744-NBDTJ,Female,No,No,No,3,00-12 months
2637,3745-WYOCH,Female,No,No,No,13,13-24 months
2638,3747-YERKO,Male,No,No,No,16,13-24 months
2639,3750-JJYAQ,Female,Yes,No,No,4,00-12 months
2640,3750-ORLUV,Female,No,Yes,No,3,00-12 months
2641,3750-RKAGE,Female,Yes,Yes,Yes,69,49-72 months
2642,3751-RXEZV,Male,Yes,Yes,No,9,00-12 months
2643,3751-VXAMG,Female,No,Yes,No,25,25-48 months
2644,3752-FDHQV,Female,No,No,No,3,00-12 months
2645,3752-UDIFL,Male,No,Yes,Yes,40,25-48 months
2646,3753-MBJAT,Female,Yes,No,Yes,2,00-12 months
2647,3754-XVFWP,Female,No,No,No,7,00-12 months
2648,3755-YBUEC,Male,No,No,No,16,13-24 months
2649,3759-HQFVR,Female,No,No,No,26,25-48 months
2650,3762-DKTYF,Male,No,No,No,67,49-72 months
2651,3762-JLGKC,Female,No,Yes,Yes,72,49-72 months
2652,3763-ZPLOU,Male,No,Yes,No,8,00-12 months
2653,3764-TLHFP,Male,Yes,Yes,No,24,13-24 months
2654,3766-KVZTV,Female,No,No,No,51,49-72 months
2655,3766-USVNY,Female,No,Yes,Yes,61,49-72 months
2656,3770-HKIFL,Male,No,No,No,6,00-12 months
2657,3772-OOPWW,Female,No,No,No,57,49-72 months
2658,3772-SNBCK,Female,No,Yes,No,22,13-24 months
2659,3773-NZFQD,Female,No,Yes,Yes,18,13-24 months
2660,3773-QBSOW,Female,Yes,Yes,Yes,1,00-12 months
2661,3774-RZDNI,Female,No,No,No,3,00-12 months
2662,3776-DULPN,Male,No,No,Yes,21,13-24 months
2663,3778-XGMJT,Female,No,No,No,10,00-12 months
2664,3782-VQFJQ,Male,No,No,No,64,49-72 months
2665,3783-VZMMB,Male,No,Yes,No,1,00-12 months
2666,3783-YMNQR,Male,No,No,No,72,49-72 months
2667,3789-EVTCC,Female,No,No,Yes,16,13-24 months
2668,3790-EZMZL,Female,Yes,No,No,30,25-48 months
2669,3790-PHJHR,Male,Yes,Yes,Yes,40,25-48 months
2670,3790-YUYSK,Female,No,No,No,57,49-72 months
2671,3792-ECSWX,Male,No,Yes,No,33,25-48 months
2672,3793-SQXUF,Female,No,No,Yes,10,00-12 months
2673,3794-HYZIY,Male,No,Yes,No,31,25-48 months
2674,3796-CXCMD,Male,No,Yes,Yes,70,49-72 months
2675,3796-SVCPU,Female,No,Yes,Yes,70,49-72 months
2676,3797-LZGZJ,Male,No,Yes,Yes,60,49-72 months
2677,3799-GAYYG,Male,No,Yes,No,7,00-12 months
2678,3799-KACTJ,Male,No,Yes,Yes,64,49-72 months
2679,3800-HEYGN,Female,No,Yes,Yes,3,00-12 months
2680,3800-KAOXV,Female,Yes,Yes,Yes,18,13-24 months
2681,3800-OXZWD,Female,No,No,No,9,00-12 months
2682,3801-DEXAI,Male,No,Yes,No,8,00-12 months
2683,3802-RAYZC,Female,No,Yes,Yes,71,49-72 months
2684,3805-JORUK,Female,No,Yes,No,39,25-48 months
2685,3806-BQCIQ,Male,No,No,No,51,49-72 months
2686,3807-ATDZW,Female,No,Yes,No,10,00-12 months
2687,3807-LOLTG,Female,No,No,No,39,25-48 months
2688,3807-VMNOS,Female,No,Yes,No,5,00-12 months
2689,3808-AHVJB,Male,No,Yes,Yes,70,49-72 months
2690,3809-HNZPS,Male,No,Yes,No,2,00-12 months
2691,3814-CTZKG,Male,No,No,No,17,13-24 months
2692,3814-TPXSZ,Female,No,Yes,No,2,00-12 months
2693,3815-OQXHX,Female,No,No,No,19,13-24 months
2694,3817-SFXHZ,Male,Yes,Yes,No,3,00-12 months
2695,3817-ZKWIA,Male,No,No,No,15,13-24 months
2696,3818-BXGCQ,Male,No,Yes,No,2,00-12 months
2697,3820-BGPQZ,Male,No,No,No,6,00-12 months
2698,3821-SAZNR,Male,Yes,No,No,40,25-48 months
2699,3822-ZRROL,Male,No,Yes,No,63,49-72 months
2700,3824-DNOTF,Female,Yes,No,No,18,13-24 months
2701,3826-XNGJX,Male,Yes,No,No,11,00-12 months
2702,3827-FDZDS,Female,No,No,No,8,00-12 months
2703,3827-RKKEM,Female,No,Yes,No,11,00-12 months
2704,3834-EJKFZ,Female,No,Yes,No,40,25-48 months
2705,3834-ZIPAZ,Female,No,Yes,No,1,00-12 months
2706,3835-NRYWZ,Female,No,No,No,41,25-48 months
2707,3835-VPRCZ,Female,No,No,No,2,00-12 months
2708,3836-DAWLO,Male,Yes,Yes,No,13,13-24 months
2709,3836-MHRJO,Male,No,No,Yes,69,49-72 months
2710,3836-UTZDY,Male,No,No,No,13,13-24 months
2711,3836-VCVRN,Female,No,No,No,36,25-48 months
2712,3838-CQDII,Male,No,Yes,No,15,13-24 months
2713,3838-GIHJH,Male,No,No,No,69,49-72 months
2714,3842-IPMWN,Female,No,No,No,43,25-48 months
2715,3843-POMGC,Female,No,Yes,No,65,49-72 months
2716,3847-JVWNJ,Male,No,Yes,No,71,49-72 months
2717,3848-NFDXP,Male,Yes,No,No,71,49-72 months
2718,3850-WJLFC,Female,No,Yes,Yes,47,25-48 months
2719,3851-RJJFB,Male,No,No,No,31,25-48 months
2720,3858-DSFPV,Female,No,No,No,11,00-12 months
2721,3860-QQKPT,Female,Yes,No,No,7,00-12 months
2722,3862-SXQRI,Female,No,No,No,4,00-12 months
2723,3865-OAEKH,Female,Yes,Yes,No,49,49-72 months
2724,3866-PAXNU,Female,No,No,No,23,13-24 months
2725,3868-EIZSS,Female,Yes,No,Yes,68,49-72 months
2726,3869-AVHZW,Female,No,Yes,Yes,66,49-72 months
2727,3871-RULMF,Female,No,No,No,0,00-12 months
2728,3874-SWCEN,Female,No,No,No,3,00-12 months
2729,3874-UCSKA,Male,No,Yes,Yes,1,00-12 months
2730,3877-VUMAT,Female,No,Yes,No,6,00-12 months
2731,3879-GNULL,Male,No,No,No,42,25-48 months
2732,3882-EBIGG,Male,No,Yes,Yes,66,49-72 months
2733,3882-FQLMY,Female,No,No,No,26,25-48 months
2734,3882-WTVWS,Female,No,No,No,1,00-12 months
2735,3884-GMETV,Male,No,No,No,45,25-48 months
2736,3884-KRMDO,Male,No,No,No,38,25-48 months
2737,3886-JBWGZ,Male,No,Yes,No,42,25-48 months
2738,3887-BIYTV,Female,No,Yes,No,1,00-12 months
2739,3887-OWUTF,Male,Yes,Yes,No,11,00-12 months
2740,3889-UBVAI,Male,No,No,No,59,49-72 months
2741,3892-PHWKL,Female,No,Yes,Yes,60,49-72 months
2742,3892-ZQLVA,Male,No,Yes,No,18,13-24 months
2743,3893-UHYPD,Male,No,Yes,Yes,11,00-12 months
2744,3895-UPFHF,Female,No,No,No,62,49-72 months
2745,3897-VNMGO,Male,Yes,No,No,64,49-72 months
2746,3898-DEDYY,Male,No,Yes,No,57,49-72 months
2747,3898-YJZVJ,Male,Yes,No,No,1,00-12 months
2748,3902-ZDMXB,Male,No,No,No,33,25-48 months
2749,3903-WFBBC,Male,Yes,No,No,8,00-12 months
2750,3905-QJBFL,Male,Yes,Yes,Yes,37,25-48 months
2751,3906-WEXEW,Female,No,No,Yes,57,49-72 months
2752,3907-KLDXJ,Female,No,No,Yes,24,13-24 months
2753,3912-UASJX,Female,No,No,No,71,49-72 months
2754,3917-JLTEZ,Male,Yes,No,No,51,49-72 months
2755,3917-WSHRE,Female,No,Yes,No,3,00-12 months
2756,3919-DESFM,Female,No,Yes,Yes,15,13-24 months
2757,3919-TNSZZ,Female,No,No,No,3,00-12 months
2758,3920-PQMYP,Male,No,No,No,12,00-12 months
2759,3926-GQWBU,Male,Yes,No,No,71,49-72 months
2760,3932-BRTRR,Female,Yes,Yes,Yes,56,49-72 months
2761,3932-NVLJD,Female,No,No,No,12,00-12 months
2762,3932-ZCDJY,Female,No,No,No,24,13-24 months
2763,3934-FRAXS,Female,No,Yes,No,38,25-48 months
2764,3934-HBYOP,Male,No,No,No,46,25-48 months
2765,3936-WNIRT,Male,Yes,No,No,35,25-48 months
2766,3937-BFUDM,Male,No,No,No,12,00-12 months
2767,3939-KUIGT,Female,No,No,No,45,25-48 months
2768,3942-KXODS,Male,No,No,No,4,00-12 months
2769,3942-XXSJB,Female,No,No,No,47,25-48 months
2770,3950-VVIUC,Male,No,No,No,39,25-48 months
2771,3951-DOGVN,Male,No,Yes,Yes,18,13-24 months
2772,3952-TNLMY,Female,Yes,No,No,2,00-12 months
2773,3953-LOKUL,Male,No,Yes,Yes,28,25-48 months
2774,3955-YIIMY,Male,No,No,Yes,41,25-48 months
2775,3956-DJDXP,Female,No,Yes,No,18,13-24 months
2776,3958-SKVYT,Female,No,No,No,10,00-12 months
2777,3960-SKCWJ,Female,No,No,No,37,25-48 months
2778,3963-ENDKO,Male,No,No,No,55,49-72 months
2779,3965-CWUTQ,Female,Yes,Yes,No,66,49-72 months
2780,3966-RBSSH,Male,No,Yes,No,33,25-48 months
2781,3966-WDWAT,Male,No,Yes,Yes,7,00-12 months
2782,3970-HMJQJ,Male,No,No,No,60,49-72 months
2783,3970-IUXLT,Female,No,Yes,No,10,00-12 months
2784,3973-ZIFDF,Female,No,No,No,51,49-72 months
2785,3974-USBOE,Male,Yes,No,No,70,49-72 months
2786,3977-SGEZJ,Male,Yes,Yes,Yes,14,13-24 months
2787,3978-BNJGW,Male,No,No,No,57,49-72 months
2788,3980-UVQVG,Male,No,Yes,No,7,00-12 months
2789,3983-JDRGF,Female,No,Yes,No,63,49-72 months
2790,3984-HMRWA,Female,No,Yes,No,35,25-48 months
2791,3984-MMDCJ,Male,No,No,Yes,59,49-72 months
2792,3984-PRZJW,Male,No,Yes,No,53,49-72 months
2793,3986-EATUG,Male,Yes,Yes,No,72,49-72 months
2794,3986-THWGN,Female,No,Yes,Yes,10,00-12 months
2795,3987-PEFAT,Female,No,Yes,Yes,20,13-24 months
2796,3990-QFLTR,Male,No,No,No,19,13-24 months
2797,3991-AEWJC,Female,No,Yes,Yes,50,49-72 months
2798,3991-DYPBO,Female,No,No,Yes,3,00-12 months
2799,3991-ZPTTF,Female,No,No,No,19,13-24 months
2800,3994-VPWNM,Male,No,No,Yes,12,00-12 months
2801,3996-RVARX,Female,No,No,No,4,00-12 months
2802,3997-XOPUS,Male,No,No,No,63,49-72 months
2803,3998-UDEEN,Female,No,Yes,Yes,16,13-24 months
2804,4002-GBTYR,Male,No,No,No,47,25-48 months
2805,4002-YEULQ,Male,No,Yes,Yes,71,49-72 months
2806,4002-ZLAZS,Female,No,Yes,Yes,49,49-72 months
2807,4004-FWEWS,Male,No,Yes,Yes,26,25-48 months
2808,4004-VXZXP,Male,No,Yes,No,8,00-12 months
2809,4005-IGFKU,Female,No,No,No,16,13-24 months
2810,4007-CUWOS,Female,No,No,No,15,13-24 months
2811,4008-KAOLY,Male,No,Yes,Yes,6,00-12 months
2812,4010-EOYDG,Male,No,Yes,No,42,25-48 months
2813,4010-NPDGS,Female,Yes,Yes,Yes,62,49-72 months
2814,4011-EWXVJ,Female,No,No,No,69,49-72 months
2815,4016-FNVFZ,Female,No,Yes,No,53,49-72 months
2816,4017-QFIKQ,Female,No,Yes,Yes,26,25-48 months
2817,4017-XZZCM,Male,No,No,No,1,00-12 months
2818,4019-YIFJN,Female,No,Yes,Yes,35,25-48 months
2819,4020-QLOYQ,Female,No,Yes,Yes,52,49-72 months
2820,4020-TOFQG,Female,Yes,No,No,30,25-48 months
2821,4021-PYOJW,Female,No,No,Yes,12,00-12 months
2822,4022-WMDWI,Male,No,Yes,No,64,49-72 months
2823,4026-NYIVX,Female,No,No,No,68,49-72 months
2824,4026-PIRYQ,Female,Yes,No,Yes,10,00-12 months
2825,4027-RIOUX,Male,No,Yes,Yes,67,49-72 months
2826,4027-UMUDH,Male,No,No,No,6,00-12 months
2827,4027-XMGGE,Female,No,No,No,34,25-48 months
2828,4028-PAZCZ,Male,Yes,No,No,2,00-12 months
2829,4028-XDIQG,Male,No,No,No,14,13-24 months
2830,4029-LHYFO,Male,Yes,No,No,61,49-72 months
2831,4029-OJCLI,Female,No,No,No,49,49-72 months
2832,4029-YNYGM,Male,No,Yes,Yes,15,13-24 months
2833,4030-YIAUK,Female,No,Yes,No,15,13-24 months
2834,4031-JXGKH,Female,No,No,No,51,49-72 months
2835,4031-QPKZE,Male,No,No,No,68,49-72 months
2836,4033-WGSUS,Male,No,No,Yes,22,13-24 months
2837,4034-CPEWA,Female,No,Yes,No,2,00-12 months
2838,4034-ROJIN,Male,Yes,No,No,14,13-24 months
2839,4035-HDBPB,Female,Yes,Yes,Yes,45,25-48 months
2840,4037-VPKTN,Female,No,No,Yes,72,49-72 months
2841,4038-CIGUB,Male,No,No,No,71,49-72 months
2842,4038-NUUAQ,Female,No,Yes,No,7,00-12 months
2843,4039-ITABC,Male,No,Yes,Yes,7,00-12 months
2844,4041-AKONN,Female,No,No,No,40,25-48 months
2845,4043-OOFON,Female,No,No,No,6,00-12 months
2846,4043-ZCQDY,Female,No,No,No,12,00-12 months
2847,4046-JHUIS,Female,No,No,No,1,00-12 months
2848,4048-XSULM,Female,No,Yes,No,13,13-24 months
2849,4051-AANJG,Male,Yes,No,No,11,00-12 months
2850,4051-FHPYU,Female,No,No,No,14,13-24 months
2851,4052-BXYIN,Female,Yes,No,No,10,00-12 months
2852,4054-OMNBZ,Female,Yes,Yes,Yes,26,25-48 months
2853,4055-ZUAIS,Female,No,Yes,Yes,5,00-12 months
2854,4057-VNQJL,Female,No,No,No,43,25-48 months
2855,4059-PENFR,Male,No,Yes,Yes,2,00-12 months
2856,4060-ETNJR,Male,No,No,No,3,00-12 months
2857,4061-QAAPZ,Female,No,Yes,No,72,49-72 months
2858,4062-EIPJJ,Female,Yes,Yes,No,40,25-48 months
2859,4063-JBACL,Female,No,No,No,65,49-72 months
2860,4065-OZJXT,Female,No,Yes,Yes,2,00-12 months
2861,4066-SQAAZ,Male,No,No,No,27,25-48 months
2862,4070-CNTMG,Male,No,No,No,10,00-12 months
2863,4071-XBYCM,Female,No,Yes,No,12,00-12 months
2864,4073-DFWZT,Female,No,No,No,11,00-12 months
2865,4073-JXRQV,Male,Yes,No,No,5,00-12 months
2866,4073-WCCZO,Female,Yes,No,No,10,00-12 months
2867,4074-VNBWT,Female,No,Yes,No,57,49-72 months
2868,4075-OQWGG,Female,No,Yes,No,68,49-72 months
2869,4076-WDRJL,Male,No,No,Yes,33,25-48 months
2870,4077-LECLP,Male,No,No,No,68,49-72 months
2871,4077-MELRK,Male,No,Yes,No,18,13-24 months
2872,4077-WJGWT,Female,No,Yes,Yes,57,49-72 months
2873,4083-EGPHG,Male,No,Yes,No,44,25-48 months
2874,4083-VMKLL,Male,No,Yes,Yes,63,49-72 months
2875,4088-DSCUW,Female,Yes,Yes,Yes,55,49-72 months
2876,4089-UMANF,Female,No,Yes,No,57,49-72 months
2877,4090-LNMVT,Male,No,Yes,Yes,9,00-12 months
2878,4091-KKVIE,Male,No,Yes,Yes,1,00-12 months
2879,4091-TZSHU,Male,No,No,No,8,00-12 months
2880,4093-AMYKC,Male,No,No,No,67,49-72 months
2881,4093-WHQLN,Male,No,No,Yes,26,25-48 months
2882,4097-JUNSS,Female,No,Yes,No,1,00-12 months
2883,4098-OZJAD,Male,No,No,No,38,25-48 months
2884,4099-QWOHX,Female,No,No,No,52,49-72 months
2885,4101-LOUMV,Male,No,Yes,Yes,49,49-72 months
2886,4101-ZBZGA,Male,No,No,No,69,49-72 months
2887,4102-JXCTT,Male,No,Yes,Yes,4,00-12 months
2888,4102-WLHCK,Male,No,Yes,No,3,00-12 months
2889,4104-UVYPM,Female,No,No,No,63,49-72 months
2890,4106-TAOBS,Female,Yes,No,No,17,13-24 months
2891,4110-BHXLX,Female,No,No,No,72,49-72 months
2892,4110-QDVNE,Male,No,No,No,53,49-72 months
2893,4110-SCMVQ,Female,No,No,No,68,49-72 months
2894,4112-PNHPY,Female,No,No,No,16,13-24 months
2895,4112-TDIOA,Male,No,No,No,69,49-72 months
2896,4115-EJCUE,Female,No,No,No,45,25-48 months
2897,4115-GHEJQ,Male,No,Yes,No,37,25-48 months
2898,4116-INTHY,Male,Yes,No,No,11,00-12 months
2899,4116-JZTXP,Male,No,Yes,No,2,00-12 months
2900,4119-BKURD,Male,No,Yes,No,55,49-72 months
2901,4119-SIPLI,Male,No,No,No,2,00-12 months
2902,4119-SZOPV,Male,No,No,Yes,59,49-72 months
2903,4119-XYIMN,Male,No,Yes,Yes,3,00-12 months
2904,4124-IBVVB,Female,Yes,Yes,No,12,00-12 months
2905,4125-HHTMS,Male,No,No,No,72,49-72 months
2906,4125-ITSVW,Male,No,Yes,Yes,56,49-72 months
2907,4129-HNKRO,Male,No,No,No,44,25-48 months
2908,4131-BTODO,Male,No,No,No,53,49-72 months
2909,4133-ALGIL,Female,No,Yes,Yes,1,00-12 months
2910,4133-UGCXA,Male,No,Yes,No,43,25-48 months
2911,4135-WWKIN,Female,No,Yes,No,41,25-48 months
2912,4136-HYMRA,Male,No,No,No,72,49-72 months
2913,4136-ZRMDJ,Female,No,Yes,No,45,25-48 months
2914,4139-SSLHR,Female,No,No,No,40,25-48 months
2915,4146-KPYYS,Male,Yes,Yes,No,62,49-72 months
2916,4147-FCKNE,Female,No,Yes,Yes,18,13-24 months
2917,4148-CDGKX,Female,Yes,Yes,No,18,13-24 months
2918,4149-BDKOQ,Female,No,No,No,2,00-12 months
2919,4149-XAEUE,Male,No,No,No,21,13-24 months
2920,4149-ZGCPQ,Male,No,Yes,No,16,13-24 months
2921,4150-WNJUW,Female,No,No,No,17,13-24 months
2922,4158-SRZMI,Female,Yes,Yes,No,9,00-12 months
2923,4159-LTSVL,Female,No,No,No,11,00-12 months
2924,4159-MBWNZ,Female,Yes,Yes,Yes,17,13-24 months
2925,4159-REHCX,Male,No,Yes,No,8,00-12 months
2926,4160-BYVSF,Female,Yes,No,No,2,00-12 months
2927,4160-IQYLI,Male,No,No,No,55,49-72 months
2928,4163-NXFGJ,Male,No,No,No,38,25-48 months
2929,4167-FUMJC,Female,No,No,No,36,25-48 months
2930,4168-BTBRL,Female,No,No,No,19,13-24 months
2931,4168-ZCZEH,Female,No,No,No,64,49-72 months
2932,4169-FOCSV,Female,No,Yes,No,5,00-12 months
2933,4170-IKAMW,Male,No,Yes,No,66,49-72 months
2934,4170-ISXTN,Male,No,Yes,Yes,5,00-12 months
2935,4170-IXTDD,Female,No,No,No,23,13-24 months
2936,4171-RTRJY,Female,Yes,No,Yes,14,13-24 months
2937,4175-XTSWA,Male,Yes,No,No,3,00-12 months
2938,4175-ZHXKC,Male,No,No,No,44,25-48 months
2939,4177-DSMCD,Female,No,Yes,No,27,25-48 months
2940,4177-DWBOZ,Female,No,No,No,63,49-72 months
2941,4178-OUDMA,Male,No,Yes,No,55,49-72 months
2942,4184-FJNRY,Female,Yes,No,No,10,00-12 months
2943,4184-SSNYW,Male,No,No,No,39,25-48 months
2944,4185-BAORO,Female,No,No,Yes,30,25-48 months
2945,4185-LHIDM,Female,No,Yes,No,44,25-48 months
2946,4186-BRFHW,Female,No,No,No,12,00-12 months
2947,4188-DOQZI,Male,No,Yes,Yes,8,00-12 months
2948,4188-FIJIK,Female,No,Yes,Yes,5,00-12 months
2949,4189-RQJCZ,Female,No,No,No,33,25-48 months
2950,4190-ISWID,Male,No,Yes,No,67,49-72 months
2951,4192-CMZRS,Male,No,No,No,24,13-24 months
2952,4193-XEUSI,Female,No,Yes,No,49,49-72 months
2953,4193-YWZWO,Male,No,Yes,Yes,61,49-72 months
2954,4196-RNDSB,Female,No,No,No,45,25-48 months
2955,4200-KUOAP,Female,No,Yes,No,13,13-24 months
2956,4201-URBIS,Female,Yes,Yes,Yes,26,25-48 months
2957,4202-GUQXO,Male,No,No,No,17,13-24 months
2958,4204-EDSAL,Male,No,No,No,69,49-72 months
2959,4209-YCNVM,Female,No,Yes,Yes,15,13-24 months
2960,4210-GLWIA,Male,No,No,No,2,00-12 months
2961,4212-LXPHA,Male,No,No,No,6,00-12 months
2962,4216-OZRNB,Female,No,Yes,No,38,25-48 months
2963,4216-RIIWA,Male,No,No,No,66,49-72 months
2964,4216-YLWQY,Male,No,Yes,Yes,7,00-12 months
2965,4217-MZZEC,Male,No,Yes,Yes,56,49-72 months
2966,4217-OVGFB,Male,No,No,No,48,25-48 months
2967,4220-MIOME,Female,No,Yes,No,2,00-12 months
2968,4220-QQNNZ,Male,No,No,No,57,49-72 months
2969,4222-BKUSG,Female,No,Yes,Yes,19,13-24 months
2970,4222-TFIHN,Male,No,No,Yes,1,00-12 months
2971,4228-JBLGD,Male,No,Yes,No,2,00-12 months
2972,4230-QUKOM,Male,No,No,No,1,00-12 months
2973,4233-EANZQ,Male,No,No,No,6,00-12 months
2974,4233-KOTPG,Male,No,Yes,Yes,56,49-72 months
2975,4233-MREEL,Male,No,Yes,Yes,3,00-12 months
2976,4235-XKVQY,Female,No,No,No,40,25-48 months
2977,4237-ZLLWQ,Female,No,No,No,16,13-24 months
2978,4238-AAECV,Male,No,No,No,23,13-24 months
2979,4240-ZHSTB,Male,Yes,Yes,Yes,72,49-72 months
2980,4243-NECEZ,Male,Yes,No,Yes,61,49-72 months
2981,4243-PNDFJ,Female,No,No,No,7,00-12 months
2982,4243-XTUGY,Female,No,No,No,14,13-24 months
2983,4244-HFOMF,Male,No,No,No,71,49-72 months
2984,4244-UMZTS,Male,No,Yes,Yes,3,00-12 months
2985,4248-SUWLK,Female,No,No,No,31,25-48 months
2986,4248-UNZQH,Male,No,Yes,No,45,25-48 months
2987,4249-OGOQG,Female,No,No,No,44,25-48 months
2988,4252-YHYQY,Male,No,No,No,2,00-12 months
2989,4253-XBQEW,Male,No,Yes,Yes,3,00-12 months
2990,4254-UVNFI,Male,No,Yes,No,19,13-24 months
2991,4258-HJBAJ,Female,No,No,Yes,37,25-48 months
2992,4260-YWXPE,Male,No,No,No,9,00-12 months
2993,4264-KIRQR,Male,No,No,No,55,49-72 months
2994,4264-XXQLP,Male,No,No,Yes,35,25-48 months
2995,4268-LPSFF,Male,Yes,No,No,32,25-48 months
2996,4271-ASTYN,Male,Yes,Yes,Yes,36,25-48 months
2997,4275-AMEPO,Male,No,Yes,No,47,25-48 months
2998,4275-CUYBM,Female,No,No,No,1,00-12 months
2999,4275-WSTTX,Male,No,No,No,25,25-48 months
3000,4276-JZVMR,Female,No,Yes,No,72,49-72 months
3001,4277-QJAAQ,Female,No,Yes,Yes,18,13-24 months
3002,4278-PVQZR,Male,No,Yes,Yes,29,25-48 months
3003,4279-VSOEO,Male,No,Yes,No,12,00-12 months
3004,4280-KYCUX,Female,No,Yes,Yes,13,13-24 months
3005,4282-DTUAF,Male,No,No,No,24,13-24 months
3006,4282-NRJRS,Female,No,Yes,No,2,00-12 months
3007,4282-VQBVS,Male,No,No,No,10,00-12 months
3008,4283-PLHSL,Female,No,Yes,Yes,61,49-72 months
3009,4284-EGTVU,Male,No,Yes,Yes,46,25-48 months
3010,4284-SAMGH,Female,No,No,No,62,49-72 months
3011,4285-GQZWN,Male,Yes,Yes,Yes,16,13-24 months
3012,4285-RZQBV,Male,No,Yes,No,50,49-72 months
3013,4287-BBNAQ,Male,No,No,No,3,00-12 months
3014,4287-KWIHQ,Male,No,Yes,No,71,49-72 months
3015,4287-RMOIV,Female,No,No,No,9,00-12 months
3016,4287-TVTJQ,Female,Yes,No,No,54,49-72 months
3017,4288-NQMUS,Male,No,No,Yes,10,00-12 months
3018,4290-XEYHO,Male,No,Yes,Yes,3,00-12 months
3019,4292-BVZQR,Female,No,No,No,12,00-12 months
3020,4292-DTVTS,Male,No,Yes,No,14,13-24 months
3021,4292-GIVEO,Female,No,No,No,8,00-12 months
3022,4292-PNRUK,Male,No,No,No,5,00-12 months
3023,4293-VPRMH,Female,No,No,No,11,00-12 months
3024,4298-LZUQD,Male,No,Yes,Yes,63,49-72 months
3025,4300-ENWZL,Female,No,No,No,53,49-72 months
3026,4304-MYYAV,Male,No,No,No,4,00-12 months
3027,4306-YXAZX,Male,No,Yes,Yes,2,00-12 months
3028,4308-HBRSM,Female,Yes,Yes,No,71,49-72 months
3029,4308-XHPDW,Male,No,Yes,Yes,13,13-24 months
3030,4309-NQERP,Female,No,No,No,16,13-24 months
3031,4310-TLAFZ,Female,No,No,No,16,13-24 months
3032,4313-CCAUT,Female,No,Yes,Yes,33,25-48 months
3033,4313-IOFJV,Female,No,No,No,44,25-48 months
3034,4316-HLVNR,Male,No,No,No,3,00-12 months
3035,4316-RYDZK,Female,Yes,No,No,40,25-48 months
3036,4319-CJGFS,Male,No,No,No,61,49-72 months
3037,4320-DYWXJ,Female,No,No,No,54,49-72 months
3038,4320-JHROK,Female,No,Yes,Yes,3,00-12 months
3039,4323-VMRKA,Female,No,Yes,No,3,00-12 months
3040,4324-WNGCJ,Male,Yes,Yes,Yes,30,25-48 months
3041,4330-LBGEE,Male,No,Yes,Yes,7,00-12 months
3042,4332-SFDFX,Male,No,No,No,18,13-24 months
3043,4334-UEFKX,Male,No,No,No,35,25-48 months
3044,4335-TTCHQ,Male,No,No,No,10,00-12 months
3045,4339-KAHJJ,Female,No,No,Yes,2,00-12 months
3046,4343-KJBWY,Male,No,Yes,Yes,4,00-12 months
3047,4344-MQONZ,Female,No,Yes,No,29,25-48 months
3048,4346-CLMUL,Female,No,No,No,51,49-72 months
3049,4347-FKPQJ,Male,No,Yes,Yes,25,25-48 months
3050,4347-LNWSJ,Female,No,Yes,Yes,11,00-12 months
3051,4349-GNUAW,Male,No,No,No,27,25-48 months
3052,4351-CZFIL,Male,No,No,No,30,25-48 months
3053,4352-UVKXH,Female,No,No,Yes,7,00-12 months
3054,4353-OBEYL,Female,No,Yes,Yes,68,49-72 months
3055,4355-QSRPM,Female,No,No,Yes,44,25-48 months
3056,4356-IYGTU,Male,No,Yes,Yes,19,13-24 months
3057,4356-UTQLO,Male,No,Yes,No,41,25-48 months
3058,4356-XLOBF,Male,Yes,Yes,Yes,14,13-24 months
3059,4357-RDGOF,Female,No,Yes,No,20,13-24 months
3060,4358-CSSFW,Female,No,No,Yes,17,13-24 months
3061,4365-GBSUH,Male,No,No,No,59,49-72 months
3062,4366-LEOKW,Male,No,No,No,26,25-48 months
3063,4366-VSWKJ,Female,Yes,No,No,47,25-48 months
3064,4367-DOACB,Male,Yes,No,No,15,13-24 months
3065,4368-QTXPC,Male,No,Yes,No,23,13-24 months
3066,4369-KRCYO,Male,No,Yes,Yes,56,49-72 months
3067,4371-OUKEZ,Male,No,Yes,Yes,69,49-72 months
3068,4374-YHDLZ,Female,No,Yes,Yes,20,13-24 months
3069,4378-RRJYB,Female,Yes,No,No,11,00-12 months
3070,4379-KVZAM,Female,No,Yes,Yes,18,13-24 months
3071,4381-SFYWM,Female,No,Yes,No,59,49-72 months
3072,4383-MMCPU,Male,No,No,No,6,00-12 months
3073,4384-JCBQK,Female,No,No,No,35,25-48 months
3074,4385-EFHAN,Male,No,Yes,Yes,6,00-12 months
3075,4388-PLMLK,Male,No,No,No,4,00-12 months
3076,4389-EAYHH,Female,No,Yes,No,54,49-72 months
3077,4390-KMWMI,Male,No,No,Yes,2,00-12 months
3078,4391-DSLAH,Female,No,No,No,58,49-72 months
3079,4391-PDNLD,Female,No,Yes,Yes,30,25-48 months
3080,4392-XXYMH,Female,No,No,No,13,13-24 months
3081,4393-JEURL,Male,Yes,No,No,62,49-72 months
3082,4395-HGRZT,Female,No,Yes,Yes,19,13-24 months
3083,4395-WXXSZ,Female,No,No,No,50,49-72 months
3084,4396-RRMWO,Female,No,Yes,Yes,6,00-12 months
3085,4397-EASZH,Female,No,No,No,67,49-72 months
3086,4398-FPJKF,Female,No,No,No,33,25-48 months
3087,4401-BAWLC,Male,No,Yes,Yes,3,00-12 months
3088,4401-DKUPE,Female,No,Yes,No,67,49-72 months
3089,4402-NMXBW,Male,No,No,No,1,00-12 months
3090,4403-XDSZC,Male,No,No,No,15,13-24 months
3091,4404-SLAEZ,Female,No,No,No,20,13-24 months
3092,4405-APPIG,Male,No,Yes,Yes,70,49-72 months
3093,4405-EJYMZ,Male,Yes,No,Yes,24,13-24 months
3094,4405-HGVLO,Female,No,No,No,71,49-72 months
3095,4406-YJEAD,Female,No,Yes,Yes,28,25-48 months
3096,4407-BGCUC,Male,Yes,No,No,68,49-72 months
3097,4409-HIRND,Female,No,No,No,31,25-48 months
3098,4409-IHBYC,Male,No,No,No,47,25-48 months
3099,4409-YEREO,Female,No,No,No,19,13-24 months
3100,4410-BRZCX,Male,No,Yes,No,4,00-12 months
3101,4412-YFNRA,Female,No,No,No,51,49-72 months
3102,4415-ASJYW,Male,No,Yes,No,33,25-48 months
3103,4415-NENPZ,Female,Yes,Yes,Yes,8,00-12 months
3104,4415-WLAAL,Female,No,Yes,Yes,6,00-12 months
3105,4416-FENUD,Female,No,Yes,No,31,25-48 months
3106,4418-PATRA,Male,No,Yes,No,66,49-72 months
3107,4420-RMUMH,Female,No,Yes,No,49,49-72 months
3108,4422-OHKKP,Female,No,No,No,2,00-12 months
3109,4423-LWYRQ,Female,No,Yes,Yes,4,00-12 months
3110,4425-XLJNY,Female,No,Yes,No,22,13-24 months
3111,4426-BFKBI,Female,No,Yes,Yes,1,00-12 months
3112,4426-IABNF,Male,No,No,No,19,13-24 months
3113,4427-LHXXB,Male,No,No,No,56,49-72 months
3114,4427-MIKSA,Female,Yes,Yes,Yes,3,00-12 months
3115,4427-TQNLZ,Male,Yes,Yes,Yes,49,49-72 months
3116,4430-IWQMF,Female,No,No,No,12,00-12 months
3117,4433-KFRHX,Male,No,Yes,Yes,10,00-12 months
3118,4440-EWCYF,Female,No,Yes,No,72,49-72 months
3119,4441-AMONH,Male,No,Yes,No,12,00-12 months
3120,4442-EQIYH,Female,No,Yes,Yes,41,25-48 months
3121,4443-CUXSW,Male,No,No,No,13,13-24 months
3122,4444-NYIAL,Male,No,Yes,No,31,25-48 months
3123,4444-ZOYVW,Female,No,Yes,Yes,30,25-48 months
3124,4445-KTNSN,Female,No,No,No,53,49-72 months
3125,4447-PHALS,Female,No,Yes,No,71,49-72 months
3126,4450-UYVMG,Male,No,Yes,Yes,5,00-12 months
3127,4451-KWDGZ,Male,No,No,Yes,7,00-12 months
3128,4452-PEQYD,Male,No,Yes,No,69,49-72 months
3129,4454-QBNKY,Male,No,No,No,72,49-72 months
3130,4454-UACHR,Female,No,Yes,Yes,2,00-12 months
3131,4455-ZGTCC,Female,No,No,No,66,49-72 months
3132,4456-FCWSL,Female,No,Yes,Yes,21,13-24 months
3133,4457-CUYXT,Female,Yes,Yes,Yes,48,25-48 months
3134,4459-ARLUQ,Male,No,No,No,17,13-24 months
3135,4462-PFQDH,Male,No,Yes,Yes,72,49-72 months
3136,4464-WFFKC,Female,No,Yes,Yes,42,25-48 months
3137,4465-MRVOT,Male,No,Yes,No,6,00-12 months
3138,4467-FDIQM,Female,No,Yes,Yes,33,25-48 months
3139,4467-QWTQU,Male,No,Yes,No,13,13-24 months
3140,4469-MBEFM,Male,No,Yes,Yes,64,49-72 months
3141,4469-MOSEB,Female,Yes,No,No,23,13-24 months
3142,4469-OFUST,Male,No,Yes,Yes,15,13-24 months
3143,4469-ZEDSN,Male,No,No,No,31,25-48 months
3144,4471-ADWQU,Female,No,No,No,29,25-48 months
3145,4472-NQSQC,Male,No,Yes,Yes,58,49-72 months
3146,4473-JBDTW,Male,No,Yes,No,11,00-12 months
3147,4475-NYBFV,Female,No,No,No,70,49-72 months
3148,4476-ROFCN,Female,No,No,No,5,00-12 months
3149,4477-UWYCY,Female,No,Yes,Yes,62,49-72 months
3150,4478-CFCFP,Male,No,No,No,42,25-48 months
3151,4480-ORPXE,Male,No,No,No,46,25-48 months
3152,4481-SQPCF,Female,No,No,No,49,49-72 months
3153,4482-IMKKG,Male,No,No,No,12,00-12 months
3154,4485-IHQKM,Female,No,Yes,No,4,00-12 months
3155,4486-GJMGO,Male,No,No,No,62,49-72 months
3156,4487-EVTBF,Male,No,No,No,9,00-12 months
3157,4487-IYNFV,Female,No,No,No,2,00-12 months
3158,4487-YEODM,Male,No,Yes,No,29,25-48 months
3159,4488-FLWRF,Female,No,Yes,Yes,30,25-48 months
3160,4490-HZAWH,Male,No,No,No,17,13-24 months
3161,4491-DMPHC,Female,No,No,No,19,13-24 months
3162,4492-FRKHG,Male,No,Yes,Yes,3,00-12 months
3163,4493-IOSNF,Female,Yes,No,No,2,00-12 months
3164,4494-DRBLS,Male,No,Yes,Yes,17,13-24 months
3165,4494-HMRJS,Male,Yes,Yes,Yes,2,00-12 months
3166,4495-ULIUR,Male,No,No,No,6,00-12 months
3167,4497-RURMX,Female,Yes,Yes,Yes,28,25-48 months
3168,4504-FCOXB,Male,No,No,No,15,13-24 months
3169,4504-LCYGN,Female,No,No,No,72,49-72 months
3170,4507-EHRVX,Male,No,Yes,No,33,25-48 months
3171,4508-NQYOF,Male,No,No,No,56,49-72 months
3172,4509-FDEZP,Female,No,Yes,No,4,00-12 months
3173,4509-IDQUF,Female,Yes,Yes,Yes,71,49-72 months
3174,4511-CYCXR,Male,No,No,No,23,13-24 months
3175,4511-RVUDP,Male,No,Yes,Yes,69,49-72 months
3176,4513-QMJAH,Female,No,Yes,Yes,4,00-12 months
3177,4514-BIZBX,Male,No,No,No,65,49-72 months
3178,4514-RBHWX,Male,Yes,No,Yes,1,00-12 months
3179,4516-TGBIZ,Female,No,Yes,Yes,33,25-48 months
3180,4518-UQXDA,Male,Yes,No,No,48,25-48 months
3181,4519-SZWCG,Female,No,Yes,Yes,71,49-72 months
3182,4519-ZRKMC,Female,No,No,No,61,49-72 months
3183,4521-TVPMK,Female,No,No,No,11,00-12 months
3184,4522-LAHUV,Female,No,Yes,Yes,59,49-72 months
3185,4522-ZKDHY,Female,Yes,No,No,63,49-72 months
3186,4523-SZQYQ,Male,No,Yes,Yes,49,49-72 months
3187,4528-NTREH,Male,No,No,No,68,49-72 months
3188,4534-SEBRX,Male,No,Yes,Yes,25,25-48 months
3189,4537-FBSGO,Female,No,No,No,5,00-12 months
3190,4537-YASVX,Female,Yes,No,No,31,25-48 months
3191,4538-LTMBK,Female,No,Yes,No,3,00-12 months
3192,4541-LQCPK,Female,No,No,No,51,49-72 months
3193,4542-WSNLV,Female,No,No,No,21,13-24 months
3194,4544-JUGBM,Male,No,No,No,1,00-12 months
3195,4546-EJDMS,Male,No,Yes,Yes,60,49-72 months
3196,4547-ZMQZF,Female,No,Yes,Yes,49,49-72 months
3197,4548-ACITS,Female,No,No,No,68,49-72 months
3198,4549-GETJU,Male,No,No,No,6,00-12 months
3199,4549-PCJHN,Female,No,Yes,No,25,25-48 months
3200,4552-KUUFV,Male,No,Yes,Yes,13,13-24 months
3201,4554-NFPQJ,Female,No,No,No,36,25-48 months
3202,4556-QITXF,Male,No,Yes,No,11,00-12 months
3203,4557-QDFKA,Female,No,Yes,Yes,4,00-12 months
3204,4560-DBJZK,Male,Yes,Yes,Yes,10,00-12 months
3205,4561-FCDSN,Male,No,No,No,59,49-72 months
3206,4561-HBMLU,Male,Yes,Yes,Yes,70,49-72 months
3207,4563-ASWUL,Female,No,No,No,35,25-48 months
3208,4564-CCXHQ,Female,No,No,No,7,00-12 months
3209,4566-LWKHJ,Male,No,No,No,60,49-72 months
3210,4570-LLFOW,Female,Yes,Yes,No,72,49-72 months
3211,4570-SECCU,Male,No,Yes,No,1,00-12 months
3212,4571-BHIDW,Male,No,Yes,No,43,25-48 months
3213,4571-LGWEB,Female,No,No,No,30,25-48 months
3214,4571-UECKD,Male,No,Yes,Yes,55,49-72 months
3215,4573-KKCAU,Female,No,No,No,49,49-72 months
3216,4574-GTZGU,Female,No,No,No,67,49-72 months
3217,4577-PMZBG,Female,No,No,No,14,13-24 months
3218,4577-XNXGU,Female,No,No,No,3,00-12 months
3219,4578-EXUZW,Female,No,No,No,17,13-24 months
3220,4579-RMPVA,Male,Yes,No,Yes,27,25-48 months
3221,4582-YUZIX,Male,No,Yes,Yes,60,49-72 months
3222,4583-BSYOK,Female,No,Yes,Yes,19,13-24 months
3223,4583-HKOHK,Female,No,Yes,No,71,49-72 months
3224,4583-WVXQX,Female,No,Yes,Yes,32,25-48 months
3225,4585-RCZJA,Female,No,No,No,32,25-48 months
3226,4587-PXNFT,Male,No,No,No,27,25-48 months
3227,4590-JDOZQ,Female,No,Yes,Yes,36,25-48 months
3228,4592-CGKZU,Male,No,No,No,60,49-72 months
3229,4592-GXSRY,Male,No,No,No,13,13-24 months
3230,4593-PQYOE,Female,No,No,No,6,00-12 months
3231,4595-TAHYL,Female,No,No,No,11,00-12 months
3232,4597-NDBRE,Female,Yes,No,No,20,13-24 months
3233,4599-JRXXL,Male,No,Yes,Yes,66,49-72 months
3234,4601-UMEAO,Female,No,No,No,49,49-72 months
3235,4604-KDKOO,Female,No,Yes,Yes,28,25-48 months
3236,4605-AVEEQ,Female,No,Yes,No,61,49-72 months
3237,4605-QNLYW,Male,Yes,Yes,Yes,53,49-72 months
3238,4607-WBCNT,Male,No,No,No,44,25-48 months
3239,4613-JPTPC,Female,No,Yes,Yes,5,00-12 months
3240,4613-XEHTF,Male,Yes,No,Yes,44,25-48 months
3241,4615-UEORL,Male,No,No,No,8,00-12 months
3242,4616-CBMQG,Male,No,No,No,1,00-12 months
3243,4617-SBRTM,Female,No,No,No,45,25-48 months
3244,4618-PTDZL,Male,No,Yes,Yes,46,25-48 months
3245,4619-RQKZF,Male,No,Yes,Yes,3,00-12 months
3246,4620-EGVYB,Female,No,No,No,43,25-48 months
3247,4622-DMCYN,Female,No,Yes,Yes,5,00-12 months
3248,4629-DRMIF,Male,No,Yes,No,23,13-24 months
3249,4629-PVVLP,Female,No,No,No,1,00-12 months
3250,4629-SRVAM,Female,No,Yes,No,2,00-12 months
3251,4631-EAWUN,Male,No,Yes,Yes,34,25-48 months
3252,4631-TGQOT,Female,No,Yes,Yes,18,13-24 months
3253,4634-NHJHN,Male,No,No,Yes,12,00-12 months
3254,4635-RYLFT,Female,No,No,Yes,48,25-48 months
3255,4635-VWXDD,Female,No,Yes,Yes,17,13-24 months
3256,4638-LIJHX,Female,No,Yes,No,21,13-24 months
3257,4638-OATYM,Male,No,No,No,44,25-48 months
3258,4638-WDOKX,Female,No,Yes,Yes,52,49-72 months
3259,4638-XQXJN,Male,No,No,No,66,49-72 months
3260,4641-NXTKI,Male,No,Yes,No,12,00-12 months
3261,4642-UDIYN,Female,No,Yes,Yes,72,49-72 months
3262,4643-LGDVC,Female,No,Yes,No,9,00-12 months
3263,4643-LJNII,Female,No,No,Yes,12,00-12 months
3264,4645-LTOUX,Female,No,No,No,69,49-72 months
3265,4646-RCNBD,Female,No,Yes,No,58,49-72 months
3266,4647-GOOQI,Male,No,Yes,Yes,56,49-72 months
3267,4648-PEBTY,Male,No,Yes,No,47,25-48 months
3268,4648-PVFXE,Male,No,No,No,62,49-72 months
3269,4652-MVTWJ,Female,No,Yes,No,61,49-72 months
3270,4654-HJMQZ,Male,No,No,No,27,25-48 months
3271,4658-ESBIQ,Male,Yes,No,No,10,00-12 months
3272,4658-IUZDZ,Male,No,Yes,Yes,8,00-12 months
3273,4661-KVKOC,Female,No,Yes,Yes,2,00-12 months
3274,4662-TWLHP,Female,No,No,No,20,13-24 months
3275,4663-DAJDQ,Female,No,No,No,49,49-72 months
3276,4664-JNEGC,Male,No,No,Yes,63,49-72 months
3277,4667-BXOFO,Male,No,Yes,Yes,23,13-24 months
3278,4667-ESEKV,Male,No,No,No,5,00-12 months
3279,4669-BWXKM,Female,No,No,No,64,49-72 months
3280,4671-UBCHM,Male,No,Yes,Yes,30,25-48 months
3281,4674-RUCTJ,Male,No,No,Yes,70,49-72 months
3282,4675-SWMHZ,Male,Yes,No,No,8,00-12 months
3283,4678-XKUFG,Male,No,Yes,Yes,64,49-72 months
3284,4679-MJLMD,Female,Yes,No,No,16,13-24 months
3285,4680-KMIUK,Female,No,Yes,No,11,00-12 months
3286,4680-OBHSB,Male,No,Yes,No,7,00-12 months
3287,4681-JUHQE,Female,No,No,No,11,00-12 months
3288,4682-DUXVC,Female,No,No,No,70,49-72 months
3289,4682-SOJPI,Male,Yes,No,No,9,00-12 months
3290,4683-IXSEY,Female,Yes,Yes,No,11,00-12 months
3291,4684-YCOXU,Female,Yes,Yes,Yes,71,49-72 months
3292,4686-MMKLO,Male,No,No,No,7,00-12 months
3293,4688-EDAEY,Male,No,Yes,Yes,50,49-72 months
3294,4690-QJDYS,Female,No,No,No,3,00-12 months
3295,4691-BBMPE,Male,No,No,No,17,13-24 months
3296,4691-LOYQP,Male,No,No,No,19,13-24 months
3297,4691-UJBJG,Female,No,Yes,No,13,13-24 months
3298,4691-UJMMS,Male,No,No,No,72,49-72 months
3299,4691-ZANIO,Male,No,Yes,No,2,00-12 months
3300,4695-IAUIR,Female,No,Yes,No,8,00-12 months
3301,4696-QOSLQ,Male,No,No,No,11,00-12 months
3302,4700-KMQTO,Male,No,No,No,6,00-12 months
3303,4702-UMGGP,Female,No,No,No,2,00-12 months
3304,4706-HPVID,Female,No,No,No,14,13-24 months
3305,4707-CIRHK,Male,No,Yes,Yes,62,49-72 months
3306,4709-ESCSZ,Male,No,No,No,21,13-24 months
3307,4709-UTHFA,Male,No,No,No,33,25-48 months
3308,4712-EMALJ,Male,No,No,No,9,00-12 months
3309,4712-VLAIK,Male,No,No,No,27,25-48 months
3310,4714-ALFGR,Female,No,Yes,Yes,39,25-48 months
3311,4715-SHUOL,Male,No,No,Yes,69,49-72 months
3312,4718-QRYME,Male,No,Yes,No,72,49-72 months
3313,4719-FQPVO,Male,No,Yes,No,70,49-72 months
3314,4719-NHNSS,Male,No,No,No,30,25-48 months
3315,4721-JCDNY,Male,No,No,No,37,25-48 months
3316,4721-OQIBR,Male,Yes,Yes,Yes,41,25-48 months
3317,4723-DJYBW,Female,No,No,No,1,00-12 months
3318,4724-JECDY,Female,No,No,No,51,49-72 months
3319,4724-ZTAZY,Female,No,No,No,72,49-72 months
3320,4728-TPWIH,Female,Yes,Yes,Yes,49,49-72 months
3321,4728-ZUWCM,Male,Yes,Yes,Yes,43,25-48 months
3322,4731-HQGLQ,Female,No,No,Yes,4,00-12 months
3323,4731-RYHGT,Male,Yes,No,No,37,25-48 months
3324,4733-FGFBQ,Female,No,Yes,Yes,45,25-48 months
3325,4735-TRTHX,Female,No,No,No,68,49-72 months
3326,4736-PJGSD,Female,No,No,No,12,00-12 months
3327,4736-RSGIN,Male,No,No,No,9,00-12 months
3328,4738-UEFUE,Female,No,No,Yes,56,49-72 months
3329,4740-PHEBI,Female,No,Yes,No,6,00-12 months
3330,4740-UURRR,Male,No,Yes,No,23,13-24 months
3331,4742-HBLHW,Male,No,No,No,17,13-24 months
3332,4743-BLJVW,Male,No,No,No,65,49-72 months
3333,4745-KPRWZ,Female,No,No,No,67,49-72 months
3334,4747-JZCXW,Male,No,Yes,No,2,00-12 months
3335,4747-TVBXJ,Female,No,No,No,45,25-48 months
3336,4748-IZBTF,Male,No,No,Yes,47,25-48 months
3337,4748-NXGPR,Male,Yes,No,Yes,10,00-12 months
3338,4749-IQDYZ,Male,No,Yes,No,1,00-12 months
3339,4749-JISNP,Female,No,No,No,28,25-48 months
3340,4750-JJWTE,Female,No,No,No,12,00-12 months
3341,4751-MPPID,Female,No,No,Yes,20,13-24 months
3342,4753-QGJTZ,Female,No,No,Yes,9,00-12 months
3343,4754-WWKZV,Female,Yes,Yes,Yes,5,00-12 months
3344,4755-SQITG,Female,No,No,No,9,00-12 months
3345,4756-ZEZRF,Female,No,No,No,10,00-12 months
3346,4757-JCFKX,Male,No,No,No,13,13-24 months
3347,4757-JYIOA,Female,No,No,No,25,25-48 months
3348,4757-POLHS,Male,No,Yes,No,67,49-72 months
3349,4758-HGVKJ,Male,No,No,No,65,49-72 months
3350,4759-MRNST,Female,No,Yes,No,11,00-12 months
3351,4761-HROBM,Male,No,No,No,26,25-48 months
3352,4761-OOLQN,Female,No,No,No,29,25-48 months
3353,4761-RGAMR,Female,No,Yes,Yes,19,13-24 months
3354,4761-XFRLC,Female,No,No,Yes,63,49-72 months
3355,4763-RPMDH,Female,No,Yes,No,20,13-24 months
3356,4763-WZQVC,Female,No,Yes,Yes,6,00-12 months
3357,4764-LEQDM,Male,No,No,No,56,49-72 months
3358,4764-QCORS,Male,No,No,No,5,00-12 months
3359,4764-UQTHG,Male,No,No,No,7,00-12 months
3360,4765-IEZRM,Female,No,No,No,5,00-12 months
3361,4767-BDZVV,Male,No,No,No,24,13-24 months
3362,4767-PLACA,Male,No,No,No,24,13-24 months
3363,4767-WQVZC,Male,No,Yes,Yes,8,00-12 months
3364,4767-XVDDB,Female,No,No,Yes,19,13-24 months
3365,4768-PNVWL,Male,No,No,No,31,25-48 months
3366,4770-WRHAG,Male,Yes,Yes,Yes,68,49-72 months
3367,4771-ENVSV,Female,No,No,No,12,00-12 months
3368,4772-MDFCO,Male,No,Yes,Yes,26,25-48 months
3369,4772-WEOVY,Female,No,Yes,Yes,8,00-12 months
3370,4772-ZHIAT,Female,No,No,No,14,13-24 months
3371,4774-MYJKQ,Female,No,No,No,71,49-72 months
3372,4776-SPBPB,Male,No,No,No,20,13-24 months
3373,4778-ILGHT,Female,No,Yes,No,31,25-48 months
3374,4778-VJIVM,Male,No,Yes,Yes,18,13-24 months
3375,4779-QHAVS,Male,No,No,No,7,00-12 months
3376,4779-RIBDW,Male,No,No,No,52,49-72 months
3377,4780-FZEMN,Male,No,No,No,1,00-12 months
3378,4781-QWBNV,Female,No,No,No,24,13-24 months
3379,4781-UDZMG,Female,No,No,No,72,49-72 months
3380,4782-OGQGY,Female,Yes,No,No,6,00-12 months
3381,4784-SDGGQ,Male,No,No,No,1,00-12 months
3382,4785-EFOIR,Female,No,No,No,67,49-72 months
3383,4788-BYVHB,Male,No,Yes,Yes,72,49-72 months
3384,4789-XSABA,Male,No,No,No,1,00-12 months
3385,4789-XZGBA,Male,No,Yes,Yes,35,25-48 months
3386,4789-YDKVM,Male,No,Yes,No,24,13-24 months
3387,4793-IEZPK,Female,No,Yes,No,68,49-72 months
3388,4794-DVKGS,Male,No,No,No,1,00-12 months
3389,4796-JTACZ,Male,Yes,Yes,Yes,38,25-48 months
3390,4798-MWBYA,Female,No,No,No,52,49-72 months
3391,4800-WUHGU,Female,Yes,No,No,4,00-12 months
3392,4801-ZBDIL,Female,No,Yes,Yes,42,25-48 months
3393,4806-VFHAD,Male,No,Yes,Yes,26,25-48 months
3394,4806-WAXGY,Female,No,Yes,Yes,24,13-24 months
3395,4809-TUPJT,Male,No,No,No,18,13-24 months
3396,4809-ZVYIG,Male,No,No,No,70,49-72 months
3397,4811-GHHAY,Male,Yes,No,No,65,49-72 months
3398,4812-GQWPA,Female,No,No,Yes,38,25-48 months
3399,4812-GWRKN,Female,No,No,No,72,49-72 months
3400,4812-YOVDK,Male,Yes,Yes,No,5,00-12 months
3401,4813-WLYGL,Female,Yes,Yes,Yes,3,00-12 months
3402,4816-HMTXK,Female,No,Yes,No,65,49-72 months
3403,4816-JSEWP,Female,No,No,No,3,00-12 months
3404,4817-IIURD,Male,No,No,No,13,13-24 months
3405,4818-IMYFR,Female,Yes,No,No,6,00-12 months
3406,4819-KCUSY,Male,Yes,No,No,16,13-24 months
3407,4821-RJAPS,Female,No,No,No,11,00-12 months
3408,4821-XRYAL,Female,No,Yes,No,65,49-72 months
3409,4822-JRQHZ,Male,No,No,No,57,49-72 months
3410,4822-RRZMX,Male,No,No,No,57,49-72 months
3411,4822-VFUXL,Male,Yes,No,No,9,00-12 months
3412,4823-DGLPM,Female,No,Yes,No,20,13-24 months
3413,4823-OMIAA,Female,No,Yes,No,2,00-12 months
3414,4827-FLDQO,Male,No,No,No,24,13-24 months
3415,4831-BGBAE,Female,No,No,No,42,25-48 months
3416,4831-CTSHF,Female,No,Yes,Yes,6,00-12 months
3417,4831-IUZVL,Female,No,No,No,70,49-72 months
3418,4831-JQOVA,Male,No,Yes,Yes,64,49-72 months
3419,4833-UZZCT,Male,Yes,No,No,4,00-12 months
3420,4835-RZUAJ,Male,No,Yes,No,11,00-12 months
3421,4838-WEPTQ,Female,No,No,No,30,25-48 months
3422,4851-UOSQW,Female,Yes,Yes,No,38,25-48 months
3423,4853-VDNVW,Female,No,Yes,No,16,13-24 months
3424,4855-BFTWC,Male,Yes,Yes,Yes,14,13-24 months
3425,4860-VGKBJ,Male,Yes,No,No,28,25-48 months
3426,4861-LWBFM,Female,No,No,No,58,49-72 months
3427,4863-ICUFW,Male,No,Yes,No,38,25-48 months
3428,4863-ZCEZV,Female,No,No,No,8,00-12 months
3429,4865-JUWLN,Male,No,No,No,15,13-24 months
3430,4865-SKHDO,Female,No,Yes,No,1,00-12 months
3431,4866-PEAFQ,Male,No,No,No,29,25-48 months
3432,4871-DQFQH,Male,Yes,Yes,Yes,16,13-24 months
3433,4878-CVQAU,Male,Yes,Yes,No,4,00-12 months
3434,4879-CCMVZ,Female,No,No,Yes,8,00-12 months
3435,4880-GLTFO,Male,No,No,Yes,12,00-12 months
3436,4882-GHSUE,Female,Yes,No,No,9,00-12 months
3437,4883-KAEXI,Male,No,Yes,Yes,3,00-12 months
3438,4885-TLSNH,Female,No,Yes,No,16,13-24 months
3439,4886-XDHBE,Male,No,No,No,12,00-12 months
3440,4887-EDGRC,Female,No,No,No,5,00-12 months
3441,4889-LMCTH,Female,No,Yes,No,67,49-72 months
3442,4889-OUDOV,Female,No,No,Yes,61,49-72 months
3443,4891-VWUMC,Male,Yes,No,Yes,1,00-12 months
3444,4895-ERZOE,Female,No,No,No,66,49-72 months
3445,4895-FBAEG,Female,No,Yes,No,10,00-12 months
3446,4898-DYSIU,Female,Yes,No,Yes,18,13-24 months
3447,4900-SWURU,Female,No,No,No,49,49-72 months
3448,4901-UYSNZ,Female,No,No,No,4,00-12 months
3449,4903-EAHTI,Female,No,No,No,12,00-12 months
3450,4903-GGDVL,Male,No,Yes,No,61,49-72 months
3451,4905-ACDMP,Female,No,No,No,20,13-24 months
3452,4905-KFKDA,Female,No,No,No,40,25-48 months
3453,4907-NAPBH,Male,No,Yes,Yes,18,13-24 months
3454,4908-LRVIW,Male,Yes,No,No,4,00-12 months
3455,4909-AQAIR,Male,No,No,No,40,25-48 months
3456,4910-DKJYL,Female,No,Yes,No,13,13-24 months
3457,4910-KJDBV,Male,Yes,Yes,Yes,71,49-72 months
3458,4910-KWECF,Female,No,No,No,5,00-12 months
3459,4912-MLLTF,Female,No,No,No,2,00-12 months
3460,4914-NPUGH,Female,No,Yes,Yes,71,49-72 months
3461,4914-YRJYG,Male,No,Yes,Yes,28,25-48 months
3462,4914-ZQUIH,Male,No,No,No,24,13-24 months
3463,4915-EEKFF,Female,No,Yes,No,16,13-24 months
3464,4920-WJZUF,Male,No,No,No,16,13-24 months
3465,4921-MIRRL,Female,No,Yes,No,39,25-48 months
3466,4924-ESEWE,Male,No,Yes,Yes,72,49-72 months
3467,4924-JQBST,Female,No,No,No,62,49-72 months
3468,4927-SRLIQ,Male,No,Yes,Yes,28,25-48 months
3469,4931-KIUMJ,Female,No,Yes,No,3,00-12 months
3470,4937-GKCYS,Female,No,Yes,No,8,00-12 months
3471,4937-RXKJT,Female,Yes,Yes,Yes,10,00-12 months
3472,4937-TNARL,Male,No,Yes,Yes,15,13-24 months
3473,4939-AHWNQ,Male,No,Yes,No,6,00-12 months
3474,4941-ARAUS,Female,No,Yes,Yes,70,49-72 months
3475,4941-RHPGX,Female,Yes,No,No,41,25-48 months
3476,4941-RZQMG,Male,No,No,No,28,25-48 months
3477,4941-YLTER,Female,No,Yes,Yes,63,49-72 months
3478,4942-AKUWG,Male,No,No,No,72,49-72 months
3479,4943-XHMSB,Male,No,Yes,Yes,44,25-48 months
3480,4944-ESJES,Female,No,Yes,No,8,00-12 months
3481,4947-LWSED,Male,No,No,No,7,00-12 months
3482,4948-EBBHM,Male,No,Yes,Yes,32,25-48 months
3483,4948-XSTCF,Male,No,Yes,Yes,4,00-12 months
3484,4949-EXXMO,Female,No,Yes,No,61,49-72 months
3485,4951-TJMAA,Female,No,Yes,Yes,13,13-24 months
3486,4956-CIOWC,Female,Yes,No,No,53,49-72 months
3487,4957-WUOUK,Female,No,Yes,No,28,25-48 months
3488,4959-GWCKI,Female,No,No,No,24,13-24 months
3489,4960-WEEUV,Female,No,No,No,25,25-48 months
3490,4967-KDXQI,Male,No,Yes,Yes,21,13-24 months
3491,4968-HQWGB,Male,No,No,No,71,49-72 months
3492,4968-ZPVED,Male,No,No,No,50,49-72 months
3493,4969-LDBVN,Male,No,No,No,64,49-72 months
3494,4969-YZYDD,Male,No,Yes,No,2,00-12 months
3495,4973-VAUET,Female,No,No,No,62,49-72 months
3496,4974-IXTEY,Male,No,No,Yes,40,25-48 months
3497,4976-JHRYT,Female,No,Yes,No,18,13-24 months
3498,4976-VSEVE,Female,No,Yes,No,4,00-12 months
3499,4977-BOETR,Female,No,Yes,Yes,31,25-48 months
3500,4978-MIPFN,Female,No,No,No,72,49-72 months
3501,4980-RMAPU,Male,No,Yes,Yes,44,25-48 months
3502,4984-HIPPD,Male,No,No,No,20,13-24 months
3503,4986-VAMNI,Male,No,No,No,49,49-72 months
3504,4986-YYQWI,Female,No,No,No,4,00-12 months
3505,4987-UTNQO,Male,No,No,No,13,13-24 months
3506,4989-WVJHZ,Female,No,Yes,Yes,2,00-12 months
3507,4991-FXGFA,Female,No,No,No,41,25-48 months
3508,4994-KFNXM,Female,Yes,No,No,16,13-24 months
3509,4995-ZERCH,Female,No,No,No,13,13-24 months
3510,4998-FSCKS,Female,No,No,No,63,49-72 months
3511,5004-QECUT,Male,Yes,Yes,Yes,5,00-12 months
3512,5005-DGGPF,Male,No,Yes,Yes,15,13-24 months
3513,5006-DDSQK,Male,No,No,No,22,13-24 months
3514,5008-LLEBJ,Male,No,Yes,Yes,42,25-48 months
3515,5008-PXRPC,Male,No,Yes,Yes,10,00-12 months
3516,5009-IXRXG,Female,No,Yes,Yes,53,49-72 months
3517,5010-KBWLU,Male,Yes,Yes,Yes,40,25-48 months
3518,5013-AHJVV,Male,No,No,No,24,13-24 months
3519,5013-BCOFF,Male,No,Yes,Yes,2,00-12 months
3520,5013-JHTGD,Female,No,Yes,Yes,8,00-12 months
3521,5013-LNEMD,Male,No,No,Yes,60,49-72 months
3522,5014-OILKT,Female,No,Yes,No,63,49-72 months
3523,5021-HNEVS,Female,No,No,No,69,49-72 months
3524,5021-IGEZE,Male,No,No,No,32,25-48 months
3525,5023-MTRXU,Female,No,Yes,No,21,13-24 months
3526,5024-VXGCU,Male,No,Yes,Yes,68,49-72 months
3527,5024-YONBK,Male,No,No,No,60,49-72 months
3528,5026-IZRUH,Female,No,No,No,67,49-72 months
3529,5027-DEPWN,Female,No,No,No,69,49-72 months
3530,5027-GGXTE,Female,Yes,No,No,1,00-12 months
3531,5027-JLCSB,Male,Yes,Yes,No,72,49-72 months
3532,5032-LUOMK,Female,No,Yes,No,53,49-72 months
3533,5032-PTIQL,Female,Yes,No,No,16,13-24 months
3534,5033-RSLJB,Female,No,No,No,52,49-72 months
3535,5033-WXDYP,Female,No,No,No,3,00-12 months
3536,5033-XGLGC,Female,No,Yes,No,36,25-48 months
3537,5036-SQMYY,Male,No,Yes,No,49,49-72 months
3538,5038-FGZAA,Male,No,Yes,No,7,00-12 months
3539,5038-FNCIY,Female,No,Yes,Yes,1,00-12 months
3540,5038-MLFCK,Female,No,No,Yes,45,25-48 months
3541,5038-QDNSG,Female,No,No,No,3,00-12 months
3542,5039-NBKPT,Female,No,No,No,34,25-48 months
3543,5039-NVCRT,Male,Yes,Yes,Yes,66,49-72 months
3544,5041-CDPWP,Female,No,No,No,13,13-24 months
3545,5045-JFGVJ,Male,No,Yes,Yes,33,25-48 months
3546,5045-JWKVX,Female,No,Yes,Yes,7,00-12 months
3547,5045-NQHSA,Female,No,Yes,No,8,00-12 months
3548,5046-MTEAH,Male,No,No,No,2,00-12 months
3549,5047-SHVMS,Female,No,No,No,9,00-12 months
3550,5048-UAYPZ,Female,Yes,Yes,No,53,49-72 months
3551,5051-AXRUD,Male,No,No,Yes,15,13-24 months
3552,5055-DJUPZ,Female,No,No,No,62,49-72 months
3553,5055-LCRBV,Male,No,No,No,62,49-72 months
3554,5056-OADGC,Male,No,No,No,34,25-48 months
3555,5056-VADFC,Female,No,No,No,4,00-12 months
3556,5060-MKCVK,Female,No,Yes,No,67,49-72 months
3557,5060-TOVOB,Female,Yes,Yes,Yes,15,13-24 months
3558,5060-YRGHR,Male,No,No,No,18,13-24 months
3559,5061-FMASN,Female,No,Yes,Yes,8,00-12 months
3560,5061-JEETF,Male,No,Yes,Yes,63,49-72 months
3561,5062-LTWXL,Male,No,Yes,No,8,00-12 months
3562,5064-OGNHR,Male,No,No,No,44,25-48 months
3563,5065-EUSAW,Female,No,No,No,3,00-12 months
3564,5066-BAEYY,Female,No,Yes,No,66,49-72 months
3565,5066-MHCWS,Male,No,No,No,65,49-72 months
3566,5067-VMFBY,Male,No,No,No,4,00-12 months
3567,5067-WPMQL,Male,Yes,Yes,No,32,25-48 months
3568,5068-LVBNL,Male,No,Yes,No,18,13-24 months
3569,5071-PDGTY,Male,No,No,No,71,49-72 months
3570,5071-ZXVUD,Female,No,No,No,12,00-12 months
3571,5074-GZRVU,Female,No,Yes,Yes,19,13-24 months
3572,5074-MQSCO,Female,No,No,No,47,25-48 months
3573,5075-OHPYJ,Female,No,No,Yes,2,00-12 months
3574,5075-WODGT,Female,No,No,No,54,49-72 months
3575,5077-LBDPO,Female,No,Yes,Yes,55,49-72 months
3576,5077-XIFJE,Male,No,No,No,13,13-24 months
3577,5078-ODFHV,Female,No,No,No,62,49-72 months
3578,5082-CCKMW,Male,No,No,No,10,00-12 months
3579,5082-VQIOI,Male,No,No,No,49,49-72 months
3580,5083-JNYBZ,Female,Yes,Yes,No,17,13-24 months
3581,5083-NZPPI,Female,No,Yes,Yes,47,25-48 months
3582,5083-RIYNH,Male,Yes,Yes,No,16,13-24 months
3583,5086-SNRON,Male,No,No,No,5,00-12 months
3584,5086-WKQVD,Male,No,No,Yes,14,13-24 months
3585,5087-GZAYN,Male,No,Yes,No,5,00-12 months
3586,5089-IBAFG,Male,No,No,No,21,13-24 months
3587,5091-RESYV,Female,No,Yes,Yes,47,25-48 months
3588,5093-CRZLO,Male,Yes,Yes,Yes,9,00-12 months
3589,5094-SGAPZ,Male,No,No,No,27,25-48 months
3590,5094-YFMRD,Female,No,No,No,45,25-48 months
3591,5095-FPDRT,Male,No,No,No,5,00-12 months
3592,5097-FCKLH,Male,No,Yes,No,6,00-12 months
3593,5097-LLUNB,Male,No,Yes,Yes,61,49-72 months
3594,5099-MARJT,Male,No,No,No,59,49-72 months
3595,5100-XJSXD,Male,No,Yes,No,65,49-72 months
3596,5104-KYFKG,Female,No,No,No,26,25-48 months
3597,5106-VYRSN,Male,No,Yes,No,69,49-72 months
3598,5106-YKXKL,Female,Yes,No,No,3,00-12 months
3599,5107-ZNZUI,Male,No,No,Yes,45,25-48 months
3600,5109-PBJFH,Female,No,No,Yes,14,13-24 months
3601,5109-WLPRO,Male,No,No,No,10,00-12 months
3602,5112-RSCTA,Male,No,No,No,1,00-12 months
3603,5112-STOPG,Male,No,No,No,64,49-72 months
3604,5112-VIGAG,Female,No,No,No,52,49-72 months
3605,5113-WSTBD,Female,No,Yes,No,68,49-72 months
3606,5114-QLNNS,Female,No,No,Yes,6,00-12 months
3607,5114-QTRLA,Male,Yes,No,No,6,00-12 months
3608,5116-NOQTL,Male,Yes,Yes,Yes,53,49-72 months
3609,5117-NHWJP,Male,No,No,No,34,25-48 months
3610,5118-JVBAO,Male,No,Yes,No,16,13-24 months
3611,5120-SILFV,Male,No,Yes,Yes,38,25-48 months
3612,5120-YFKFV,Male,No,Yes,No,28,25-48 months
3613,5122-KSXEO,Female,No,Yes,Yes,9,00-12 months
3614,5122-VVUZN,Male,No,No,No,6,00-12 months
3615,5124-DYXGC,Female,No,No,No,24,13-24 months
3616,5124-LPUEU,Female,No,Yes,Yes,2,00-12 months
3617,5125-MXKZB,Female,No,No,No,41,25-48 months
3618,5125-SNAGV,Female,No,No,No,66,49-72 months
3619,5125-TESHI,Male,No,Yes,Yes,22,13-24 months
3620,5128-FTVHX,Female,No,Yes,No,69,49-72 months
3621,5131-OSVNS,Female,No,No,No,48,25-48 months
3622,5134-DBEBT,Female,Yes,No,No,50,49-72 months
3623,5135-DBMQO,Female,No,Yes,Yes,19,13-24 months
3624,5135-QHJNL,Female,No,No,No,8,00-12 months
3625,5136-AETSQ,Female,No,Yes,Yes,72,49-72 months
3626,5138-OKOJM,Male,No,Yes,Yes,15,13-24 months
3627,5140-BRKCX,Male,No,No,No,16,13-24 months
3628,5140-RNAAY,Female,No,No,No,61,49-72 months
3629,5140-TSYMZ,Female,No,No,No,7,00-12 months
3630,5142-EADLY,Male,Yes,No,No,19,13-24 months
3631,5142-JDMFG,Female,No,Yes,No,19,13-24 months
3632,5143-KEQHD,Male,No,Yes,Yes,72,49-72 months
3633,5145-PGFJP,Male,No,Yes,Yes,19,13-24 months
3634,5146-JCOBN,Female,No,No,No,33,25-48 months
3635,5148-MOVSM,Female,No,No,No,6,00-12 months
3636,5149-DRUAN,Female,No,No,No,0,00-12 months
3637,5150-SHZQU,Female,No,Yes,Yes,6,00-12 months
3638,5151-FLANS,Female,No,No,No,2,00-12 months
3639,5155-PENAX,Female,No,Yes,No,37,25-48 months
3640,5160-OGHSO,Female,No,No,No,9,00-12 months
3641,5161-JMGFY,Female,No,No,No,7,00-12 months
3642,5161-XCIBZ,Male,No,No,No,9,00-12 months
3643,5164-TSDRY,Female,Yes,Yes,No,15,13-24 months
3644,5165-UPJPZ,Male,No,No,No,53,49-72 months
3645,5166-DLADK,Male,No,Yes,Yes,58,49-72 months
3646,5166-YCLCL,Male,No,Yes,No,6,00-12 months
3647,5167-RGFQJ,Female,No,No,Yes,12,00-12 months
3648,5167-XTDQW,Male,No,Yes,Yes,70,49-72 months
3649,5169-CAKZX,Male,No,No,No,16,13-24 months
3650,5173-AHCLA,Male,Yes,Yes,No,30,25-48 months
3651,5174-FORZO,Male,No,No,No,36,25-48 months
3652,5175-PYFZH,Female,No,No,No,70,49-72 months
3653,5176-PAXXP,Female,No,Yes,Yes,59,49-72 months
3654,5177-EQBMV,Male,No,No,No,5,00-12 months
3655,5177-XFHGQ,Female,Yes,Yes,Yes,21,13-24 months
3656,5179-UKRWH,Female,No,No,No,36,25-48 months
3657,5181-SKAJS,Female,No,Yes,No,30,25-48 months
3658,5182-TATCK,Female,No,Yes,Yes,62,49-72 months
3659,5182-TKTCX,Female,Yes,Yes,No,59,49-72 months
3660,5183-YNAWT,Female,No,Yes,No,17,13-24 months
3661,5186-KDDUS,Male,No,No,Yes,10,00-12 months
3662,5188-GCTVW,Female,No,No,No,14,13-24 months
3663,5190-YPSDZ,Male,No,Yes,Yes,11,00-12 months
3664,5192-VJMBD,Male,Yes,No,No,48,25-48 months
3665,5193-YSTCG,Female,No,Yes,No,2,00-12 months
3666,5197-FZQIP,Male,Yes,No,No,70,49-72 months
3667,5201-VRYZV,Male,No,Yes,No,64,49-72 months
3668,5203-AMTIJ,Male,No,No,Yes,66,49-72 months
3669,5203-ISHQH,Female,No,No,No,66,49-72 months
3670,5203-RGTQE,Female,Yes,Yes,No,5,00-12 months
3671,5203-TAXWZ,Female,No,Yes,Yes,35,25-48 months
3672,5204-NYECL,Female,No,Yes,No,32,25-48 months
3673,5209-ECGLE,Male,No,No,No,12,00-12 months
3674,5209-KBVRQ,Female,No,Yes,Yes,2,00-12 months
3675,5210-LQKKF,Male,No,Yes,Yes,16,13-24 months
3676,5210-URIHY,Male,No,No,Yes,38,25-48 months
3677,5211-VVZJQ,Female,Yes,No,No,50,49-72 months
3678,5212-SGPSN,Female,No,No,No,10,00-12 months
3679,5212-VFASP,Female,No,No,No,11,00-12 months
3680,5212-WZSSW,Female,No,No,No,29,25-48 months
3681,5214-MSYOU,Female,No,Yes,Yes,10,00-12 months
3682,5215-LLCWS,Male,No,No,No,71,49-72 months
3683,5215-MBPLK,Male,Yes,No,No,1,00-12 months
3684,5216-DGKWH,Female,No,No,No,63,49-72 months
3685,5216-PJFJS,Male,No,No,No,30,25-48 months
3686,5220-JKTIK,Male,No,Yes,Yes,63,49-72 months
3687,5220-TDFWL,Male,No,Yes,Yes,1,00-12 months
3688,5223-BIKFY,Male,No,No,Yes,68,49-72 months
3689,5225-VPKEB,Male,No,No,No,72,49-72 months
3690,5227-CKTQP,Male,No,Yes,Yes,2,00-12 months
3691,5228-HFPQZ,Male,No,Yes,Yes,13,13-24 months
3692,5228-JPBEU,Male,Yes,No,No,29,25-48 months
3693,5229-NAOOZ,Male,No,No,No,60,49-72 months
3694,5230-BWWOH,Female,Yes,Yes,Yes,4,00-12 months
3695,5232-GRRFM,Male,No,Yes,No,9,00-12 months
3696,5232-YSDYY,Female,No,Yes,Yes,23,13-24 months
3697,5234-AHNDD,Male,Yes,No,No,59,49-72 months
3698,5234-UVBRI,Male,Yes,No,No,4,00-12 months
3699,5235-DUIJD,Female,No,Yes,No,6,00-12 months
3700,5235-EAODX,Female,No,Yes,No,41,25-48 months
3701,5238-MSNOI,Female,No,No,Yes,19,13-24 months
3702,5239-DOGOH,Male,No,No,No,32,25-48 months
3703,5239-EGIEY,Female,No,No,Yes,10,00-12 months
3704,5239-GTZBB,Female,No,Yes,No,54,49-72 months
3705,5240-BJFBA,Female,No,No,No,50,49-72 months
3706,5241-JJQVB,Female,No,Yes,Yes,51,49-72 months
3707,5241-NWOWQ,Male,No,Yes,No,60,49-72 months
3708,5243-HCMSF,Female,No,No,No,2,00-12 months
3709,5245-HSZFG,Male,Yes,No,No,24,13-24 months
3710,5247-WBACO,Female,Yes,No,No,13,13-24 months
3711,5247-WFTTX,Female,No,No,No,70,49-72 months
3712,5248-DPIWG,Female,No,Yes,No,6,00-12 months
3713,5250-YWKCA,Male,No,No,No,62,49-72 months
3714,5251-LSRXJ,Female,No,Yes,Yes,23,13-24 months
3715,5251-RJOIL,Female,Yes,No,No,44,25-48 months
3716,5251-WUASV,Female,No,No,No,14,13-24 months
3717,5252-BGBWF,Female,No,Yes,Yes,26,25-48 months
3718,5252-GKXCT,Female,No,No,No,40,25-48 months
3719,5254-DXBAI,Male,No,Yes,No,24,13-24 months
3720,5255-IOECR,Female,Yes,Yes,Yes,39,25-48 months
3721,5256-LPQKW,Male,No,Yes,No,55,49-72 months
3722,5256-ORZTA,Male,No,No,Yes,46,25-48 months
3723,5256-PNPUB,Male,Yes,No,No,12,00-12 months
3724,5258-QSZUQ,Male,Yes,No,No,57,49-72 months
3725,5259-JHQTA,Female,Yes,No,No,57,49-72 months
3726,5261-ANAAO,Female,No,No,No,55,49-72 months
3727,5262-LHYAH,Female,No,No,No,11,00-12 months
3728,5263-JZNVT,Female,No,No,No,1,00-12 months
3729,5264-QTRDZ,Female,No,No,No,1,00-12 months
3730,5265-SCTFH,Female,No,No,No,1,00-12 months
3731,5267-ECNVN,Male,No,No,No,70,49-72 months
3732,5267-OTHWI,Female,No,No,No,36,25-48 months
3733,5268-PILCH,Female,No,Yes,Yes,14,13-24 months
3734,5270-GCBBW,Male,No,No,No,1,00-12 months
3735,5271-UCZNQ,Female,No,No,No,1,00-12 months
3736,5277-QWJNR,Female,No,No,No,18,13-24 months
3737,5281-UVCCB,Female,No,Yes,No,50,49-72 months
3738,5282-KIZXS,Female,No,No,Yes,17,13-24 months
3739,5283-HCWMB,Female,Yes,Yes,No,1,00-12 months
3740,5284-ERTGO,Female,No,Yes,No,35,25-48 months
3741,5284-OIKHM,Male,No,Yes,Yes,17,13-24 months
3742,5286-NREVZ,Male,Yes,No,No,9,00-12 months
3743,5288-WBMOX,Male,No,No,No,25,25-48 months
3744,5295-DAEGC,Male,No,No,No,65,49-72 months
3745,5295-JAEMK,Female,No,No,No,68,49-72 months
3746,5297-GFIPG,Female,No,No,No,14,13-24 months
3747,5298-MNNZF,Male,No,Yes,No,62,49-72 months
3748,5301-CMXDG,Female,No,No,No,23,13-24 months
3749,5302-PZMER,Female,No,No,Yes,34,25-48 months
3750,5303-RQQUX,Female,No,No,No,31,25-48 months
3751,5308-MHZYJ,Male,No,Yes,Yes,37,25-48 months
3752,5308-OUQLH,Male,No,Yes,Yes,72,49-72 months
3753,5313-EEEGE,Female,No,No,No,32,25-48 months
3754,5313-TRWJN,Female,No,Yes,Yes,64,49-72 months
3755,5316-CYRGP,Male,No,Yes,No,72,49-72 months
3756,5316-UFJZA,Male,No,Yes,Yes,5,00-12 months
3757,5317-VCGKO,Male,No,No,No,47,25-48 months
3758,5321-CHENS,Female,No,Yes,No,31,25-48 months
3759,5321-SXCQJ,Female,Yes,No,No,45,25-48 months
3760,5323-JXMDH,Male,Yes,Yes,Yes,14,13-24 months
3761,5325-IRFCN,Female,No,Yes,Yes,35,25-48 months
3762,5325-JBVXL,Male,No,No,Yes,69,49-72 months
3763,5325-PKXMN,Female,Yes,Yes,Yes,45,25-48 months
3764,5326-AHUCS,Male,No,No,No,48,25-48 months
3765,5326-LZEGW,Female,Yes,Yes,Yes,17,13-24 months
3766,5326-OLOBB,Male,Yes,Yes,Yes,45,25-48 months
3767,5326-STOGT,Male,No,No,Yes,45,25-48 months
3768,5329-LQKLH,Male,No,Yes,No,5,00-12 months
3769,5329-MJQZE,Female,No,No,No,20,13-24 months
3770,5331-HXOXW,Male,No,No,No,64,49-72 months
3771,5332-DXPGX,Male,No,Yes,No,13,13-24 months
3772,5333-AWNBB,Male,No,No,No,33,25-48 months
3773,5333-QUFWU,Female,No,No,No,28,25-48 months
3774,5334-KMTVH,Male,No,Yes,No,54,49-72 months
3775,5335-EFTWJ,Female,No,No,No,5,00-12 months
3776,5341-YORXZ,Female,No,No,No,18,13-24 months
3777,5342-UBOKU,Female,No,Yes,No,29,25-48 months
3778,5343-YGSZF,Female,No,Yes,Yes,15,13-24 months
3779,5343-YMRZW,Male,No,No,No,30,25-48 months
3780,5345-PMTES,Female,No,No,No,69,49-72 months
3781,5346-UCBOX,Male,No,Yes,No,43,25-48 months
3782,5346-YYMQC,Male,No,Yes,Yes,48,25-48 months
3783,5349-KCYZJ,Female,No,Yes,No,60,49-72 months
3784,5350-WMQIQ,Male,Yes,No,No,32,25-48 months
3785,5351-EIJPF,Male,No,Yes,Yes,51,49-72 months
3786,5353-KYDLE,Male,No,No,Yes,13,13-24 months
3787,5355-XFDTA,Female,Yes,No,No,69,49-72 months
3788,5356-EQLZW,Female,No,No,No,10,00-12 months
3789,5356-YJXYQ,Male,No,Yes,Yes,1,00-12 months
3790,5357-GMMKJ,Female,No,Yes,Yes,5,00-12 months
3791,5361-FKNRI,Female,No,No,No,70,49-72 months
3792,5361-VMTXR,Female,No,Yes,No,3,00-12 months
3793,5363-TPGRT,Female,No,No,No,23,13-24 months
3794,5366-DJMBX,Female,Yes,Yes,No,60,49-72 months
3795,5369-YJITQ,Female,No,No,Yes,3,00-12 months
3796,5372-SIYZT,Female,No,Yes,Yes,60,49-72 months
3797,5373-CTFIV,Male,No,No,No,26,25-48 months
3798,5375-SGQLY,Male,No,No,No,14,13-24 months
3799,5378-FSFUA,Female,Yes,Yes,No,29,25-48 months
3800,5382-VWQZY,Male,No,No,No,6,00-12 months
3801,5384-WZVJH,Male,No,No,No,71,49-72 months
3802,5387-TSAFO,Male,No,Yes,Yes,15,13-24 months
3803,5387-VXYFE,Male,No,Yes,Yes,16,13-24 months
3804,5390-VSBLT,Female,No,No,No,63,49-72 months
3805,5390-ZWPZK,Male,No,No,No,33,25-48 months
3806,5394-VWEIF,Female,No,Yes,Yes,33,25-48 months
3807,5395-QBFHY,Female,No,Yes,Yes,11,00-12 months
3808,5397-CRBHS,Female,No,No,Yes,63,49-72 months
3809,5398-LKLXF,Male,No,Yes,Yes,12,00-12 months
3810,5398-TOQCW,Male,No,No,No,17,13-24 months
3811,5399-VABFM,Female,Yes,Yes,No,20,13-24 months
3812,5399-VZIYL,Male,Yes,No,No,22,13-24 months
3813,5399-YYLSM,Male,No,No,No,12,00-12 months
3814,5401-ASDUU,Female,No,No,No,8,00-12 months
3815,5401-PERBT,Male,No,No,No,6,00-12 months
3816,5403-BVYIL,Female,No,Yes,Yes,18,13-24 months
3817,5404-BCXAK,Female,No,Yes,No,16,13-24 months
3818,5405-MCQSY,Male,No,No,Yes,31,25-48 months
3819,5406-BYRFB,Female,Yes,Yes,Yes,11,00-12 months
3820,5406-OAZNV,Female,No,No,No,50,49-72 months
3821,5406-SCVKU,Male,No,Yes,No,32,25-48 months
3822,5407-BUPHZ,Female,Yes,Yes,Yes,12,00-12 months
3823,5407-FOKVT,Female,No,Yes,Yes,44,25-48 months
3824,5407-VDZQV,Male,No,No,No,13,13-24 months
3825,5411-JAMYE,Female,Yes,Yes,No,16,13-24 months
3826,5412-BFDYJ,Male,No,Yes,Yes,3,00-12 months
3827,5415-SZJYL,Male,No,No,No,18,13-24 months
3828,5419-FYMVC,Female,No,Yes,Yes,5,00-12 months
3829,5419-WKRYT,Female,Yes,No,No,4,00-12 months
3830,5419-ZCFSA,Male,Yes,No,Yes,9,00-12 months
3831,5422-MUGYI,Male,No,Yes,No,11,00-12 months
3832,5423-DLCRR,Male,No,Yes,No,22,13-24 months
3833,5427-HFGUZ,Male,No,No,No,10,00-12 months
3834,5429-UMGAE,Male,No,No,No,64,49-72 months
3835,5430-AYKYW,Female,No,Yes,Yes,6,00-12 months
3836,5430-FIJAY,Female,No,Yes,No,1,00-12 months
3837,5431-ZJALM,Female,Yes,Yes,Yes,61,49-72 months
3838,5434-KYUYW,Male,Yes,No,No,40,25-48 months
3839,5438-JQJQY,Female,No,No,No,66,49-72 months
3840,5439-NULPV,Male,No,Yes,Yes,38,25-48 months
3841,5441-UGHHU,Male,No,No,No,1,00-12 months
3842,5443-OFSQM,Female,No,Yes,Yes,31,25-48 months
3843,5444-AOKSW,Male,Yes,No,Yes,9,00-12 months
3844,5445-ZTLHJ,Female,No,Yes,No,2,00-12 months
3845,5448-SDAGF,Female,No,No,No,32,25-48 months
3846,5450-BZSMG,Male,Yes,Yes,No,3,00-12 months
3847,5450-IAOIR,Female,No,No,No,51,49-72 months
3848,5450-NWLHA,Female,No,No,No,5,00-12 months
3849,5451-QEPYA,Female,No,No,No,5,00-12 months
3850,5452-VOYOI,Male,No,No,No,9,00-12 months
3851,5454-CWMLP,Male,No,Yes,No,17,13-24 months
3852,5458-LWLEZ,Female,No,Yes,No,39,25-48 months
3853,5459-STYPP,Female,No,No,No,63,49-72 months
3854,5464-CQWPU,Female,No,Yes,Yes,8,00-12 months
3855,5466-MFVTR,Male,No,Yes,No,7,00-12 months
3856,5466-SXVSE,Female,No,No,No,12,00-12 months
3857,5468-JIVLV,Male,No,No,No,6,00-12 months
3858,5469-ALXEV,Female,No,Yes,Yes,53,49-72 months
3859,5469-EMWAT,Female,No,Yes,Yes,12,00-12 months
3860,5470-LPELT,Female,No,No,No,7,00-12 months
3861,5471-DLXUL,Male,No,No,No,12,00-12 months
3862,5471-IQWGX,Male,Yes,Yes,Yes,47,25-48 months
3863,5473-DGLGR,Male,No,No,Yes,19,13-24 months
3864,5473-VHVSL,Male,No,No,No,39,25-48 months
3865,5476-OZIJT,Female,No,No,No,65,49-72 months
3866,5477-LAYSN,Female,No,No,No,45,25-48 months
3867,5480-LQXZF,Male,No,Yes,No,9,00-12 months
3868,5481-EPXIO,Female,No,No,No,66,49-72 months
3869,5482-IITLC,Male,No,No,No,60,49-72 months
3870,5482-LNBGA,Female,Yes,No,No,50,49-72 months
3871,5483-KRRPX,Female,No,Yes,Yes,9,00-12 months
3872,5485-HBOSO,Male,No,Yes,No,16,13-24 months
3873,5485-MMCKB,Male,Yes,No,Yes,2,00-12 months
3874,5486-COOWK,Female,No,No,No,3,00-12 months
3875,5488-UFUTX,Male,Yes,No,No,16,13-24 months
3876,5490-ZHKUD,Female,No,Yes,No,37,25-48 months
3877,5499-WRGHH,Female,Yes,Yes,Yes,6,00-12 months
3878,5501-JMLBT,Male,Yes,No,No,7,00-12 months
3879,5501-OGMCQ,Female,No,No,No,59,49-72 months
3880,5502-AWCZH,Female,No,Yes,Yes,8,00-12 months
3881,5502-NMJLL,Male,No,Yes,Yes,8,00-12 months
3882,5503-IFEIG,Female,No,Yes,No,35,25-48 months
3883,5503-PFWYK,Male,No,No,No,9,00-12 months
3884,5508-OBFBZ,Female,Yes,Yes,Yes,50,49-72 months
3885,5511-FPOXO,Female,No,Yes,Yes,10,00-12 months
3886,5513-AURXC,Male,Yes,No,No,71,49-72 months
3887,5515-QYRCN,Female,No,Yes,No,37,25-48 months
3888,5518-AGPAM,Male,No,No,Yes,53,49-72 months
3889,5518-DPJFU,Male,No,No,Yes,51,49-72 months
3890,5518-KPAGR,Male,No,Yes,No,27,25-48 months
3891,5520-IPHMK,Female,No,No,No,7,00-12 months
3892,5521-HQGOP,Male,Yes,Yes,Yes,65,49-72 months
3893,5524-XIBQD,Female,No,No,No,2,00-12 months
3894,5525-KAVXE,Female,No,No,No,70,49-72 months
3895,5528-GWEQN,Female,No,No,Yes,54,49-72 months
3896,5528-ZFULF,Female,Yes,No,No,16,13-24 months
3897,5529-OMJCA,Male,Yes,Yes,No,69,49-72 months
3898,5529-UQRVZ,Female,No,No,No,8,00-12 months
3899,5530-NTQBH,Male,No,No,No,20,13-24 months
3900,5531-OLVBC,Female,No,Yes,Yes,24,13-24 months
3901,5533-XIOWJ,Male,No,No,No,6,00-12 months
3902,5534-CMCZN,Female,No,Yes,No,13,13-24 months
3903,5536-UMGNS,Male,No,Yes,No,46,25-48 months
3904,5539-HHCNE,Female,Yes,Yes,Yes,70,49-72 months
3905,5548-AINFH,Male,No,No,No,4,00-12 months
3906,5548-AQJHU,Female,No,No,No,32,25-48 months
3907,5548-XUCNH,Female,No,No,No,2,00-12 months
3908,5549-ENBDM,Male,No,No,No,15,13-24 months
3909,5551-RKUKK,Female,No,Yes,Yes,11,00-12 months
3910,5553-BXUDV,Female,Yes,No,No,9,00-12 months
3911,5555-KKGDZ,Female,No,Yes,Yes,67,49-72 months
3912,5555-QEIXM,Female,No,No,No,21,13-24 months
3913,5555-TPOJP,Female,No,No,No,1,00-12 months
3914,5557-QZQEB,Female,Yes,No,No,3,00-12 months
3915,5558-BZVOT,Male,No,No,No,70,49-72 months
3916,5560-RMTCR,Male,No,No,No,4,00-12 months
3917,5561-CEPGS,Male,No,Yes,No,27,25-48 months
3918,5561-QKRUT,Female,No,No,No,20,13-24 months
3919,5563-MYYOE,Female,No,No,No,64,49-72 months
3920,5570-EZBSR,Male,No,Yes,No,56,49-72 months
3921,5572-CHWDF,Male,No,Yes,No,18,13-24 months
3922,5572-SMDCX,Male,No,Yes,Yes,18,13-24 months
3923,5573-ABXUY,Female,No,No,No,10,00-12 months
3924,5573-MZZNL,Female,No,No,No,31,25-48 months
3925,5574-CQEJN,Female,No,Yes,Yes,12,00-12 months
3926,5576-XLIJU,Male,No,No,No,34,25-48 months
3927,5578-HNBGS,Female,No,No,No,72,49-72 months
3928,5579-HODME,Male,No,Yes,No,9,00-12 months
3929,5581-FFSIV,Male,No,Yes,No,11,00-12 months
3930,5581-SPLYY,Female,No,Yes,Yes,16,13-24 months
3931,5583-XDXWN,Female,Yes,No,No,26,25-48 months
3932,5584-AULGY,Male,No,Yes,Yes,55,49-72 months
3933,5584-HDKSQ,Male,No,No,No,7,00-12 months
3934,5584-KBTMK,Male,No,Yes,No,5,00-12 months
3935,5584-QUZBG,Female,No,No,No,67,49-72 months
3936,5586-DCCQI,Male,No,No,Yes,14,13-24 months
3937,5591-BYIBU,Female,No,Yes,Yes,25,25-48 months
3938,5591-RECNI,Female,No,No,No,4,00-12 months
3939,5596-WDAMG,Female,No,No,No,1,00-12 months
3940,5597-SCRLA,Female,No,Yes,Yes,7,00-12 months
3941,5599-HCLGO,Male,No,Yes,No,4,00-12 months
3942,5600-HTPNY,Female,No,No,No,20,13-24 months
3943,5600-QONYB,Male,No,Yes,Yes,36,25-48 months
3944,5601-LHPQX,Female,No,Yes,No,2,00-12 months
3945,5602-UNXQT,Male,No,No,Yes,14,13-24 months
3946,5603-ZFXNZ,Male,No,No,No,30,25-48 months
3947,5604-IXXHN,Male,No,No,No,4,00-12 months
3948,5604-UWNKE,Male,No,No,No,46,25-48 months
3949,5605-MNYYH,Male,No,No,No,38,25-48 months
3950,5606-GOZPP,Male,No,Yes,No,33,25-48 months
3951,5608-ITYGI,Female,No,Yes,Yes,72,49-72 months
3952,5611-DMYCU,Male,No,No,No,53,49-72 months
3953,5615-ANKAG,Male,No,Yes,No,66,49-72 months
3954,5619-ERZBC,Female,No,Yes,Yes,38,25-48 months
3955,5621-TPCOQ,Male,No,Yes,Yes,72,49-72 months
3956,5622-AIVEX,Female,No,No,No,69,49-72 months
3957,5626-UZBVK,Male,No,No,No,5,00-12 months
3958,5629-LYZLJ,Male,No,Yes,Yes,1,00-12 months
3959,5631-AHZEV,Female,Yes,Yes,Yes,60,49-72 months
3960,5633-HIXVT,Female,No,Yes,Yes,26,25-48 months
3961,5636-EASQS,Male,No,Yes,Yes,40,25-48 months
3962,5636-LHPJY,Male,No,Yes,Yes,24,13-24 months
3963,5643-KLMTW,Male,Yes,No,No,58,49-72 months
3964,5644-RYLEV,Male,No,Yes,Yes,11,00-12 months
3965,5645-FMASH,Male,No,Yes,No,11,00-12 months
3966,5645-MODYG,Female,Yes,Yes,Yes,1,00-12 months
3967,5645-YTKMS,Male,No,No,No,1,00-12 months
3968,5651-EOYNT,Female,No,No,Yes,57,49-72 months
3969,5651-NATAG,Female,No,Yes,Yes,30,25-48 months
3970,5651-ULQDN,Female,No,Yes,Yes,24,13-24 months
3971,5652-YUDDX,Male,No,Yes,No,3,00-12 months
3972,5654-DFVXX,Male,No,No,No,5,00-12 months
3973,5654-NQTOW,Female,No,Yes,Yes,6,00-12 months
3974,5654-PETIF,Female,No,Yes,Yes,67,49-72 months
3975,5655-LPOCR,Male,No,No,No,60,49-72 months
3976,5657-SGOVT,Male,No,No,No,67,49-72 months
3977,5657-TCSJO,Male,No,Yes,Yes,14,13-24 months
3978,5660-JDQXN,Male,No,Yes,No,13,13-24 months
3979,5661-TREDM,Male,No,Yes,No,54,49-72 months
3980,5663-AQQKG,Male,No,No,No,23,13-24 months
3981,5665-AKHES,Male,No,Yes,Yes,20,13-24 months
3982,5665-DJVLR,Female,No,Yes,Yes,17,13-24 months
3983,5666-LEFLB,Male,No,No,No,20,13-24 months
3984,5666-UTOEQ,Female,No,No,No,5,00-12 months
3985,5667-EBMUD,Female,No,No,No,43,25-48 months
3986,5668-AQGNR,Female,No,No,Yes,3,00-12 months
3987,5669-SGFYY,Female,No,Yes,No,37,25-48 months
3988,5670-XOXKX,Female,No,Yes,Yes,14,13-24 months
3989,5672-WKUXW,Male,No,Yes,No,72,49-72 months
3990,5677-FQEXD,Male,No,No,Yes,13,13-24 months
3991,5677-KQRZV,Female,No,Yes,Yes,7,00-12 months
3992,5677-VBFGU,Male,No,No,No,54,49-72 months
3993,5678-UYIWW,Male,No,No,No,4,00-12 months
3994,5682-EAKPV,Female,No,No,Yes,29,25-48 months
3995,5682-USLFY,Female,No,Yes,Yes,37,25-48 months
3996,5685-BQQWF,Male,No,No,No,39,25-48 months
3997,5686-AXASI,Male,No,Yes,Yes,69,49-72 months
3998,5686-RRHQF,Male,No,Yes,Yes,17,13-24 months
3999,5687-JMNQF,Female,No,No,No,54,49-72 months
4000,5690-JNYVK,Male,No,No,No,59,49-72 months
4001,5693-VLWUG,Female,Yes,No,No,22,13-24 months
4002,5695-ZPFXU,Female,No,No,Yes,32,25-48 months
4003,5696-QQPOZ,Female,No,No,Yes,9,00-12 months
4004,5697-XGOHJ,Female,No,Yes,Yes,46,25-48 months
4005,5701-IEARA,Female,No,Yes,No,10,00-12 months
4006,5704-JICGJ,Female,No,Yes,Yes,13,13-24 months
4007,5705-YMSMK,Female,No,No,No,18,13-24 months
4008,5707-BZCPP,Male,No,No,Yes,36,25-48 months
4009,5708-OFJBM,Female,No,Yes,No,57,49-72 months
4010,5709-LENLB,Male,No,No,No,3,00-12 months
4011,5710-KXKUP,Female,No,Yes,Yes,49,49-72 months
4012,5711-AISYZ,Female,No,Yes,No,10,00-12 months
4013,5713-IAVCF,Male,No,Yes,Yes,3,00-12 months
4014,5713-PKKAP,Female,No,No,No,19,13-24 months
4015,5713-SFUUD,Male,No,No,No,7,00-12 months
4016,5713-VJRKT,Female,No,No,No,63,49-72 months
4017,5714-LAOUF,Male,No,Yes,No,65,49-72 months
4018,5714-VGSTT,Male,No,Yes,No,33,25-48 months
4019,5715-FWANI,Male,No,No,No,20,13-24 months
4020,5717-AHIZZ,Female,No,Yes,Yes,1,00-12 months
4021,5718-IGAPZ,Male,No,Yes,Yes,48,25-48 months
4022,5718-IGCOX,Female,No,Yes,Yes,72,49-72 months
4023,5719-OJZWB,Female,No,No,No,25,25-48 months
4024,5719-QYWBD,Male,Yes,Yes,No,43,25-48 months
4025,5721-OXGHQ,Female,No,No,No,13,13-24 months
4026,5721-QRKWV,Male,No,Yes,Yes,33,25-48 months
4027,5722-MLGUN,Female,No,Yes,Yes,56,49-72 months
4028,5722-WRMEI,Male,No,Yes,Yes,45,25-48 months
4029,5724-CTJKG,Female,Yes,Yes,Yes,1,00-12 months
4030,5724-KAOQY,Female,No,No,No,12,00-12 months
4031,5727-RKTBT,Female,No,No,No,6,00-12 months
4032,5727-RTJXB,Female,No,Yes,Yes,18,13-24 months
4033,5728-AENYT,Male,No,Yes,Yes,66,49-72 months
4034,5729-VCZDB,Female,No,No,No,19,13-24 months
4035,5732-ZFBBP,Male,No,No,No,45,25-48 months
4036,5734-SRUCO,Male,No,Yes,Yes,1,00-12 months
4037,5737-YJARF,Male,No,Yes,Yes,7,00-12 months
4038,5740-BSWFZ,Female,Yes,No,No,1,00-12 months
4039,5742-EMIEC,Male,Yes,Yes,No,3,00-12 months
4040,5743-BQQPS,Male,No,No,No,19,13-24 months
4041,5743-WTINN,Male,No,No,No,3,00-12 months
4042,5745-WMKTL,Male,Yes,Yes,No,43,25-48 months
4043,5746-SLJJE,Female,No,No,Yes,23,13-24 months
4044,5747-PXUGO,Male,No,Yes,Yes,58,49-72 months
4045,5748-MCUIG,Male,No,No,No,13,13-24 months
4046,5748-QTSQD,Male,No,No,No,40,25-48 months
4047,5748-VLEDF,Male,No,No,No,44,25-48 months
4048,5749-AFNGG,Male,No,No,Yes,6,00-12 months
4049,5751-LEKCE,Female,No,No,No,59,49-72 months
4050,5753-QKXEI,Female,Yes,No,No,10,00-12 months
4051,5755-HHFPA,Female,No,Yes,Yes,8,00-12 months
4052,5755-HVIZC,Female,No,Yes,No,31,25-48 months
4053,5757-CABXU,Female,No,No,No,54,49-72 months
4054,5757-QKKRT,Female,Yes,Yes,Yes,1,00-12 months
4055,5757-YNMBF,Female,No,No,No,69,49-72 months
4056,5758-LQTZS,Male,No,No,No,60,49-72 months
4057,5760-MGCDI,Male,Yes,No,No,54,49-72 months
4058,5768-SMKID,Male,No,Yes,Yes,58,49-72 months
4059,5769-JWDXF,Male,No,Yes,No,50,49-72 months
4060,5769-QRFPG,Male,Yes,Yes,Yes,14,13-24 months
4061,5769-QXJGY,Male,No,No,No,59,49-72 months
4062,5769-YTIXK,Female,Yes,Yes,Yes,6,00-12 months
4063,5772-ZIVVM,Male,No,No,No,36,25-48 months
4064,5773-FXOSW,Female,No,No,Yes,6,00-12 months
4065,5774-DLDOA,Female,No,No,Yes,64,49-72 months
4066,5778-PKDOX,Female,No,Yes,Yes,3,00-12 months
4067,5788-SSOHN,Female,No,Yes,No,7,00-12 months
4068,5788-YKWZO,Male,No,Yes,No,50,49-72 months
4069,5789-PFKYD,Female,No,No,No,69,49-72 months
4070,5796-IJVMS,Male,Yes,Yes,Yes,70,49-72 months
4071,5796-YSXLH,Female,Yes,No,No,46,25-48 months
4072,5797-EQRCJ,Male,No,No,No,11,00-12 months
4073,5798-EKUYY,Male,No,No,No,72,49-72 months
4074,5798-NCTWY,Male,No,No,No,43,25-48 months
4075,5801-FHTQG,Male,Yes,Yes,No,18,13-24 months
4076,5803-TPNIR,Male,No,No,No,72,49-72 months
4077,5803-XZQVC,Female,No,No,No,49,49-72 months
4078,5804-EZPHT,Female,Yes,Yes,Yes,10,00-12 months
4079,5804-VWUPZ,Female,No,No,No,50,49-72 months
4080,5809-AQQOQ,Female,No,No,No,60,49-72 months
4081,5809-ZPYZF,Female,Yes,No,No,58,49-72 months
4082,5810-ZFWPI,Male,No,Yes,Yes,65,49-72 months
4083,5816-ZQRNN,Male,No,No,No,1,00-12 months
4084,5818-UYGAI,Male,No,Yes,No,45,25-48 months
4085,5821-OEOVI,Female,No,No,No,15,13-24 months
4086,5821-QONID,Male,Yes,No,No,66,49-72 months
4087,5822-BBXRA,Male,No,No,No,46,25-48 months
4088,5822-ILGKK,Female,No,No,No,65,49-72 months
4089,5823-DOBPA,Female,No,Yes,No,10,00-12 months
4090,5826-QDGUZ,Female,No,Yes,No,61,49-72 months
4091,5827-SXUIV,Female,No,Yes,Yes,24,13-24 months
4092,5827-YVUUU,Male,No,No,No,35,25-48 months
4093,5829-JVKIR,Male,No,No,No,23,13-24 months
4094,5831-YOZTR,Female,No,No,No,62,49-72 months
4095,5832-MPGTJ,Female,No,Yes,No,65,49-72 months
4096,5834-VJFSQ,Male,No,No,No,33,25-48 months
4097,5835-UKVXC,Male,No,No,No,66,49-72 months
4098,5835-XUHBR,Female,Yes,Yes,Yes,3,00-12 months
4099,5837-AZBZZ,Female,No,No,No,6,00-12 months
4100,5837-PLEDE,Female,No,Yes,No,64,49-72 months
4101,5838-SNWZX,Female,No,No,No,60,49-72 months
4102,5840-NHBLY,Female,No,No,No,11,00-12 months
4103,5840-WRFDL,Male,Yes,No,No,2,00-12 months
4104,5844-YRYII,Male,Yes,Yes,Yes,60,49-72 months
4105,5845-XRWPB,Male,Yes,Yes,Yes,63,49-72 months
4106,5847-AWPNY,Male,No,No,No,43,25-48 months
4107,5854-KJVHQ,Male,No,No,No,20,13-24 months
4108,5855-GTBKH,Female,No,Yes,No,45,25-48 months
4109,5859-HZEYH,Female,Yes,Yes,Yes,60,49-72 months
4110,5861-BMXGR,Female,No,No,No,1,00-12 months
4111,5862-JLRXF,Female,No,Yes,Yes,14,13-24 months
4112,5863-SIQKD,Male,No,No,No,38,25-48 months
4113,5863-VFFVS,Female,No,Yes,No,70,49-72 months
4114,5865-LDZPC,Female,No,No,Yes,14,13-24 months
4115,5866-QUIAW,Female,Yes,No,No,10,00-12 months
4116,5867-ILGVL,Male,Yes,No,No,15,13-24 months
4117,5867-PFHPH,Male,No,No,No,3,00-12 months
4118,5868-FSSGW,Female,No,No,No,11,00-12 months
4119,5870-AQLJU,Male,Yes,No,No,69,49-72 months
4120,5871-QQIGU,Female,Yes,No,No,4,00-12 months
4121,5871-ZSGYD,Female,No,Yes,Yes,2,00-12 months
4122,5873-BBTSJ,Female,No,No,No,29,25-48 months
4123,5874-DURQN,Female,No,Yes,Yes,47,25-48 months
4124,5874-IABPY,Female,No,Yes,No,69,49-72 months
4125,5875-IYGEF,Female,No,No,No,18,13-24 months
4126,5880-DORMS,Male,No,Yes,No,64,49-72 months
4127,5885-HAKOC,Female,No,Yes,Yes,4,00-12 months
4128,5886-UHOKI,Male,No,Yes,Yes,19,13-24 months
4129,5887-MVXOQ,Male,No,Yes,Yes,38,25-48 months
4130,5888-FAFLU,Male,Yes,No,No,50,49-72 months
4131,5888-MNNAN,Male,No,No,No,1,00-12 months
4132,5889-ELFDC,Female,No,No,Yes,7,00-12 months
4133,5889-LUBFX,Female,Yes,No,No,32,25-48 months
4134,5890-RGVRX,Female,No,Yes,Yes,19,13-24 months
4135,5891-RLOMH,Female,Yes,No,No,14,13-24 months
4136,5894-VEMRI,Female,Yes,No,No,8,00-12 months
4137,5895-NSXIK,Female,No,Yes,Yes,48,25-48 months
4138,5895-VXOBQ,Female,Yes,Yes,Yes,4,00-12 months
4139,5896-BGSKZ,Female,No,Yes,No,55,49-72 months
4140,5897-ONGYK,Female,No,No,No,1,00-12 months
4141,5900-ODYJN,Female,No,No,No,18,13-24 months
4142,5901-PJRJQ,Female,No,No,No,52,49-72 months
4143,5902-YIMZP,Male,No,No,No,26,25-48 months
4144,5905-DIXBB,Male,No,Yes,No,72,49-72 months
4145,5908-MBHAJ,Female,Yes,No,No,24,13-24 months
4146,5911-DFCFL,Female,No,No,No,49,49-72 months
4147,5912-JZJZL,Male,No,Yes,No,69,49-72 months
4148,5916-AVAPK,Female,No,No,No,58,49-72 months
4149,5917-PBQNR,Female,No,Yes,No,53,49-72 months
4150,5918-OWCCY,Male,No,Yes,No,6,00-12 months
4151,5918-YJINW,Male,Yes,No,Yes,16,13-24 months
4152,5919-FAEUP,Female,No,No,No,6,00-12 months
4153,5919-KAPHI,Male,No,Yes,No,23,13-24 months
4154,5920-JJNHT,Female,No,Yes,No,14,13-24 months
4155,5922-RPWIP,Male,No,No,No,1,00-12 months
4156,5923-GXUNI,Female,No,No,No,4,00-12 months
4157,5923-ISUDR,Female,Yes,No,No,15,13-24 months
4158,5923-LFBKK,Male,No,Yes,Yes,14,13-24 months
4159,5926-FKQLU,Male,Yes,Yes,Yes,44,25-48 months
4160,5929-BKXKO,Female,No,Yes,Yes,11,00-12 months
4161,5929-LKFOO,Female,Yes,No,No,7,00-12 months
4162,5931-YNTCF,Female,No,Yes,No,3,00-12 months
4163,5932-CZDGZ,Male,No,No,No,65,49-72 months
4164,5933-LNIXN,Male,No,No,Yes,8,00-12 months
4165,5934-OALTP,Male,No,No,No,4,00-12 months
4166,5937-IFLYA,Male,No,Yes,Yes,3,00-12 months
4167,5939-ZOWVM,Female,No,No,No,15,13-24 months
4168,5940-QSEKC,Female,Yes,Yes,Yes,22,13-24 months
4169,5941-FTITQ,Female,No,No,No,2,00-12 months
4170,5941-GFPLA,Male,No,Yes,Yes,11,00-12 months
4171,5941-XYRRI,Female,No,No,No,7,00-12 months
4172,5943-ODILW,Female,No,Yes,No,52,49-72 months
4173,5945-NNVPN,Female,No,Yes,Yes,6,00-12 months
4174,5945-WUZXT,Female,Yes,Yes,No,1,00-12 months
4175,5951-EMZBB,Female,No,No,No,61,49-72 months
4176,5956-XKKKZ,Female,Yes,No,No,13,13-24 months
4177,5956-YMVQX,Female,No,No,No,58,49-72 months
4178,5957-LBPFG,Male,No,No,No,36,25-48 months
4179,5958-DTFCT,Female,No,Yes,No,30,25-48 months
4180,5960-DMZVA,Female,No,No,No,68,49-72 months
4181,5961-ZNWEI,Female,No,Yes,No,46,25-48 months
4182,5962-MTOIO,Female,Yes,No,No,1,00-12 months
4183,5963-XICUL,Male,No,Yes,No,43,25-48 months
4184,5967-SXXUT,Male,Yes,Yes,No,55,49-72 months
4185,5968-LBFLE,Female,No,No,No,1,00-12 months
4186,5968-RGWST,Male,No,Yes,No,66,49-72 months
4187,5972-DKMUP,Female,Yes,No,Yes,13,13-24 months
4188,5973-KQWCH,Female,No,No,No,59,49-72 months
4189,5974-GZGYZ,Female,Yes,No,No,53,49-72 months
4190,5978-CWHPE,Female,No,Yes,No,14,13-24 months
4191,5978-UULXX,Female,No,No,Yes,1,00-12 months
4192,5978-VANTL,Female,No,No,No,46,25-48 months
4193,5979-LYRSO,Female,No,Yes,Yes,60,49-72 months
4194,5979-TJDKF,Female,No,No,No,13,13-24 months
4195,5986-IQTAW,Male,Yes,No,No,22,13-24 months
4196,5987-OKORQ,Male,No,No,Yes,2,00-12 months
4197,5988-FFCIF,Male,No,Yes,No,12,00-12 months
4198,5988-ONEKW,Male,No,Yes,No,1,00-12 months
4199,5988-XJRSV,Male,No,Yes,No,44,25-48 months
4200,5989-FVVZE,Male,Yes,No,Yes,65,49-72 months
4201,5989-VLFYR,Female,No,No,No,10,00-12 months
4202,5990-CNCRB,Female,No,Yes,No,11,00-12 months
4203,5990-KLBSS,Female,No,No,No,50,49-72 months
4204,5990-LQVJN,Female,Yes,No,No,16,13-24 months
4205,5991-IZEKV,Male,No,No,No,67,49-72 months
4206,5994-AYWCK,Male,No,No,No,42,25-48 months
4207,5994-OZCND,Male,No,No,No,7,00-12 months
4208,5995-LBGBW,Female,No,No,No,12,00-12 months
4209,5997-XMLVC,Male,No,Yes,No,66,49-72 months
4210,5998-WGTOU,Female,No,No,Yes,19,13-24 months
4211,5999-HKGFL,Female,No,No,No,7,00-12 months
4212,6000-QUUCA,Female,No,Yes,No,6,00-12 months
4213,6002-LSRDJ,Male,No,No,No,61,49-72 months
4214,6003-ZTQIL,Male,No,Yes,No,1,00-12 months
4215,6006-PGYUW,Male,No,Yes,Yes,24,13-24 months
4216,6010-EZQRL,Female,No,Yes,No,68,49-72 months
4217,6012-LSWRK,Female,Yes,Yes,No,71,49-72 months
4218,6013-DOITO,Male,No,No,No,50,49-72 months
4219,6015-IXAHK,Male,No,Yes,Yes,14,13-24 months
4220,6016-DEAMS,Male,No,No,No,56,49-72 months
4221,6016-FCKPF,Female,No,Yes,Yes,25,25-48 months
4222,6017-GLXDW,Male,No,Yes,No,59,49-72 months
4223,6018-BSSCN,Male,No,No,No,6,00-12 months
4224,6019-JRZGI,Male,No,Yes,No,24,13-24 months
4225,6020-WRGHQ,Male,No,Yes,No,10,00-12 months
4226,6021-DCVTJ,Male,No,Yes,Yes,22,13-24 months
4227,6021-QOOUG,Female,Yes,Yes,Yes,4,00-12 months
4228,6022-JRQON,Male,No,No,No,30,25-48 months
4229,6023-KISGT,Male,No,No,No,2,00-12 months
4230,6025-DXAMW,Male,No,No,No,34,25-48 months
4231,6025-QOEFX,Female,No,No,No,12,00-12 months
4232,6028-BNUUK,Female,No,Yes,Yes,70,49-72 months
4233,6028-FIEIX,Male,No,Yes,Yes,15,13-24 months
4234,6029-BYZEU,Female,No,No,No,48,25-48 months
4235,6031-DERLD,Male,Yes,Yes,Yes,9,00-12 months
4236,6031-UOMWE,Female,No,Yes,No,65,49-72 months
4237,6033-YKDGX,Male,No,No,No,1,00-12 months
4238,6035-BIDAX,Male,Yes,No,No,30,25-48 months
4239,6035-LPDMI,Male,No,No,Yes,14,13-24 months
4240,6035-WJMPV,Female,Yes,No,No,21,13-24 months
4241,6036-FEMSA,Male,Yes,Yes,No,5,00-12 months
4242,6036-ZFUYN,Male,No,No,No,19,13-24 months
4243,6038-EISVC,Female,No,Yes,No,4,00-12 months
4244,6039-FMOCP,Female,No,No,No,3,00-12 months
4245,6040-JXUWX,Female,No,No,No,21,13-24 months
4246,6040-SUQDR,Male,No,No,No,2,00-12 months
4247,6041-GIJNJ,Male,No,No,No,40,25-48 months
4248,6041-NBXXE,Male,No,No,No,52,49-72 months
4249,6041-WWNXY,Male,No,Yes,No,39,25-48 months
4250,6042-YUFXR,Male,Yes,Yes,No,21,13-24 months
4251,6046-QXRIN,Female,No,Yes,Yes,12,00-12 months
4252,6047-BLSUH,Female,No,Yes,Yes,72,49-72 months
4253,6048-HZIIK,Male,No,No,No,28,25-48 months
4254,6055-XXZIP,Female,No,No,Yes,70,49-72 months
4255,6059-LUUMJ,Male,No,Yes,No,1,00-12 months
4256,6060-GZWZM,Female,No,No,No,22,13-24 months
4257,6062-UNDNZ,Female,No,Yes,Yes,66,49-72 months
4258,6063-VYPAQ,Female,No,No,No,12,00-12 months
4259,6065-PCISI,Female,No,Yes,Yes,30,25-48 months
4260,6066-BEVMQ,Male,No,No,No,8,00-12 months
4261,6068-RXFOK,Male,No,No,No,21,13-24 months
4262,6071-JYCID,Male,No,No,No,3,00-12 months
4263,6071-NZCYG,Male,No,Yes,No,2,00-12 months
4264,6073-BTOKM,Male,No,Yes,Yes,43,25-48 months
4265,6073-PWMLQ,Female,No,Yes,No,37,25-48 months
4266,6073-UPFZC,Male,No,No,No,31,25-48 months
4267,6073-WDJYD,Female,No,No,No,3,00-12 months
4268,6075-BFJAA,Female,No,Yes,No,68,49-72 months
4269,6075-JTEMC,Male,Yes,Yes,No,7,00-12 months
4270,6075-KBBJN,Female,Yes,No,No,18,13-24 months
4271,6075-XRSKB,Male,No,Yes,Yes,61,49-72 months
4272,6076-BLBCJ,Male,No,Yes,Yes,5,00-12 months
4273,6076-UGXGD,Male,No,No,No,2,00-12 months
4274,6077-TEIRV,Female,No,Yes,No,1,00-12 months
4275,6077-VBRTF,Female,No,No,No,15,13-24 months
4276,6080-XSUPY,Female,Yes,No,No,66,49-72 months
4277,6083-OOKMV,Female,Yes,No,No,1,00-12 months
4278,6083-WVIRF,Male,No,No,No,2,00-12 months
4279,6085-YNAHY,Female,No,No,No,11,00-12 months
4280,6086-PJEWW,Female,No,No,No,19,13-24 months
4281,6087-AIHBD,Female,Yes,Yes,Yes,38,25-48 months
4282,6087-BLPPD,Male,No,Yes,Yes,15,13-24 months
4283,6087-EOMCZ,Female,No,No,No,66,49-72 months
4284,6091-WCFOC,Male,No,Yes,No,21,13-24 months
4285,6093-BTLBK,Male,No,No,No,10,00-12 months
4286,6095-BFSFB,Female,No,Yes,No,67,49-72 months
4287,6096-KNPQA,Female,Yes,No,No,72,49-72 months
4288,6096-UVHMV,Female,No,Yes,Yes,22,13-24 months
4289,6097-NITIG,Male,No,No,No,71,49-72 months
4290,6098-NPTYS,Male,No,Yes,No,11,00-12 months
4291,6099-TDNOH,Female,No,No,No,49,49-72 months
4292,6100-QRYSR,Female,No,Yes,No,1,00-12 months
4293,6102-XNACN,Male,No,No,No,30,25-48 months
4294,6104-TGEIM,Male,Yes,Yes,No,22,13-24 months
4295,6106-LQYIX,Female,No,No,Yes,13,13-24 months
4296,6110-OPSJN,Female,No,Yes,Yes,34,25-48 months
4297,6111-BPZAM,Male,No,No,No,55,49-72 months
4298,6113-OBBXE,Female,No,Yes,No,52,49-72 months
4299,6114-DBNUM,Male,No,No,No,71,49-72 months
4300,6115-EEWNH,Female,Yes,Yes,No,1,00-12 months
4301,6115-MQLKF,Male,Yes,Yes,No,8,00-12 months
4302,6118-PFURT,Male,Yes,No,No,9,00-12 months
4303,6119-CMQIW,Female,No,No,No,57,49-72 months
4304,6119-WEPVH,Male,Yes,No,No,51,49-72 months
4305,6120-VMMGF,Male,No,Yes,No,8,00-12 months
4306,6122-SCNWK,Female,No,Yes,No,49,49-72 months
4307,6123-NHQCM,Female,Yes,No,Yes,12,00-12 months
4308,6124-ZDAXP,Male,No,Yes,Yes,3,00-12 months
4309,6126-SWDNN,Male,No,Yes,No,59,49-72 months
4310,6129-YHPXX,Male,No,No,No,69,49-72 months
4311,6132-BTTUH,Female,Yes,Yes,No,69,49-72 months
4312,6133-IGNVB,Female,No,Yes,Yes,1,00-12 months
4313,6133-MYVBX,Male,No,Yes,No,13,13-24 months
4314,6133-OOWUR,Male,No,Yes,No,33,25-48 months
4315,6138-BSJTO,Female,No,No,No,12,00-12 months
4316,6138-SVEQO,Male,No,Yes,Yes,57,49-72 months
4317,6140-ITTFS,Female,No,No,No,6,00-12 months
4318,6140-ZNBGQ,Male,No,Yes,Yes,44,25-48 months
4319,6141-NIVCD,Male,No,Yes,No,4,00-12 months
4320,6142-HRWBT,Female,No,Yes,No,21,13-24 months
4321,6142-KLVOO,Male,No,Yes,No,10,00-12 months
4322,6142-WGWBF,Male,No,No,No,20,13-24 months
4323,6144-TLNLL,Male,Yes,No,Yes,65,49-72 months
4324,6148-KNSHF,Male,No,No,No,2,00-12 months
4325,6151-FGVJF,Female,No,Yes,Yes,36,25-48 months
4326,6152-TMLLF,Male,No,Yes,Yes,18,13-24 months
4327,6154-XVAYB,Male,No,No,No,62,49-72 months
4328,6159-DFTGW,Male,No,No,No,56,49-72 months
4329,6159-VVTKN,Male,No,Yes,Yes,22,13-24 months
4330,6160-HIUEC,Female,No,Yes,Yes,42,25-48 months
4331,6162-UTDVN,Female,No,No,No,3,00-12 months
4332,6163-QIYGM,Male,No,No,Yes,45,25-48 months
4333,6166-BYRXO,Male,No,Yes,Yes,2,00-12 months
4334,6169-RZWJU,Female,No,No,No,1,00-12 months
4335,6171-RRFCS,Female,Yes,No,No,40,25-48 months
4336,6172-TZGTC,Male,No,Yes,Yes,18,13-24 months
4337,6173-YRWHF,Male,No,Yes,No,65,49-72 months
4338,6174-EFRHW,Male,No,No,No,17,13-24 months
4339,6174-MHPZA,Female,No,No,No,19,13-24 months
4340,6174-WRGVR,Female,Yes,No,No,51,49-72 months
4341,6175-AFXZQ,Female,No,Yes,Yes,5,00-12 months
4342,6175-PQEYH,Male,No,No,No,1,00-12 months
4343,6176-NNJXU,Female,No,Yes,Yes,23,13-24 months
4344,6177-EQKBL,Female,Yes,No,No,16,13-24 months
4345,6177-ZVCKK,Female,No,Yes,No,52,49-72 months
4346,6181-UIWLG,Female,Yes,Yes,No,19,13-24 months
4347,6183-CVTCZ,Male,Yes,Yes,No,23,13-24 months
4348,6183-MGTSZ,Male,No,Yes,No,21,13-24 months
4349,6183-YUWUK,Female,Yes,No,No,1,00-12 months
4350,6184-FTJFN,Male,No,Yes,No,19,13-24 months
4351,6185-OEBBQ,Male,No,No,No,20,13-24 months
4352,6185-WWICQ,Male,Yes,No,No,2,00-12 months
4353,6191-VQPMG,Female,No,Yes,No,69,49-72 months
4354,6193-UIHGD,Female,No,Yes,No,3,00-12 months
4355,6201-QOUXO,Male,No,No,No,22,13-24 months
4356,6201-SSPOM,Female,No,Yes,No,2,00-12 months
4357,6202-LOTJE,Female,No,No,No,12,00-12 months
4358,6204-UNXVP,Male,Yes,Yes,No,26,25-48 months
4359,6205-CMMAP,Female,No,Yes,No,18,13-24 months
4360,6205-PYILG,Female,No,Yes,Yes,53,49-72 months
4361,6205-SAFRI,Female,No,No,No,21,13-24 months
4362,6206-YQBFL,Male,No,Yes,Yes,37,25-48 months
4363,6209-CEAKI,Male,No,Yes,Yes,11,00-12 months
4364,6209-HLDZG,Female,No,No,No,32,25-48 months
4365,6209-YWJIU,Female,No,No,No,9,00-12 months
4366,6214-SEQHU,Male,No,No,No,18,13-24 months
4367,6217-VBENJ,Female,No,No,No,2,00-12 months
4368,6218-NXGZY,Male,No,No,Yes,44,25-48 months
4369,6221-XCTKL,Female,No,Yes,No,48,25-48 months
4370,6221-YMDNM,Female,No,Yes,Yes,42,25-48 months
4371,6223-KRDDW,Female,No,No,No,47,25-48 months
4372,6224-TJAVF,Female,Yes,No,No,64,49-72 months
4373,6225-WBNVV,Male,No,No,No,5,00-12 months
4374,6226-IHIOW,Male,No,No,No,10,00-12 months
4375,6228-ZFRDP,Female,No,Yes,No,8,00-12 months
4376,6229-JHLIV,Male,No,Yes,No,65,49-72 months
4377,6231-SWVNH,Male,No,No,No,72,49-72 months
4378,6234-CYCGZ,Female,No,No,No,41,25-48 months
4379,6235-INHSQ,Male,No,Yes,No,38,25-48 months
4380,6236-ZMPLX,Female,No,Yes,Yes,9,00-12 months
4381,6240-BYIKU,Female,Yes,No,No,41,25-48 months
4382,6243-AZKRN,Male,No,No,No,40,25-48 months
4383,6244-MXVUQ,Female,Yes,No,No,21,13-24 months
4384,6245-LKKRV,Female,No,Yes,No,66,49-72 months
4385,6248-NEPYR,Male,No,Yes,No,1,00-12 months
4386,6249-YTGVM,Female,No,No,No,65,49-72 months
4387,6252-LGFJO,Female,No,No,No,3,00-12 months
4388,6253-PBKCI,Male,No,Yes,Yes,5,00-12 months
4389,6254-FQTZD,Female,No,Yes,Yes,65,49-72 months
4390,6257-FXBQD,Female,No,Yes,Yes,8,00-12 months
4391,6258-TEASM,Male,No,No,No,19,13-24 months
4392,6260-RQUZV,Male,No,Yes,Yes,6,00-12 months
4393,6261-CBDYF,Female,No,No,Yes,33,25-48 months
4394,6262-AIXXZ,Female,Yes,Yes,Yes,69,49-72 months
4395,6262-LSGPQ,Female,No,Yes,Yes,67,49-72 months
4396,6264-KPSKX,Male,No,No,Yes,3,00-12 months
4397,6265-BQTAS,Male,No,Yes,Yes,42,25-48 months
4398,6268-JESZU,Male,No,Yes,Yes,21,13-24 months
4399,6270-TSGTO,Male,No,No,No,70,49-72 months
4400,6270-VMYYF,Male,Yes,No,No,27,25-48 months
4401,6271-EORQD,Male,No,No,No,21,13-24 months
4402,6274-ZQJHU,Male,No,No,No,7,00-12 months
4403,6277-SHUPF,Female,No,No,No,68,49-72 months
4404,6278-HIPEN,Male,No,Yes,Yes,25,25-48 months
4405,6279-IMYOH,Female,No,No,No,19,13-24 months
4406,6282-QHLMU,Male,Yes,No,No,2,00-12 months
4407,6285-RDBJZ,Male,No,No,No,5,00-12 months
4408,6287-KQIJP,Male,No,Yes,No,40,25-48 months
4409,6287-YVXDN,Female,No,Yes,Yes,53,49-72 months
4410,6288-CGEYY,Male,No,Yes,Yes,3,00-12 months
4411,6288-MFEHT,Female,No,Yes,Yes,68,49-72 months
4412,6289-QKEAI,Male,No,Yes,Yes,53,49-72 months
4413,6292-EHFPS,Female,No,No,Yes,53,49-72 months
4414,6297-SCITV,Male,No,Yes,Yes,23,13-24 months
4415,6299-YYUPA,Female,Yes,No,No,17,13-24 months
4416,6301-OFNQX,Male,No,Yes,No,5,00-12 months
4417,6302-VNGQZ,Female,No,Yes,No,53,49-72 months
4418,6304-YXRUX,Female,No,Yes,No,7,00-12 months
4419,6306-RDICA,Male,No,No,Yes,53,49-72 months
4420,6313-PXGHE,Male,Yes,No,No,62,49-72 months
4421,6315-UNVFS,Female,No,No,No,46,25-48 months
4422,6315-YUJIC,Male,No,Yes,No,9,00-12 months
4423,6319-YRKLP,Female,No,Yes,Yes,4,00-12 months
4424,6320-AAERN,Male,No,No,No,50,49-72 months
4425,6320-GFHFM,Male,No,Yes,No,40,25-48 months
4426,6321-FTGGI,Male,No,No,No,50,49-72 months
4427,6321-NOEMQ,Male,Yes,Yes,Yes,9,00-12 months
4428,6324-NTIWK,Female,No,No,Yes,46,25-48 months
4429,6329-GPSTK,Female,No,No,No,72,49-72 months
4430,6330-BNUWH,Male,No,No,No,11,00-12 months
4431,6331-YTQVN,Female,No,Yes,No,21,13-24 months
4432,6334-LHGFL,Male,Yes,Yes,Yes,35,25-48 months
4433,6335-CSFND,Male,No,Yes,Yes,6,00-12 months
4434,6335-KYSBW,Male,No,Yes,No,40,25-48 months
4435,6337-HHGMP,Female,No,Yes,No,63,49-72 months
4436,6337-SUSRJ,Male,No,No,No,57,49-72 months
4437,6339-UUPKY,Male,No,Yes,No,64,49-72 months
4438,6340-FVCGY,Male,Yes,Yes,No,58,49-72 months
4439,6343-IIVVD,Male,No,Yes,Yes,5,00-12 months
4440,6343-UWARC,Female,Yes,No,No,18,13-24 months
4441,6344-UVACQ,Male,No,Yes,No,18,13-24 months
4442,6345-LPFCX,Female,No,Yes,Yes,6,00-12 months
4443,6346-KANUA,Female,No,No,No,10,00-12 months
4444,6346-PTBXP,Male,No,Yes,Yes,33,25-48 months
4445,6346-XILOR,Male,Yes,Yes,No,7,00-12 months
4446,6347-RDGKL,Female,No,Yes,Yes,13,13-24 months
4447,6348-GHQAE,Female,No,No,No,2,00-12 months
4448,6349-CMBJP,Female,No,No,No,50,49-72 months
4449,6349-JJXWM,Female,No,No,No,20,13-24 months
4450,6349-LWMYZ,Male,No,No,No,10,00-12 months
4451,6351-ICUDE,Female,No,No,No,37,25-48 months
4452,6351-ZPFSP,Male,No,No,No,49,49-72 months
4453,6352-DFENL,Female,No,Yes,No,5,00-12 months
4454,6355-RWXAH,Male,No,Yes,Yes,2,00-12 months
4455,6357-IVCWA,Male,No,Yes,No,5,00-12 months
4456,6358-MWMXU,Male,Yes,Yes,Yes,18,13-24 months
4457,6360-JJTPG,Male,Yes,Yes,Yes,32,25-48 months
4458,6362-CQSPC,Female,Yes,Yes,No,9,00-12 months
4459,6363-GPHDG,Male,No,No,No,10,00-12 months
4460,6367-OFFVM,Male,No,No,No,6,00-12 months
4461,6368-ANXAU,Male,Yes,Yes,No,9,00-12 months
4462,6368-EUCIQ,Female,Yes,Yes,No,52,49-72 months
4463,6368-OCOEN,Male,No,Yes,Yes,11,00-12 months
4464,6368-PQALE,Female,No,No,No,12,00-12 months
4465,6368-TXQTF,Male,No,No,Yes,38,25-48 months
4466,6378-UJDAL,Female,No,No,No,40,25-48 months
4467,6379-CPWCA,Female,No,No,No,19,13-24 months
4468,6379-YHAGO,Female,No,Yes,Yes,28,25-48 months
4469,6380-ZSPXL,Male,Yes,No,No,5,00-12 months
4470,6381-ONDRT,Male,No,Yes,Yes,27,25-48 months
4471,6381-QFPYQ,Male,No,Yes,No,11,00-12 months
4472,6382-HNWIK,Male,No,No,Yes,47,25-48 months
4473,6387-NMLQR,Female,No,No,No,27,25-48 months
4474,6387-PTZAZ,Male,Yes,No,No,49,49-72 months
4475,6390-ACEUF,Male,No,No,No,41,25-48 months
4476,6393-RVBJA,Female,No,Yes,Yes,19,13-24 months
4477,6394-QWYIY,Female,No,No,No,24,13-24 months
4478,6394-YWHCO,Male,No,Yes,No,23,13-24 months
4479,6399-ZUFXK,Female,Yes,No,No,27,25-48 months
4480,6403-JUSUP,Male,No,Yes,No,27,25-48 months
4481,6403-YWPHR,Male,No,Yes,No,8,00-12 months
4482,6404-PXGZF,Male,No,No,No,4,00-12 months
4483,6405-GWIPG,Male,No,No,No,2,00-12 months
4484,6405-RACMC,Female,No,No,No,62,49-72 months
4485,6406-DEIBK,Female,Yes,No,No,3,00-12 months
4486,6406-GQQZX,Male,No,No,No,10,00-12 months
4487,6407-WANCE,Male,Yes,No,No,70,49-72 months
4488,6407-YYIHT,Female,No,No,Yes,55,49-72 months
4489,6409-AZBIY,Male,No,Yes,No,15,13-24 months
4490,6409-RQCBC,Female,Yes,Yes,Yes,2,00-12 months
4491,6409-XRNFG,Female,Yes,Yes,Yes,1,00-12 months
4492,6410-UUPTX,Male,No,No,No,1,00-12 months
4493,6411-VDUNQ,Male,No,No,No,1,00-12 months
4494,6412-LDYOG,Female,No,Yes,No,57,49-72 months
4495,6412-RACQX,Female,Yes,No,No,34,25-48 months
4496,6413-NJTUT,Male,No,Yes,No,45,25-48 months
4497,6414-UDZZH,Female,No,No,No,53,49-72 months
4498,6416-UCRVD,Male,Yes,Yes,Yes,5,00-12 months
4499,6417-HEBRP,Female,No,No,No,55,49-72 months
4500,6418-YCKHY,Male,Yes,Yes,Yes,16,13-24 months
4501,6421-SGNAG,Female,No,No,No,46,25-48 months
4502,6425-FJHRW,Male,No,No,No,2,00-12 months
4503,6427-EOXVL,Male,No,No,No,67,49-72 months
4504,6427-UIVEG,Male,No,No,No,62,49-72 months
4505,6429-XADMK,Female,No,Yes,No,60,49-72 months
4506,6430-DCUIU,Female,No,Yes,No,1,00-12 months
4507,6430-NOPSB,Female,No,No,No,31,25-48 months
4508,6434-HTNGZ,Female,No,No,No,58,49-72 months
4509,6435-DCFHC,Female,No,No,Yes,7,00-12 months
4510,6435-FCSIA,Female,Yes,Yes,Yes,35,25-48 months
4511,6435-ZJQJS,Male,No,No,No,72,49-72 months
4512,6437-KDNWI,Male,No,No,Yes,59,49-72 months
4513,6438-WGBCZ,Female,Yes,Yes,Yes,67,49-72 months
4514,6441-XEZBF,Male,No,Yes,No,67,49-72 months
4515,6446-PVUAC,Female,No,Yes,No,46,25-48 months
4516,6447-KAHDA,Male,No,Yes,Yes,5,00-12 months
4517,6451-IRKRC,Male,No,No,No,4,00-12 months
4518,6453-QWJWA,Male,Yes,Yes,No,71,49-72 months
4519,6455-JTPPU,Female,No,No,No,16,13-24 months
4520,6455-RZEWP,Female,Yes,No,No,70,49-72 months
4521,6455-UOUIN,Female,No,Yes,No,51,49-72 months
4522,6456-GKBEU,Female,No,No,No,9,00-12 months
4523,6458-JKNCT,Male,No,Yes,No,18,13-24 months
4524,6458-UWUUW,Male,Yes,Yes,No,57,49-72 months
4525,6458-WWCWT,Female,No,No,No,11,00-12 months
4526,6459-DUJWS,Male,No,Yes,No,10,00-12 months
4527,6459-IEBWA,Female,No,Yes,Yes,2,00-12 months
4528,6463-EKVXK,Female,No,No,No,53,49-72 months
4529,6463-TSPLL,Male,No,No,No,45,25-48 months
4530,6467-HRLHK,Male,No,No,No,36,25-48 months
4531,6467-JKHGQ,Female,Yes,No,No,49,49-72 months
4532,6469-CGWZM,Male,No,Yes,Yes,25,25-48 months
4533,6473-KIJJH,Male,Yes,No,No,14,13-24 months
4534,6473-ZZGAH,Female,No,Yes,No,32,25-48 months
4535,6474-ASOHM,Female,No,No,Yes,44,25-48 months
4536,6475-KMFEX,Male,Yes,Yes,Yes,16,13-24 months
4537,6476-XKNEJ,Female,No,Yes,Yes,5,00-12 months
4538,6478-XDBRP,Female,No,Yes,Yes,19,13-24 months
4539,6481-ZUGNA,Male,Yes,No,No,1,00-12 months
4540,6482-ZBUCT,Female,No,Yes,Yes,66,49-72 months
4541,6483-JDEYN,Female,No,Yes,Yes,41,25-48 months
4542,6485-IALZG,Male,No,No,No,68,49-72 months
4543,6485-YDOHL,Male,Yes,Yes,No,1,00-12 months
4544,6487-ACLPR,Male,No,No,No,3,00-12 months
4545,6488-DSQZZ,Female,No,Yes,No,14,13-24 months
4546,6488-PFULG,Male,No,Yes,Yes,9,00-12 months
4547,6493-UQUXV,Female,No,Yes,Yes,6,00-12 months
4548,6494-AGTWY,Male,Yes,No,No,8,00-12 months
4549,6496-OYCSY,Male,No,Yes,No,20,13-24 months
4550,6496-WYDCU,Male,No,No,No,67,49-72 months
4551,6498-CFOOU,Female,No,No,No,28,25-48 months
4552,6500-JBROR,Male,No,No,No,1,00-12 months
4553,6503-TJCJR,Female,No,No,No,41,25-48 months
4554,6504-XCHZO,Female,No,Yes,Yes,2,00-12 months
4555,6506-QAKWU,Male,No,Yes,No,6,00-12 months
4556,6509-EXIUI,Male,No,Yes,Yes,60,49-72 months
4557,6510-BIZIE,Female,Yes,No,No,62,49-72 months
4558,6511-KMNOK,Female,No,No,No,22,13-24 months
4559,6513-KNCWD,Female,No,Yes,Yes,33,25-48 months
4560,6513-YNPRY,Male,No,No,No,1,00-12 months
4561,6513-ZJNHA,Female,No,No,No,71,49-72 months
4562,6515-BILSW,Female,No,No,No,65,49-72 months
4563,6515-ZXYKQ,Male,Yes,Yes,No,39,25-48 months
4564,6516-JHVKQ,Female,No,No,No,54,49-72 months
4565,6516-VMXFZ,Female,No,No,No,18,13-24 months
4566,6517-ROGYK,Male,No,Yes,Yes,17,13-24 months
4567,6518-TNNLI,Female,No,No,No,26,25-48 months
4568,6518-WQYDJ,Male,No,No,No,22,13-24 months
4569,6520-NUPGN,Female,Yes,No,Yes,4,00-12 months
4570,6521-OGLOZ,Female,No,Yes,No,32,25-48 months
4571,6522-IZMTH,Male,No,No,No,1,00-12 months
4572,6526-BQQNR,Female,No,No,No,58,49-72 months
4573,6527-TNUYO,Male,No,No,No,72,49-72 months
4574,6528-CWMEI,Female,No,Yes,No,57,49-72 months
4575,6530-MECRT,Female,No,No,No,15,13-24 months
4576,6532-WGXKC,Female,No,Yes,Yes,34,25-48 months
4577,6535-KJIFZ,Male,No,No,No,15,13-24 months
4578,6535-SNAYV,Female,No,No,No,21,13-24 months
4579,6538-QWSVU,Male,Yes,Yes,No,10,00-12 months
4580,6538-ZXPUN,Female,No,No,No,4,00-12 months
4581,6539-ABVYK,Female,No,No,Yes,12,00-12 months
4582,6541-XRFFQ,Female,No,Yes,Yes,58,49-72 months
4583,6542-GHQJR,Female,No,No,Yes,11,00-12 months
4584,6542-SZFLM,Female,No,Yes,No,66,49-72 months
4585,6543-UUMHE,Male,No,Yes,No,33,25-48 months
4586,6545-IFFZC,Male,No,No,No,30,25-48 months
4587,6547-XAUCO,Female,Yes,No,No,10,00-12 months
4588,6547-XZGSW,Female,Yes,Yes,Yes,20,13-24 months
4589,6550-MYRAV,Female,No,Yes,No,1,00-12 months
4590,6551-GIEDC,Male,No,Yes,Yes,12,00-12 months
4591,6553-MGGBW,Male,No,Yes,No,67,49-72 months
4592,6556-MLIKQ,Female,No,No,Yes,54,49-72 months
4593,6559-ZXCTP,Male,No,Yes,Yes,59,49-72 months
4594,6562-DVGAN,Male,No,Yes,Yes,10,00-12 months
4595,6563-ARLWR,Male,Yes,Yes,No,14,13-24 months
4596,6563-FAVCA,Female,Yes,No,No,2,00-12 months
4597,6565-YMCBK,Male,No,No,Yes,70,49-72 months
4598,6567-IAZFV,Male,No,Yes,No,61,49-72 months
4599,6568-CRPAF,Female,No,No,No,16,13-24 months
4600,6570-PNCIC,Female,No,Yes,Yes,60,49-72 months
4601,6570-WCGLX,Female,No,Yes,No,20,13-24 months
4602,6572-EJHFZ,Male,No,Yes,Yes,6,00-12 months
4603,6572-XFUSP,Male,No,Yes,No,5,00-12 months
4604,6573-WPVWW,Male,No,Yes,Yes,58,49-72 months
4605,6574-KERMD,Female,Yes,Yes,No,7,00-12 months
4606,6575-QBTQU,Male,No,Yes,No,63,49-72 months
4607,6575-XYOSX,Male,No,No,No,12,00-12 months
4608,6579-FAYXE,Male,No,Yes,No,6,00-12 months
4609,6582-CHNFG,Male,No,Yes,No,67,49-72 months
4610,6582-FMNMA,Female,No,No,No,65,49-72 months
4611,6582-PBMPY,Male,No,Yes,Yes,14,13-24 months
4612,6585-ETMOQ,Female,No,No,No,36,25-48 months
4613,6585-RESOZ,Male,Yes,No,Yes,36,25-48 months
4614,6586-OQTMV,Female,Yes,No,No,36,25-48 months
4615,6587-JNFBK,Female,No,No,No,11,00-12 months
4616,6587-LBKWN,Male,No,No,No,8,00-12 months
4617,6591-AXKTT,Female,Yes,No,No,10,00-12 months
4618,6591-SVSHT,Male,Yes,No,No,11,00-12 months
4619,6592-LMGZK,Female,Yes,Yes,Yes,62,49-72 months
4620,6592-MBZFC,Male,No,No,No,7,00-12 months
4621,6593-OGVCX,Female,No,Yes,Yes,22,13-24 months
4622,6602-QIWCV,Female,No,No,No,29,25-48 months
4623,6604-LWTJL,Male,No,No,No,52,49-72 months
4624,6604-NPXNR,Male,No,No,Yes,42,25-48 months
4625,6606-TVJWM,Female,Yes,Yes,No,17,13-24 months
4626,6607-CMVHY,Male,No,No,No,63,49-72 months
4627,6611-JLTGP,Male,No,No,Yes,53,49-72 months
4628,6618-OJHOX,Female,No,Yes,Yes,62,49-72 months
4629,6619-UHGMQ,Female,No,Yes,No,20,13-24 months
4630,6623-DDDHB,Male,No,Yes,No,67,49-72 months
4631,6626-RPBQW,Male,No,Yes,No,26,25-48 months
4632,6626-ZASBP,Male,No,Yes,No,71,49-72 months
4633,6627-UYWTZ,Male,No,Yes,Yes,4,00-12 months
4634,6630-DARKK,Male,No,Yes,No,68,49-72 months
4635,6630-FRRET,Female,Yes,No,No,41,25-48 months
4636,6635-DKZXU,Male,No,No,No,54,49-72 months
4637,6635-MOJIR,Male,No,Yes,No,68,49-72 months
4638,6635-OAPLP,Male,No,No,No,56,49-72 months
4639,6639-VXMDO,Female,No,No,No,67,49-72 months
4640,6640-IZHYV,Male,No,No,No,9,00-12 months
4641,6640-MUBRJ,Female,No,No,No,2,00-12 months
4642,6642-BLPOM,Female,No,No,No,35,25-48 months
4643,6643-VENYU,Female,No,Yes,No,15,13-24 months
4644,6644-HNSNK,Female,No,Yes,No,6,00-12 months
4645,6645-KEFSG,Female,Yes,No,No,5,00-12 months
4646,6647-GSOFC,Female,No,No,No,16,13-24 months
4647,6648-PJUJC,Male,No,No,No,7,00-12 months
4648,6649-NJSJF,Female,No,No,No,5,00-12 months
4649,6651-JVNZW,Female,No,Yes,No,31,25-48 months
4650,6652-HNNSY,Male,No,No,No,1,00-12 months
4651,6655-MQGIR,Male,No,No,No,61,49-72 months
4652,6656-CPQJJ,Female,No,Yes,No,67,49-72 months
4653,6658-HSSDE,Male,Yes,Yes,Yes,72,49-72 months
4654,6659-NCMTI,Female,No,Yes,Yes,24,13-24 months
4655,6662-EWDPE,Male,No,Yes,No,9,00-12 months
4656,6664-BYYFM,Female,No,No,No,8,00-12 months
4657,6664-RJKCA,Male,No,No,No,2,00-12 months
4658,6664-UOOEY,Male,No,Yes,Yes,26,25-48 months
4659,6666-RNPTX,Male,No,Yes,Yes,5,00-12 months
4660,6667-KLLUQ,Male,No,Yes,Yes,63,49-72 months
4661,6669-DMJYY,Male,No,No,No,6,00-12 months
4662,6669-DNWMA,Male,No,Yes,No,12,00-12 months
4663,6670-CJRHG,Male,No,Yes,Yes,60,49-72 months
4664,6672-KSLTZ,Female,No,No,No,58,49-72 months
4665,6676-ETSWO,Female,Yes,No,No,8,00-12 months
4666,6676-YIXPE,Male,No,No,No,8,00-12 months
4667,6677-LDOSF,Male,No,No,No,31,25-48 months
4668,6679-DHJXW,Female,No,No,No,58,49-72 months
4669,6679-ZWVIB,Male,Yes,Yes,No,21,13-24 months
4670,6680-KMQKU,Male,No,Yes,Yes,72,49-72 months
4671,6681-VFHYL,Male,No,Yes,No,56,49-72 months
4672,6681-YOHPQ,Female,No,No,No,30,25-48 months
4673,6685-CWLSI,Male,Yes,Yes,No,11,00-12 months
4674,6686-MNXIM,Male,No,Yes,Yes,45,25-48 months
4675,6688-VHKXB,Male,No,No,No,69,49-72 months
4676,6691-UZYDU,Male,No,Yes,No,30,25-48 months
4677,6692-NPBIL,Female,No,No,No,50,49-72 months
4678,6693-GVYWH,Female,No,No,No,38,25-48 months
4679,6696-IDEAZ,Male,No,No,No,14,13-24 months
4680,6698-NJIDX,Female,No,Yes,Yes,2,00-12 months
4681,6698-SEDJP,Female,No,No,No,12,00-12 months
4682,6701-VVXVY,Female,Yes,Yes,Yes,65,49-72 months
4683,6704-TPBFD,Female,No,Yes,Yes,59,49-72 months
4684,6705-WEBKI,Male,No,Yes,Yes,15,13-24 months
4685,6706-ZURAN,Male,No,No,No,1,00-12 months
4686,6709-ETEFV,Female,No,No,No,3,00-12 months
4687,6710-KJNCJ,Female,No,Yes,No,1,00-12 months
4688,6710-XRGXC,Male,No,Yes,No,57,49-72 months
4689,6711-MLYEO,Male,No,Yes,No,5,00-12 months
4690,6711-QDPFG,Female,No,No,Yes,25,25-48 months
4691,6715-CJQQB,Male,No,Yes,No,69,49-72 months
4692,6715-FOBDT,Female,No,Yes,No,55,49-72 months
4693,6715-LGITT,Male,No,No,No,71,49-72 months
4694,6715-TJZME,Female,No,No,No,59,49-72 months
4695,6716-OGKAS,Female,No,Yes,Yes,30,25-48 months
4696,6717-EMCTT,Female,Yes,Yes,Yes,12,00-12 months
4697,6718-THJGK,Male,No,Yes,No,27,25-48 months
4698,6720-ELUDM,Male,No,No,No,28,25-48 months
4699,6720-SFESE,Female,No,Yes,No,9,00-12 months
4700,6721-SLCAM,Male,No,No,Yes,26,25-48 months
4701,6723-TZFPR,Female,No,Yes,Yes,13,13-24 months
4702,6728-IJHQW,Male,No,Yes,Yes,67,49-72 months
4703,6728-MFRIP,Female,No,Yes,No,34,25-48 months
4704,6729-TLLKT,Male,No,Yes,Yes,58,49-72 months
4705,6731-VIBAQ,Male,Yes,Yes,No,1,00-12 months
4706,6734-MWCGG,Female,No,Yes,No,30,25-48 months
4707,6736-MLVNV,Male,No,Yes,No,4,00-12 months
4708,6737-UQWMO,Female,No,No,No,59,49-72 months
4709,6738-PQVNS,Female,No,Yes,No,34,25-48 months
4710,6741-CXERL,Male,No,Yes,No,1,00-12 months
4711,6741-PFIGQ,Female,No,Yes,Yes,2,00-12 months
4712,6742-BXOJJ,Female,No,Yes,Yes,4,00-12 months
4713,6742-GMKDP,Female,No,Yes,No,46,25-48 months
4714,6742-PIVPL,Female,No,No,No,32,25-48 months
4715,6742-RSWWA,Male,No,No,No,56,49-72 months
4716,6744-UQIPR,Male,No,No,No,6,00-12 months
4717,6745-ROTBN,Male,Yes,Yes,Yes,14,13-24 months
4718,6748-CTLHQ,Male,No,No,No,46,25-48 months
4719,6749-RHDEF,Female,No,Yes,Yes,6,00-12 months
4720,6752-ASEGV,Male,No,No,No,16,13-24 months
4721,6753-JCDYJ,Female,No,No,Yes,19,13-24 months
4722,6754-XOCXL,Male,No,Yes,Yes,8,00-12 months
4723,6756-KRLPX,Male,No,No,No,6,00-12 months
4724,6757-NLYWZ,Male,No,No,No,27,25-48 months
4725,6760-QVSSB,Male,No,No,No,45,25-48 months
4726,6760-XQGVD,Female,Yes,Yes,No,45,25-48 months
4727,6764-MGNYF,Male,No,No,No,14,13-24 months
4728,6764-UWHBT,Male,Yes,No,No,7,00-12 months
4729,6767-ZRLVF,Male,Yes,No,No,18,13-24 months
4730,6769-RZNLO,Female,No,Yes,Yes,30,25-48 months
4731,6771-INYGH,Male,No,No,No,60,49-72 months
4732,6773-SBUJT,Male,Yes,Yes,Yes,55,49-72 months
4733,6775-CWWRY,Male,No,Yes,Yes,1,00-12 months
4734,6775-NHHQE,Female,No,No,No,72,49-72 months
4735,6775-THYGN,Male,No,No,No,37,25-48 months
4736,6775-YIRWL,Male,Yes,No,No,6,00-12 months
4737,6776-DZKIB,Male,No,Yes,No,7,00-12 months
4738,6779-UTFJM,Female,No,Yes,Yes,28,25-48 months
4739,6781-AQMGG,Male,No,No,No,15,13-24 months
4740,6781-ELHTI,Female,No,Yes,No,72,49-72 months
4741,6781-TDZCH,Male,No,Yes,Yes,7,00-12 months
4742,6782-CSWTH,Female,No,Yes,No,27,25-48 months
4743,6784-TIDHU,Female,No,No,No,14,13-24 months
4744,6785-MFAQR,Male,No,Yes,No,1,00-12 months
4745,6785-TJIVE,Female,Yes,No,No,66,49-72 months
4746,6787-JOBKJ,Male,No,Yes,No,57,49-72 months
4747,6787-RDRFT,Male,Yes,No,No,61,49-72 months
4748,6788-BGAYA,Male,No,Yes,No,7,00-12 months
4749,6791-DQHEM,Female,Yes,No,No,71,49-72 months
4750,6791-UEGKV,Male,No,Yes,Yes,10,00-12 months
4751,6792-LFFRN,Female,No,Yes,Yes,7,00-12 months
4752,6792-TFRZR,Male,No,Yes,No,24,13-24 months
4753,6793-CRILS,Female,Yes,Yes,No,7,00-12 months
4754,6794-XESUD,Female,No,Yes,Yes,72,49-72 months
4755,6796-NGGJJ,Female,No,Yes,Yes,31,25-48 months
4756,6797-HURIT,Male,No,No,No,26,25-48 months
4757,6798-UAQDL,Male,No,Yes,Yes,3,00-12 months
4758,6800-BVFXO,Female,Yes,Yes,Yes,4,00-12 months
4759,6803-ZUTOG,Male,No,No,No,57,49-72 months
4760,6804-ZWWCA,Female,No,Yes,Yes,34,25-48 months
4761,6806-XUGFX,Female,No,No,Yes,22,13-24 months
4762,6808-MSFLK,Female,Yes,No,No,6,00-12 months
4763,6808-ZCRNP,Male,Yes,No,No,16,13-24 months
4764,6809-JGWPX,Male,No,No,No,52,49-72 months
4765,6810-DRKUW,Male,No,No,Yes,34,25-48 months
4766,6810-GJSPR,Female,No,No,Yes,7,00-12 months
4767,6812-HGDAN,Female,No,Yes,No,34,25-48 months
4768,6812-NZKFD,Male,No,No,No,15,13-24 months
4769,6812-OZGJS,Male,Yes,Yes,No,68,49-72 months
4770,6812-SGZHO,Female,No,No,No,66,49-72 months
4771,6813-NIIPZ,Male,No,No,No,22,13-24 months
4772,6813-WLTZY,Male,No,No,No,7,00-12 months
4773,6814-CGXIT,Female,No,Yes,Yes,38,25-48 months
4774,6816-DXFVR,Male,No,Yes,Yes,3,00-12 months
4775,6817-GNWRJ,Female,Yes,No,No,71,49-72 months
4776,6817-KOOFG,Male,Yes,No,No,24,13-24 months
4777,6817-XVZAN,Female,No,Yes,Yes,3,00-12 months
4778,6821-QUAUA,Male,No,Yes,Yes,6,00-12 months
4779,6822-FBUWC,Male,No,Yes,No,67,49-72 months
4780,6826-EYHVI,Female,No,No,No,48,25-48 months
4781,6826-KWDGC,Female,No,No,Yes,50,49-72 months
4782,6827-GWEXS,Female,Yes,Yes,Yes,1,00-12 months
4783,6830-VEPXM,Female,No,No,No,71,49-72 months
4784,6833-RUTAQ,Male,No,Yes,No,2,00-12 months
4785,6833-WOEXU,Female,No,No,No,45,25-48 months
4786,6834-GGFQR,Female,No,Yes,No,37,25-48 months
4787,6834-LCDIQ,Female,No,No,No,47,25-48 months
4788,6836-BBDBQ,Male,Yes,No,No,1,00-12 months
4789,6836-SPMIK,Male,No,No,No,62,49-72 months
4790,6839-RYRDN,Male,No,No,No,37,25-48 months
4791,6844-JMMHO,Male,No,Yes,No,28,25-48 months
4792,6849-TTOQN,Female,No,Yes,No,51,49-72 months
4793,6850-TVKRA,Female,No,No,Yes,12,00-12 months
4794,6852-SWAZB,Male,No,Yes,Yes,44,25-48 months
4795,6856-KDXLY,Male,Yes,No,No,16,13-24 months
4796,6857-BGPQC,Female,No,No,No,30,25-48 months
4797,6858-KDIML,Female,No,Yes,Yes,70,49-72 months
4798,6860-IYXIG,Female,No,Yes,Yes,25,25-48 months
4799,6864-VJEKP,Female,No,Yes,No,2,00-12 months
4800,6867-KJMZG,Male,No,Yes,No,65,49-72 months
4801,6867-RXZTR,Male,No,No,No,13,13-24 months
4802,6868-VQBPE,Male,No,Yes,Yes,72,49-72 months
4803,6871-MZQJC,Female,No,Yes,No,71,49-72 months
4804,6872-IPESS,Male,No,Yes,No,11,00-12 months
4805,6872-OVPWK,Female,Yes,No,No,72,49-72 months
4806,6872-QVSVK,Female,No,No,No,65,49-72 months
4807,6873-QPAOH,Female,No,Yes,No,10,00-12 months
4808,6877-SPGUO,Female,Yes,Yes,No,5,00-12 months
4809,6881-AJZJP,Female,No,No,No,5,00-12 months
4810,6882-EJISG,Female,Yes,Yes,Yes,32,25-48 months
4811,6882-ZCYBN,Male,No,Yes,Yes,16,13-24 months
4812,6885-LQQLM,Female,No,No,Yes,10,00-12 months
4813,6890-TGGKQ,Female,No,No,No,6,00-12 months
4814,6896-KXKOG,Male,No,No,No,12,00-12 months
4815,6900-BIQRI,Male,No,No,No,70,49-72 months
4816,6900-ZPURJ,Male,Yes,Yes,No,6,00-12 months
4817,6901-SOSOV,Male,Yes,Yes,Yes,9,00-12 months
4818,6901-UMVBP,Male,No,No,No,35,25-48 months
4819,6903-USJXE,Female,Yes,No,No,18,13-24 months
4820,6905-IPJWS,Male,No,Yes,Yes,26,25-48 months
4821,6907-LKHDP,Female,No,No,No,6,00-12 months
4822,6908-ASUSN,Male,No,No,No,11,00-12 months
4823,6908-GTLMP,Male,No,Yes,Yes,58,49-72 months
4824,6908-JDOUI,Female,Yes,No,Yes,14,13-24 months
4825,6909-FKVDD,Female,No,No,Yes,15,13-24 months
4826,6917-EMSCB,Male,No,No,No,31,25-48 months
4827,6918-ZPYKZ,Female,No,No,No,16,13-24 months
4828,6922-VVFKN,Female,No,No,No,56,49-72 months
4829,6925-LSLST,Male,No,Yes,No,33,25-48 months
4830,6925-UMIPJ,Male,No,Yes,No,3,00-12 months
4831,6925-VENAM,Female,No,No,No,22,13-24 months
4832,6927-DVFKN,Female,No,No,No,16,13-24 months
4833,6927-NZUAJ,Female,No,No,No,13,13-24 months
4834,6928-GSBIW,Female,No,Yes,No,8,00-12 months
4835,6934-PGSYR,Female,No,No,No,45,25-48 months
4836,6935-CEPJM,Female,Yes,No,No,27,25-48 months
4837,6936-ZAUKS,Female,No,Yes,No,62,49-72 months
4838,6938-WNXJM,Male,No,Yes,No,18,13-24 months
4839,6941-BBSQB,Male,No,No,No,1,00-12 months
4840,6943-UUVOQ,Female,No,Yes,No,40,25-48 months
4841,6944-BGITY,Male,No,No,No,13,13-24 months
4842,6944-GJPKH,Female,No,Yes,Yes,11,00-12 months
4843,6945-AJFPB,Female,No,Yes,Yes,4,00-12 months
4844,6947-TCMZW,Male,No,No,No,70,49-72 months
4845,6948-GEBWF,Male,No,Yes,Yes,54,49-72 months
4846,6952-DTFKS,Male,No,Yes,No,42,25-48 months
4847,6959-LNOQK,Male,No,No,No,6,00-12 months
4848,6961-LHYRL,Female,No,Yes,No,26,25-48 months
4849,6967-BAWVV,Female,No,No,No,5,00-12 months
4850,6967-MSEXN,Male,No,No,No,16,13-24 months
4851,6967-WXCFB,Female,Yes,No,No,46,25-48 months
4852,6968-MCFTR,Female,No,Yes,Yes,13,13-24 months
4853,6968-RNEXL,Male,No,No,No,52,49-72 months
4854,6969-BMQRO,Female,Yes,No,No,9,00-12 months
4855,6969-DNNOY,Male,No,Yes,Yes,9,00-12 months
4856,6969-OPAME,Female,No,Yes,Yes,41,25-48 months
4857,6970-YJFTO,Female,No,Yes,No,7,00-12 months
4858,6971-DXJUR,Male,No,No,No,1,00-12 months
4859,6972-ODMXJ,Male,Yes,No,No,41,25-48 months
4860,6972-PMGNG,Male,No,Yes,No,8,00-12 months
4861,6978-HYFRA,Male,Yes,No,No,60,49-72 months
4862,6982-ITCWJ,Male,No,No,No,6,00-12 months
4863,6983-STTDR,Male,No,Yes,Yes,66,49-72 months
4864,6984-OXQNN,Female,No,No,No,6,00-12 months
4865,6986-JSBIK,Female,No,Yes,No,6,00-12 months
4866,6988-AFUMN,Female,No,Yes,No,6,00-12 months
4867,6989-NELGM,Female,No,No,No,71,49-72 months
4868,6990-IIMDK,Male,No,No,No,4,00-12 months
4869,6993-TGIYV,Female,No,Yes,Yes,9,00-12 months
4870,6993-XQVUV,Male,No,No,No,18,13-24 months
4871,6994-IIPRP,Male,No,No,No,53,49-72 months
4872,6994-RARUH,Male,No,Yes,No,69,49-72 months
4873,6995-UHDDV,Male,No,Yes,Yes,16,13-24 months
4874,6996-OWXSL,Female,No,Yes,No,65,49-72 months
4875,6997-CTCFK,Female,No,Yes,Yes,16,13-24 months
4876,6997-ULPPV,Male,No,Yes,No,41,25-48 months
4877,6998-XPRGG,Male,Yes,Yes,No,15,13-24 months
4878,7000-GYZCT,Female,No,No,No,65,49-72 months
4879,7004-EJFSY,Female,No,No,Yes,6,00-12 months
4880,7005-JBZLX,Female,No,Yes,Yes,14,13-24 months
4881,7006-NSLEK,Male,No,No,No,7,00-12 months
4882,7006-YPERB,Male,No,Yes,No,6,00-12 months
4883,7007-GKSYO,Female,No,Yes,Yes,56,49-72 months
4884,7009-JBGPZ,Female,No,Yes,No,46,25-48 months
4885,7010-ZDWAF,Female,No,No,Yes,66,49-72 months
4886,7012-WDVVC,Male,Yes,No,No,45,25-48 months
4887,7014-LILHH,Female,No,Yes,Yes,65,49-72 months
4888,7014-ORYMY,Female,No,No,No,13,13-24 months
4889,7019-MWCRU,Male,No,Yes,Yes,69,49-72 months
4890,7019-XMMLJ,Female,No,Yes,No,59,49-72 months
4891,7021-GIVJD,Female,No,Yes,No,52,49-72 months
4892,7023-DCBSP,Female,No,Yes,No,13,13-24 months
4893,7024-FQSCI,Female,No,No,No,23,13-24 months
4894,7025-EIBBD,Female,No,No,No,37,25-48 months
4895,7025-QKWDH,Male,No,No,No,8,00-12 months
4896,7028-ZHIRG,Female,Yes,Yes,Yes,3,00-12 months
4897,7032-APMBG,Female,No,Yes,No,71,49-72 months
4898,7033-CQGBR,Male,No,Yes,No,7,00-12 months
4899,7035-BVHSE,Female,No,Yes,Yes,1,00-12 months
4900,7038-GVYHO,Male,Yes,Yes,No,51,49-72 months
4901,7039-TFGFK,Female,No,No,No,11,00-12 months
4902,7040-FSHVP,Female,No,Yes,No,48,25-48 months
4903,7041-LQOHD,Female,Yes,No,No,26,25-48 months
4904,7045-NINZA,Female,No,No,No,36,25-48 months
4905,7045-SIFRC,Female,Yes,No,No,16,13-24 months
4906,7046-MLQVI,Female,No,No,No,66,49-72 months
4907,7047-NYFFW,Male,Yes,Yes,No,1,00-12 months
4908,7049-HUNBY,Male,No,Yes,Yes,33,25-48 months
4909,7050-ACRMI,Male,Yes,No,No,19,13-24 months
4910,7050-NYZLM,Male,No,Yes,Yes,14,13-24 months
4911,7052-GRDBJ,Male,No,No,No,28,25-48 months
4912,7055-AIRGL,Male,No,Yes,No,67,49-72 months
4913,7058-ACLJJ,Male,No,No,No,57,49-72 months
4914,7059-AXJAV,Male,Yes,No,Yes,17,13-24 months
4915,7059-YLZEV,Female,No,No,No,11,00-12 months
4916,7061-HSWBA,Male,No,No,No,28,25-48 months
4917,7061-ZXQCZ,Female,No,Yes,Yes,21,13-24 months
4918,7062-FHYHS,Female,Yes,Yes,No,1,00-12 months
4919,7068-RDAOS,Female,No,Yes,No,22,13-24 months
4920,7070-DFDWZ,Female,No,Yes,Yes,20,13-24 months
4921,7071-DOLRA,Male,No,Yes,Yes,33,25-48 months
4922,7073-BGPVU,Female,No,No,No,14,13-24 months
4923,7075-JSPAH,Female,No,No,No,2,00-12 months
4924,7079-VYBTE,Female,No,Yes,Yes,6,00-12 months
4925,7080-BYLOA,Female,Yes,No,No,35,25-48 months
4926,7083-IQSUY,Male,No,Yes,Yes,6,00-12 months
4927,7083-RFWSH,Female,No,No,No,1,00-12 months
4928,7083-XBSUJ,Female,No,No,No,46,25-48 months
4929,7087-PWHJB,Female,No,No,No,6,00-12 months
4930,7088-BSSEW,Female,No,Yes,Yes,14,13-24 months
4931,7089-FEWTQ,Female,No,Yes,Yes,55,49-72 months
4932,7090-ASMUY,Female,No,Yes,No,32,25-48 months
4933,7090-AWYWL,Male,No,Yes,Yes,25,25-48 months
4934,7090-BFEVB,Male,No,Yes,No,64,49-72 months
4935,7090-TSXXH,Male,No,No,No,66,49-72 months
4936,7091-DGPRD,Male,No,Yes,No,40,25-48 months
4937,7093-QTRDL,Male,No,Yes,Yes,30,25-48 months
4938,7095-KEZJH,Female,No,No,No,50,49-72 months
4939,7095-YBYVZ,Female,No,No,No,7,00-12 months
4940,7096-KZHJA,Female,No,No,No,50,49-72 months
4941,7102-UONZY,Female,No,No,No,23,13-24 months
4942,7102-ZJDWQ,Female,No,Yes,Yes,35,25-48 months
4943,7105-AXELZ,Female,No,Yes,No,63,49-72 months
4944,7105-QHZIH,Male,No,Yes,Yes,60,49-72 months
4945,7108-FUVOZ,Male,No,Yes,No,43,25-48 months
4946,7108-ILXSP,Female,No,No,Yes,5,00-12 months
4947,7108-VOEEL,Male,No,No,No,19,13-24 months
4948,7109-HGRQJ,Male,Yes,Yes,Yes,60,49-72 months
4949,7109-LZSOZ,Male,No,Yes,No,10,00-12 months
4950,7110-BISXQ,Female,No,Yes,Yes,7,00-12 months
4951,7114-YEBXH,Female,Yes,Yes,Yes,69,49-72 months
4952,7117-CXGRA,Male,No,No,No,18,13-24 months
4953,7118-FOFBQ,Female,No,No,No,27,25-48 months
4954,7120-DKZTS,Female,No,Yes,No,1,00-12 months
4955,7122-ODCWT,Female,No,Yes,Yes,4,00-12 months
4956,7122-YJMJB,Female,No,No,No,23,13-24 months
4957,7123-WRSAE,Male,No,No,No,5,00-12 months
4958,7124-PVEGH,Male,No,No,Yes,40,25-48 months
4959,7125-HWURG,Male,No,No,No,9,00-12 months
4960,7128-UCHIQ,Female,No,No,No,5,00-12 months
4961,7129-FFUBW,Female,No,Yes,Yes,20,13-24 months
4962,7131-SVTZO,Female,No,No,No,13,13-24 months
4963,7134-OPYLK,Female,No,No,No,22,13-24 months
4964,7134-XJVKE,Male,No,Yes,Yes,49,49-72 months
4965,7137-USMQH,Female,No,No,No,26,25-48 months
4966,7142-XQDRI,Female,No,No,No,16,13-24 months
4967,7143-MIJKF,Male,No,No,No,16,13-24 months
4968,7143-RMENR,Male,No,Yes,No,19,13-24 months
4969,7144-AVJDG,Male,Yes,No,No,29,25-48 months
4970,7146-ULBBR,Male,No,Yes,No,4,00-12 months
4971,7147-GKFMJ,Male,No,Yes,Yes,49,49-72 months
4972,7147-RUICN,Male,Yes,No,No,10,00-12 months
4973,7148-YPYKN,Female,Yes,No,No,2,00-12 months
4974,7150-EOCUQ,Male,Yes,Yes,Yes,61,49-72 months
4975,7150-QEWAZ,Female,Yes,No,No,3,00-12 months
4976,7151-YTEVC,Female,No,Yes,No,34,25-48 months
4977,7152-ZFXGZ,Female,No,No,No,56,49-72 months
4978,7156-BLPRC,Male,No,Yes,No,17,13-24 months
4979,7157-ERQHL,Male,No,Yes,No,9,00-12 months
4980,7157-PZXET,Male,No,No,No,44,25-48 months
4981,7161-JNPMT,Male,Yes,No,No,22,13-24 months
4982,7164-FRTDH,Female,No,No,No,46,25-48 months
4983,7168-AAXAG,Male,No,Yes,Yes,53,49-72 months
4984,7168-VPQJF,Male,Yes,Yes,No,54,49-72 months
4985,7168-YYBIT,Male,Yes,Yes,No,3,00-12 months
4986,7169-NRGBV,Female,No,Yes,No,40,25-48 months
4987,7173-UXFFO,Male,No,No,Yes,48,25-48 months
4988,7175-QXAHE,Female,No,Yes,No,15,13-24 months
4989,7176-ZDKYN,Female,No,Yes,No,14,13-24 months
4990,7178-CCZDW,Male,No,Yes,Yes,11,00-12 months
4991,7179-TAYNI,Female,No,Yes,No,20,13-24 months
4992,7179-ZNKLR,Female,No,No,No,20,13-24 months
4993,7183-BZELV,Male,No,No,No,47,25-48 months
4994,7183-YHRAO,Male,No,Yes,Yes,8,00-12 months
4995,7189-BAIOX,Male,No,No,No,31,25-48 months
4996,7191-DYDQA,Female,No,Yes,Yes,6,00-12 months
4997,7191-JAYTB,Male,No,Yes,Yes,2,00-12 months
4998,7192-XEGMI,Male,No,No,No,69,49-72 months
4999,7193-DJSXF,Female,No,Yes,No,0,00-12 months
5000,7193-YOCON,Male,No,Yes,Yes,22,13-24 months
5001,7195-XQIQP,Female,No,No,No,7,00-12 months
5002,7197-PQRBU,Male,No,Yes,Yes,68,49-72 months
5003,7198-UFRFF,Male,No,Yes,No,36,25-48 months
5004,7199-GIGHE,Male,No,No,No,3,00-12 months
5005,7201-KSLLA,Male,No,Yes,Yes,70,49-72 months
5006,7202-RHVGH,Female,No,No,No,45,25-48 months
5007,7204-LJVEB,Female,No,Yes,Yes,54,49-72 months
5008,7204-TWZXU,Male,No,Yes,Yes,40,25-48 months
5009,7205-IHAWH,Male,No,Yes,No,52,49-72 months
5010,7206-GHWPX,Male,No,No,No,51,49-72 months
5011,7206-YYUNK,Female,No,No,No,70,49-72 months
5012,7208-EMVFD,Female,Yes,No,No,67,49-72 months
5013,7210-VZOHP,Female,No,Yes,No,6,00-12 months
5014,7210-XYDGZ,Male,No,Yes,No,64,49-72 months
5015,7212-CMRSK,Female,Yes,No,No,70,49-72 months
5016,7212-VSWCI,Male,No,No,No,10,00-12 months
5017,7212-YLCXQ,Male,No,Yes,No,7,00-12 months
5018,7214-CNSXE,Male,Yes,No,No,33,25-48 months
5019,7218-PBCNQ,Female,No,Yes,No,42,25-48 months
5020,7220-DGTUD,Female,No,Yes,Yes,65,49-72 months
5021,7221-FJAPL,Female,Yes,No,No,43,25-48 months
5022,7225-NORMA,Female,No,No,No,6,00-12 months
5023,7225-VLHZL,Female,No,Yes,No,72,49-72 months
5024,7226-JFRUQ,Female,No,Yes,No,30,25-48 months
5025,7229-DHKEW,Male,No,Yes,No,63,49-72 months
5026,7229-HAGTW,Male,Yes,No,No,60,49-72 months
5027,7230-XBIPS,Female,Yes,No,No,21,13-24 months
5028,7232-EDZWI,Female,No,No,No,66,49-72 months
5029,7232-YSLHK,Female,No,Yes,No,3,00-12 months
5030,7237-ZWEVJ,Male,No,No,No,2,00-12 months
5031,7239-HASRC,Female,Yes,Yes,Yes,43,25-48 months
5032,7239-RAMUX,Female,No,No,No,43,25-48 months
5033,7241-DPXCM,Male,No,Yes,Yes,55,49-72 months
5034,7241-FHEIY,Male,No,Yes,Yes,9,00-12 months
5035,7241-UYSXZ,Male,No,No,No,9,00-12 months
5036,7241-YABRO,Male,No,No,No,13,13-24 months
5037,7242-SKEIN,Male,No,Yes,Yes,62,49-72 months
5038,7244-BVFJE,Male,No,Yes,No,26,25-48 months
5039,7245-WOCXR,Male,No,Yes,No,72,49-72 months
5040,7247-EXHLD,Female,No,Yes,Yes,25,25-48 months
5041,7247-FDNBQ,Male,Yes,Yes,Yes,69,49-72 months
5042,7248-EAOPZ,Male,No,Yes,Yes,68,49-72 months
5043,7249-YDEXK,Female,No,No,No,3,00-12 months
5044,7249-YWEPL,Female,No,Yes,No,5,00-12 months
5045,7252-ELAQE,Female,No,Yes,No,54,49-72 months
5046,7252-EZKDB,Female,No,No,No,28,25-48 months
5047,7252-TYIGA,Female,No,Yes,No,33,25-48 months
5048,7252-WLNLJ,Male,No,Yes,Yes,60,49-72 months
5049,7255-HJGRG,Male,No,Yes,No,3,00-12 months
5050,7255-WMCAD,Female,Yes,Yes,No,63,49-72 months
5051,7257-LPARX,Female,No,No,No,67,49-72 months
5052,7257-ZLCHD,Male,No,No,No,5,00-12 months
5053,7258-QUFLL,Male,No,No,No,58,49-72 months
5054,7259-PVJTU,Female,No,No,No,30,25-48 months
5055,7260-HWWPQ,Male,No,No,No,33,25-48 months
5056,7260-WELDH,Female,No,Yes,No,3,00-12 months
5057,7263-SNZCS,Female,No,Yes,No,72,49-72 months
5058,7264-DOYFE,Male,No,No,No,50,49-72 months
5059,7264-IMDMS,Male,No,No,No,54,49-72 months
5060,7264-QCTTM,Female,Yes,No,No,33,25-48 months
5061,7266-NFAAF,Male,Yes,No,No,14,13-24 months
5062,7267-CKGEW,Male,No,No,No,36,25-48 months
5063,7267-FFSVM,Female,No,Yes,Yes,40,25-48 months
5064,7267-IIQIA,Male,No,Yes,Yes,3,00-12 months
5065,7270-UOXYT,Female,No,No,No,15,13-24 months
5066,7270-WDGAM,Male,No,Yes,Yes,31,25-48 months
5067,7271-IMCLR,Male,No,Yes,No,45,25-48 months
5068,7273-QPQFF,Male,No,No,No,24,13-24 months
5069,7277-SGVRY,Female,No,No,No,5,00-12 months
5070,7279-RLDME,Male,No,No,Yes,6,00-12 months
5071,7279-YDQNC,Male,No,Yes,Yes,54,49-72 months
5072,7286-AZLCY,Female,No,No,No,7,00-12 months
5073,7287-LXMMB,Male,Yes,Yes,No,9,00-12 months
5074,7287-PFHYX,Female,No,No,Yes,63,49-72 months
5075,7288-JBRFN,Female,No,No,Yes,1,00-12 months
5076,7288-NLXIO,Male,No,No,No,6,00-12 months
5077,7290-PLJSJ,Female,Yes,No,No,4,00-12 months
5078,7291-WMEXH,Male,Yes,No,No,39,25-48 months
5079,7295-GPQLA,Male,No,Yes,No,30,25-48 months
5080,7296-BQNZT,Female,No,Yes,No,26,25-48 months
5081,7296-UTFNN,Male,Yes,No,No,14,13-24 months
5082,7297-VSOWH,Male,No,No,No,60,49-72 months
5083,7298-ZFGMS,Male,No,No,No,64,49-72 months
5084,7300-TQDCU,Male,No,Yes,No,27,25-48 months
5085,7303-FSXFA,Female,No,Yes,No,1,00-12 months
5086,7304-PNACA,Female,No,No,No,59,49-72 months
5087,7304-YXLSG,Male,No,Yes,Yes,1,00-12 months
5088,7305-EMYEE,Male,No,Yes,Yes,14,13-24 months
5089,7305-VOSAM,Female,No,No,Yes,13,13-24 months
5090,7307-IBTXA,Male,Yes,No,No,1,00-12 months
5091,7315-KSSUW,Female,No,No,No,11,00-12 months
5092,7316-ITXVT,Female,No,No,No,15,13-24 months
5093,7316-OSKGY,Male,Yes,No,Yes,11,00-12 months
5094,7317-VXDSD,Male,No,Yes,Yes,7,00-12 months
5095,7317-YSUOK,Male,No,No,No,46,25-48 months
5096,7319-DMQPY,Female,No,No,No,9,00-12 months
5097,7319-SSRVM,Male,No,No,No,65,49-72 months
5098,7324-HOCCY,Male,No,No,No,58,49-72 months
5099,7324-IKUFA,Female,No,No,No,2,00-12 months
5100,7327-PKOPE,Female,No,No,No,30,25-48 months
5101,7329-FNEMN,Male,Yes,No,No,1,00-12 months
5102,7329-LJEGR,Male,No,Yes,Yes,39,25-48 months
5103,7330-XMCJK,Female,No,Yes,No,24,13-24 months
5104,7330-YDLGX,Female,No,No,No,8,00-12 months
5105,7331-CKZKF,Male,No,Yes,No,39,25-48 months
5106,7333-GPHUL,Female,Yes,No,Yes,69,49-72 months
5107,7333-NGUGI,Male,No,Yes,No,9,00-12 months
5108,7334-ESBTR,Male,No,No,No,19,13-24 months
5109,7334-VMXEL,Female,No,No,No,33,25-48 months
5110,7335-MKYJG,Female,No,Yes,No,61,49-72 months
5111,7335-PEJJH,Female,No,Yes,Yes,9,00-12 months
5112,7336-QDIIE,Female,No,Yes,No,40,25-48 months
5113,7337-ADVOZ,Female,No,Yes,No,58,49-72 months
5114,7339-PGFSQ,Female,No,No,No,24,13-24 months
5115,7341-VDIOU,Female,No,No,No,72,49-72 months
5116,7341-WMXHW,Male,Yes,No,No,51,49-72 months
5117,7345-GZTYY,Female,No,No,No,26,25-48 months
5118,7348-EVNMX,Male,No,No,No,56,49-72 months
5119,7348-PCUAQ,Male,No,No,No,4,00-12 months
5120,7349-GMOTL,Female,No,No,No,11,00-12 months
5121,7351-MOGID,Male,No,Yes,Yes,12,00-12 months
5122,7352-SCGMB,Female,No,No,No,41,25-48 months
5123,7352-WFGMN,Male,No,No,No,16,13-24 months
5124,7353-GVKIK,Male,No,No,No,47,25-48 months
5125,7353-YTGRH,Male,Yes,No,No,61,49-72 months
5126,7354-DKUUG,Male,Yes,Yes,No,16,13-24 months
5127,7354-WOZTT,Female,Yes,Yes,Yes,8,00-12 months
5128,7354-WPAWL,Male,No,No,No,28,25-48 months
5129,7356-ACPWY,Female,No,Yes,No,7,00-12 months
5130,7356-NRLBA,Female,No,Yes,No,43,25-48 months
5131,7357-TSUND,Male,No,Yes,Yes,19,13-24 months
5132,7358-JJASE,Male,No,Yes,No,13,13-24 months
5133,7360-DDOKS,Female,No,No,No,60,49-72 months
5134,7360-LCRFW,Male,No,No,Yes,38,25-48 months
5135,7360-NABBY,Male,No,No,No,46,25-48 months
5136,7362-FOWBD,Male,No,Yes,No,0,00-12 months
5137,7363-QHYZQ,Male,No,No,No,38,25-48 months
5138,7366-YWCZJ,Female,No,Yes,Yes,47,25-48 months
5139,7368-GNWMA,Male,No,Yes,No,55,49-72 months
5140,7369-ILJER,Male,No,No,No,12,00-12 months
5141,7369-MCSVN,Male,No,Yes,Yes,22,13-24 months
5142,7370-WSBQK,Female,No,Yes,No,20,13-24 months
5143,7374-JDSEO,Female,No,No,No,29,25-48 months
5144,7375-WIQDU,Male,No,No,No,36,25-48 months
5145,7376-GDOEK,Female,Yes,Yes,No,18,13-24 months
5146,7378-VVFRA,Female,No,No,No,54,49-72 months
5147,7380-CCUVY,Male,No,Yes,No,30,25-48 months
5148,7381-JSAAN,Male,No,No,No,42,25-48 months
5149,7382-UOCKZ,Male,No,Yes,No,62,49-72 months
5150,7382-XVTQH,Male,No,Yes,Yes,9,00-12 months
5151,7383-MWHYU,Male,No,Yes,Yes,15,13-24 months
5152,7383-RRLRH,Male,No,Yes,No,14,13-24 months
5153,7388-NDBHE,Female,No,Yes,Yes,23,13-24 months
5154,7389-DZFKU,Female,No,No,No,29,25-48 months
5155,7389-UNGXY,Male,No,Yes,No,14,13-24 months
5156,7390-FIUIQ,Female,Yes,Yes,Yes,7,00-12 months
5157,7390-RILBU,Male,No,Yes,Yes,3,00-12 months
5158,7390-ZFTDZ,Female,No,No,No,52,49-72 months
5159,7391-MNMPU,Female,No,Yes,Yes,41,25-48 months
5160,7392-HAIYU,Female,No,Yes,No,13,13-24 months
5161,7392-HELAQ,Male,Yes,Yes,No,3,00-12 months
5162,7394-BCGWZ,Male,No,No,No,5,00-12 months
5163,7395-YSHEJ,Male,No,Yes,Yes,44,25-48 months
5164,7396-YFPUI,Female,No,No,No,69,49-72 months
5165,7397-BRDLR,Male,No,Yes,No,3,00-12 months
5166,7398-HWJVK,Female,Yes,No,No,23,13-24 months
5167,7401-PTYPR,Male,No,Yes,Yes,16,13-24 months
5168,7403-NBKMG,Female,Yes,No,Yes,65,49-72 months
5169,7403-QWKHE,Male,Yes,No,No,10,00-12 months
5170,7403-TKYXT,Male,No,No,No,1,00-12 months
5171,7408-QSSEZ,Male,No,No,No,72,49-72 months
5172,7409-QAWME,Male,No,No,No,40,25-48 months
5173,7411-ALVLD,Male,No,Yes,Yes,66,49-72 months
5174,7414-PQRRX,Female,No,Yes,Yes,33,25-48 months
5175,7415-QXSQV,Female,No,Yes,Yes,3,00-12 months
5176,7416-RSEWE,Female,No,No,No,46,25-48 months
5177,7419-QJTPY,Male,No,No,Yes,2,00-12 months
5178,7421-YGYSA,Female,Yes,Yes,No,29,25-48 months
5179,7425-TEBZX,Female,No,Yes,No,39,25-48 months
5180,7425-WIYGL,Male,No,Yes,No,63,49-72 months
5181,7427-FCNEU,Male,No,No,No,61,49-72 months
5182,7427-IGGTZ,Male,No,Yes,Yes,59,49-72 months
5183,7428-CDGBE,Female,No,No,No,10,00-12 months
5184,7428-GOAAZ,Female,No,No,Yes,17,13-24 months
5185,7437-CSPFB,Male,No,Yes,No,40,25-48 months
5186,7437-DZRYM,Male,No,Yes,No,33,25-48 months
5187,7437-RSJMV,Female,Yes,No,No,61,49-72 months
5188,7439-IGYMB,Female,No,Yes,Yes,9,00-12 months
5189,7441-MIRRJ,Male,No,Yes,No,68,49-72 months
5190,7441-MYTBH,Male,No,Yes,Yes,1,00-12 months
5191,7443-KANEA,Female,Yes,No,No,9,00-12 months
5192,7444-HAEZF,Female,No,No,No,18,13-24 months
5193,7444-SKLHU,Female,No,Yes,Yes,20,13-24 months
5194,7445-FTSGJ,Male,No,Yes,Yes,37,25-48 months
5195,7445-MECHF,Male,No,Yes,Yes,60,49-72 months
5196,7447-YHVJF,Female,No,Yes,Yes,28,25-48 months
5197,7449-PFRTD,Male,No,No,No,68,49-72 months
5198,7449-ZRAMT,Female,No,No,Yes,6,00-12 months
5199,7450-IEFOE,Male,No,No,No,13,13-24 months
5200,7451-MCIAQ,Female,No,No,No,65,49-72 months
5201,7454-GMBZO,Female,No,No,Yes,5,00-12 months
5202,7455-GIQBI,Female,Yes,Yes,Yes,15,13-24 months
5203,7455-TLSVT,Female,Yes,No,No,44,25-48 months
5204,7456-IYWXF,Female,No,No,No,5,00-12 months
5205,7457-UAUGR,Male,No,Yes,No,22,13-24 months
5206,7458-HFQQR,Male,No,No,No,7,00-12 months
5207,7458-UKHLU,Female,Yes,No,No,4,00-12 months
5208,7461-GNWCJ,Male,Yes,No,No,11,00-12 months
5209,7461-GZPUB,Male,Yes,Yes,Yes,14,13-24 months
5210,7461-MRKEV,Male,Yes,Yes,Yes,7,00-12 months
5211,7461-OAOUV,Male,No,No,No,5,00-12 months
5212,7463-CSPZJ,Male,No,No,Yes,27,25-48 months
5213,7464-HRZMF,Male,No,Yes,Yes,45,25-48 months
5214,7465-EXTIY,Male,No,No,No,51,49-72 months
5215,7467-EJPSW,Male,No,No,No,34,25-48 months
5216,7469-HHAFM,Female,No,Yes,No,15,13-24 months
5217,7469-MRLLK,Male,Yes,No,No,70,49-72 months
5218,7472-VCDCX,Male,No,No,No,51,49-72 months
5219,7475-PGKBG,Female,Yes,Yes,Yes,58,49-72 months
5220,7476-KULZG,Female,Yes,No,No,37,25-48 months
5221,7476-UKPEN,Female,No,No,No,4,00-12 months
5222,7477-UUKAG,Male,No,No,No,37,25-48 months
5223,7478-WJXSA,Male,No,Yes,Yes,56,49-72 months
5224,7479-FVPJZ,Female,No,Yes,Yes,21,13-24 months
5225,7480-OHKVG,Male,Yes,No,No,4,00-12 months
5226,7482-AYIUM,Female,No,No,No,6,00-12 months
5227,7482-OXPNF,Male,No,Yes,Yes,65,49-72 months
5228,7482-UDSYF,Female,Yes,No,No,34,25-48 months
5229,7483-ZYRJX,Male,No,Yes,Yes,1,00-12 months
5230,7485-STCEW,Male,No,No,No,45,25-48 months
5231,7487-GVZNJ,Male,No,No,No,10,00-12 months
5232,7488-KAZEP,Female,No,No,No,39,25-48 months
5233,7488-LVVDB,Female,Yes,No,Yes,58,49-72 months
5234,7489-YVHVK,Male,No,Yes,No,46,25-48 months
5235,7490-VKOVI,Female,Yes,No,No,35,25-48 months
5236,7491-MLGAB,Male,No,Yes,Yes,18,13-24 months
5237,7494-PNBBQ,Female,Yes,No,No,15,13-24 months
5238,7497-DSCWQ,Female,Yes,No,No,70,49-72 months
5239,7501-VKYYR,Male,No,Yes,Yes,45,25-48 months
5240,7502-BURKM,Male,No,No,No,11,00-12 months
5241,7502-IYDPL,Female,No,No,No,9,00-12 months
5242,7503-KJCZB,Female,No,Yes,Yes,44,25-48 months
5243,7504-AVKKY,Male,No,Yes,No,47,25-48 months
5244,7504-TIYCD,Male,Yes,No,No,5,00-12 months
5245,7506-MNGRG,Female,Yes,No,No,14,13-24 months
5246,7506-UVZUN,Male,Yes,No,No,57,49-72 months
5247,7508-XOBNK,Female,No,Yes,No,35,25-48 months
5248,7509-YLEEH,Female,No,No,Yes,41,25-48 months
5249,7515-THBIV,Female,Yes,Yes,Yes,21,13-24 months
5250,7519-HZKWB,Male,No,Yes,No,32,25-48 months
5251,7519-MAQMH,Male,Yes,No,No,32,25-48 months
5252,7520-PCDTW,Male,No,No,No,0,00-12 months
5253,7520-PLFET,Male,No,No,No,35,25-48 months
5254,7520-RIQPH,Male,No,Yes,Yes,71,49-72 months
5255,7522-WKIZL,Female,No,Yes,Yes,66,49-72 months
5256,7523-QBMFS,Female,No,No,No,21,13-24 months
5257,7524-PWBSD,Female,No,Yes,Yes,64,49-72 months
5258,7525-AUGNZ,Female,No,Yes,Yes,63,49-72 months
5259,7529-ELPFD,Female,No,Yes,Yes,46,25-48 months
5260,7529-TZWPW,Female,No,No,No,5,00-12 months
5261,7530-HRRPB,Female,No,No,No,12,00-12 months
5262,7530-NAARX,Female,Yes,Yes,No,16,13-24 months
5263,7531-CBCLQ,Female,Yes,No,No,58,49-72 months
5264,7531-UIZAM,Female,No,No,No,64,49-72 months
5265,7531-VHCIS,Male,Yes,No,No,1,00-12 months
5266,7533-EUCMQ,Male,No,Yes,Yes,47,25-48 months
5267,7533-PHKDJ,Female,Yes,Yes,Yes,19,13-24 months
5268,7535-NBHPK,Female,No,No,No,12,00-12 months
5269,7539-UFBFV,Female,No,Yes,No,26,25-48 months
5270,7540-FYCTC,Male,No,Yes,No,64,49-72 months
5271,7542-NTIAU,Male,No,No,No,18,13-24 months
5272,7544-TDHNI,Female,No,No,Yes,63,49-72 months
5273,7545-NTAED,Male,Yes,No,No,15,13-24 months
5274,7547-CGPMN,Male,Yes,No,No,45,25-48 months
5275,7548-SNCZB,Female,No,No,No,70,49-72 months
5276,7550-ZJESB,Female,No,No,No,34,25-48 months
5277,7551-IKNYB,Female,No,No,Yes,21,13-24 months
5278,7551-WMVYO,Female,No,Yes,No,59,49-72 months
5279,7557-EXKAS,Male,No,Yes,No,30,25-48 months
5280,7557-GQRWE,Male,No,No,No,12,00-12 months
5281,7561-ZKDDW,Female,Yes,No,No,2,00-12 months
5282,7563-OHCIO,Male,No,No,No,6,00-12 months
5283,7564-MIRDR,Male,No,Yes,Yes,26,25-48 months
5284,7566-LSOTR,Female,No,No,Yes,65,49-72 months
5285,7566-ROTCD,Female,No,No,Yes,2,00-12 months
5286,7569-FWSAO,Male,No,Yes,Yes,28,25-48 months
5287,7569-KLCZV,Female,No,No,No,18,13-24 months
5288,7569-QJJPM,Female,No,Yes,No,48,25-48 months
5289,7569-VZDGQ,Female,No,No,No,64,49-72 months
5290,7570-JHLFU,Male,Yes,No,No,2,00-12 months
5291,7571-UASQZ,Female,No,No,No,28,25-48 months
5292,7574-KUBEM,Female,Yes,Yes,Yes,15,13-24 months
5293,7575-ZWSXF,Male,No,Yes,Yes,15,13-24 months
5294,7577-ZVCFU,Male,No,Yes,Yes,7,00-12 months
5295,7578-HNZFG,Female,No,Yes,Yes,6,00-12 months
5296,7578-JHTIT,Female,No,Yes,No,19,13-24 months
5297,7581-KHERV,Male,No,Yes,No,49,49-72 months
5298,7581-TGHIX,Female,No,No,No,27,25-48 months
5299,7581-TNGNV,Female,Yes,No,No,1,00-12 months
5300,7583-WDJTB,Female,No,Yes,No,10,00-12 months
5301,7583-YIHOS,Male,No,No,No,19,13-24 months
5302,7584-FJPXG,Male,No,Yes,Yes,15,13-24 months
5303,7585-ACQWE,Female,No,Yes,Yes,44,25-48 months
5304,7585-TWCZL,Male,No,No,No,9,00-12 months
5305,7585-VDRID,Female,No,Yes,Yes,2,00-12 months
5306,7591-VGVKU,Male,No,No,No,19,13-24 months
5307,7592-EXWQV,Male,No,No,No,72,49-72 months
5308,7592-QTHED,Male,No,No,No,58,49-72 months
5309,7592-VSPXQ,Female,No,No,No,49,49-72 months
5310,7597-CIEEE,Male,Yes,Yes,No,53,49-72 months
5311,7597-SSLIB,Female,No,No,No,55,49-72 months
5312,7599-KGOPC,Male,Yes,No,No,20,13-24 months
5313,7599-OJRVE,Male,Yes,No,No,2,00-12 months
5314,7601-SQQKX,Female,No,Yes,No,32,25-48 months
5315,7602-CSAPM,Female,No,Yes,Yes,59,49-72 months
5316,7603-EQHCI,Female,No,Yes,No,70,49-72 months
5317,7603-UADUE,Female,No,No,No,63,49-72 months
5318,7604-JPZPU,Male,No,No,No,11,00-12 months
5319,7604-TVDLR,Male,Yes,No,No,11,00-12 months
5320,7604-UIIKG,Male,No,No,No,28,25-48 months
5321,7607-EBDJV,Male,No,No,No,42,25-48 months
5322,7608-WFUMC,Female,No,No,No,70,49-72 months
5323,7609-YIHZZ,Male,No,Yes,Yes,32,25-48 months
5324,7613-OPQLR,Male,No,No,No,1,00-12 months
5325,7614-PQLYU,Female,No,Yes,No,6,00-12 months
5326,7616-EBBWJ,Male,Yes,Yes,Yes,14,13-24 months
5327,7617-MZHOA,Female,No,Yes,Yes,23,13-24 months
5328,7618-GYVFP,Male,No,No,No,69,49-72 months
5329,7619-BFHJZ,Male,No,Yes,No,13,13-24 months
5330,7619-JRWFQ,Female,No,No,No,25,25-48 months
5331,7620-IWCNE,Male,No,No,No,20,13-24 months
5332,7621-GZJEP,Female,No,No,No,7,00-12 months
5333,7622-PNVKK,Female,No,Yes,Yes,45,25-48 months
5334,7623-IIJDE,Female,No,Yes,Yes,12,00-12 months
5335,7623-OVOAW,Male,No,Yes,No,31,25-48 months
5336,7624-RVHZH,Female,Yes,Yes,Yes,58,49-72 months
5337,7624-RYLOD,Male,No,No,No,1,00-12 months
5338,7627-PANVW,Male,No,No,No,35,25-48 months
5339,7628-NQQTX,Male,Yes,No,No,13,13-24 months
5340,7630-JIURV,Female,No,Yes,Yes,19,13-24 months
5341,7631-UKYXU,Male,Yes,Yes,No,65,49-72 months
5342,7632-XPKLY,Female,No,Yes,Yes,13,13-24 months
5343,7633-FMXKT,Male,No,No,No,39,25-48 months
5344,7634-OQVZC,Male,No,Yes,No,28,25-48 months
5345,7636-BNOTR,Female,No,No,Yes,36,25-48 months
5346,7636-EESHG,Female,Yes,No,No,1,00-12 months
5347,7638-IMCUQ,Female,No,Yes,No,58,49-72 months
5348,7639-LIWGM,Female,Yes,No,No,23,13-24 months
5349,7641-BJPCW,Male,No,Yes,No,23,13-24 months
5350,7645-ATIWU,Male,No,Yes,No,6,00-12 months
5351,7645-XOGSE,Female,No,Yes,Yes,27,25-48 months
5352,7645-ZSJZH,Female,No,Yes,Yes,14,13-24 months
5353,7648-QPOAY,Female,No,Yes,Yes,71,49-72 months
5354,7649-INREY,Female,No,No,No,2,00-12 months
5355,7651-HTNZN,Male,No,No,No,5,00-12 months
5356,7652-YCZCD,Male,No,Yes,No,17,13-24 months
5357,7654-OMXPM,Female,No,Yes,No,5,00-12 months
5358,7655-ACBKK,Female,No,Yes,Yes,41,25-48 months
5359,7655-KBVAR,Male,No,No,No,2,00-12 months
5360,7657-FXUJL,Female,No,Yes,No,3,00-12 months
5361,7657-GWJBD,Male,No,No,Yes,5,00-12 months
5362,7657-LMIIZ,Male,No,Yes,Yes,9,00-12 months
5363,7658-DGHIJ,Female,No,No,No,53,49-72 months
5364,7658-DHHHR,Male,No,No,Yes,30,25-48 months
5365,7658-ZZAGS,Female,No,Yes,Yes,11,00-12 months
5366,7659-ULNGL,Female,No,Yes,No,16,13-24 months
5367,7662-XZKMN,Male,Yes,No,No,4,00-12 months
5368,7663-XTEMY,Female,Yes,Yes,Yes,71,49-72 months
5369,7665-PGLCY,Male,No,No,No,2,00-12 months
5370,7665-UHSFJ,Male,No,Yes,Yes,41,25-48 months
5371,7666-HMRYV,Female,No,Yes,No,23,13-24 months
5372,7670-PDFUG,Female,No,No,No,52,49-72 months
5373,7671-EOWYT,Male,No,No,No,59,49-72 months
5374,7672-LTVAW,Female,No,Yes,Yes,5,00-12 months
5375,7674-ISUGG,Male,No,Yes,No,11,00-12 months
5376,7675-MNLAN,Male,Yes,Yes,No,61,49-72 months
5377,7676-AUEYE,Male,No,Yes,No,68,49-72 months
5378,7676-CDKIT,Female,No,Yes,Yes,9,00-12 months
5379,7677-LZAAO,Female,No,No,No,25,25-48 months
5380,7678-ZKFLR,Female,No,No,No,44,25-48 months
5381,7679-TAUHR,Female,Yes,No,No,33,25-48 months
5382,7680-ISHYS,Female,Yes,No,No,26,25-48 months
5383,7680-KQEIP,Male,No,No,No,53,49-72 months
5384,7686-JOZDM,Male,No,No,No,72,49-72 months
5385,7688-MDCIG,Female,No,No,No,14,13-24 months
5386,7689-VBHGO,Male,No,No,No,6,00-12 months
5387,7690-BZWEM,Male,No,Yes,Yes,49,49-72 months
5388,7691-QSCUJ,Female,Yes,No,No,8,00-12 months
5389,7695-LKXLJ,Male,No,No,Yes,45,25-48 months
5390,7696-LDIPT,Female,Yes,No,No,15,13-24 months
5391,7697-BAXEO,Female,No,No,No,7,00-12 months
5392,7697-BHUDS,Male,Yes,No,No,67,49-72 months
5393,7697-OREZN,Female,No,No,No,36,25-48 months
5394,7697-PVCZL,Male,No,No,No,16,13-24 months
5395,7700-VZKTX,Male,No,Yes,No,45,25-48 months
5396,7702-JVURD,Female,No,No,No,60,49-72 months
5397,7704-CMMQV,Female,No,Yes,Yes,47,25-48 months
5398,7705-QHJLR,Female,Yes,Yes,Yes,12,00-12 months
5399,7705-ZRWDX,Male,No,Yes,No,1,00-12 months
5400,7708-MZAYF,Male,No,No,No,21,13-24 months
5401,7708-XXCXC,Male,No,Yes,Yes,44,25-48 months
5402,7709-QPEDD,Female,No,Yes,No,18,13-24 months
5403,7710-ROIQZ,Female,No,Yes,No,9,00-12 months
5404,7713-QXJGL,Male,No,Yes,Yes,3,00-12 months
5405,7714-XRLDJ,Male,No,No,No,45,25-48 months
5406,7715-QHXLD,Female,No,No,Yes,4,00-12 months
5407,7716-JTFTB,Female,No,Yes,Yes,5,00-12 months
5408,7718-IZSAI,Female,No,Yes,No,44,25-48 months
5409,7718-ZYBTN,Female,No,Yes,No,68,49-72 months
5410,7720-ATZKL,Male,No,Yes,No,36,25-48 months
5411,7720-DEKGK,Female,No,Yes,Yes,39,25-48 months
5412,7720-QFOVD,Male,No,No,No,18,13-24 months
5413,7720-YRMEZ,Female,No,No,No,14,13-24 months
5414,7721-JWABW,Female,No,No,No,6,00-12 months
5415,7721-VJYZS,Female,No,No,No,9,00-12 months
5416,7721-YAQAN,Female,No,No,No,3,00-12 months
5417,7723-TYMYR,Male,No,Yes,No,58,49-72 months
5418,7726-XCZPZ,Male,No,No,No,72,49-72 months
5419,7726-YMVSH,Female,No,No,Yes,67,49-72 months
5420,7727-EHAPL,Male,No,No,No,6,00-12 months
5421,7728-SDHQM,Female,No,Yes,Yes,35,25-48 months
5422,7729-IHLZO,Male,No,No,No,14,13-24 months
5423,7729-UFVEG,Male,No,No,No,57,49-72 months
5424,7730-UWSXS,Male,No,No,Yes,10,00-12 months
5425,7732-MXPOX,Female,No,No,No,19,13-24 months
5426,7736-ACXUQ,Female,No,Yes,Yes,64,49-72 months
5427,7737-KMPHB,Male,Yes,Yes,No,67,49-72 months
5428,7737-SAMSG,Male,No,Yes,No,16,13-24 months
5429,7742-HNSBC,Female,No,Yes,No,10,00-12 months
5430,7742-ZOLXD,Male,No,Yes,Yes,12,00-12 months
5431,7743-EJKBU,Male,No,Yes,Yes,38,25-48 months
5432,7744-XCMKT,Male,Yes,Yes,No,7,00-12 months
5433,7745-FWJAM,Female,No,No,No,6,00-12 months
5434,7745-MPXCJ,Female,Yes,No,No,22,13-24 months
5435,7750-ADLQR,Female,Yes,Yes,Yes,5,00-12 months
5436,7752-KNDDO,Female,No,No,No,9,00-12 months
5437,7756-UPUPJ,Female,Yes,No,No,11,00-12 months
5438,7757-JTWQT,Female,No,No,No,1,00-12 months
5439,7766-SRHDP,Female,No,Yes,No,18,13-24 months
5440,7767-QTTMI,Male,Yes,No,No,41,25-48 months
5441,7768-HTXEF,Male,No,Yes,Yes,41,25-48 months
5442,7770-IOXXE,Male,No,No,No,70,49-72 months
5443,7776-CCHVN,Male,No,Yes,Yes,12,00-12 months
5444,7777-DYPEP,Male,No,No,No,19,13-24 months
5445,7780-FBKQL,Male,Yes,No,Yes,1,00-12 months
5446,7780-HGHHZ,Female,Yes,No,No,7,00-12 months
5447,7780-RYYSJ,Female,No,Yes,Yes,21,13-24 months
5448,7781-EVXCM,Male,No,No,No,16,13-24 months
5449,7784-IIAIP,Female,No,Yes,Yes,4,00-12 months
5450,7784-SFPZL,Male,No,No,No,71,49-72 months
5451,7785-BQRNS,Male,No,Yes,Yes,21,13-24 months
5452,7788-TNAPH,Male,No,Yes,Yes,13,13-24 months
5453,7790-ZZFLG,Female,Yes,Yes,No,40,25-48 months
5454,7791-NBWMR,Male,No,Yes,No,3,00-12 months
5455,7792-FLZUI,Male,Yes,Yes,No,21,13-24 months
5456,7795-NYLDA,Female,No,No,No,6,00-12 months
5457,7796-UKTIP,Male,No,No,No,7,00-12 months
5458,7799-HVHDT,Male,No,Yes,No,59,49-72 months
5459,7800-DDSJK,Female,No,No,No,58,49-72 months
5460,7800-VEIDA,Female,No,Yes,Yes,60,49-72 months
5461,7801-AEQTF,Female,No,Yes,Yes,3,00-12 months
5462,7801-QXUGK,Female,No,No,No,71,49-72 months
5463,7802-QWDVH,Male,No,Yes,Yes,23,13-24 months
5464,7802-RPARZ,Female,No,No,Yes,1,00-12 months
5465,7803-QCPXB,Female,No,Yes,No,40,25-48 months
5466,7805-CDOMY,Male,Yes,No,No,2,00-12 months
5467,7807-QBUOH,Male,No,No,No,16,13-24 months
5468,7809-GXARE,Male,No,Yes,No,2,00-12 months
5469,7810-YHJMC,Male,No,No,No,3,00-12 months
5470,7811-TERHH,Male,Yes,Yes,No,20,13-24 months
5471,7814-GKDTG,Female,No,Yes,No,54,49-72 months
5472,7814-QBLDN,Male,No,No,No,13,13-24 months
5473,7815-PBVFD,Male,Yes,No,No,53,49-72 months
5474,7815-QKVOL,Male,No,Yes,Yes,5,00-12 months
5475,7816-HWMJI,Female,No,Yes,Yes,4,00-12 months
5476,7819-ELPJA,Male,No,No,No,22,13-24 months
5477,7820-BYMTE,Female,No,No,No,21,13-24 months
5478,7820-FRMUB,Male,No,Yes,No,69,49-72 months
5479,7820-HSZGO,Male,No,Yes,No,14,13-24 months
5480,7820-IDYBF,Female,No,No,No,29,25-48 months
5481,7820-RARZT,Male,Yes,Yes,Yes,49,49-72 months
5482,7821-JJZZM,Male,No,No,No,55,49-72 months
5483,7824-FPHKN,Female,No,No,Yes,4,00-12 months
5484,7825-KHDIR,Female,No,No,No,14,13-24 months
5485,7828-BUEGQ,Female,No,Yes,Yes,54,49-72 months
5486,7830-HLULT,Male,No,No,No,8,00-12 months
5487,7832-WDRYR,Male,No,No,No,17,13-24 months
5488,7833-GIDSS,Male,No,No,No,34,25-48 months
5489,7833-YZTPF,Female,No,Yes,Yes,28,25-48 months
5490,7836-LFZNS,Male,No,No,No,1,00-12 months
5491,7836-TJGTR,Female,No,No,No,1,00-12 months
5492,7841-KRQGG,Female,No,No,No,66,49-72 months
5493,7841-WJIYO,Male,No,No,No,3,00-12 months
5494,7842-TDCLJ,Female,Yes,Yes,Yes,40,25-48 months
5495,7848-TDUEO,Female,No,No,No,23,13-24 months
5496,7849-HEVJI,Female,No,No,No,64,49-72 months
5497,7849-MAQQF,Male,No,Yes,No,52,49-72 months
5498,7850-APZZS,Female,Yes,No,No,58,49-72 months
5499,7850-QKASR,Male,No,No,No,62,49-72 months
5500,7851-YOUGL,Female,No,No,No,58,49-72 months
5501,7851-YXIHH,Female,No,No,No,4,00-12 months
5502,7852-LJNRM,Female,No,Yes,Yes,12,00-12 months
5503,7853-GPQMY,Female,No,No,No,46,25-48 months
5504,7853-MSKXS,Male,No,No,No,4,00-12 months
5505,7855-PKQZK,Male,No,Yes,No,17,13-24 months
5506,7859-RURUL,Female,No,Yes,No,58,49-72 months
5507,7862-OMTHB,Female,Yes,No,No,69,49-72 months
5508,7862-SSERU,Female,No,No,No,61,49-72 months
5509,7864-ZGQBQ,Female,Yes,No,No,37,25-48 months
5510,7865-IVQRJ,Female,No,Yes,No,13,13-24 months
5511,7866-HDCWO,Female,No,No,No,18,13-24 months
5512,7868-EGUCL,Male,No,No,No,69,49-72 months
5513,7869-QWUNT,Male,No,No,No,72,49-72 months
5514,7870-INXWV,Female,Yes,Yes,Yes,21,13-24 months
5515,7870-TNAUV,Female,No,Yes,No,70,49-72 months
5516,7872-CCQFJ,Male,Yes,Yes,Yes,10,00-12 months
5517,7872-LADLK,Male,No,Yes,Yes,12,00-12 months
5518,7875-GZHEI,Male,No,Yes,Yes,20,13-24 months
5519,7875-MUDKH,Male,Yes,No,No,34,25-48 months
5520,7875-UGKYB,Female,No,No,No,32,25-48 months
5521,7876-AJXKC,Male,No,Yes,Yes,16,13-24 months
5522,7876-IRTRK,Male,No,No,No,28,25-48 months
5523,7877-FTELT,Female,No,Yes,No,14,13-24 months
5524,7877-PBEZH,Female,No,Yes,Yes,61,49-72 months
5525,7878-DBVWO,Male,Yes,No,No,17,13-24 months
5526,7878-OGTZL,Female,No,Yes,Yes,22,13-24 months
5527,7880-ROZXF,Male,No,No,No,6,00-12 months
5528,7880-VOPRR,Female,No,No,No,18,13-24 months
5529,7881-ZBEHW,Male,No,No,No,44,25-48 months
5530,7882-VZRMF,Male,No,Yes,Yes,67,49-72 months
5531,7883-LICYS,Male,No,Yes,Yes,12,00-12 months
5532,7883-QQYGU,Female,No,No,No,50,49-72 months
5533,7884-AIIQI,Male,No,No,No,72,49-72 months
5534,7884-ILJRQ,Male,No,No,No,22,13-24 months
5535,7891-EAFYT,Male,No,No,No,6,00-12 months
5536,7897-BMKAB,Female,No,Yes,Yes,58,49-72 months
5537,7900-UYMBE,Male,No,Yes,No,10,00-12 months
5538,7902-MMDEV,Male,No,No,No,8,00-12 months
5539,7904-HSUHV,Female,No,Yes,Yes,39,25-48 months
5540,7905-QDBPM,Female,Yes,Yes,No,14,13-24 months
5541,7905-VYYGS,Male,No,No,No,28,25-48 months
5542,7908-JXZPX,Female,No,No,No,24,13-24 months
5543,7908-LBERF,Female,No,Yes,No,44,25-48 months
5544,7908-UZVNJ,Female,No,No,No,7,00-12 months
5545,7909-QPZFX,Male,Yes,No,No,55,49-72 months
5546,7912-ENHFZ,Female,No,Yes,Yes,14,13-24 months
5547,7914-DAUJB,Female,No,Yes,Yes,4,00-12 months
5548,7915-SDOEC,Male,No,Yes,No,5,00-12 months
5549,7918-HVSED,Female,No,No,No,68,49-72 months
5550,7918-WWEYP,Male,No,Yes,No,13,13-24 months
5551,7923-GJOAT,Male,No,No,No,2,00-12 months
5552,7926-WNBME,Male,No,Yes,Yes,6,00-12 months
5553,7927-CLXRF,Male,No,Yes,No,68,49-72 months
5554,7928-KWRBH,Female,No,No,No,37,25-48 months
5555,7928-SEVUD,Female,No,Yes,Yes,22,13-24 months
5556,7936-EWPKR,Female,Yes,Yes,No,14,13-24 months
5557,7937-ICZEA,Male,No,No,No,11,00-12 months
5558,7937-TAZTX,Female,No,No,No,2,00-12 months
5559,7939-PNKMQ,Female,No,Yes,Yes,49,49-72 months
5560,7943-KWEKT,Male,No,Yes,No,8,00-12 months
5561,7945-BPRNQ,Female,No,No,No,1,00-12 months
5562,7945-RRQOB,Male,No,No,Yes,10,00-12 months
5563,7946-ZTNMV,Male,No,Yes,No,29,25-48 months
5564,7948-IYHNP,Male,Yes,No,No,29,25-48 months
5565,7950-PDZGG,Female,Yes,No,No,24,13-24 months
5566,7950-UBYUJ,Female,No,No,Yes,49,49-72 months
5567,7952-JNIIE,Male,No,Yes,No,5,00-12 months
5568,7952-PLQHQ,Female,No,Yes,No,22,13-24 months
5569,7954-OJAVY,Female,No,No,No,1,00-12 months
5570,7958-NPVXD,Male,No,No,No,71,49-72 months
5571,7963-FNUWQ,Male,No,No,Yes,66,49-72 months
5572,7964-DUVRI,Male,No,No,No,4,00-12 months
5573,7964-QAZAZ,Female,No,No,No,48,25-48 months
5574,7964-YKRNY,Male,No,No,No,8,00-12 months
5575,7967-DNQQZ,Male,No,No,No,5,00-12 months
5576,7967-SSMCV,Female,No,Yes,Yes,20,13-24 months
5577,7969-JMAVH,Male,No,Yes,Yes,34,25-48 months
5578,7971-OPBQL,Female,Yes,No,No,28,25-48 months
5579,7972-EXEAB,Male,No,Yes,Yes,11,00-12 months
5580,7974-HJBYQ,Male,No,No,No,35,25-48 months
5581,7978-DLDUQ,Female,No,No,No,26,25-48 months
5582,7981-GUTHR,Male,No,No,No,22,13-24 months
5583,7983-CJBYE,Male,No,No,No,20,13-24 months
5584,7983-TIDLU,Male,No,Yes,Yes,36,25-48 months
5585,7985-QYNAP,Male,No,Yes,No,49,49-72 months
5586,7985-WAPPJ,Male,Yes,No,No,29,25-48 months
5587,7986-TPWUX,Male,No,Yes,No,2,00-12 months
5588,7989-UWWDH,Female,No,Yes,Yes,57,49-72 months
5589,7990-GUFKA,Female,No,Yes,Yes,32,25-48 months
5590,7993-SDUNI,Male,No,Yes,Yes,17,13-24 months
5591,7994-EBNGS,Female,No,No,No,40,25-48 months
5592,7995-NLYZZ,Male,No,Yes,No,2,00-12 months
5593,7995-VRIYR,Male,No,No,No,3,00-12 months
5594,7996-ZKEAC,Female,No,Yes,No,71,49-72 months
5595,7997-EGHFI,Female,No,Yes,No,57,49-72 months
5596,7998-NRGWL,Female,No,No,No,43,25-48 months
5597,7999-FKOJQ,Male,Yes,No,No,16,13-24 months
5598,7999-LIFVN,Male,Yes,No,No,4,00-12 months
5599,8000-AFOVK,Male,No,No,No,70,49-72 months
5600,8000-MQUYC,Male,No,No,Yes,8,00-12 months
5601,8003-VQTKQ,Male,Yes,No,No,41,25-48 months
5602,8004-LACLO,Female,No,Yes,Yes,35,25-48 months
5603,8010-FPHCJ,Female,No,Yes,Yes,3,00-12 months
5604,8010-VSQTU,Female,No,No,No,11,00-12 months
5605,8010-WYDDY,Female,No,No,No,59,49-72 months
5606,8011-XAYSC,Female,No,No,No,65,49-72 months
5607,8012-ILIKN,Female,No,No,No,16,13-24 months
5608,8012-UASKO,Female,No,No,No,1,00-12 months
5609,8013-LABVU,Female,No,Yes,No,54,49-72 months
5610,8014-UOCYP,Male,No,No,No,59,49-72 months
5611,8015-BKDBM,Male,No,Yes,Yes,5,00-12 months
5612,8016-ZQDNL,Male,No,Yes,Yes,2,00-12 months
5613,8017-BCAOB,Male,Yes,Yes,Yes,34,25-48 months
5614,8020-RGMNB,Male,No,No,No,32,25-48 months
5615,8024-EHFKH,Male,No,Yes,Yes,63,49-72 months
5616,8024-WQCLW,Female,No,Yes,Yes,6,00-12 months
5617,8025-HTBAL,Male,No,No,No,21,13-24 months
5618,8025-NJEYU,Male,No,Yes,Yes,2,00-12 months
5619,8026-DNFTO,Male,No,Yes,No,20,13-24 months
5620,8028-PNWJC,Male,No,No,No,33,25-48 months
5621,8029-HGVTQ,Female,No,Yes,Yes,9,00-12 months
5622,8029-XGWEI,Female,No,Yes,No,4,00-12 months
5623,8029-XJOLM,Female,No,Yes,Yes,13,13-24 months
5624,8031-YQQPM,Female,No,Yes,No,6,00-12 months
5625,8032-EVZGF,Male,Yes,No,No,10,00-12 months
5626,8035-XTSKH,Male,No,Yes,Yes,46,25-48 months
5627,8036-SLHJW,Male,No,No,No,44,25-48 months
5628,8037-AOCBG,Female,No,No,No,25,25-48 months
5629,8037-GURBJ,Female,No,Yes,Yes,28,25-48 months
5630,8038-FPCEZ,Female,Yes,Yes,Yes,65,49-72 months
5631,8039-AXJAP,Female,No,Yes,No,18,13-24 months
5632,8039-NGTJC,Female,No,No,Yes,28,25-48 months
5633,8039-OXKUV,Male,No,Yes,No,18,13-24 months
5634,8042-OCAFH,Female,No,Yes,No,72,49-72 months
5635,8046-XUVCJ,Male,No,No,No,66,49-72 months
5636,8047-OREXV,Female,No,Yes,Yes,54,49-72 months
5637,8048-AUUUR,Male,No,No,No,11,00-12 months
5638,8048-WITOQ,Female,No,Yes,No,28,25-48 months
5639,8049-ERNFQ,Female,No,No,No,9,00-12 months
5640,8050-JEVTN,Female,Yes,No,No,59,49-72 months
5641,8050-RAOQN,Female,No,No,No,59,49-72 months
5642,8052-KUPMD,Male,No,No,No,32,25-48 months
5643,8053-JYUPF,Male,No,No,Yes,1,00-12 months
5644,8053-NSJJA,Male,No,Yes,Yes,8,00-12 months
5645,8054-ZCCYD,Male,No,No,No,61,49-72 months
5646,8055-LVSWL,Female,No,Yes,Yes,18,13-24 months
5647,8056-QAVJM,Female,Yes,No,No,17,13-24 months
5648,8056-ZCFUE,Male,No,No,No,67,49-72 months
5649,8058-VLXFT,Female,No,No,No,53,49-72 months
5650,8058-WCCJL,Female,No,Yes,No,62,49-72 months
5651,8059-SEEAY,Male,No,No,No,14,13-24 months
5652,8060-AXPQL,Male,No,No,No,38,25-48 months
5653,8060-CJSHV,Female,No,No,No,39,25-48 months
5654,8061-VJTIU,Female,No,Yes,No,1,00-12 months
5655,8062-WFPOD,Female,No,No,No,7,00-12 months
5656,8063-WOHFZ,Male,No,Yes,Yes,11,00-12 months
5657,8066-VSRAG,Female,No,Yes,No,62,49-72 months
5658,8069-SXOOO,Female,No,Yes,Yes,5,00-12 months
5659,8072-DKEMI,Male,No,Yes,Yes,60,49-72 months
5660,8076-NDXHH,Female,No,No,No,2,00-12 months
5661,8077-ILIND,Male,No,No,No,27,25-48 months
5662,8077-XLVUB,Male,No,Yes,Yes,9,00-12 months
5663,8077-XZRRU,Female,No,No,No,47,25-48 months
5664,8078-BACGB,Female,No,Yes,No,32,25-48 months
5665,8078-GVOWB,Female,No,Yes,Yes,15,13-24 months
5666,8078-YOVVP,Female,No,No,No,65,49-72 months
5667,8079-FTSXE,Male,No,No,No,1,00-12 months
5668,8081-AULSK,Male,No,No,No,11,00-12 months
5669,8082-AQYBU,Male,No,No,No,7,00-12 months
5670,8083-HLWPP,Female,Yes,Yes,Yes,23,13-24 months
5671,8086-OEVZN,Male,No,No,No,37,25-48 months
5672,8089-FUKGG,Female,No,Yes,Yes,17,13-24 months
5673,8091-GKXYY,Female,No,No,No,4,00-12 months
5674,8092-BEIRW,Male,No,Yes,No,4,00-12 months
5675,8092-EXIHJ,Female,No,No,No,32,25-48 months
5676,8092-LQOYR,Female,Yes,Yes,Yes,23,13-24 months
5677,8096-PJFNA,Male,No,Yes,Yes,41,25-48 months
5678,8097-KUAEH,Female,No,No,No,53,49-72 months
5679,8098-TNNPW,Male,No,Yes,Yes,53,49-72 months
5680,8099-IOHPD,Female,No,No,No,7,00-12 months
5681,8100-AXRAI,Male,Yes,No,No,44,25-48 months
5682,8100-OTUXJ,Male,No,No,Yes,31,25-48 months
5683,8106-THTSC,Female,No,No,No,12,00-12 months
5684,8108-BVVRV,Male,No,Yes,No,2,00-12 months
5685,8109-IRSOO,Female,Yes,Yes,Yes,46,25-48 months
5686,8115-USFQY,Male,No,No,No,65,49-72 months
5687,8118-GNUGS,Male,No,No,Yes,11,00-12 months
5688,8118-XXJBQ,Male,No,No,No,68,49-72 months
5689,8119-UIUDE,Female,No,No,No,2,00-12 months
5690,8120-XUWII,Female,No,No,No,72,49-72 months
5691,8124-LZCIS,Male,No,No,No,1,00-12 months
5692,8125-BHDHJ,Female,No,Yes,Yes,45,25-48 months
5693,8126-KVVLE,Male,No,Yes,No,64,49-72 months
5694,8128-BYVJR,Male,No,No,No,11,00-12 months
5695,8128-RAWMM,Female,No,No,No,65,49-72 months
5696,8131-ARNJW,Male,No,No,No,13,13-24 months
5697,8131-KCPYS,Male,No,No,No,29,25-48 months
5698,8135-WHKOK,Female,No,Yes,Yes,3,00-12 months
5699,8136-UAWTK,Male,Yes,No,No,56,49-72 months
5700,8138-CKBKQ,Male,No,Yes,No,24,13-24 months
5701,8138-EYURG,Male,No,No,No,17,13-24 months
5702,8143-NVJKV,Male,No,Yes,No,4,00-12 months
5703,8144-GQJLI,Female,No,Yes,No,17,13-24 months
5704,8144-LBFQP,Female,No,Yes,No,37,25-48 months
5705,8144-QCHTI,Male,No,No,No,17,13-24 months
5706,8145-GYDWK,Female,Yes,Yes,Yes,8,00-12 months
5707,8146-WMEHU,Male,No,Yes,Yes,30,25-48 months
5708,8147-XOYBM,Female,No,No,Yes,28,25-48 months
5709,8150-IWNWD,Male,Yes,Yes,No,4,00-12 months
5710,8151-DWOWS,Female,No,No,No,45,25-48 months
5711,8152-OMDBU,Female,No,No,No,29,25-48 months
5712,8153-ATHYY,Female,No,Yes,Yes,68,49-72 months
5713,8153-FEWCD,Male,No,Yes,Yes,21,13-24 months
5714,8153-LWTSW,Female,No,Yes,Yes,10,00-12 months
5715,8153-VVCKT,Male,No,Yes,Yes,70,49-72 months
5716,8154-MQEYU,Male,No,No,No,8,00-12 months
5717,8154-YRYVR,Female,Yes,No,No,51,49-72 months
5718,8155-LJKLN,Female,Yes,No,No,39,25-48 months
5719,8155-RMBBS,Male,No,Yes,No,13,13-24 months
5720,8160-KJSNX,Female,No,Yes,No,41,25-48 months
5721,8161-DTSXJ,Male,No,Yes,No,2,00-12 months
5722,8161-VBOJX,Male,No,Yes,No,17,13-24 months
5723,8162-KMCRB,Female,No,Yes,No,63,49-72 months
5724,8162-RKSIN,Male,No,Yes,Yes,9,00-12 months
5725,8163-VKNJG,Female,No,No,No,1,00-12 months
5726,8164-VTQKO,Female,No,Yes,No,21,13-24 months
5727,8164-ZHEHU,Female,No,No,No,17,13-24 months
5728,8165-XWEUK,Female,No,No,No,6,00-12 months
5729,8166-JDGRU,Male,Yes,Yes,Yes,42,25-48 months
5730,8166-NTWTJ,Male,No,Yes,No,17,13-24 months
5731,8167-DPZQK,Male,No,Yes,No,2,00-12 months
5732,8168-FYMVN,Male,No,Yes,Yes,15,13-24 months
5733,8170-XFJKL,Female,No,No,No,40,25-48 months
5734,8171-FFKJT,Male,No,Yes,No,25,25-48 months
5735,8173-EIPSH,Female,No,No,No,15,13-24 months
5736,8179-CVGAX,Male,No,Yes,No,8,00-12 months
5737,8180-VHPBK,Male,No,No,No,9,00-12 months
5738,8183-FAAVX,Female,No,No,No,3,00-12 months
5739,8190-MLKGS,Male,No,No,No,65,49-72 months
5740,8192-ABAKS,Female,Yes,No,No,8,00-12 months
5741,8192-TOIYF,Male,No,No,No,33,25-48 months
5742,8196-SVYVQ,Male,No,Yes,No,1,00-12 months
5743,8196-WNRXV,Male,No,No,Yes,11,00-12 months
5744,8197-BJFSD,Male,No,Yes,Yes,19,13-24 months
5745,8197-DQKQT,Female,No,Yes,No,70,49-72 months
5746,8198-EIPVE,Female,No,Yes,No,72,49-72 months
5747,8199-MDKFO,Male,No,Yes,Yes,36,25-48 months
5748,8200-HFCSA,Male,No,No,Yes,36,25-48 months
5749,8202-BWHQX,Female,No,No,No,50,49-72 months
5750,8209-NGKCP,Female,No,No,No,59,49-72 months
5751,8209-QZOLG,Male,No,No,No,15,13-24 months
5752,8210-USIJC,Female,No,No,No,54,49-72 months
5753,8212-WLBOH,Female,No,Yes,No,23,13-24 months
5754,8214-TZTQJ,Female,No,Yes,Yes,52,49-72 months
5755,8220-XWNZM,Male,No,No,No,5,00-12 months
5756,8221-EAWLL,Male,No,Yes,No,6,00-12 months
5757,8221-PQYLI,Female,No,No,No,67,49-72 months
5758,8223-ASVWF,Female,No,No,No,21,13-24 months
5759,8223-GGWWA,Male,No,No,No,12,00-12 months
5760,8224-GTZYL,Male,No,No,No,3,00-12 months
5761,8229-IIQQO,Male,No,No,No,4,00-12 months
5762,8232-QQHEM,Female,No,Yes,No,38,25-48 months
5763,8235-LKLUA,Male,No,Yes,No,17,13-24 months
5764,8239-HWGGZ,Female,No,No,No,61,49-72 months
5765,8242-FOWSP,Female,No,No,No,69,49-72 months
5766,8243-GNORZ,Female,Yes,No,No,4,00-12 months
5767,8244-CIPZG,Male,No,No,No,2,00-12 months
5768,8244-MGWOQ,Male,No,Yes,No,5,00-12 months
5769,8245-AJHHF,Female,No,No,No,2,00-12 months
5770,8247-PKKAO,Female,No,Yes,No,42,25-48 months
5771,8248-WKJIH,Male,No,Yes,Yes,59,49-72 months
5772,8248-YCUST,Male,No,No,No,10,00-12 months
5773,8251-YRIWT,Male,No,Yes,Yes,32,25-48 months
5774,8253-LPEPF,Male,No,No,No,15,13-24 months
5775,8254-WYGSS,Male,No,No,No,5,00-12 months
5776,8256-JSJWP,Male,No,No,No,71,49-72 months
5777,8256-WVQHP,Male,No,No,No,68,49-72 months
5778,8256-ZKHVK,Male,No,Yes,No,6,00-12 months
5779,8257-RCVMO,Female,Yes,No,No,59,49-72 months
5780,8257-SFNFT,Male,Yes,No,No,59,49-72 months
5781,8259-DLDOY,Male,No,No,No,33,25-48 months
5782,8259-IDXDP,Male,No,Yes,Yes,2,00-12 months
5783,8259-QKXKB,Male,Yes,No,Yes,31,25-48 months
5784,8259-XHIIA,Female,No,No,Yes,19,13-24 months
5785,8260-EABZC,Female,No,Yes,No,9,00-12 months
5786,8260-ESJLW,Female,No,No,No,72,49-72 months
5787,8261-SGDAH,Female,No,No,No,7,00-12 months
5788,8264-KANQL,Male,No,Yes,No,47,25-48 months
5789,8267-QGQAG,Male,No,Yes,No,13,13-24 months
5790,8268-PBJZQ,Female,No,No,No,34,25-48 months
5791,8270-LXJNR,Male,No,No,Yes,6,00-12 months
5792,8271-SXTOR,Male,No,Yes,Yes,13,13-24 months
5793,8273-FFYNL,Male,Yes,No,No,30,25-48 months
5794,8273-HEQDX,Male,No,No,No,37,25-48 months
5795,8273-ZRMIB,Male,No,No,No,58,49-72 months
5796,8274-JGRBL,Female,No,No,Yes,3,00-12 months
5797,8274-KBJJN,Female,Yes,Yes,Yes,69,49-72 months
5798,8278-EHFDC,Female,No,Yes,No,56,49-72 months
5799,8278-SFUJQ,Female,Yes,No,No,17,13-24 months
5800,8281-JYKYL,Male,No,Yes,No,15,13-24 months
5801,8282-IZNTW,Male,No,Yes,Yes,36,25-48 months
5802,8282-KKASS,Male,No,Yes,No,13,13-24 months
5803,8283-EAQPW,Male,No,Yes,No,31,25-48 months
5804,8288-VTJJM,Male,Yes,Yes,No,42,25-48 months
5805,8291-TWYDC,Female,No,Yes,No,13,13-24 months
5806,8292-SDBKM,Male,Yes,No,No,13,13-24 months
5807,8296-AAWDS,Male,No,Yes,No,63,49-72 months
5808,8300-MVYMB,Male,No,No,No,18,13-24 months
5809,8304-YKGND,Male,No,Yes,No,18,13-24 months
5810,8306-KBXZJ,Female,Yes,No,No,31,25-48 months
5811,8307-LOQPT,Female,No,Yes,Yes,47,25-48 months
5812,8310-EOVUO,Male,Yes,No,No,20,13-24 months
5813,8312-XJCCI,Male,No,No,No,66,49-72 months
5814,8316-VCLHB,Female,No,Yes,Yes,71,49-72 months
5815,8319-RFPXF,Male,No,No,No,56,49-72 months
5816,8320-ATBQF,Male,No,No,No,8,00-12 months
5817,8321-JHCRB,Female,Yes,No,No,33,25-48 months
5818,8323-XNUJL,Male,No,No,No,64,49-72 months
5819,8324-JOOQB,Female,No,Yes,Yes,62,49-72 months
5820,8324-XZYFA,Male,Yes,No,Yes,34,25-48 months
5821,8325-TUGVV,Male,No,No,No,22,13-24 months
5822,8326-BMPOJ,Female,Yes,Yes,No,23,13-24 months
5823,8328-OEVZB,Female,No,No,No,8,00-12 months
5824,8328-TVUEW,Male,No,Yes,No,2,00-12 months
5825,8330-LVPWC,Male,Yes,No,No,22,13-24 months
5826,8334-NJLFY,Male,No,Yes,No,26,25-48 months
5827,8335-LEEPD,Male,No,No,No,9,00-12 months
5828,8335-MPBRR,Female,No,No,No,6,00-12 months
5829,8337-NEMUQ,Male,No,Yes,No,72,49-72 months
5830,8338-EWFYB,Male,Yes,No,No,2,00-12 months
5831,8338-TENOM,Female,No,Yes,Yes,2,00-12 months
5832,8339-QZIPR,Male,No,No,No,4,00-12 months
5833,8340-EHLJE,Female,Yes,Yes,No,5,00-12 months
5834,8340-RZACN,Male,No,No,No,60,49-72 months
5835,8342-SXDXX,Female,No,No,No,43,25-48 months
5836,8343-YDEJO,Male,No,Yes,No,50,49-72 months
5837,8344-ALQGK,Female,No,Yes,Yes,12,00-12 months
5838,8346-HADNZ,Male,No,No,No,24,13-24 months
5839,8348-UCWMD,Female,No,Yes,Yes,49,49-72 months
5840,8349-DVKQO,Female,No,No,No,7,00-12 months
5841,8351-PCAIE,Male,Yes,Yes,Yes,63,49-72 months
5842,8355-LOWVV,Female,No,Yes,Yes,70,49-72 months
5843,8356-GTEWR,Female,No,No,No,42,25-48 months
5844,8356-LFLEI,Male,No,Yes,Yes,46,25-48 months
5845,8357-BMJOG,Male,Yes,Yes,Yes,60,49-72 months
5846,8359-RRULB,Male,No,No,No,65,49-72 months
5847,8361-XJQEX,Female,Yes,Yes,Yes,64,49-72 months
5848,8362-MRXDI,Female,Yes,No,No,37,25-48 months
5849,8365-RNLST,Female,No,No,No,35,25-48 months
5850,8366-XOTSF,Male,Yes,No,No,69,49-72 months
5851,8370-CSBBA,Male,No,No,No,33,25-48 months
5852,8371-VUXGZ,Female,No,No,No,6,00-12 months
5853,8372-VFFGE,Female,No,Yes,No,9,00-12 months
5854,8372-VHWJO,Female,No,Yes,No,1,00-12 months
5855,8372-WJCPQ,Male,No,No,No,18,13-24 months
5856,8374-BMSCE,Male,No,No,No,2,00-12 months
5857,8374-IEWJX,Male,No,Yes,Yes,56,49-72 months
5858,8376-GXKIH,Female,No,Yes,Yes,17,13-24 months
5859,8377-GHYQE,Male,No,Yes,No,71,49-72 months
5860,8378-HEOZE,Male,No,Yes,Yes,16,13-24 months
5861,8381-OBBMK,Male,Yes,Yes,Yes,15,13-24 months
5862,8382-ILWJG,Male,No,No,No,49,49-72 months
5863,8384-CQZJZ,Female,No,Yes,No,8,00-12 months
5864,8384-QAQDK,Male,Yes,No,No,24,13-24 months
5865,8385-CKMUU,Male,No,No,No,56,49-72 months
5866,8386-KIOFS,Female,No,No,No,48,25-48 months
5867,8389-VRGJR,Male,No,Yes,Yes,45,25-48 months
5868,8390-TPMCD,Female,Yes,Yes,No,2,00-12 months
5869,8391-PMPFL,Male,No,Yes,Yes,43,25-48 months
5870,8392-DVXRI,Female,No,No,No,43,25-48 months
5871,8393-BFSXU,Female,No,No,No,47,25-48 months
5872,8393-ESVYI,Male,No,Yes,No,20,13-24 months
5873,8394-AMQGW,Male,No,No,No,9,00-12 months
5874,8394-IBMQV,Female,No,Yes,Yes,31,25-48 months
5875,8394-YWDKN,Male,No,No,No,9,00-12 months
5876,8395-QQGLC,Male,No,No,No,68,49-72 months
5877,8395-UFEOQ,Female,No,No,No,1,00-12 months
5878,8397-LNJEY,Female,No,Yes,Yes,70,49-72 months
5879,8398-YYQTI,Male,No,No,No,69,49-72 months
5880,8399-YUWGK,Female,Yes,No,No,55,49-72 months
5881,8401-FQRBH,Male,No,Yes,Yes,29,25-48 months
5882,8401-IAGGA,Male,No,Yes,Yes,48,25-48 months
5883,8401-IBFME,Male,No,Yes,Yes,14,13-24 months
5884,8401-KAJKK,Female,No,Yes,Yes,6,00-12 months
5885,8404-RHHXM,Male,No,Yes,Yes,31,25-48 months
5886,8404-VVVMB,Female,No,No,No,53,49-72 months
5887,8409-LRNHU,Male,No,No,No,14,13-24 months
5888,8411-IHZNQ,Female,No,Yes,Yes,33,25-48 months
5889,8412-PHWJI,Female,No,Yes,No,17,13-24 months
5890,8413-KFTQS,Female,No,Yes,Yes,14,13-24 months
5891,8414-KQWTK,Male,No,No,No,66,49-72 months
5892,8417-OJFHY,Male,No,Yes,No,9,00-12 months
5893,8417-PRNLO,Male,No,No,Yes,64,49-72 months
5894,8418-CPJUN,Female,No,Yes,Yes,53,49-72 months
5895,8418-GZNIF,Male,No,Yes,No,23,13-24 months
5896,8419-MLIZJ,Female,No,No,No,67,49-72 months
5897,8420-EHVXC,Male,No,No,No,20,13-24 months
5898,8428-RMNSN,Male,No,No,No,15,13-24 months
5899,8429-KICVT,Male,No,Yes,Yes,53,49-72 months
5900,8430-BLDKL,Female,No,Yes,Yes,4,00-12 months
5901,8431-FKMRJ,Female,No,No,No,18,13-24 months
5902,8432-PHJLE,Male,No,Yes,No,64,49-72 months
5903,8432-QHYSL,Male,No,No,No,56,49-72 months
5904,8434-OLAUM,Female,Yes,No,No,41,25-48 months
5905,8435-OXISS,Male,No,No,No,62,49-72 months
5906,8439-FMAZG,Female,No,No,No,8,00-12 months
5907,8439-WLHZL,Female,Yes,Yes,Yes,3,00-12 months
5908,8439-WVBOO,Female,No,Yes,Yes,19,13-24 months
5909,8440-YDVBJ,Male,No,Yes,Yes,28,25-48 months
5910,8444-QRPTV,Male,No,No,No,27,25-48 months
5911,8445-VGQXU,Female,Yes,Yes,No,68,49-72 months
5912,8451-BPYRY,Male,No,No,Yes,16,13-24 months
5913,8453-MQDKU,Male,No,No,Yes,9,00-12 months
5914,8454-BRMUU,Female,Yes,Yes,Yes,51,49-72 months
5915,8454-INNWT,Male,No,No,No,14,13-24 months
5916,8455-NORFC,Male,No,Yes,No,28,25-48 months
5917,8456-XFXDN,Female,Yes,No,No,1,00-12 months
5918,8457-TJQUM,Male,Yes,No,No,6,00-12 months
5919,8461-PBTXR,Female,No,No,No,52,49-72 months
5920,8461-SVVLB,Male,No,No,No,8,00-12 months
5921,8462-BDHTC,Male,No,Yes,Yes,19,13-24 months
5922,8463-ERLWW,Male,No,Yes,No,57,49-72 months
5923,8463-YLDHW,Female,No,Yes,Yes,14,13-24 months
5924,8464-EYUKY,Male,No,Yes,Yes,47,25-48 months
5925,8467-VTUZU,Female,No,No,No,18,13-24 months
5926,8468-NFPDA,Female,Yes,Yes,No,1,00-12 months
5927,8469-UZPQN,Male,No,Yes,No,14,13-24 months
5928,8473-WIIWO,Male,No,No,Yes,36,25-48 months
5929,8473-WVGQP,Female,No,No,No,10,00-12 months
5930,8476-GSPXH,Male,No,No,Yes,4,00-12 months
5931,8477-UEOFO,Female,No,No,No,12,00-12 months
5932,8478-EBRZT,Male,Yes,No,No,39,25-48 months
5933,8483-IKXJY,Male,No,Yes,No,61,49-72 months
5934,8484-MGLBD,Male,Yes,Yes,No,16,13-24 months
5935,8489-IADCZ,Male,Yes,Yes,Yes,31,25-48 months
5936,8489-QQPTL,Female,No,Yes,Yes,67,49-72 months
5937,8492-FRMIS,Female,No,No,No,40,25-48 months
5938,8492-RPLKY,Male,Yes,Yes,Yes,11,00-12 months
5939,8495-SGUTX,Male,No,Yes,No,12,00-12 months
5940,8497-WAPQJ,Female,No,No,No,48,25-48 months
5941,8501-IKPBN,Female,Yes,No,Yes,72,49-72 months
5942,8502-RXEJD,Female,Yes,Yes,Yes,9,00-12 months
5943,8502-WBBUN,Female,No,No,No,2,00-12 months
5944,8502-WINRG,Female,No,No,No,10,00-12 months
5945,8503-JGNGQ,Female,No,Yes,No,14,13-24 months
5946,8503-NHUNG,Male,No,No,No,18,13-24 months
5947,8504-LBWEH,Male,No,Yes,Yes,11,00-12 months
5948,8505-PTPIR,Female,Yes,Yes,Yes,67,49-72 months
5949,8506-CJQOM,Male,No,No,No,70,49-72 months
5950,8508-KZEEP,Male,No,No,No,26,25-48 months
5951,8508-UHOQY,Male,Yes,No,No,21,13-24 months
5952,8509-UJNAE,Female,No,Yes,Yes,61,49-72 months
5953,8511-BSCBR,Female,No,No,No,1,00-12 months
5954,8511-WGPZW,Male,No,Yes,No,10,00-12 months
5955,8513-EROZM,Female,No,Yes,Yes,42,25-48 months
5956,8514-RRNAK,Female,No,Yes,Yes,9,00-12 months
5957,8516-WJBJD,Female,No,No,No,1,00-12 months
5958,8518-GWMZS,Male,No,No,No,32,25-48 months
5959,8518-WVIMS,Female,No,No,No,57,49-72 months
5960,8519-CQJUB,Female,No,No,No,15,13-24 months
5961,8520-WCDEV,Female,No,No,Yes,33,25-48 months
5962,8521-FURNC,Male,No,Yes,No,26,25-48 months
5963,8523-FADGR,Female,No,Yes,No,44,25-48 months
5964,8527-BOTAZ,Male,No,No,No,12,00-12 months
5965,8529-LDIQG,Male,No,No,No,25,25-48 months
5966,8530-RBUAL,Female,No,No,No,16,13-24 months
5967,8535-BMRKL,Female,No,No,No,72,49-72 months
5968,8537-DZQEL,Female,No,No,No,60,49-72 months
5969,8539-DOAIC,Male,Yes,No,No,6,00-12 months
5970,8539-OIOQX,Female,No,No,No,1,00-12 months
5971,8540-MNGXN,Male,No,No,No,16,13-24 months
5972,8541-MUILN,Male,No,No,No,18,13-24 months
5973,8543-LFCOR,Female,Yes,Yes,Yes,17,13-24 months
5974,8543-SRDHJ,Female,No,No,No,9,00-12 months
5975,8543-UVFAX,Male,Yes,Yes,Yes,51,49-72 months
5976,8545-DIGFJ,Female,No,Yes,No,29,25-48 months
5977,8545-HYDAJ,Female,No,Yes,Yes,20,13-24 months
5978,8547-FHMBB,Female,No,No,No,51,49-72 months
5979,8548-TUYUI,Female,No,Yes,No,42,25-48 months
5980,8548-YBHLN,Male,No,No,No,43,25-48 months
5981,8550-FHBJB,Female,No,No,Yes,37,25-48 months
5982,8550-ZPGOS,Male,No,Yes,No,30,25-48 months
5983,8551-CPNJQ,Male,No,No,No,20,13-24 months
5984,8555-ALBQB,Male,No,Yes,Yes,38,25-48 months
5985,8555-MVRBM,Male,No,Yes,Yes,45,25-48 months
5986,8556-AVNYC,Female,Yes,Yes,Yes,36,25-48 months
5987,8556-HXHLR,Male,Yes,Yes,No,24,13-24 months
5988,8556-XGJKV,Male,No,Yes,Yes,22,13-24 months
5989,8559-HLHLC,Female,No,No,No,43,25-48 months
5990,8560-GGZQA,Female,No,No,Yes,18,13-24 months
5991,8560-QHNGE,Female,Yes,Yes,Yes,70,49-72 months
5992,8561-LHQUY,Female,No,No,No,17,13-24 months
5993,8566-QOOZF,Male,Yes,No,No,5,00-12 months
5994,8568-NUMMP,Female,No,No,No,9,00-12 months
5995,8568-UIIIM,Male,No,No,No,70,49-72 months
5996,8568-VDJHX,Male,No,No,No,1,00-12 months
5997,8572-CKRNG,Female,Yes,Yes,No,51,49-72 months
5998,8572-VVCSW,Female,Yes,Yes,Yes,13,13-24 months
5999,8572-ZLSXW,Male,No,Yes,No,4,00-12 months
6000,8573-MNNCC,Female,No,No,No,44,25-48 months
6001,8573-PKIRX,Male,No,No,No,25,25-48 months
6002,8574-KOQWK,Female,No,No,No,62,49-72 months
6003,8574-LFXQP,Female,No,Yes,No,67,49-72 months
6004,8576-IIBKM,Female,No,No,No,8,00-12 months
6005,8576-KVUYX,Female,No,No,No,62,49-72 months
6006,8578-MWYCZ,Male,No,No,No,25,25-48 months
6007,8579-CTNTL,Male,No,No,No,72,49-72 months
6008,8580-BQCZH,Male,No,No,No,18,13-24 months
6009,8582-OLNIP,Male,No,No,No,7,00-12 months
6010,8582-VHQET,Male,No,Yes,Yes,39,25-48 months
6011,8584-AWQXH,Female,No,No,No,66,49-72 months
6012,8584-XETDQ,Male,No,No,No,46,25-48 months
6013,8585-AMHQO,Male,No,Yes,No,71,49-72 months
6014,8586-EVHON,Female,Yes,No,Yes,12,00-12 months
6015,8586-FYJRS,Male,No,Yes,Yes,68,49-72 months
6016,8587-YNISM,Male,No,No,No,60,49-72 months
6017,8591-DKWJM,Male,No,No,No,35,25-48 months
6018,8591-IBYEI,Male,No,No,No,5,00-12 months
6019,8591-WZDPC,Female,No,No,No,1,00-12 months
6020,8593-LLXEK,Male,No,Yes,No,1,00-12 months
6021,8593-SPERP,Male,No,Yes,Yes,18,13-24 months
6022,8595-QXIVY,Male,No,Yes,Yes,72,49-72 months
6023,8596-ASGQM,Male,No,Yes,No,25,25-48 months
6024,8598-RUPZR,Male,Yes,Yes,No,20,13-24 months
6025,8598-YHMKN,Female,No,No,No,64,49-72 months
6026,8602-FOZAE,Male,No,No,No,3,00-12 months
6027,8603-FHZVF,Male,No,Yes,No,21,13-24 months
6028,8605-QETBG,Male,No,No,No,64,49-72 months
6029,8606-QPWHU,Female,No,Yes,No,19,13-24 months
6030,8607-BQCYQ,Female,No,No,No,71,49-72 months
6031,8609-VAOOF,Male,Yes,No,No,60,49-72 months
6032,8610-WTIPF,Male,No,No,No,9,00-12 months
6033,8611-IFHKR,Female,No,No,No,50,49-72 months
6034,8611-UNCAF,Female,No,No,No,9,00-12 months
6035,8611-XXLTI,Male,No,Yes,Yes,59,49-72 months
6036,8612-TGMOR,Female,No,No,No,15,13-24 months
6037,8614-PZLJZ,Male,No,Yes,No,15,13-24 months
6038,8615-JHNOO,Male,No,Yes,Yes,66,49-72 months
6039,8616-BTUBF,Male,No,Yes,No,18,13-24 months
6040,8618-APNLR,Male,No,No,No,56,49-72 months
6041,8618-QCSLQ,Male,No,Yes,No,11,00-12 months
6042,8619-HJJSQ,Female,No,No,No,35,25-48 months
6043,8619-IEJHP,Female,No,Yes,Yes,24,13-24 months
6044,8619-ZEMDW,Female,Yes,Yes,Yes,38,25-48 months
6045,8621-APLHY,Female,No,No,Yes,51,49-72 months
6046,8624-DWCQV,Male,No,No,No,14,13-24 months
6047,8625-NMXVN,Male,No,Yes,No,6,00-12 months
6048,8627-CVNAF,Male,No,No,No,69,49-72 months
6049,8627-LZVSO,Female,Yes,No,No,9,00-12 months
6050,8631-JVBLR,Male,No,No,No,6,00-12 months
6051,8632-ETPWK,Female,No,Yes,Yes,54,49-72 months
6052,8632-PRMVS,Female,No,Yes,Yes,72,49-72 months
6053,8632-VNELX,Female,No,No,No,66,49-72 months
6054,8633-CDYNM,Female,No,No,No,12,00-12 months
6055,8634-AGGLD,Male,No,Yes,Yes,61,49-72 months
6056,8634-IRSPR,Female,No,Yes,No,2,00-12 months
6057,8637-PDIRI,Male,No,No,No,59,49-72 months
6058,8638-FLVSX,Male,No,No,No,19,13-24 months
6059,8638-UHSGE,Female,No,No,No,1,00-12 months
6060,8639-YIUVD,Male,No,Yes,Yes,1,00-12 months
6061,8640-GOQHY,Female,No,No,No,63,49-72 months
6062,8643-UASCT,Female,No,Yes,No,66,49-72 months
6063,8643-UHXJR,Male,Yes,No,No,57,49-72 months
6064,8646-KJDZW,Female,No,Yes,Yes,43,25-48 months
6065,8647-NKYRL,Female,No,Yes,No,54,49-72 months
6066,8647-SDTSL,Male,No,Yes,Yes,18,13-24 months
6067,8647-WEIHX,Female,No,No,No,14,13-24 months
6068,8649-ZKDFI,Male,No,Yes,No,7,00-12 months
6069,8652-QTLDL,Male,Yes,No,No,58,49-72 months
6070,8653-BWRVM,Male,No,Yes,Yes,8,00-12 months
6071,8657-AAOES,Female,No,Yes,No,4,00-12 months
6072,8658-YGIXA,Female,No,Yes,Yes,3,00-12 months
6073,8662-YPNVZ,Female,No,No,No,24,13-24 months
6074,8664-RRSJZ,Female,No,Yes,No,72,49-72 months
6075,8667-JTOFX,Male,No,Yes,No,22,13-24 months
6076,8669-HHIRD,Male,No,No,Yes,56,49-72 months
6077,8669-WWHCL,Male,No,No,No,5,00-12 months
6078,8670-GWFOJ,Female,No,Yes,No,1,00-12 months
6079,8670-IFEFL,Male,Yes,Yes,No,38,25-48 months
6080,8670-OBMVR,Male,No,Yes,Yes,13,13-24 months
6081,8671-CGQSU,Female,No,No,No,5,00-12 months
6082,8671-QMACN,Male,No,Yes,No,49,49-72 months
6083,8672-BJTOG,Male,No,Yes,No,6,00-12 months
6084,8672-TNKXW,Female,No,Yes,Yes,11,00-12 months
6085,8673-SCHAC,Female,No,Yes,No,5,00-12 months
6086,8674-WFZTC,Female,Yes,Yes,Yes,47,25-48 months
6087,8676-YGIQA,Female,Yes,Yes,No,63,49-72 months
6088,8677-FKNKJ,Male,No,No,No,3,00-12 months
6089,8678-PJWZI,Female,No,Yes,Yes,72,49-72 months
6090,8679-KPQIT,Male,No,Yes,Yes,3,00-12 months
6091,8679-WAEJN,Male,No,Yes,Yes,9,00-12 months
6092,8680-NXHEQ,Male,No,Yes,No,17,13-24 months
6093,8680-VLSKG,Male,No,Yes,No,67,49-72 months
6094,8680-ZMJTS,Female,No,No,No,9,00-12 months
6095,8681-EELRE,Female,No,Yes,No,27,25-48 months
6096,8683-KASRJ,Male,No,No,No,1,00-12 months
6097,8684-QOKDJ,Male,No,No,Yes,2,00-12 months
6098,8684-ZVGFO,Male,Yes,No,No,10,00-12 months
6099,8685-OBECT,Male,No,No,No,21,13-24 months
6100,8685-OMSZD,Female,No,No,No,31,25-48 months
6101,8687-USGKW,Male,Yes,Yes,Yes,43,25-48 months
6102,8688-BXRXS,Male,No,No,No,38,25-48 months
6103,8688-MAFIA,Male,Yes,No,No,68,49-72 months
6104,8688-PSDBI,Female,Yes,No,No,49,49-72 months
6105,8689-AAXPE,Female,No,Yes,Yes,41,25-48 months
6106,8689-HWWHP,Male,No,Yes,Yes,60,49-72 months
6107,8690-LFEXI,Female,No,No,No,67,49-72 months
6108,8690-MUKQS,Female,No,Yes,No,19,13-24 months
6109,8691-QTTUY,Male,No,Yes,No,55,49-72 months
6110,8692-VVKBZ,Female,No,Yes,No,34,25-48 months
6111,8693-GDZTX,Female,No,No,No,60,49-72 months
6112,8699-FGSWP,Female,Yes,Yes,No,22,13-24 months
6113,8701-HOIIR,Female,No,No,No,22,13-24 months
6114,8702-JYWEZ,Male,No,Yes,No,9,00-12 months
6115,8705-JSEMG,Male,Yes,No,No,21,13-24 months
6116,8705-ZCSIB,Male,No,Yes,No,12,00-12 months
6117,8708-SECDP,Male,Yes,No,No,3,00-12 months
6118,8709-NLVFF,Male,No,Yes,No,47,25-48 months
6119,8712-MOHXM,Male,Yes,No,Yes,37,25-48 months
6120,8712-OSKUL,Female,No,Yes,Yes,6,00-12 months
6121,8714-WGOTM,Female,Yes,No,No,2,00-12 months
6122,8715-LSNUE,Male,No,Yes,Yes,66,49-72 months
6123,8715-UEPLC,Male,No,No,No,3,00-12 months
6124,8718-SCYEP,Male,No,No,No,6,00-12 months
6125,8719-IBVJT,Male,Yes,No,No,9,00-12 months
6126,8722-BVXYG,Female,No,No,No,24,13-24 months
6127,8722-DEXIA,Male,No,No,No,18,13-24 months
6128,8723-LCIUN,Female,No,Yes,No,68,49-72 months
6129,8724-WIFDX,Male,No,Yes,Yes,10,00-12 months
6130,8725-EFHQW,Female,Yes,Yes,No,53,49-72 months
6131,8728-GAUGZ,Male,No,No,No,30,25-48 months
6132,8729-AVQPR,Female,No,Yes,Yes,42,25-48 months
6133,8729-TYAFB,Male,No,No,No,28,25-48 months
6134,8731-KKNUM,Female,No,No,No,40,25-48 months
6135,8734-HJVNR,Male,No,No,No,62,49-72 months
6136,8736-EDRPB,Female,No,No,Yes,65,49-72 months
6137,8737-MIMUQ,Male,Yes,No,No,50,49-72 months
6138,8740-XMRPH,Male,No,Yes,Yes,68,49-72 months
6139,8743-JZDEI,Female,Yes,Yes,Yes,28,25-48 months
6140,8744-HGSYM,Male,No,Yes,Yes,4,00-12 months
6141,8749-ISBPW,Male,No,Yes,No,43,25-48 months
6142,8754-NSCUR,Female,Yes,No,No,17,13-24 months
6143,8756-FSCYU,Female,No,No,No,6,00-12 months
6144,8761-VCEOR,Male,No,Yes,Yes,9,00-12 months
6145,8762-HQDLY,Male,No,No,No,28,25-48 months
6146,8762-MMREO,Female,No,No,No,51,49-72 months
6147,8762-SUYGC,Male,Yes,No,No,65,49-72 months
6148,8764-TIKPG,Female,No,Yes,Yes,11,00-12 months
6149,8769-BNKYW,Male,No,Yes,Yes,45,25-48 months
6150,8770-EEFQP,Male,No,Yes,Yes,12,00-12 months
6151,8772-QZYKS,Female,No,Yes,No,9,00-12 months
6152,8773-PTVFL,Male,No,Yes,Yes,70,49-72 months
6153,8773-WLPON,Male,No,No,No,59,49-72 months
6154,8776-LGGYO,Male,No,Yes,No,10,00-12 months
6155,8776-NRATR,Female,No,Yes,Yes,40,25-48 months
6156,8777-YHZQB,Male,No,No,No,5,00-12 months
6157,8778-ZQFYG,Female,No,Yes,No,24,13-24 months
6158,8779-QDDMP,Male,No,No,No,31,25-48 months
6159,8779-SONZF,Female,No,Yes,Yes,70,49-72 months
6160,8780-ETPQI,Male,No,Yes,No,70,49-72 months
6161,8780-ZPIRQ,Female,No,No,No,3,00-12 months
6162,8783-PITQT,Male,No,Yes,No,16,13-24 months
6163,8783-SOHCX,Female,No,Yes,No,68,49-72 months
6164,8785-FNMUB,Female,No,No,No,11,00-12 months
6165,8785-YZZYT,Female,No,No,No,17,13-24 months
6166,8789-QDDGB,Male,No,No,No,71,49-72 months
6167,8790-DKSGZ,Female,Yes,Yes,Yes,61,49-72 months
6168,8790-FJMOF,Female,No,No,No,21,13-24 months
6169,8790-MZTQX,Male,No,Yes,Yes,40,25-48 months
6170,8792-FVMYU,Male,No,No,No,16,13-24 months
6171,8792-RKRFF,Male,No,No,No,14,13-24 months
6172,8793-QLGHB,Male,No,No,No,28,25-48 months
6173,8794-DKNCE,Male,No,No,No,25,25-48 months
6174,8794-UGGUV,Female,Yes,Yes,Yes,24,13-24 months
6175,8795-PCLMG,Male,No,No,No,3,00-12 months
6176,8796-GYRYJ,Male,Yes,No,No,40,25-48 months
6177,8796-XZCXW,Female,No,Yes,No,4,00-12 months
6178,8797-ALLZC,Male,Yes,Yes,No,31,25-48 months
6179,8797-LTJFV,Female,Yes,No,No,9,00-12 months
6180,8798-BIPPV,Male,No,No,No,14,13-24 months
6181,8798-HPEGW,Male,No,No,No,5,00-12 months
6182,8801-YVUMG,Male,No,No,Yes,9,00-12 months
6183,8803-PHFJB,Female,No,Yes,No,70,49-72 months
6184,8804-AXQOE,Female,No,Yes,Yes,24,13-24 months
6185,8805-TMAZT,Male,No,No,No,49,49-72 months
6186,8807-MQPZG,Female,Yes,No,No,1,00-12 months
6187,8808-FYQTT,Female,No,Yes,Yes,4,00-12 months
6188,8809-SXCRZ,Female,No,Yes,No,21,13-24 months
6189,8811-IHHOF,Female,Yes,Yes,Yes,16,13-24 months
6190,8811-IYVIM,Male,No,No,No,65,49-72 months
6191,8812-MREYG,Female,No,No,Yes,66,49-72 months
6192,8812-UFVBH,Male,No,No,Yes,72,49-72 months
6193,8813-SJMMX,Female,No,No,No,61,49-72 months
6194,8813-ZOLSC,Female,No,No,No,7,00-12 months
6195,8816-BMPJD,Male,No,No,No,41,25-48 months
6196,8817-IQSVQ,Male,No,No,No,44,25-48 months
6197,8820-XBHDD,Female,No,Yes,Yes,17,13-24 months
6198,8823-VJLAH,Female,No,Yes,No,10,00-12 months
6199,8825-GIVRM,Female,No,Yes,No,6,00-12 months
6200,8825-UIKXA,Male,No,No,No,27,25-48 months
6201,8825-WIIBH,Female,No,No,No,45,25-48 months
6202,8825-ZETNP,Male,No,Yes,Yes,67,49-72 months
6203,8827-SGWSV,Female,No,No,No,20,13-24 months
6204,8827-ZZCLU,Female,No,Yes,No,41,25-48 months
6205,8831-AACOG,Male,No,No,No,56,49-72 months
6206,8831-FLTBS,Female,No,No,No,2,00-12 months
6207,8831-ZGZAD,Male,No,Yes,Yes,31,25-48 months
6208,8833-VSIMV,Male,No,No,No,48,25-48 months
6209,8837-LKYUF,Female,No,No,No,28,25-48 months
6210,8842-ZFSHZ,Male,No,Yes,No,57,49-72 months
6211,8845-MBFHJ,Female,No,Yes,Yes,71,49-72 months
6212,8847-XJTTR,Male,No,No,No,28,25-48 months
6213,8849-RVBWY,Female,Yes,No,No,51,49-72 months
6214,8852-IZAZD,Male,No,Yes,No,17,13-24 months
6215,8852-MYWVF,Female,No,Yes,No,1,00-12 months
6216,8852-OAEFJ,Male,No,Yes,Yes,2,00-12 months
6217,8853-WYSON,Female,No,Yes,Yes,65,49-72 months
6218,8855-DRNFX,Female,No,Yes,Yes,28,25-48 months
6219,8856-BKAVD,Female,Yes,Yes,No,12,00-12 months
6220,8857-EWVEG,Female,No,No,No,70,49-72 months
6221,8857-XCCWZ,Male,Yes,No,No,28,25-48 months
6222,8858-TGQMI,Male,Yes,No,No,66,49-72 months
6223,8866-VAJGI,Female,Yes,No,No,12,00-12 months
6224,8867-AWXXJ,Male,No,No,No,26,25-48 months
6225,8873-CVFIA,Male,No,Yes,No,36,25-48 months
6226,8873-YZTNO,Female,No,No,No,5,00-12 months
6227,8875-KGQOO,Male,Yes,No,No,15,13-24 months
6228,8877-MAWRX,Male,No,No,No,12,00-12 months
6229,8879-CYEOZ,Male,No,Yes,No,42,25-48 months
6230,8880-AUHBB,Male,No,Yes,Yes,18,13-24 months
6231,8880-EZOKG,Female,No,No,No,18,13-24 months
6232,8883-ILLAV,Female,No,No,No,2,00-12 months
6233,8883-WBJCH,Female,No,Yes,Yes,59,49-72 months
6234,8886-HZBIJ,Male,No,No,No,14,13-24 months
6235,8886-WXVJS,Female,Yes,Yes,Yes,54,49-72 months
6236,8888-BCWBE,Male,No,Yes,Yes,69,49-72 months
6237,8888-RVCZK,Female,No,Yes,Yes,67,49-72 months
6238,8889-DTOYG,Female,No,No,No,63,49-72 months
6239,8889-KRWNB,Female,No,Yes,Yes,29,25-48 months
6240,8889-TQIZS,Female,Yes,Yes,Yes,1,00-12 months
6241,8890-FIEOU,Female,No,Yes,Yes,2,00-12 months
6242,8890-LHIPK,Female,No,Yes,No,11,00-12 months
6243,8891-GFGQO,Female,No,No,No,5,00-12 months
6244,8892-ZKDOV,Female,No,No,No,67,49-72 months
6245,8894-QSCCS,Female,No,No,No,59,49-72 months
6246,8895-UHENR,Male,No,Yes,No,66,49-72 months
6247,8896-WWGRE,Female,No,No,No,72,49-72 months
6248,8897-KKPEP,Male,No,No,No,42,25-48 months
6249,8898-JKAHJ,Female,No,Yes,Yes,37,25-48 months
6250,8904-EWWDS,Male,No,Yes,Yes,18,13-24 months
6251,8904-MLELN,Female,No,No,Yes,4,00-12 months
6252,8904-NQPAS,Male,No,No,Yes,26,25-48 months
6253,8905-LAALG,Female,No,Yes,No,2,00-12 months
6254,8908-UKCCG,Male,No,No,No,18,13-24 months
6255,8909-CRAUA,Male,No,Yes,No,64,49-72 months
6256,8909-SOWCQ,Female,Yes,No,No,40,25-48 months
6257,8911-XEZGB,Male,No,No,Yes,3,00-12 months
6258,8912-BGEPA,Male,No,No,No,72,49-72 months
6259,8914-NNWRD,Male,No,No,No,28,25-48 months
6260,8916-UZDTS,Male,No,No,No,14,13-24 months
6261,8918-LHUOA,Female,No,No,No,5,00-12 months
6262,8919-LDDNA,Female,No,Yes,Yes,9,00-12 months
6263,8920-LLCCM,Male,Yes,Yes,No,64,49-72 months
6264,8921-FWZTX,Male,No,No,No,1,00-12 months
6265,8922-PMXKK,Male,Yes,Yes,Yes,8,00-12 months
6266,8927-BNNBV,Male,No,Yes,No,36,25-48 months
6267,8927-LHKPK,Male,Yes,No,No,66,49-72 months
6268,8929-YUVTH,Male,Yes,No,No,12,00-12 months
6269,8929-ZZZAU,Female,Yes,Yes,No,2,00-12 months
6270,8934-ATQHH,Female,No,No,No,5,00-12 months
6271,8943-PXWFE,Male,No,No,No,70,49-72 months
6272,8944-VUMXR,Male,No,Yes,No,64,49-72 months
6273,8945-JVYNC,Male,No,Yes,No,69,49-72 months
6274,8945-ZDAOG,Male,No,No,No,2,00-12 months
6275,8948-LBKQW,Female,No,Yes,Yes,18,13-24 months
6276,8949-FZFKI,Male,Yes,Yes,Yes,9,00-12 months
6277,8950-HNQZO,Male,No,No,No,9,00-12 months
6278,8952-UMCPN,Male,No,No,No,1,00-12 months
6279,8954-WPHVH,Female,No,No,No,38,25-48 months
6280,8955-VAKAP,Male,No,Yes,Yes,2,00-12 months
6281,8956-GRJWK,Female,No,No,No,5,00-12 months
6282,8956-ZCXFQ,Female,No,Yes,No,54,49-72 months
6283,8958-DOUVM,Female,Yes,Yes,Yes,51,49-72 months
6284,8959-WVGEE,Male,No,Yes,No,69,49-72 months
6285,8962-NRTXP,Female,No,Yes,Yes,8,00-12 months
6286,8963-SLVNO,Male,No,No,No,68,49-72 months
6287,8965-GKCCK,Female,No,Yes,No,60,49-72 months
6288,8967-HPSZA,Female,No,No,No,46,25-48 months
6289,8967-QFXHZ,Male,No,No,Yes,6,00-12 months
6290,8969-AJVRI,Female,No,Yes,Yes,1,00-12 months
6291,8970-MCTTM,Female,No,Yes,No,25,25-48 months
6292,8970-YLGMC,Male,No,No,No,62,49-72 months
6293,8973-GZBGP,Female,No,No,No,11,00-12 months
6294,8976-QTELO,Male,No,No,No,2,00-12 months
6295,8977-SLFZH,Female,No,No,No,62,49-72 months
6296,8980-JWNDO,Female,No,Yes,No,33,25-48 months
6297,8984-JTQSQ,Female,No,No,No,35,25-48 months
6298,8985-SACLL,Male,No,Yes,No,65,49-72 months
6299,8988-ASHFO,Male,No,Yes,No,20,13-24 months
6300,8988-DZUQQ,Male,No,Yes,Yes,30,25-48 months
6301,8988-NKVHV,Female,No,No,No,72,49-72 months
6302,8989-QCCSN,Female,Yes,Yes,No,5,00-12 months
6303,8990-AYSZY,Male,No,No,No,9,00-12 months
6304,8992-TVURV,Male,No,Yes,Yes,15,13-24 months
6305,8994-VJPYP,Female,No,Yes,No,16,13-24 months
6306,8996-UZKCM,Female,No,No,No,71,49-72 months
6307,9000-HWPBT,Female,Yes,Yes,Yes,12,00-12 months
6308,9001-UTNWF,Male,No,Yes,No,48,25-48 months
6309,9002-WLHFD,Male,No,No,No,1,00-12 months
6310,9004-TYLBG,Male,Yes,No,No,37,25-48 months
6311,9006-JERXX,Male,No,No,No,4,00-12 months
6312,9007-GOTBY,Female,No,No,No,2,00-12 months
6313,9008-QPVZW,Female,No,No,No,66,49-72 months
6314,9008-WCTCJ,Female,No,Yes,Yes,22,13-24 months
6315,9010-HWNFI,Male,No,No,No,52,49-72 months
6316,9010-TMKRT,Female,No,No,No,24,13-24 months
6317,9012-YEKFB,Male,No,Yes,No,48,25-48 months
6318,9012-YWXYZ,Male,No,Yes,No,31,25-48 months
6319,9013-ZLGTB,Male,No,Yes,Yes,67,49-72 months
6320,9014-HYJIM,Female,No,No,No,2,00-12 months
6321,9017-IHYQL,Female,No,Yes,No,67,49-72 months
6322,9018-HZNYD,Male,No,Yes,No,20,13-24 months
6323,9022-KUEVP,Male,No,No,No,4,00-12 months
6324,9022-OJJYF,Female,Yes,Yes,Yes,33,25-48 months
6325,9022-UYEHG,Male,Yes,Yes,No,50,49-72 months
6326,9023-YXKIP,Male,No,No,No,38,25-48 months
6327,9025-HSPLK,Male,No,Yes,No,11,00-12 months
6328,9026-IFVVB,Male,No,Yes,No,42,25-48 months
6329,9026-NEITV,Male,No,No,No,7,00-12 months
6330,9027-YMIEB,Male,No,No,No,4,00-12 months
6331,9033-LLQFW,Male,Yes,No,No,10,00-12 months
6332,9034-HMNHB,Female,No,Yes,No,71,49-72 months
6333,9035-DEYNB,Male,No,Yes,Yes,1,00-12 months
6334,9035-SWOUW,Male,Yes,Yes,Yes,47,25-48 months
6335,9035-TWYBG,Male,No,No,No,60,49-72 months
6336,9038-HUUNQ,Female,No,No,No,39,25-48 months
6337,9038-OOSFT,Male,Yes,No,No,33,25-48 months
6338,9040-WIUUJ,Female,No,Yes,Yes,26,25-48 months
6339,9041-FBSJS,Female,No,Yes,No,8,00-12 months
6340,9043-VKTBI,Female,No,Yes,No,5,00-12 months
6341,9044-ZHRUN,Male,No,No,No,28,25-48 months
6342,9045-RSYMD,Female,No,No,No,25,25-48 months
6343,9046-OXJYS,Female,No,No,Yes,5,00-12 months
6344,9048-CYSQL,Female,No,Yes,No,12,00-12 months
6345,9048-XANJX,Male,No,No,No,39,25-48 months
6346,9050-BGXPR,Male,No,No,No,13,13-24 months
6347,9055-JBMUE,Female,No,Yes,Yes,14,13-24 months
6348,9059-OPTGO,Male,Yes,Yes,No,34,25-48 months
6349,9060-CTHCG,Male,Yes,No,No,45,25-48 months
6350,9060-ZOAIQ,Female,No,Yes,Yes,35,25-48 months
6351,9061-NHAKB,Male,No,Yes,No,44,25-48 months
6352,9061-VYKKI,Female,No,No,No,30,25-48 months
6353,9062-ESHHE,Male,No,No,No,1,00-12 months
6354,9063-KDKND,Male,Yes,No,Yes,59,49-72 months
6355,9064-YFPDS,Female,No,Yes,No,10,00-12 months
6356,9065-OXTTR,Female,No,Yes,Yes,62,49-72 months
6357,9066-IIDXH,Female,No,Yes,Yes,14,13-24 months
6358,9071-MHPWL,Male,No,No,No,28,25-48 months
6359,9071-WJOFY,Female,Yes,Yes,No,67,49-72 months
6360,9073-IKAKA,Male,No,Yes,No,2,00-12 months
6361,9073-YESYD,Male,No,Yes,Yes,16,13-24 months
6362,9077-FAROO,Male,No,No,No,6,00-12 months
6363,9082-CNSAN,Male,No,Yes,No,28,25-48 months
6364,9084-PZRBX,Male,No,No,No,7,00-12 months
6365,9086-UNSCZ,Male,No,No,No,69,49-72 months
6366,9088-GARLA,Female,Yes,Yes,Yes,4,00-12 months
6367,9091-AXEWI,Male,No,No,No,64,49-72 months
6368,9091-MJTNK,Female,Yes,Yes,No,7,00-12 months
6369,9092-ATIOW,Female,No,No,No,28,25-48 months
6370,9092-ERPKT,Female,No,No,No,43,25-48 months
6371,9092-PEUDJ,Female,No,No,No,17,13-24 months
6372,9093-LPHHB,Male,No,No,No,61,49-72 months
6373,9097-MSLPX,Male,No,No,No,12,00-12 months
6374,9099-WXHLG,Female,No,No,No,12,00-12 months
6375,9101-DGCEQ,Female,No,No,No,7,00-12 months
6376,9109-JQAXB,Female,No,Yes,No,12,00-12 months
6377,9110-YFKKO,Male,No,Yes,Yes,6,00-12 months
6378,9116-DHBAV,Female,Yes,No,No,47,25-48 months
6379,9118-ZFESH,Female,No,No,No,62,49-72 months
6380,9121-PACVH,Male,No,Yes,Yes,3,00-12 months
6381,9124-FZYAT,Male,No,Yes,No,8,00-12 months
6382,9124-JKKZI,Male,Yes,No,No,30,25-48 months
6383,9128-EOQYT,Female,No,Yes,Yes,5,00-12 months
6384,9130-LRSGM,Female,No,No,No,58,49-72 months
6385,9132-REDWH,Male,No,No,No,64,49-72 months
6386,9133-JQHMJ,Male,No,Yes,No,8,00-12 months
6387,9137-MDDZD,Male,No,Yes,No,41,25-48 months
6388,9138-UVKDJ,Male,Yes,No,No,53,49-72 months
6389,9139-KQEDT,Female,No,Yes,No,17,13-24 months
6390,9139-XJWXY,Male,Yes,Yes,Yes,48,25-48 months
6391,9140-KTQYZ,Male,No,No,No,15,13-24 months
6392,9141-MWRIF,Female,No,Yes,No,14,13-24 months
6393,9142-EVDUJ,Female,No,No,No,6,00-12 months
6394,9142-SVEKP,Female,No,No,No,64,49-72 months
6395,9142-VDMYG,Female,Yes,No,No,66,49-72 months
6396,9143-AEYWT,Female,No,No,No,8,00-12 months
6397,9143-XTFYO,Male,No,No,No,31,25-48 months
6398,9148-OURJI,Male,No,Yes,No,32,25-48 months
6399,9152-XPEEH,Male,No,Yes,Yes,69,49-72 months
6400,9154-JHZSO,Female,No,Yes,Yes,18,13-24 months
6401,9154-PBMZK,Male,No,No,No,4,00-12 months
6402,9155-ZIHFA,Male,No,Yes,No,6,00-12 months
6403,9156-UUKIV,Male,No,No,No,72,49-72 months
6404,9157-CIDIN,Male,No,No,No,64,49-72 months
6405,9159-WPPSV,Female,No,No,Yes,31,25-48 months
6406,9163-QECKM,Female,No,No,No,8,00-12 months
6407,9163-ZRIDY,Female,No,Yes,No,7,00-12 months
6408,9164-PWEBO,Female,No,Yes,No,1,00-12 months
6409,9167-IGGER,Male,Yes,Yes,No,20,13-24 months
6410,9168-VYRPF,Male,No,Yes,No,53,49-72 months
6411,9175-KFKKX,Male,No,No,No,68,49-72 months
6412,9177-TEFCG,Female,No,Yes,No,38,25-48 months
6413,9178-KEWYZ,Female,No,Yes,No,35,25-48 months
6414,9178-SIOPM,Female,No,No,No,62,49-72 months
6415,9179-HNMRX,Male,No,Yes,No,55,49-72 months
6416,9179-HVIQF,Male,No,Yes,No,69,49-72 months
6417,9180-CYRVI,Female,No,No,No,10,00-12 months
6418,9181-ZPAKS,Female,No,Yes,Yes,2,00-12 months
6419,9182-CXFGN,Male,No,No,No,27,25-48 months
6420,9182-HQGXH,Female,No,Yes,No,11,00-12 months
6421,9182-QJLNG,Male,No,No,No,24,13-24 months
6422,9183-ZTILJ,Female,No,No,No,66,49-72 months
6423,9184-KKVJQ,Female,No,No,No,63,49-72 months
6424,9186-HKHZM,Male,No,No,No,71,49-72 months
6425,9186-PKKBM,Female,No,No,No,43,25-48 months
6426,9187-JXLJI,Male,No,No,No,4,00-12 months
6427,9188-UIMYL,Male,No,No,No,1,00-12 months
6428,9189-VQHRO,Male,Yes,Yes,No,17,13-24 months
6429,9190-UFBXY,Male,Yes,Yes,No,50,49-72 months
6430,9196-DWXVQ,Female,Yes,Yes,No,1,00-12 months
6431,9199-WZXGF,Male,No,No,No,70,49-72 months
6432,9201-UNMGP,Male,No,No,No,62,49-72 months
6433,9202-AEQOD,Female,No,No,No,55,49-72 months
6434,9203-NIESH,Female,No,Yes,No,53,49-72 months
6435,9203-ZYOFV,Male,No,No,No,2,00-12 months
6436,9205-XUZSX,Male,Yes,Yes,No,63,49-72 months
6437,9208-YDZVL,Male,No,No,Yes,68,49-72 months
6438,9209-IFOHX,Male,No,Yes,Yes,36,25-48 months
6439,9210-QZVGV,Male,No,No,No,72,49-72 months
6440,9211-NPJXB,Male,No,Yes,Yes,31,25-48 months
6441,9211-OBNLS,Female,No,Yes,No,26,25-48 months
6442,9211-OMDLO,Female,No,Yes,No,56,49-72 months
6443,9211-WOXMM,Female,No,No,Yes,40,25-48 months
6444,9215-UXYXP,Female,No,Yes,No,10,00-12 months
6445,9215-XNCQQ,Female,No,Yes,No,7,00-12 months
6446,9216-SGSST,Male,No,Yes,Yes,42,25-48 months
6447,9216-UFRSI,Female,No,No,No,68,49-72 months
6448,9216-UUIXZ,Female,No,No,No,3,00-12 months
6449,9217-ONHCW,Female,No,No,Yes,3,00-12 months
6450,9221-DWFDH,Male,No,Yes,Yes,15,13-24 months
6451,9222-BFAMP,Female,No,Yes,Yes,66,49-72 months
6452,9224-YDQYY,Male,No,Yes,No,11,00-12 months
6453,9225-TJZKI,Male,No,Yes,Yes,44,25-48 months
6454,9226-QTFRO,Female,No,No,No,36,25-48 months
6455,9226-UGJRK,Female,No,No,No,24,13-24 months
6456,9230-JOVFN,Male,No,Yes,No,65,49-72 months
6457,9230-YFYWS,Male,No,Yes,No,31,25-48 months
6458,9231-PJDUR,Male,No,No,No,3,00-12 months
6459,9231-XFPKZ,Male,No,Yes,No,7,00-12 months
6460,9232-KPHXX,Female,No,No,No,3,00-12 months
6461,9236-NUPAL,Female,No,Yes,No,36,25-48 months
6462,9237-GADER,Male,No,No,No,4,00-12 months
6463,9241-WXATS,Male,Yes,Yes,Yes,8,00-12 months
6464,9243-KVIYW,Male,No,Yes,Yes,22,13-24 months
6465,9247-RUMTI,Male,No,Yes,Yes,20,13-24 months
6466,9249-EUZIM,Female,No,Yes,No,37,25-48 months
6467,9249-QLQWF,Male,No,Yes,Yes,3,00-12 months
6468,9250-RAOJD,Male,Yes,No,No,3,00-12 months
6469,9254-RTBXS,Male,No,No,No,7,00-12 months
6470,9254-ZNXRA,Female,No,Yes,Yes,55,49-72 months
6471,9258-NXCCV,Female,No,No,No,30,25-48 months
6472,9259-ITTOD,Male,No,No,No,69,49-72 months
6473,9259-PTPJI,Female,No,Yes,No,1,00-12 months
6474,9260-PJZOM,Female,No,Yes,Yes,67,49-72 months
6475,9261-MPCFN,Male,No,No,No,41,25-48 months
6476,9263-EUSFB,Male,No,No,No,1,00-12 months
6477,9264-LCQZW,Male,Yes,No,Yes,5,00-12 months
6478,9265-NOEFV,Female,No,Yes,Yes,57,49-72 months
6479,9265-PLTPV,Male,No,Yes,Yes,7,00-12 months
6480,9265-UBBTS,Female,Yes,No,No,46,25-48 months
6481,9267-UIGDT,Male,No,No,No,67,49-72 months
6482,9267-ZSCTH,Male,Yes,No,No,4,00-12 months
6483,9269-HEFGF,Male,No,Yes,Yes,1,00-12 months
6484,9271-YQKZK,Female,No,Yes,Yes,42,25-48 months
6485,9272-XKTQQ,Male,No,Yes,No,64,49-72 months
6486,9273-BKFLD,Female,No,No,No,67,49-72 months
6487,9273-DYKPL,Female,No,Yes,Yes,44,25-48 months
6488,9273-EZPTB,Male,No,No,No,7,00-12 months
6489,9274-AIOPS,Male,No,No,No,65,49-72 months
6490,9274-SGFXQ,Female,No,Yes,No,21,13-24 months
6491,9275-LKLYH,Male,Yes,No,No,21,13-24 months
6492,9275-STPKF,Male,No,No,Yes,27,25-48 months
6493,9276-OPFOR,Female,No,Yes,Yes,17,13-24 months
6494,9278-ZDTAJ,Male,No,No,No,60,49-72 months
6495,9280-VDIXO,Female,No,Yes,Yes,54,49-72 months
6496,9282-EGBHI,Female,No,Yes,Yes,41,25-48 months
6497,9282-EVQDO,Female,No,Yes,Yes,56,49-72 months
6498,9282-MEYIC,Male,No,No,Yes,36,25-48 months
6499,9282-QYXAU,Male,No,Yes,Yes,29,25-48 months
6500,9286-FOPUU,Female,Yes,Yes,Yes,64,49-72 months
6501,9286-JGMCR,Male,Yes,Yes,Yes,3,00-12 months
6502,9289-COQYD,Female,No,No,No,1,00-12 months
6503,9289-HVVZZ,Male,No,Yes,No,18,13-24 months
6504,9289-WKMEB,Female,Yes,Yes,Yes,32,25-48 months
6505,9290-STEOT,Male,No,Yes,No,8,00-12 months
6506,9291-CNSJV,Male,No,No,No,2,00-12 months
6507,9291-KGGGT,Male,No,No,No,8,00-12 months
6508,9292-SJRUN,Male,No,No,Yes,18,13-24 months
6509,9296-FKTOJ,Female,No,Yes,No,52,49-72 months
6510,9296-YMXQD,Female,No,Yes,Yes,66,49-72 months
6511,9297-MYNQP,Male,No,No,No,9,00-12 months
6512,9299-FKWQK,Female,No,No,No,24,13-24 months
6513,9300-OCNAC,Female,No,No,No,65,49-72 months
6514,9302-NFDEA,Male,No,No,No,8,00-12 months
6515,9302-PHWVO,Female,No,No,Yes,14,13-24 months
6516,9303-KYCIH,Female,Yes,Yes,No,49,49-72 months
6517,9305-EGBSX,Female,No,Yes,Yes,10,00-12 months
6518,9306-SNPQE,Female,No,Yes,No,13,13-24 months
6519,9307-RXZZT,Male,No,No,No,57,49-72 months
6520,9308-PWQLO,Male,No,Yes,No,63,49-72 months
6521,9308-XOABK,Female,No,Yes,No,1,00-12 months
6522,9309-HDFDY,Male,No,No,No,11,00-12 months
6523,9309-PJMQG,Female,No,Yes,Yes,63,49-72 months
6524,9309-XFQZM,Female,Yes,Yes,Yes,70,49-72 months
6525,9310-QIYPC,Male,No,Yes,No,2,00-12 months
6526,9312-SZTBY,Female,No,No,No,50,49-72 months
6527,9314-BUYMW,Female,No,Yes,No,52,49-72 months
6528,9315-EFPPU,Female,Yes,Yes,Yes,54,49-72 months
6529,9315-RTSRU,Female,No,No,No,69,49-72 months
6530,9315-YOPSR,Female,No,No,No,9,00-12 months
6531,9321-DBGTX,Female,No,Yes,No,36,25-48 months
6532,9325-LZTWX,Female,No,No,No,29,25-48 months
6533,9329-BDFDO,Female,No,Yes,No,55,49-72 months
6534,9333-IAUBT,Male,No,Yes,No,53,49-72 months
6535,9338-EKWLS,Male,Yes,No,No,5,00-12 months
6536,9338-NOUBP,Male,Yes,Yes,No,60,49-72 months
6537,9339-DFZJO,Female,No,No,No,35,25-48 months
6538,9340-FNRWY,Male,No,Yes,Yes,36,25-48 months
6539,9340-XFGZI,Female,No,No,No,65,49-72 months
6540,9343-AEFHD,Male,No,Yes,No,34,25-48 months
6541,9345-HVKFC,Male,No,No,No,30,25-48 months
6542,9345-VTISC,Female,No,No,No,18,13-24 months
6543,9347-QTHLZ,Male,No,Yes,Yes,6,00-12 months
6544,9348-VYALF,Female,Yes,No,No,2,00-12 months
6545,9349-JDKDD,Female,No,Yes,Yes,69,49-72 months
6546,9349-MORER,Male,No,Yes,Yes,12,00-12 months
6547,9353-SBAIM,Female,Yes,Yes,Yes,31,25-48 months
6548,9355-DBAJF,Male,No,No,No,65,49-72 months
6549,9358-EIYPF,Male,No,Yes,No,36,25-48 months
6550,9358-GMPOA,Male,No,No,No,62,49-72 months
6551,9359-KUUPT,Male,Yes,No,Yes,18,13-24 months
6552,9361-XIUNA,Female,No,Yes,No,28,25-48 months
6553,9362-UWRXC,Male,No,Yes,No,24,13-24 months
6554,9363-JEXCR,Female,No,No,No,33,25-48 months
6555,9363-VBWJV,Male,Yes,Yes,No,18,13-24 months
6556,9364-GWNYF,Female,No,Yes,Yes,1,00-12 months
6557,9364-ZTPWG,Male,No,No,No,8,00-12 months
6558,9367-AIPNF,Female,No,Yes,No,4,00-12 months
6559,9367-LHZCM,Female,Yes,No,Yes,7,00-12 months
6560,9367-YOYLK,Male,Yes,No,No,12,00-12 months
6561,9368-HAQAF,Male,No,Yes,No,51,49-72 months
6562,9368-OVDWO,Male,No,No,Yes,3,00-12 months
6563,9369-ESNBX,Female,Yes,Yes,Yes,8,00-12 months
6564,9370-ARQDX,Female,Yes,No,No,13,13-24 months
6565,9374-QCIWI,Male,No,Yes,No,10,00-12 months
6566,9375-OAKNY,Female,No,Yes,No,13,13-24 months
6567,9376-XTOFJ,Female,No,Yes,Yes,5,00-12 months
6568,9378-JWKLP,Male,No,Yes,No,51,49-72 months
6569,9378-NQGSM,Male,No,No,Yes,9,00-12 months
6570,9378-TVOUN,Female,No,Yes,Yes,72,49-72 months
6571,9379-ACIZS,Female,No,No,No,72,49-72 months
6572,9380-DGLHP,Female,Yes,No,No,50,49-72 months
6573,9380-DMSML,Female,No,Yes,Yes,9,00-12 months
6574,9380-EOSAE,Female,No,Yes,No,18,13-24 months
6575,9380-YTCHB,Male,No,No,No,7,00-12 months
6576,9381-YBJKK,Female,No,No,No,22,13-24 months
6577,9382-YIPEQ,Female,No,No,No,71,49-72 months
6578,9384-DPUGH,Female,No,Yes,Yes,71,49-72 months
6579,9384-XEITR,Female,No,Yes,Yes,71,49-72 months
6580,9386-BQLQU,Male,No,No,No,32,25-48 months
6581,9387-JWNMH,Male,No,Yes,No,39,25-48 months
6582,9387-SKLSI,Male,No,Yes,No,7,00-12 months
6583,9387-TICPX,Female,No,Yes,No,61,49-72 months
6584,9387-XQPJD,Male,No,No,No,7,00-12 months
6585,9388-BYUSV,Female,No,No,No,5,00-12 months
6586,9388-RVFCX,Male,No,No,No,1,00-12 months
6587,9388-YNLDG,Female,No,No,No,21,13-24 months
6588,9390-IPHQO,Male,Yes,Yes,Yes,30,25-48 months
6589,9391-ZMQTB,Female,No,No,No,72,49-72 months
6590,9393-CWWCK,Male,No,Yes,Yes,30,25-48 months
6591,9393-SDWDD,Female,No,Yes,No,1,00-12 months
6592,9394-DIOWE,Female,No,No,No,51,49-72 months
6593,9395-DQNZP,Male,No,Yes,No,59,49-72 months
6594,9398-FIADZ,Female,No,Yes,Yes,63,49-72 months
6595,9398-RLJLE,Male,No,No,Yes,59,49-72 months
6596,9400-CJOJS,Female,No,Yes,No,12,00-12 months
6597,9400-NNMLR,Male,No,Yes,No,19,13-24 months
6598,9401-MXLMF,Female,No,No,No,7,00-12 months
6599,9401-SIFNL,Female,No,Yes,Yes,4,00-12 months
6600,9402-PFELS,Male,No,Yes,No,11,00-12 months
6601,9403-GHHOE,Male,No,Yes,No,3,00-12 months
6602,9403-TPPIY,Male,No,Yes,No,49,49-72 months
6603,9405-GAGPV,Male,No,No,No,2,00-12 months
6604,9405-MJZOE,Male,No,No,No,43,25-48 months
6605,9407-MXWTX,Male,Yes,Yes,Yes,9,00-12 months
6606,9410-ULCQH,Male,No,No,No,59,49-72 months
6607,9411-PKLPU,Male,No,No,No,52,49-72 months
6608,9412-HFOLC,Male,No,Yes,No,13,13-24 months
6609,9412-XQPAN,Male,No,No,No,38,25-48 months
6610,9417-RZPOV,Male,Yes,No,No,21,13-24 months
6611,9418-FLNXP,Male,No,No,No,14,13-24 months
6612,9419-AXISR,Male,No,No,No,4,00-12 months
6613,9422-OCVCF,Male,No,No,No,72,49-72 months
6614,9423-CRUNM,Female,No,Yes,Yes,36,25-48 months
6615,9423-NPZPF,Male,No,No,No,36,25-48 months
6616,9426-AAUJN,Male,No,Yes,Yes,22,13-24 months
6617,9428-FXIOF,Male,No,Yes,Yes,69,49-72 months
6618,9429-UMKZS,Male,Yes,Yes,Yes,4,00-12 months
6619,9431-TIYHG,Male,No,No,No,70,49-72 months
6620,9432-TQDGF,Male,No,No,No,59,49-72 months
6621,9433-AYFMG,Male,No,No,No,20,13-24 months
6622,9434-UOWCZ,Male,Yes,No,No,59,49-72 months
6623,9435-BEKIB,Female,Yes,Yes,No,3,00-12 months
6624,9437-DBSCP,Female,No,Yes,No,12,00-12 months
6625,9439-BXSKL,Male,Yes,No,No,59,49-72 months
6626,9439-QFHXQ,Male,Yes,No,No,67,49-72 months
6627,9443-CGYSQ,Male,No,Yes,No,71,49-72 months
6628,9444-JVQQJ,Male,Yes,Yes,Yes,4,00-12 months
6629,9444-KOXAN,Female,Yes,Yes,No,6,00-12 months
6630,9444-QBUKO,Male,No,No,No,4,00-12 months
6631,9444-QRSQV,Female,No,Yes,No,68,49-72 months
6632,9445-FIMRG,Female,No,No,No,23,13-24 months
6633,9445-PYSXF,Female,Yes,No,No,6,00-12 months
6634,9446-DZWQE,Male,No,Yes,Yes,61,49-72 months
6635,9447-CTGIH,Male,Yes,No,Yes,26,25-48 months
6636,9449-SGUKQ,Female,No,Yes,Yes,72,49-72 months
6637,9450-BHMCX,Female,No,Yes,Yes,4,00-12 months
6638,9450-WKGHN,Female,No,Yes,Yes,22,13-24 months
6639,9453-HHWJG,Female,No,Yes,Yes,29,25-48 months
6640,9455-MFMFE,Male,No,No,No,20,13-24 months
6641,9456-ICSWD,Female,No,Yes,No,13,13-24 months
6642,9456-ZOJYZ,Female,No,No,No,2,00-12 months
6643,9458-PANYT,Female,No,No,No,33,25-48 months
6644,9458-SDVBX,Male,No,Yes,No,7,00-12 months
6645,9459-EAKKQ,Female,Yes,Yes,Yes,2,00-12 months
6646,9459-VYCAF,Female,No,No,No,1,00-12 months
6647,9466-KPBCK,Female,No,Yes,No,28,25-48 months
6648,9467-KIWUG,Female,No,Yes,No,39,25-48 months
6649,9468-WRJFW,Male,No,Yes,No,53,49-72 months
6650,9474-HXVDO,Male,No,No,No,32,25-48 months
6651,9476-CYENI,Male,Yes,Yes,Yes,6,00-12 months
6652,9478-HCHPL,Male,No,Yes,No,58,49-72 months
6653,9483-HASAB,Male,No,No,No,20,13-24 months
6654,9486-ABNYH,Male,No,Yes,Yes,14,13-24 months
6655,9487-IYUII,Female,Yes,No,No,6,00-12 months
6656,9488-BKNSQ,Male,Yes,Yes,Yes,27,25-48 months
6657,9488-KHBAJ,Male,No,Yes,No,67,49-72 months
6658,9490-OFOUF,Female,No,Yes,Yes,18,13-24 months
6659,9490-YJUPM,Female,No,No,No,62,49-72 months
6660,9491-FSZIC,Female,No,No,No,66,49-72 months
6661,9492-RBSDH,Female,No,No,No,12,00-12 months
6662,9493-NDKQI,Female,Yes,No,No,7,00-12 months
6663,9494-MSGCX,Male,No,No,No,5,00-12 months
6664,9495-UDCDT,Female,No,Yes,Yes,1,00-12 months
6665,9500-WEIST,Male,No,Yes,Yes,21,13-24 months
6666,9503-GAHBP,Male,No,No,Yes,18,13-24 months
6667,9504-FCFVP,Male,No,No,No,5,00-12 months
6668,9506-KXDJG,Male,No,No,No,38,25-48 months
6669,9511-QNHWA,Male,Yes,Yes,No,61,49-72 months
6670,9512-HHARI,Female,No,No,No,64,49-72 months
6671,9515-IMYDG,Female,Yes,No,No,4,00-12 months
6672,9519-MMQOO,Female,Yes,Yes,Yes,56,49-72 months
6673,9519-VLBHO,Female,Yes,No,No,6,00-12 months
6674,9519-YRTBF,Female,No,No,No,6,00-12 months
6675,9520-LEEST,Male,No,No,Yes,53,49-72 months
6676,9522-QXSSE,Female,No,No,No,21,13-24 months
6677,9522-XTSTY,Male,No,Yes,Yes,6,00-12 months
6678,9528-STSLY,Male,No,No,No,70,49-72 months
6679,9532-PXZIG,Male,No,No,Yes,42,25-48 months
6680,9534-DJULR,Male,No,Yes,No,5,00-12 months
6681,9538-OQRFJ,Male,No,No,No,11,00-12 months
6682,9540-QQPVR,Male,No,Yes,No,47,25-48 months
6683,9540-ZQZGN,Female,Yes,Yes,No,13,13-24 months
6684,9541-CQRMA,Female,No,No,No,16,13-24 months
6685,9541-LTLXF,Male,No,No,No,43,25-48 months
6686,9543-DAQBU,Female,No,No,No,5,00-12 months
6687,9545-TYTXE,Female,No,Yes,Yes,2,00-12 months
6688,9545-WEGOK,Female,No,Yes,No,23,13-24 months
6689,9546-ISRMU,Female,No,No,Yes,3,00-12 months
6690,9546-IWECE,Female,Yes,No,No,8,00-12 months
6691,9548-JNQVM,Female,Yes,Yes,No,8,00-12 months
6692,9548-KSELS,Male,No,No,No,69,49-72 months
6693,9550-NYAHA,Male,No,No,Yes,17,13-24 months
6694,9554-RCFOW,Male,No,Yes,No,6,00-12 months
6695,9556-RERQR,Male,No,No,No,4,00-12 months
6696,9557-IMXZF,Female,No,Yes,Yes,40,25-48 months
6697,9557-KOIES,Male,No,Yes,No,2,00-12 months
6698,9557-THPKK,Female,Yes,Yes,Yes,61,49-72 months
6699,9557-WLEQF,Female,No,Yes,No,8,00-12 months
6700,9558-JMNVT,Female,No,No,No,69,49-72 months
6701,9559-QLIJF,Female,No,No,No,39,25-48 months
6702,9561-ILTPB,Male,No,Yes,No,71,49-72 months
6703,9561-PEGDU,Female,No,No,No,20,13-24 months
6704,9562-UGAZL,Female,No,No,No,32,25-48 months
6705,9563-XLKQI,Female,No,Yes,No,3,00-12 months
6706,9565-SXPRV,Female,Yes,Yes,No,69,49-72 months
6707,9567-IWCHX,Female,Yes,Yes,Yes,16,13-24 months
6708,9567-MWMDA,Male,No,Yes,Yes,45,25-48 months
6709,9568-WNPJD,Male,No,Yes,No,34,25-48 months
6710,9572-YQNEE,Female,No,No,No,7,00-12 months
6711,9573-WFWIW,Female,No,No,No,48,25-48 months
6712,9576-NGXDV,Male,No,Yes,No,57,49-72 months
6713,9576-RBQTI,Female,Yes,No,No,34,25-48 months
6714,9578-UZOTE,Male,Yes,Yes,Yes,7,00-12 months
6715,9585-BNBWP,Female,No,No,No,7,00-12 months
6716,9586-DKGLZ,Female,No,No,No,12,00-12 months
6717,9586-UDZEO,Female,No,Yes,Yes,38,25-48 months
6718,9588-NUIHF,Female,Yes,Yes,No,6,00-12 months
6719,9589-LPXJV,Male,No,Yes,No,7,00-12 months
6720,9589-USJCN,Male,Yes,No,Yes,7,00-12 months
6721,9589-UULQF,Female,Yes,Yes,Yes,14,13-24 months
6722,9590-YLLKJ,Male,No,No,No,8,00-12 months
6723,9591-MZVVF,Female,Yes,Yes,No,5,00-12 months
6724,9592-IHNFW,Female,No,Yes,No,33,25-48 months
6725,9593-QZHCJ,Female,No,Yes,No,52,49-72 months
6726,9594-NIWGR,Female,No,No,No,29,25-48 months
6727,9594-TRNCK,Male,No,Yes,Yes,28,25-48 months
6728,9597-CJCJP,Female,No,No,No,7,00-12 months
6729,9598-FEGWA,Male,Yes,No,No,38,25-48 months
6730,9599-FNVZV,Female,No,No,No,67,49-72 months
6731,9599-HCFTF,Female,No,No,No,23,13-24 months
6732,9599-PFDBM,Male,No,No,No,13,13-24 months
6733,9599-UCOVM,Male,No,Yes,No,21,13-24 months
6734,9600-BWIBR,Male,Yes,No,No,42,25-48 months
6735,9602-KECYK,Female,No,No,Yes,29,25-48 months
6736,9602-YMAPO,Male,No,Yes,Yes,56,49-72 months
6737,9603-HIZOG,Female,No,No,No,5,00-12 months
6738,9604-PPREV,Male,No,No,No,10,00-12 months
6739,9604-WMQFU,Male,No,No,No,5,00-12 months
6740,9607-FSXUU,Male,No,Yes,No,45,25-48 months
6741,9608-CDZWP,Male,No,Yes,No,42,25-48 months
6742,9609-PQHAF,Male,No,No,No,6,00-12 months
6743,9610-NYFLD,Male,Yes,No,No,9,00-12 months
6744,9611-GLBQV,Male,No,No,No,11,00-12 months
6745,9612-DCYOL,Female,No,No,No,42,25-48 months
6746,9612-UKSIX,Male,No,Yes,Yes,1,00-12 months
6747,9612-XUJHW,Female,No,Yes,No,14,13-24 months
6748,9614-TXNFA,Female,No,Yes,Yes,6,00-12 months
6749,9615-FINNZ,Male,No,No,No,70,49-72 months
6750,9619-XLLVA,Female,No,Yes,No,6,00-12 months
6751,9621-HWFUO,Female,Yes,No,No,60,49-72 months
6752,9621-WPJDC,Male,No,No,No,48,25-48 months
6753,9622-BKLFI,Male,Yes,No,No,1,00-12 months
6754,9624-PJLEY,Male,Yes,Yes,Yes,55,49-72 months
6755,9626-NBDSL,Male,No,Yes,Yes,58,49-72 months
6756,9626-XBXYV,Female,No,No,No,14,13-24 months
6757,9627-HFTOR,Male,No,Yes,Yes,17,13-24 months
6758,9628-QANPB,Male,Yes,No,No,57,49-72 months
6759,9631-GHWGB,Female,No,Yes,No,1,00-12 months
6760,9631-QWILK,Male,No,Yes,No,21,13-24 months
6761,9632-IFYQH,Female,No,Yes,No,70,49-72 months
6762,9632-MWZWM,Male,No,Yes,Yes,3,00-12 months
6763,9632-YPQGU,Female,No,No,No,43,25-48 months
6764,9634-UCXGO,Female,No,Yes,No,69,49-72 months
6765,9635-SIRZG,Male,No,Yes,No,4,00-12 months
6766,9637-GUSNI,Female,No,No,No,2,00-12 months
6767,9638-AESUC,Male,No,Yes,No,17,13-24 months
6768,9638-DJWDG,Female,No,No,No,71,49-72 months
6769,9642-ABOBS,Female,No,No,Yes,67,49-72 months
6770,9642-GRJMZ,Female,No,No,No,67,49-72 months
6771,9644-DTSVE,Female,Yes,No,No,25,25-48 months
6772,9645-JVQRU,Male,No,Yes,Yes,72,49-72 months
6773,9647-LBCAD,Female,No,Yes,Yes,62,49-72 months
6774,9650-GRZAU,Male,No,Yes,No,6,00-12 months
6775,9652-EGFTR,Male,Yes,No,No,2,00-12 months
6776,9653-LQAXX,Male,No,Yes,Yes,18,13-24 months
6777,9653-XEEVI,Male,No,No,No,44,25-48 months
6778,9656-PSHDC,Male,Yes,No,No,25,25-48 months
6779,9656-QAELA,Male,Yes,Yes,No,61,49-72 months
6780,9658-DDMHN,Male,No,No,No,16,13-24 months
6781,9659-VYCMV,Male,No,No,No,41,25-48 months
6782,9660-TMHOV,Female,Yes,No,No,14,13-24 months
6783,9661-NEIMC,Male,No,No,Yes,33,25-48 months
6784,9661-ONJCQ,Female,No,Yes,Yes,8,00-12 months
6785,9664-YYWQN,Female,No,No,No,70,49-72 months
6786,9665-MGNJR,Male,No,No,No,14,13-24 months
6787,9667-RVGZO,Male,No,Yes,Yes,2,00-12 months
6788,9669-RKFXV,Female,Yes,Yes,Yes,9,00-12 months
6789,9670-CMGMX,Female,No,Yes,No,68,49-72 months
6790,9670-XTWUF,Male,No,No,No,67,49-72 months
6791,9672-XRQGO,Male,No,No,No,4,00-12 months
6792,9673-KFFCF,Male,No,Yes,Yes,15,13-24 months
6793,9674-FQUWJ,Female,No,Yes,Yes,16,13-24 months
6794,9674-WKPAB,Female,No,No,Yes,11,00-12 months
6795,9674-XMBFA,Female,No,No,No,47,25-48 months
6796,9675-GYBZL,Male,Yes,Yes,No,8,00-12 months
6797,9675-STFBH,Female,No,No,No,18,13-24 months
6798,9675-UUCOK,Female,No,No,No,66,49-72 months
6799,9676-GSUMW,Female,No,Yes,Yes,35,25-48 months
6800,9676-XOFYI,Male,Yes,Yes,No,1,00-12 months
6801,9676-YVSOJ,Male,Yes,No,No,54,49-72 months
6802,9678-WLSEW,Female,No,No,Yes,72,49-72 months
6803,9678-ZCETH,Male,No,No,No,11,00-12 months
6804,9682-PXZCJ,Female,No,Yes,Yes,72,49-72 months
6805,9683-SAOTM,Female,No,Yes,Yes,16,13-24 months
6806,9684-KWFUO,Male,No,Yes,Yes,9,00-12 months
6807,9684-YFKZU,Female,No,No,No,17,13-24 months
6808,9686-NITKH,Female,No,Yes,No,8,00-12 months
6809,9686-PBMHB,Female,No,Yes,Yes,12,00-12 months
6810,9689-PIBRU,Male,No,Yes,No,10,00-12 months
6811,9689-RSPHX,Male,No,No,No,5,00-12 months
6812,9689-SMJOC,Male,No,No,No,39,25-48 months
6813,9692-UQCXD,Male,Yes,Yes,Yes,4,00-12 months
6814,9693-ODJGX,Male,No,Yes,No,8,00-12 months
6815,9693-YDSLG,Female,No,Yes,No,67,49-72 months
6816,9693-ZDXCT,Female,No,No,No,7,00-12 months
6817,9694-DBCOV,Male,No,No,No,71,49-72 months
6818,9694-IIQJX,Female,No,No,No,7,00-12 months
6819,9694-PPWRJ,Female,No,Yes,Yes,6,00-12 months
6820,9694-SFGBU,Female,No,No,No,37,25-48 months
6821,9695-CKMDF,Female,No,No,No,9,00-12 months
6822,9697-IASRZ,Male,No,No,Yes,6,00-12 months
6823,9699-EJFSM,Male,No,No,No,52,49-72 months
6824,9699-OKAPQ,Female,No,No,No,30,25-48 months
6825,9702-JPMPL,Female,No,Yes,No,66,49-72 months
6826,9704-ZPLHZ,Female,No,Yes,Yes,59,49-72 months
6827,9706-YEPCR,Male,No,No,No,4,00-12 months
6828,9708-CZBWQ,Male,No,Yes,No,2,00-12 months
6829,9712-HEPEZ,Male,No,Yes,No,40,25-48 months
6830,9713-PDDGZ,Male,No,No,No,53,49-72 months
6831,9713-VUVZM,Female,No,No,No,12,00-12 months
6832,9715-NHVEE,Female,No,Yes,No,48,25-48 months
6833,9715-PHFWX,Female,Yes,Yes,Yes,1,00-12 months
6834,9718-AUDWP,Female,No,Yes,Yes,2,00-12 months
6835,9719-KBPYO,Male,No,Yes,No,5,00-12 months
6836,9721-MTNMN,Female,No,No,No,12,00-12 months
6837,9722-QONMY,Female,Yes,Yes,Yes,39,25-48 months
6838,9725-LUSDU,Male,No,Yes,Yes,16,13-24 months
6839,9729-HCHXG,Male,No,No,No,29,25-48 months
6840,9736-KVUUX,Female,No,No,Yes,67,49-72 months
6841,9743-EYNRR,Male,No,No,No,67,49-72 months
6842,9744-HLAMW,Female,No,No,No,8,00-12 months
6843,9747-YWIZH,Male,Yes,No,No,5,00-12 months
6844,9749-ZWIUL,Female,No,No,No,13,13-24 months
6845,9750-GVCPT,Female,No,No,No,43,25-48 months
6846,9751-FGADO,Male,No,Yes,Yes,54,49-72 months
6847,9752-LBWEN,Male,No,No,No,6,00-12 months
6848,9752-PRDWT,Female,No,Yes,Yes,9,00-12 months
6849,9753-EKSWJ,Male,No,Yes,No,5,00-12 months
6850,9753-XUROU,Female,No,Yes,Yes,49,49-72 months
6851,9754-ONPOK,Female,No,Yes,Yes,21,13-24 months
6852,9755-ECYZE,Female,No,Yes,No,11,00-12 months
6853,9756-IWBRR,Male,No,Yes,No,2,00-12 months
6854,9757-QCNDY,Female,No,Yes,Yes,66,49-72 months
6855,9759-TNHXZ,Female,No,Yes,Yes,16,13-24 months
6856,9761-SVXZP,Female,No,No,No,36,25-48 months
6857,9762-FPUHI,Female,Yes,Yes,Yes,66,49-72 months
6858,9764-VDANN,Female,Yes,No,No,8,00-12 months
6859,9764-WORIC,Male,No,Yes,No,67,49-72 months
6860,9767-BMFFT,Male,Yes,No,No,57,49-72 months
6861,9767-TRJDX,Male,No,Yes,Yes,11,00-12 months
6862,9769-LQWDH,Male,No,No,Yes,4,00-12 months
6863,9770-JDQUD,Male,No,No,No,1,00-12 months
6864,9772-GPFXT,Female,No,Yes,Yes,52,49-72 months
6865,9772-STABU,Female,No,No,No,14,13-24 months
6866,9777-ILTBB,Male,Yes,No,No,17,13-24 months
6867,9779-YCORW,Male,No,Yes,No,4,00-12 months
6868,9781-CKPBZ,Female,No,No,No,14,13-24 months
6869,9781-ZMYND,Female,No,No,No,27,25-48 months
6870,9784-TIYID,Male,Yes,Yes,Yes,51,49-72 months
6871,9785-HLVJB,Male,No,No,No,7,00-12 months
6872,9785-NIZOR,Female,Yes,No,Yes,9,00-12 months
6873,9787-OCJTP,Male,No,No,No,12,00-12 months
6874,9787-VLKRQ,Male,No,No,Yes,3,00-12 months
6875,9788-AAMAE,Male,No,No,Yes,13,13-24 months
6876,9788-LZZBN,Male,No,Yes,No,55,49-72 months
6877,9788-VOAOL,Female,Yes,No,No,61,49-72 months
6878,9789-IKMSO,Female,No,No,No,6,00-12 months
6879,9791-GXXUD,Female,No,No,No,65,49-72 months
6880,9791-JHSMO,Male,No,No,No,67,49-72 months
6881,9793-PNBOE,Male,Yes,No,No,17,13-24 months
6882,9793-TBNWB,Male,No,No,No,42,25-48 months
6883,9795-HQIFR,Male,No,Yes,No,6,00-12 months
6884,9797-THQGN,Male,No,No,Yes,35,25-48 months
6885,9797-VXZAU,Female,No,Yes,Yes,69,49-72 months
6886,9798-BQLHI,Male,No,Yes,No,23,13-24 months
6887,9798-VHODM,Male,No,No,No,16,13-24 months
6888,9798-ZIFNJ,Female,Yes,No,No,4,00-12 months
6889,9801-OBVAQ,Male,No,No,No,8,00-12 months
6890,9802-LTIWJ,Male,Yes,No,Yes,35,25-48 months
6891,9804-AMZHN,Female,No,Yes,Yes,45,25-48 months
6892,9805-HJXKG,Female,No,No,No,12,00-12 months
6893,9807-KHKVE,Male,No,No,No,17,13-24 months
6894,9808-DXGZZ,Male,No,Yes,Yes,13,13-24 months
6895,9809-KGCXJ,Female,No,Yes,Yes,55,49-72 months
6896,9809-OEILD,Female,No,No,No,10,00-12 months
6897,9813-YQMEY,Female,No,Yes,Yes,71,49-72 months
6898,9814-WEDVC,Male,No,No,No,51,49-72 months
6899,9816-NWKCV,Female,Yes,No,No,44,25-48 months
6900,9817-CTPWZ,Female,Yes,Yes,No,29,25-48 months
6901,9817-KVEOY,Female,No,No,No,47,25-48 months
6902,9819-UTZRG,Female,Yes,Yes,No,17,13-24 months
6903,9823-AHTOQ,Female,No,Yes,No,17,13-24 months
6904,9823-IUKEI,Male,No,Yes,No,18,13-24 months
6905,9823-TFAQO,Male,No,No,No,64,49-72 months
6906,9829-QNEKW,Male,No,No,No,5,00-12 months
6907,9829-YOYFZ,Male,No,Yes,Yes,15,13-24 months
6908,9833-QBSAC,Male,No,No,No,71,49-72 months
6909,9833-WAKKV,Female,No,No,Yes,72,49-72 months
6910,9834-GCGGY,Female,Yes,Yes,Yes,58,49-72 months
6911,9834-UKJKK,Male,No,Yes,No,39,25-48 months
6912,9835-HXYRD,Female,No,No,No,29,25-48 months
6913,9836-XVAPF,Male,No,No,No,41,25-48 months
6914,9837-CAFPG,Male,Yes,Yes,Yes,57,49-72 months
6915,9837-JDWMY,Male,No,No,No,19,13-24 months
6916,9837-VMKKJ,Male,No,No,Yes,44,25-48 months
6917,9838-GVDHD,Male,No,Yes,No,8,00-12 months
6918,9838-XKVQD,Female,No,Yes,No,16,13-24 months
6919,9839-TFPQQ,Male,Yes,Yes,Yes,46,25-48 months
6920,9839-TYYAR,Male,No,Yes,No,10,00-12 months
6921,9840-LRGIV,Female,No,No,No,54,49-72 months
6922,9840-TBSMW,Male,No,No,No,55,49-72 months
6923,9845-TBVET,Male,Yes,Yes,Yes,21,13-24 months
6924,9848-WOAEF,Male,No,No,No,25,25-48 months
6925,9853-GUNBC,Female,No,Yes,Yes,64,49-72 months
6926,9853-GWBVY,Female,Yes,No,No,7,00-12 months
6927,9856-BTULH,Female,No,No,No,12,00-12 months
6928,9856-GYCFI,Female,No,Yes,Yes,51,49-72 months
6929,9856-NVSSJ,Male,No,Yes,Yes,15,13-24 months
6930,9857-WDGLX,Male,No,Yes,Yes,42,25-48 months
6931,9857-YSUPF,Male,Yes,Yes,No,61,49-72 months
6932,9859-ZELLC,Female,No,No,No,6,00-12 months
6933,9861-VPBZL,Male,No,Yes,No,4,00-12 months
6934,9864-XCOAL,Male,No,No,No,6,00-12 months
6935,9865-RLFPO,Male,Yes,No,No,3,00-12 months
6936,9866-CQJTV,Female,No,No,Yes,18,13-24 months
6937,9866-QOLTL,Male,No,No,No,9,00-12 months
6938,9867-FLYUA,Female,No,No,No,47,25-48 months
6939,9867-LWQBN,Male,No,No,No,27,25-48 months
6940,9868-CEAUC,Female,No,Yes,Yes,44,25-48 months
6941,9869-CEEPL,Female,No,Yes,Yes,5,00-12 months
6942,9869-ZUJUG,Female,No,Yes,Yes,2,00-12 months
6943,9869-ZZGWN,Female,No,No,No,67,49-72 months
6944,9871-LBDBJ,Female,Yes,No,No,25,25-48 months
6945,9871-LJUBL,Female,No,Yes,No,23,13-24 months
6946,9871-MQRQR,Female,No,Yes,No,15,13-24 months
6947,9872-NSIIK,Female,No,No,No,12,00-12 months
6948,9874-USHPQ,Female,Yes,Yes,No,18,13-24 months
6949,9876-JHNXS,Male,No,No,No,6,00-12 months
6950,9880-DRJNC,Male,No,Yes,No,24,13-24 months
6951,9880-JUSYX,Male,No,No,No,66,49-72 months
6952,9880-PTYQV,Male,No,Yes,Yes,30,25-48 months
6953,9880-QIPRC,Male,No,Yes,Yes,28,25-48 months
6954,9882-HDRWC,Female,No,Yes,Yes,28,25-48 months
6955,9883-JWOBH,Male,No,Yes,No,13,13-24 months
6956,9887-PHZQG,Female,No,Yes,No,12,00-12 months
6957,9890-KKNQL,Female,No,Yes,Yes,33,25-48 months
6958,9890-OQPNQ,Male,Yes,Yes,No,1,00-12 months
6959,9891-BEZHI,Male,No,Yes,No,4,00-12 months
6960,9892-PIBBR,Male,No,Yes,No,11,00-12 months
6961,9892-XOLTS,Female,No,Yes,Yes,25,25-48 months
6962,9895-FULSC,Female,No,Yes,No,19,13-24 months
6963,9896-HLSFQ,Female,No,No,Yes,37,25-48 months
6964,9896-OIWND,Female,No,No,Yes,16,13-24 months
6965,9896-PLJPP,Female,No,Yes,No,30,25-48 months
6966,9899-KRESH,Male,No,No,No,1,00-12 months
6967,9900-GQXPF,Male,No,Yes,Yes,17,13-24 months
6968,9901-ERHTK,Female,No,Yes,No,28,25-48 months
6969,9901-WCIBB,Male,No,Yes,No,22,13-24 months
6970,9902-CCNVN,Female,Yes,No,No,3,00-12 months
6971,9903-DFGZY,Male,No,No,No,7,00-12 months
6972,9903-HYIIC,Male,No,Yes,No,72,49-72 months
6973,9904-WSVBC,Female,No,No,No,16,13-24 months
6974,9906-CGLQZ,Female,No,No,No,29,25-48 months
6975,9907-WWQJL,Male,No,Yes,Yes,54,49-72 months
6976,9909-NSFPB,Male,No,Yes,No,53,49-72 months
6977,9909-ODPHP,Male,No,No,No,20,13-24 months
6978,9910-LCHDR,Male,No,Yes,Yes,7,00-12 months
6979,9913-LRCYD,Male,No,No,No,70,49-72 months
6980,9913-SYDRB,Female,Yes,Yes,No,5,00-12 months
6981,9914-OQFTV,Male,No,No,No,42,25-48 months
6982,9915-CYHTW,Male,No,Yes,Yes,8,00-12 months
6983,9915-GPHFK,Female,No,No,No,69,49-72 months
6984,9917-FGSIC,Female,No,Yes,Yes,7,00-12 months
6985,9917-WMGAT,Female,Yes,Yes,No,56,49-72 months
6986,9921-IAVYR,Male,No,No,No,37,25-48 months
6987,9923-BRYWK,Female,Yes,No,Yes,67,49-72 months
6988,9924-AGGGM,Male,No,No,No,41,25-48 months
6989,9925-JUKLT,Male,No,Yes,No,27,25-48 months
6990,9926-LYGLD,Male,No,No,No,21,13-24 months
6991,9926-WAGVB,Female,No,No,No,32,25-48 months
6992,9927-SRHWE,Male,No,No,No,9,00-12 months
6993,9937-CUJVP,Male,No,Yes,No,68,49-72 months
6994,9937-VLWYE,Male,No,Yes,Yes,33,25-48 months
6995,9939-BVEFP,Male,No,Yes,Yes,66,49-72 months
6996,9939-WMHEJ,Female,No,No,No,65,49-72 months
6997,9940-HNJSL,Female,No,Yes,No,11,00-12 months
6998,9943-JSKRI,Male,Yes,No,No,15,13-24 months
6999,9945-OPHFE,Female,No,No,No,5,00-12 months
7000,9945-TVVYC,Male,No,No,No,64,49-72 months
7001,9954-MRCYA,Male,No,No,No,17,13-24 months
7002,9956-EEYOB,Male,No,No,Yes,6,00-12 months
7003,9956-PSMAC,Male,No,Yes,No,55,49-72 months
7004,9957-KISDX,Female,Yes,No,No,38,25-48 months
7005,9959-AWWJM,Male,No,No,No,43,25-48 months
7006,9959-NDBKB,Female,No,Yes,Yes,50,49-72 months
7007,9959-QNFOO,Female,No,No,No,4,00-12 months
7008,9960-IZQEP,Female,Yes,Yes,Yes,9,00-12 months
7009,9962-IKXIH,Female,No,No,No,67,49-72 months
7010,9962-SBTWO,Female,No,Yes,Yes,58,49-72 months
7011,9964-TEULW,Female,Yes,Yes,No,15,13-24 months
7012,9964-VJGZY,Female,No,Yes,No,9,00-12 months
7013,9966-BNCMV,Male,Yes,Yes,No,60,49-72 months
7014,9966-PETWJ,Male,No,Yes,Yes,9,00-12 months
7015,9966-UYYCG,Female,No,Yes,Yes,67,49-72 months
7016,9967-JOPIF,Male,No,No,No,24,13-24 months
7017,9967-TGTCM,Male,No,Yes,No,54,49-72 months
7018,9968-SMHED,Male,No,Yes,Yes,4,00-12 months
7019,9970-PJKVL,Male,No,Yes,No,24,13-24 months
7020,9970-UUWUQ,Male,No,Yes,No,6,00-12 months
7021,9971-LTJJR,Male,Yes,No,Yes,21,13-24 months
7022,9972-MDSQY,Male,No,Yes,Yes,67,49-72 months
7023,9973-FWVEA,Male,No,No,No,6,00-12 months
7024,9973-ILVLI,Male,No,Yes,Yes,67,49-72 months
7025,9973-MUPUX,Male,Yes,Yes,Yes,4,00-12 months
7026,9974-FPZXP,Male,No,Yes,No,13,13-24 months
7027,9974-PUWGT,Female,Yes,Yes,No,59,49-72 months
7028,9976-DONNB,Female,No,No,No,21,13-24 months
7029,9981-JHVJQ,Male,No,Yes,Yes,54,49-72 months
7030,9981-KQUUF,Male,No,Yes,No,12,00-12 months
7031,9984-ROEVQ,Male,No,Yes,Yes,11,00-12 months
7032,9985-FWQWQ,Female,No,Yes,Yes,1,00-12 months
7033,9986-EXWYB,Female,No,No,No,30,25-48 months
7034,9986-SIVAZ,Male,No,No,No,70,49-72 months
7035,9986-TDBKN,Female,No,No,Yes,25,25-48 months
7036,9988-SMSDE,Male,No,No,No,71,49-72 months
7037,9990-GVCLO,Female,No,Yes,No,7,00-12 months
7038,9994-MTUAA,Male,No,Yes,Yes,19,13-24 months
7039,9995-ORVQP,Male,No,Yes,No,55,49-72 months
7040,9996-CGTJG,Male,No,No,No,2,00-12 months
7041,9997-APOWL,Male,No,Yes,No,70,49-72 months
7042,9999-OXOJS,Male,No,No,Yes,22,13-24 months
7043,9999-QICPL,Male,No,No,No,68,49-72 months
