customerID,gender,SeniorCitizen,Partner,Dependents,tenure,PhoneService,MultipleLines,InternetService,OnlineSecurity,OnlineBackup,DeviceProtection,TechSupport,StreamingTV,StreamingMovies,Contract,PaperlessBilling,PaymentMethod,MonthlyCharges,TotalCharges,Churn
2963-IHUPW,Female,0,No,No,49,Yes,No,Fiber optic,No,Yes,Yes,Yes,No,No,One year,Yes,Credit card (automatic),85.74,4022.94,No
5573-ABXUY,Female,0,No,No,10,Yes,No,Fiber optic,Yes,No,Yes,No,No,Yes,Month-to-month,Yes,Electronic check,90.62,866.93,Yes
3796-SVCPU,Female,0,Yes,Yes,70,Yes,No,No,No internet service,No internet service,No internet service,No internet service,No internet service,No internet service,Two year,Yes,Bank transfer (automatic),21.67,1411.39,No
3705-MVHID,Male,0,Yes,No,65,Yes,No,No,No internet service,No internet service,No internet service,No internet service,No internet service,No internet service,Two year,Yes,Bank transfer (automatic),22.1,1327.24,No
8079-FTSXE,Male,0,No,No,1,Yes,No,DSL,Yes,No,Yes,No,No,Yes,Month-to-month,No,Credit card (automatic),66.01,69.2,No
0602-KMXFM,Male,0,No,No,8,Yes,No,DSL,Yes,Yes,No,No,No,Yes,Month-to-month,Yes,Mailed check,66.1,530.57,No
7832-WDRYR,Male,0,No,No,17,Yes,Yes,No,No internet service,No internet service,No internet service,No internet service,No internet service,No internet service,Two year,No,Electronic check,22.17,404.19,No
0868-BRJUH,Female,0,No,No,6,Yes,No,DSL,No,No,No,No,No,No,Month-to-month,Yes,Mailed check,45.94,281.76,No
3937-BFUDM,Male,0,No,No,12,Yes,Yes,DSL,Yes,Yes,No,No,Yes,Yes,One year,Yes,Mailed check,82.23,910.34,No
4549-PCJHN,Female,0,Yes,No,25,Yes,No,DSL,Yes,No,Yes,No,No,Yes,Month-to-month,No,Electronic check,67.12,1682.68,No
2576-DEPKT,Male,0,No,No,1,Yes,No,Fiber optic,No,No,No,Yes,No,No,Month-to-month,Yes,Mailed check,75.56,80.5,Yes
5724-KAOQY,Female,0,No,No,12,No,No phone service,DSL,No,Yes,No,Yes,No,Yes,Two year,Yes,Mailed check,47.37,581.35,No
7631-UKYXU,Male,1,Yes,No,65,No,No phone service,DSL,No,Yes,Yes,No,Yes,No,One year,No,Credit card (automatic),49.09,3281.6,No
0675-KUCJA,Female,1,No,No,13,Yes,Yes,DSL,Yes,No,Yes,No,Yes,Yes,Month-to-month,Yes,Credit card (automatic),78.84,1054.08,No
2507-AUVXP,Female,0,Yes,No,46,Yes,No,Fiber optic,No,Yes,Yes,No,Yes,Yes,One year,Yes,Mailed check,101.9,4496.86,No
3199-VPSGW,Male,0,No,No,7,Yes,No,Fiber optic,No,No,No,Yes,Yes,Yes,Month-to-month,No,Electronic check,96.38,676.36,Yes
0200-KXHTO,Female,0,Yes,Yes,8,Yes,No,No,No internet service,No internet service,No internet service,No internet service,No internet service,No internet service,Month-to-month,Yes,Electronic check,18.25,139.17,No
1614-UCIFS,Male,1,Yes,Yes,11,Yes,No,DSL,Yes,No,Yes,No,No,No,One year,No,Mailed check,55.6,633.78,No
7152-ZFXGZ,Female,0,No,No,56,Yes,Yes,Fiber optic,No,No,No,Yes,Yes,Yes,Two year,Yes,Credit card (automatic),100.98,5591.64,No
3739-QCTFX,Female,1,No,No,9,Yes,Yes,DSL,No,No,No,Yes,No,No,One year,Yes,Bank transfer (automatic),53.48,446.02,No
1043-KQVYI,Female,1,Yes,No,25,Yes,Yes,Fiber optic,No,No,No,No,Yes,Yes,Month-to-month,No,Electronic check,92.68,2274.4,No
0852-NARFD,Male,1,Yes,Yes,21,Yes,Yes,DSL,Yes,No,No,Yes,Yes,Yes,Month-to-month,Yes,Bank transfer (automatic),80.99,1590.65,Yes
1996-AUAPK,Female,0,No,No,5,Yes,Yes,Fiber optic,Yes,Yes,Yes,No,Yes,Yes,Month-to-month,No,Electronic check,109.81,511.15,Yes
8719-IBVJT,Male,1,No,No,9,Yes,Yes,Fiber optic,No,No,No,No,No,Yes,Month-to-month,Yes,Electronic check,83.66,767.02,Yes
9278-ZDTAJ,Male,0,No,No,60,Yes,No,No,No internet service,No internet service,No internet service,No internet service,No internet service,No internet service,Two year,Yes,Electronic check,18.25,1164.28,No
8372-VFFGE,Female,0,Yes,No,9,Yes,No,DSL,Yes,No,Yes,No,Yes,Yes,Month-to-month,Yes,Electronic check,74.96,674.11,No
5902-YIMZP,Male,0,No,No,26,Yes,No,No,No internet service,No internet service,No internet service,No internet service,No internet service,No internet service,Two year,Yes,Bank transfer (automatic),18.77,505.29,No
3567-MASFS,Male,0,No,Yes,33,No,No phone service,Fiber optic,No,No,Yes,Yes,Yes,No,Month-to-month,Yes,Electronic check,67.69,2287.47,Yes
2755-VJYNQ,Male,0,Yes,Yes,34,Yes,No,Fiber optic,No,No,Yes,Yes,Yes,Yes,Month-to-month,Yes,Bank transfer (automatic),100.62,3682.22,Yes
0549-HOJAZ,Male,0,Yes,Yes,2,Yes,No,Fiber optic,No,No,No,No,Yes,Yes,Month-to-month,No,Electronic check,90.45,168.3,Yes
0503-PXMOT,Male,0,Yes,Yes,67,Yes,No,Fiber optic,No,No,No,No,Yes,Yes,Two year,No,Credit card (automatic),87.69,5681.5,No
1677-YNXYB,Male,0,Yes,Yes,4,Yes,No,Fiber optic,No,Yes,No,No,No,No,Month-to-month,Yes,Electronic check,72.66,301.06,No
2974-OJYZR,Male,0,No,No,1,No,No phone service,DSL,Yes,No,No,No,No,Yes,Month-to-month,Yes,Electronic check,38.12,37.72,Yes
5778-PKDOX,Female,0,Yes,Yes,3,Yes,No,No,No internet service,No internet service,No internet service,No internet service,No internet service,No internet service,Month-to-month,Yes,Mailed check,20.42,65.68,Yes
8270-LXJNR,Male,0,No,Yes,6,Yes,Yes,DSL,Yes,Yes,Yes,Yes,No,No,Month-to-month,No,Mailed check,71.16,399.22,No
0500-CSEUD,Female,0,No,No,24,Yes,Yes,No,No internet service,No internet service,No internet service,No internet service,No internet service,No internet service,Month-to-month,Yes,Mailed check,20.28,458.02,No
5932-CZDGZ,Male,0,No,No,65,Yes,No,Fiber optic,No,No,No,Yes,Yes,Yes,Two year,Yes,Mailed check,93.74,6224.96,No
1130-ZQAOA,Male,0,No,No,68,Yes,Yes,No,No internet service,No internet service,No internet service,No internet service,No internet service,No internet service,Two year,Yes,Credit card (automatic),24.38,1593.73,No
0738-POFIZ,Female,0,No,No,22,Yes,Yes,DSL,No,Yes,No,No,Yes,No,One year,No,Mailed check,71.45,1585.25,No
6787-JOBKJ,Male,0,Yes,No,57,Yes,No,DSL,Yes,Yes,No,No,No,No,Two year,Yes,Credit card (automatic),54.54,3087.18,No
8401-FQRBH,Male,0,Yes,Yes,29,Yes,Yes,No,No internet service,No internet service,No internet service,No internet service,No internet service,No internet service,Month-to-month,Yes,Bank transfer (automatic),23.39,700.58,No
8568-VDJHX,Male,0,No,No,1,Yes,No,No,No internet service,No internet service,No internet service,No internet service,No internet service,No internet service,Two year,No,Credit card (automatic),21.85,21.48,No
3966-WDWAT,Male,0,Yes,Yes,7,Yes,Yes,Fiber optic,No,No,No,No,No,No,Month-to-month,No,Mailed check,72.09,514.91,No
1375-WJRLT,Female,1,Yes,No,2,Yes,Yes,DSL,No,Yes,Yes,Yes,No,No,Month-to-month,No,Electronic check,61.56,119.74,No
9838-GVDHD,Male,0,Yes,No,8,Yes,Yes,Fiber optic,Yes,No,Yes,No,No,Yes,Month-to-month,No,Bank transfer (automatic),95.95,786.5,No
5979-LYRSO,Female,0,Yes,Yes,60,Yes,Yes,No,No internet service,No internet service,No internet service,No internet service,No internet service,No internet service,Two year,No,Electronic check,25.53,1637.39,No
9589-LPXJV,Male,0,Yes,No,7,No,No phone service,Fiber optic,No,No,Yes,No,Yes,Yes,Month-to-month,No,Electronic check,73.3,472.65,Yes
4358-CSSFW,Female,0,No,Yes,17,Yes,No,Fiber optic,No,No,Yes,No,Yes,Yes,Month-to-month,Yes,Electronic check,95.65,1615.3,Yes
7179-ZNKLR,Female,0,No,No,20,Yes,No,Fiber optic,No,Yes,No,No,Yes,No,Month-to-month,No,Electronic check,83.96,1566.72,Yes
8807-MQPZG,Female,1,No,No,1,Yes,Yes,DSL,No,No,Yes,No,No,Yes,Month-to-month,Yes,Electronic check,62.6,59.5,Yes
8196-SVYVQ,Male,0,Yes,No,1,Yes,No,Fiber optic,No,No,No,No,Yes,No,Month-to-month,Yes,Bank transfer (automatic),82.19,86.65,No
8518-WVIMS,Female,0,No,No,57,Yes,No,DSL,Yes,No,No,Yes,No,No,One year,Yes,Electronic check,53.28,2901.23,No
5204-NYECL,Female,0,Yes,No,32,Yes,Yes,Fiber optic,No,No,Yes,Yes,No,No,Two year,No,Credit card (automatic),85.02,2625.45,No
8154-YRYVR,Female,1,No,No,51,Yes,Yes,No,No internet service,No internet service,No internet service,No internet service,No internet service,No internet service,One year,Yes,Bank transfer (automatic),27.55,1373.59,No
1190-UVSPM,Male,0,Yes,No,42,Yes,No,DSL,Yes,No,No,No,Yes,No,Month-to-month,Yes,Electronic check,61.35,2690.87,No
5227-CKTQP,Male,0,Yes,Yes,2,Yes,No,Fiber optic,Yes,No,Yes,No,Yes,Yes,Month-to-month,Yes,Electronic check,98.14,205.16,No
1399-JQZAS,Male,0,No,No,53,Yes,Yes,DSL,No,No,Yes,No,Yes,No,Two year,Yes,Credit card (automatic),67.38,3615.55,No
3522-OGJXF,Female,0,Yes,Yes,36,Yes,Yes,DSL,Yes,Yes,No,No,No,No,Month-to-month,No,Electronic check,58.95,2087.81,No
5886-UHOKI,Male,0,Yes,Yes,19,Yes,No,Fiber optic,Yes,No,Yes,Yes,Yes,Yes,Month-to-month,No,Electronic check,102.79,1921.51,No
1444-OKBOC,Female,0,Yes,No,6,Yes,No,DSL,No,No,No,No,Yes,No,One year,No,Credit card (automatic),54.58,350.73,No
6387-NMLQR,Female,0,No,No,27,No,No phone service,DSL,No,No,No,No,No,Yes,One year,Yes,Credit card (automatic),33.39,965.92,No
0081-WTTKU,Female,1,No,No,68,Yes,Yes,No,No internet service,No internet service,No internet service,No internet service,No internet service,No internet service,Two year,Yes,Bank transfer (automatic),22.59,1632.93,No
3449-VEANK,Male,0,No,Yes,1,Yes,No,DSL,No,Yes,No,Yes,No,Yes,Month-to-month,No,Electronic check,62.91,65.11,Yes
7006-YPERB,Male,0,Yes,No,6,Yes,Yes,Fiber optic,No,No,Yes,No,Yes,No,Month-to-month,No,Electronic check,94.69,589.23,Yes
1684-STRVS,Female,1,Yes,Yes,55,No,No phone service,Fiber optic,Yes,No,No,No,Yes,No,One year,No,Credit card (automatic),66.56,3904.52,No
5006-DDSQK,Male,0,No,No,22,Yes,Yes,Fiber optic,Yes,No,No,No,Yes,Yes,One year,No,Bank transfer (automatic),96.24,2030.54,No
1759-AFALW,Female,0,Yes,Yes,16,Yes,Yes,Fiber optic,No,No,Yes,No,No,Yes,Month-to-month,Yes,Bank transfer (automatic),91.3,1468.27,Yes
9314-BUYMW,Female,0,Yes,No,52,Yes,No,Fiber optic,No,Yes,Yes,Yes,Yes,Yes,Two year,No,Mailed check,106.54,5950.73,No
2716-WJWRV,Female,0,No,No,10,Yes,No,DSL,Yes,No,Yes,No,No,No,Month-to-month,No,Bank transfer (automatic),52.54,484.2,No
9545-TYTXE,Female,0,Yes,Yes,2,Yes,Yes,No,No internet service,No internet service,No internet service,No internet service,No internet service,No internet service,Month-to-month,Yes,Mailed check,23.76,45.6,No
0673-XSCGJ,Male,0,No,No,41,Yes,Yes,DSL,Yes,Yes,Yes,Yes,No,No,One year,Yes,Credit card (automatic),65.33,2701.81,No
2399-HGQAW,Female,0,No,No,38,Yes,No,Fiber optic,No,Yes,Yes,No,Yes,No,Month-to-month,Yes,Electronic check,88.8,3382.58,Yes
9092-ATIOW,Female,0,No,No,28,Yes,No,Fiber optic,No,Yes,Yes,Yes,Yes,Yes,Month-to-month,No,Credit card (automatic),100.8,2985.9,No
5604-UWNKE,Male,0,No,No,46,Yes,Yes,DSL,Yes,Yes,No,No,No,Yes,Two year,Yes,Credit card (automatic),69.9,3391.98,No
7624-RVHZH,Female,1,Yes,Yes,58,Yes,No,DSL,Yes,Yes,No,No,No,No,One year,No,Credit card (automatic),57.6,3365.98,No
5831-YOZTR,Female,0,No,No,62,Yes,No,No,No internet service,No internet service,No internet service,No internet service,No internet service,No internet service,Two year,Yes,Credit card (automatic),21.32,1232.38,No
7651-HTNZN,Male,0,No,No,5,Yes,No,DSL,No,Yes,No,Yes,No,No,Month-to-month,Yes,Mailed check,55.56,260.69,Yes
4690-QJDYS,Female,0,No,No,3,Yes,No,Fiber optic,No,Yes,Yes,No,Yes,Yes,Month-to-month,Yes,Mailed check,100.27,285.08,Yes
8797-LTJFV,Female,1,No,No,9,Yes,No,DSL,No,No,No,No,No,No,Month-to-month,Yes,Electronic check,47.94,422.12,Yes
2614-XFYCR,Male,0,No,No,42,Yes,No,Fiber optic,No,Yes,No,No,No,No,Month-to-month,No,Electronic check,76.76,2997.66,No
2499-XYNET,Male,0,No,No,5,No,No phone service,DSL,No,Yes,No,No,No,Yes,Month-to-month,Yes,Bank transfer (automatic),36.37,176.03,No
3472-BXJUD,Male,0,No,No,70,Yes,Yes,No,No internet service,No internet service,No internet service,No internet service,No internet service,No internet service,Two year,Yes,Bank transfer (automatic),24.39,1799.08,No
1912-IFIZJ,Female,0,Yes,Yes,14,Yes,No,DSL,No,No,No,No,Yes,No,Month-to-month,Yes,Electronic check,52.4,684.3,Yes
2577-SPRVS,Female,0,No,No,53,Yes,Yes,No,No internet service,No internet service,No internet service,No internet service,No internet service,No internet service,One year,No,Credit card (automatic),26.89,1532.97,No
7212-CMRSK,Female,1,No,No,70,Yes,Yes,Fiber optic,No,No,No,No,No,Yes,One year,Yes,Mailed check,85.68,6286.57,No
0647-UBIGU,Female,0,Yes,Yes,44,Yes,No,Fiber optic,No,Yes,Yes,No,No,No,Month-to-month,No,Electronic check,77.92,3267.1,No
2631-FJUDL,Male,0,No,No,32,Yes,No,Fiber optic,No,No,Yes,No,Yes,No,Month-to-month,Yes,Credit card (automatic),87.5,2730.89,Yes
2483-QRZOZ,Male,1,No,No,22,Yes,Yes,Fiber optic,No,No,No,No,Yes,Yes,One year,Yes,Electronic check,95.69,2266.09,Yes
9519-VLBHO,Female,1,No,No,6,Yes,Yes,No,No internet service,No internet service,No internet service,No internet service,No internet service,No internet service,Month-to-month,No,Electronic check,29.97,184.33,No
8593-SPERP,Male,0,Yes,Yes,18,Yes,No,DSL,Yes,Yes,No,Yes,No,No,Month-to-month,Yes,Credit card (automatic),58.08,1088.62,No
0808-KZHDM,Male,1,No,No,40,Yes,Yes,Fiber optic,No,No,No,Yes,No,No,One year,No,Credit card (automatic),79.14,3083.58,No
1197-ADMUD,Male,0,No,No,10,No,No phone service,No,No internet service,No internet service,No internet service,No internet service,No internet service,No internet service,Month-to-month,Yes,Bank transfer (automatic),18.25,195.18,No
3206-BDYUY,Female,0,Yes,Yes,4,Yes,No,DSL,No,Yes,No,No,Yes,No,Month-to-month,No,Credit card (automatic),58.53,226.16,No
9261-MPCFN,Male,0,No,No,41,Yes,No,DSL,No,Yes,No,Yes,Yes,No,One year,No,Credit card (automatic),63.27,2691.32,No
3710-SMANB,Male,0,No,No,10,Yes,Yes,DSL,Yes,Yes,No,No,Yes,Yes,Month-to-month,Yes,Electronic check,80.32,739.28,Yes
6115-MQLKF,Male,1,Yes,No,8,No,No phone service,DSL,No,No,Yes,No,Yes,Yes,Month-to-month,Yes,Mailed check,48.72,409.28,No
3311-MJWZN,Female,0,No,Yes,4,Yes,Yes,DSL,No,Yes,No,Yes,No,No,Month-to-month,No,Mailed check,58.88,240.51,No
9230-YFYWS,Male,0,Yes,No,31,Yes,No,DSL,No,No,Yes,No,No,Yes,Two year,No,Bank transfer (automatic),58.52,1679.3,No
2503-BSTYX,Male,1,Yes,Yes,34,Yes,Yes,DSL,No,Yes,Yes,No,Yes,Yes,One year,No,Credit card (automatic),79.07,2602.22,No
8316-VCLHB,Female,0,Yes,Yes,71,Yes,Yes,DSL,No,No,No,Yes,Yes,No,Two year,No,Bank transfer (automatic),65.68,4624.13,No
8576-KVUYX,Female,0,No,No,62,Yes,Yes,No,No internet service,No internet service,No internet service,No internet service,No internet service,No internet service,One year,No,Mailed check,20.09,1155.07,No
4866-PEAFQ,Male,0,No,No,29,Yes,Yes,Fiber optic,No,No,No,No,Yes,No,One year,Yes,Electronic check,85.76,2368.58,No
1809-DPYBC,Male,0,No,No,20,Yes,No,DSL,Yes,No,No,No,No,No,One year,Yes,Mailed check,49.58,1040.51,No
3120-NYPYL,Male,0,Yes,No,7,Yes,Yes,No,No internet service,No internet service,No internet service,No internet service,No internet service,No internet service,Month-to-month,No,Electronic check,23.43,173.92,No
0668-QTTFK,Female,0,Yes,Yes,20,Yes,No,Fiber optic,No,No,Yes,No,No,Yes,Month-to-month,No,Electronic check,84.39,1659.36,Yes
6959-LNOQK,Male,0,No,No,6,No,No phone service,DSL,No,No,Yes,Yes,Yes,Yes,One year,Yes,Credit card (automatic),55.83,354.32,No
1535-CSQMG,Male,1,No,No,10,Yes,Yes,Fiber optic,Yes,No,No,No,Yes,Yes,Month-to-month,No,Electronic check,101.47,964.23,Yes
9012-YEKFB,Male,0,Yes,No,48,Yes,Yes,No,No internet service,No internet service,No internet service,No internet service,No internet service,No internet service,Two year,Yes,Mailed check,24,1165.76,No
5597-SCRLA,Female,0,Yes,Yes,7,Yes,Yes,DSL,No,Yes,No,No,No,No,One year,Yes,Mailed check,57.36,424.97,No
3450-AXGVS,Female,0,No,No,19,Yes,No,No,No internet service,No internet service,No internet service,No internet service,No internet service,No internet service,Month-to-month,No,Bank transfer (automatic),22.85,463.51,Yes
3549-RZHGR,Female,1,No,No,6,Yes,Yes,Fiber optic,No,No,Yes,No,Yes,Yes,Month-to-month,Yes,Credit card (automatic),99.75,629.43,No
4454-UACHR,Female,0,Yes,Yes,2,Yes,No,Fiber optic,No,Yes,Yes,No,No,Yes,Month-to-month,Yes,Bank transfer (automatic),93.38,177.65,Yes
1067-TEJJN,Male,0,No,No,58,Yes,No,DSL,No,No,Yes,No,No,No,Two year,No,Bank transfer (automatic),46.84,2784.81,No
8955-VAKAP,Male,0,Yes,Yes,2,Yes,No,DSL,Yes,No,Yes,No,No,No,Month-to-month,Yes,Mailed check,52.49,111.19,Yes
0529-LJQNT,Female,0,No,No,66,Yes,No,Fiber optic,No,No,No,No,Yes,No,Two year,Yes,Mailed check,81.58,5446.18,No
2299-BNJDR,Male,0,Yes,Yes,19,Yes,Yes,No,No internet service,No internet service,No internet service,No internet service,No internet service,No internet service,Month-to-month,Yes,Credit card (automatic),28.1,527.77,No
8584-XETDQ,Male,0,No,No,46,Yes,No,Fiber optic,No,Yes,Yes,Yes,Yes,No,Two year,No,Bank transfer (automatic),92.47,4166.91,Yes
9133-JQHMJ,Male,0,Yes,No,8,Yes,No,No,No internet service,No internet service,No internet service,No internet service,No internet service,No internet service,Month-to-month,Yes,Bank transfer (automatic),21.3,164.81,No
6041-NBXXE,Male,0,No,No,52,Yes,No,Fiber optic,Yes,Yes,No,No,No,No,Two year,Yes,Credit card (automatic),82.57,4080.54,No
9492-RBSDH,Female,0,No,No,12,Yes,Yes,No,No internet service,No internet service,No internet service,No internet service,No internet service,No internet service,One year,Yes,Mailed check,23.18,281.72,No
7865-IVQRJ,Female,0,Yes,No,13,Yes,Yes,DSL,No,No,No,Yes,Yes,Yes,Month-to-month,Yes,Electronic check,72.45,959.65,No
4233-KOTPG,Male,0,Yes,Yes,56,Yes,Yes,No,No internet service,No internet service,No internet service,No internet service,No internet service,No internet service,One year,Yes,Electronic check,24.89,1444.05,No
2362-DUDRS,Male,0,No,No,3,Yes,Yes,No,No internet service,No internet service,No internet service,No internet service,No internet service,No internet service,Month-to-month,No,Credit card (automatic),22.99,66.97,No
6626-RPBQW,Male,0,Yes,No,26,Yes,No,Fiber optic,Yes,No,Yes,No,Yes,No,Month-to-month,Yes,Credit card (automatic),85.03,2233.33,No
2088-FXNSV,Female,0,Yes,No,46,Yes,No,Fiber optic,No,No,No,No,No,No,Month-to-month,No,Credit card (automatic),71.29,3397.21,No
5695-ZPFXU,Female,0,No,Yes,32,Yes,Yes,Fiber optic,Yes,No,No,Yes,No,Yes,Month-to-month,Yes,Bank transfer (automatic),94.53,2790.28,No
9725-LUSDU,Male,0,Yes,Yes,16,Yes,No,DSL,Yes,No,No,No,Yes,No,Month-to-month,Yes,Bank transfer (automatic),58.45,940.74,Yes
4129-HNKRO,Male,0,No,No,44,Yes,No,DSL,Yes,No,No,Yes,No,Yes,One year,Yes,Electronic check,66.06,3027.85,No
9394-DIOWE,Female,0,No,No,51,Yes,Yes,No,No internet service,No internet service,No internet service,No internet service,No internet service,No internet service,Two year,Yes,Bank transfer (automatic),24.4,1269.65,No
6201-SSPOM,Female,0,Yes,No,2,Yes,Yes,DSL,No,No,Yes,Yes,No,Yes,Month-to-month,No,Credit card (automatic),71.78,155,No
4477-UWYCY,Female,0,Yes,Yes,62,Yes,Yes,DSL,Yes,No,No,No,No,Yes,Two year,No,Electronic check,65.66,4382.56,No
7914-DAUJB,Female,0,Yes,Yes,4,Yes,Yes,Fiber optic,No,No,No,No,Yes,No,Month-to-month,Yes,Electronic check,82.42,331.38,Yes
8273-HEQDX,Male,0,No,No,37,Yes,No,Fiber optic,Yes,No,Yes,No,No,No,Month-to-month,Yes,Credit card (automatic),81.65,2928.9,No
0225-OVJZJ,Female,0,Yes,No,61,No,No phone service,No,No internet service,No internet service,No internet service,No internet service,No internet service,No internet service,Month-to-month,Yes,Mailed check,18.25,1106.92,No
6485-IALZG,Male,0,No,No,68,Yes,Yes,Fiber optic,No,Yes,Yes,No,Yes,Yes,Two year,Yes,Credit card (automatic),104.27,7603.99,No
5897-ONGYK,Female,0,No,No,1,Yes,No,No,No internet service,No internet service,No internet service,No internet service,No internet service,No internet service,Month-to-month,No,Mailed check,22.99,21.73,No
7697-PVCZL,Male,0,No,No,16,Yes,No,Fiber optic,No,No,No,No,Yes,Yes,Month-to-month,Yes,Electronic check,90.12,1370.3,Yes
9168-VYRPF,Male,0,Yes,No,53,No,No phone service,Fiber optic,No,No,Yes,Yes,No,No,One year,Yes,Mailed check,61.31,3068.69,No
1348-MKEYJ,Male,0,Yes,Yes,7,Yes,No,Fiber optic,No,No,No,No,Yes,No,Month-to-month,No,Electronic check,79.51,593.39,No
6542-GHQJR,Female,0,No,Yes,11,Yes,Yes,DSL,No,No,No,No,No,No,Month-to-month,Yes,Bank transfer (automatic),46.04,519.55,Yes
6209-YWJIU,Female,0,No,No,9,Yes,Yes,DSL,Yes,Yes,No,Yes,No,Yes,Month-to-month,No,Electronic check,76.5,730.64,Yes
7148-YPYKN,Female,1,No,No,2,Yes,No,Fiber optic,No,No,No,Yes,Yes,Yes,Month-to-month,Yes,Electronic check,94.73,189.93,Yes
6997-CTCFK,Female,0,Yes,Yes,16,Yes,No,Fiber optic,Yes,No,No,No,Yes,Yes,Month-to-month,Yes,Mailed check,92.05,1551.02,Yes
7277-SGVRY,Female,0,No,No,5,Yes,No,DSL,No,Yes,No,No,No,No,Month-to-month,Yes,Electronic check,50.53,258.14,Yes
5895-NSXIK,Female,0,Yes,Yes,48,Yes,Yes,Fiber optic,Yes,Yes,Yes,No,Yes,Yes,Two year,No,Bank transfer (automatic),110.45,5012.87,No
4831-IUZVL,Female,0,No,No,70,Yes,Yes,DSL,Yes,Yes,Yes,Yes,No,No,Two year,Yes,Mailed check,69.88,4577.35,No
4459-ARLUQ,Male,0,No,No,17,Yes,No,Fiber optic,Yes,No,No,No,No,No,Month-to-month,Yes,Mailed check,74.24,1198.25,Yes
6998-XPRGG,Male,1,Yes,No,15,Yes,Yes,No,No internet service,No internet service,No internet service,No internet service,No internet service,No internet service,Month-to-month,No,Credit card (automatic),24.73,355.84,No
9869-ZZGWN,Female,0,No,No,67,Yes,Yes,Fiber optic,No,No,No,No,No,Yes,Two year,No,Mailed check,83.8,5645.36,No
8025-HTBAL,Male,0,No,No,21,Yes,No,Fiber optic,No,Yes,Yes,No,No,Yes,One year,No,Credit card (automatic),89.93,1830.01,Yes
0973-AFXQS,Male,0,Yes,No,16,Yes,No,Fiber optic,No,No,Yes,No,No,Yes,One year,No,Bank transfer (automatic),83.61,1350.21,Yes
3898-DEDYY,Male,0,Yes,No,57,Yes,Yes,Fiber optic,No,No,No,No,Yes,Yes,One year,Yes,Mailed check,93.27,5029.7,No
6908-JDOUI,Female,1,No,Yes,14,No,No phone service,Fiber optic,No,No,Yes,No,No,No,Month-to-month,No,Mailed check,54.15,759.33,Yes
0452-YYDFX,Female,0,No,No,14,Yes,Yes,DSL,Yes,No,Yes,No,No,Yes,Month-to-month,No,Bank transfer (automatic),71.45,966.26,No
7391-MNMPU,Female,0,Yes,Yes,41,Yes,Yes,DSL,Yes,No,No,Yes,Yes,No,Month-to-month,Yes,Bank transfer (automatic),68.77,2658.79,No
9612-XUJHW,Female,0,Yes,No,14,Yes,No,Fiber optic,Yes,No,Yes,No,Yes,Yes,Month-to-month,Yes,Mailed check,99.68,1293.78,No
3743-DGKUL,Male,0,No,No,72,Yes,Yes,No,No internet service,No internet service,No internet service,No internet service,No internet service,No internet service,Two year,Yes,Credit card (automatic),21.54,1559.42,No
2207-FXXMX,Male,1,Yes,Yes,32,Yes,No,Fiber optic,Yes,No,Yes,Yes,No,Yes,Month-to-month,Yes,Mailed check,95.1,3086.53,Yes
8376-GXKIH,Female,0,Yes,Yes,17,Yes,No,DSL,No,Yes,No,Yes,Yes,Yes,Month-to-month,Yes,Electronic check,76.28,1364.86,No
0316-LUNFE,Female,0,Yes,No,56,Yes,Yes,Fiber optic,No,No,No,No,Yes,Yes,Two year,Yes,Bank transfer (automatic),95.58,5462.87,No
2559-EXNWY,Female,0,No,No,66,Yes,No,Fiber optic,No,Yes,Yes,No,No,No,Two year,No,Mailed check,78.19,5059.68,No
8511-WGPZW,Male,0,Yes,No,10,Yes,Yes,No,No internet service,No internet service,No internet service,No internet service,No internet service,No internet service,Month-to-month,No,Mailed check,25.07,259.69,No
8404-RHHXM,Male,0,Yes,Yes,31,Yes,No,Fiber optic,No,No,No,Yes,Yes,Yes,Month-to-month,No,Mailed check,93.45,2913.24,No
0221-FEXYK,Female,0,Yes,Yes,28,Yes,No,Fiber optic,Yes,No,Yes,Yes,Yes,Yes,One year,Yes,Bank transfer (automatic),105.22,3061.67,No
2710-LBJFC,Male,0,Yes,Yes,17,Yes,No,Fiber optic,No,Yes,Yes,No,No,Yes,Month-to-month,Yes,Electronic check,87.89,1560.73,No
4785-EFOIR,Female,0,No,No,67,No,No phone service,DSL,No,Yes,No,No,Yes,No,Two year,No,Credit card (automatic),42.28,2964.75,No
1783-UPOWH,Female,1,Yes,Yes,25,Yes,No,DSL,No,No,No,No,No,No,Month-to-month,Yes,Credit card (automatic),47.1,1085.94,No
3393-WCYGW,Male,1,Yes,Yes,9,Yes,No,Fiber optic,Yes,No,No,No,Yes,No,Month-to-month,Yes,Bank transfer (automatic),84.2,740.08,No
0099-YUJSD,Female,0,No,Yes,5,Yes,No,Fiber optic,No,No,No,No,Yes,Yes,Month-to-month,No,Credit card (automatic),88.28,448.05,No
3104-AXEVP,Male,0,No,No,57,Yes,No,DSL,Yes,No,No,No,Yes,No,One year,No,Mailed check,56.53,3344.11,No
9315-RTSRU,Female,0,No,No,69,Yes,No,Fiber optic,No,Yes,Yes,Yes,Yes,Yes,Two year,No,Credit card (automatic),109.25,7056.6,No
1930-PDPFE,Male,0,Yes,No,33,Yes,Yes,Fiber optic,No,No,No,No,No,No,One year,Yes,Bank transfer (automatic),75.42,2644.55,No
7720-QFOVD,Male,0,No,No,18,Yes,Yes,DSL,No,Yes,Yes,No,No,No,Month-to-month,No,Electronic check,59.01,1133.68,Yes
9781-CKPBZ,Female,0,No,No,14,Yes,No,Fiber optic,No,Yes,No,No,Yes,No,One year,No,Bank transfer (automatic),83.58,1092.97,No
9856-BTULH,Female,0,No,No,12,Yes,Yes,Fiber optic,No,Yes,Yes,No,No,Yes,Month-to-month,No,Mailed check,92.4,1167.59,Yes
7354-WOZTT,Female,1,Yes,Yes,8,Yes,No,DSL,No,Yes,Yes,No,No,No,Month-to-month,No,Electronic check,56.24,457.83,Yes
8401-IBFME,Male,0,Yes,Yes,14,Yes,No,No,No internet service,No internet service,No internet service,No internet service,No internet service,No internet service,Month-to-month,Yes,Electronic check,20.39,295.2,No
9164-PWEBO,Female,0,Yes,No,1,Yes,Yes,DSL,No,Yes,Yes,No,Yes,No,Month-to-month,No,Credit card (automatic),68.5,66.09,Yes
2991-MVOSV,Female,0,No,Yes,1,Yes,No,DSL,No,No,No,No,No,No,Month-to-month,No,Electronic check,45.34,46.68,Yes
5832-MPGTJ,Female,0,Yes,No,65,Yes,No,Fiber optic,Yes,Yes,Yes,No,Yes,Yes,Two year,Yes,Mailed check,105.78,7407.08,No
1938-SSBCF,Male,0,No,No,9,Yes,Yes,DSL,Yes,No,No,No,Yes,Yes,Month-to-month,No,Electronic check,75.14,625.62,Yes
1290-LRYLZ,Male,0,No,No,7,Yes,Yes,DSL,No,No,No,Yes,No,No,Month-to-month,Yes,Bank transfer (automatic),58.15,433.18,Yes
9769-LQWDH,Male,0,No,Yes,4,Yes,No,Fiber optic,Yes,No,No,No,Yes,Yes,Month-to-month,Yes,Credit card (automatic),93.88,382.8,No
0982-FTTVC,Female,0,No,No,8,Yes,Yes,DSL,No,No,No,Yes,No,Yes,One year,Yes,Credit card (automatic),61.59,495.15,No
6076-UGXGD,Male,0,No,No,2,Yes,Yes,No,No internet service,No internet service,No internet service,No internet service,No internet service,No internet service,Month-to-month,Yes,Electronic check,25.35,53.76,Yes
3627-VZWXC,Female,0,Yes,No,9,Yes,Yes,No,No internet service,No internet service,No internet service,No internet service,No internet service,No internet service,Month-to-month,No,Electronic check,23.99,218.21,Yes
9962-IKXIH,Female,0,No,No,67,Yes,No,No,No internet service,No internet service,No internet service,No internet service,No internet service,No internet service,Two year,Yes,Mailed check,19.51,1310.99,No
4683-IXSEY,Female,1,Yes,No,11,Yes,No,Fiber optic,No,No,Yes,Yes,No,Yes,Month-to-month,Yes,Electronic check,90.68,921.62,Yes
2379-WWTSW,Female,0,Yes,No,48,Yes,No,Fiber optic,No,No,Yes,Yes,Yes,No,Two year,Yes,Electronic check,87.43,4506.21,No
4190-ISWID,Male,0,Yes,No,67,Yes,Yes,Fiber optic,No,No,No,Yes,Yes,Yes,Two year,Yes,Bank transfer (automatic),96.55,6986.33,No
8956-GRJWK,Female,0,No,No,5,Yes,Yes,Fiber optic,No,No,No,No,Yes,No,Month-to-month,No,Credit card (automatic),86.15,428.08,Yes
7271-IMCLR,Male,0,Yes,No,45,Yes,No,No,No internet service,No internet service,No internet service,No internet service,No internet service,No internet service,Two year,No,Mailed check,19.93,902.31,No
2806-HWBKL,Male,0,Yes,Yes,11,No,No phone service,DSL,Yes,Yes,Yes,Yes,No,No,One year,Yes,Bank transfer (automatic),48.17,528.6,No
9522-XTSTY,Male,0,Yes,Yes,6,Yes,Yes,DSL,No,Yes,No,No,Yes,No,Month-to-month,Yes,Bank transfer (automatic),66.29,386,No
8321-JHCRB,Female,1,No,No,33,Yes,No,Fiber optic,No,Yes,No,Yes,Yes,Yes,Two year,Yes,Mailed check,100.01,3373.49,Yes
5743-BQQPS,Male,0,No,No,19,Yes,No,DSL,Yes,Yes,Yes,Yes,Yes,No,Month-to-month,Yes,Electronic check,72.04,1342.7,No
0089-JFBLF,Female,0,No,No,17,Yes,No,No,No internet service,No internet service,No internet service,No internet service,No internet service,No internet service,Month-to-month,Yes,Electronic check,23.4,374.05,No
5657-TCSJO,Male,0,Yes,Yes,14,No,No phone service,DSL,Yes,Yes,No,No,No,No,Month-to-month,Yes,Electronic check,30.98,431.18,Yes
2997-YFATQ,Female,0,No,No,57,No,No phone service,Fiber optic,No,Yes,No,No,No,Yes,Two year,Yes,Bank transfer (automatic),64.89,3580.18,No
6948-GEBWF,Male,0,Yes,Yes,54,Yes,Yes,No,No internet service,No internet service,No internet service,No internet service,No internet service,No internet service,Two year,No,Credit card (automatic),22.36,1155.57,No
4391-PDNLD,Female,0,Yes,Yes,30,No,No phone service,DSL,Yes,No,No,Yes,No,Yes,Month-to-month,No,Mailed check,45.08,1402.18,No
4409-HIRND,Female,0,No,No,31,Yes,No,Fiber optic,No,No,Yes,Yes,Yes,Yes,One year,Yes,Mailed check,99.9,3050.4,No
2389-TQTQN,Female,0,No,Yes,27,Yes,No,No,No internet service,No internet service,No internet service,No internet service,No internet service,No internet service,Month-to-month,Yes,Electronic check,18.25,485.77,No
9954-MRCYA,Male,0,No,No,17,Yes,Yes,No,No internet service,No internet service,No internet service,No internet service,No internet service,No internet service,Two year,Yes,Bank transfer (automatic),22.36,408.24,No
8679-KPQIT,Male,0,Yes,Yes,3,Yes,Yes,DSL,No,No,Yes,No,Yes,Yes,Month-to-month,Yes,Electronic check,73.7,238.55,No
1795-MKNDI,Female,0,No,No,2,Yes,No,DSL,Yes,No,Yes,No,Yes,No,Month-to-month,Yes,Electronic check,64.62,119.81,No
1195-OJBQS,Male,1,Yes,No,26,Yes,Yes,DSL,Yes,Yes,No,No,No,No,One year,Yes,Electronic check,60.6,1594.3,No
4643-LJNII,Female,0,No,Yes,12,Yes,Yes,DSL,No,No,No,Yes,No,Yes,One year,No,Credit card (automatic),65.44,724.96,No
6563-FAVCA,Female,1,No,No,2,Yes,No,DSL,No,No,No,Yes,No,No,Month-to-month,Yes,Electronic check,48.55,103.96,No
2415-ZLZXX,Female,0,Yes,Yes,0,Yes,Yes,Fiber optic,No,No,No,No,Yes,Yes,One year,No,Credit card (automatic),93.02, ,No
4146-KPYYS,Male,1,Yes,No,62,Yes,Yes,DSL,Yes,Yes,No,No,No,Yes,Two year,Yes,Bank transfer (automatic),72.34,4660.09,No
2552-RXHRB,Male,0,Yes,No,72,Yes,No,DSL,Yes,No,No,Yes,No,Yes,Month-to-month,No,Bank transfer (automatic),61.56,4575.42,No
8611-UNCAF,Female,0,No,No,9,Yes,Yes,No,No internet service,No internet service,No internet service,No internet service,No internet service,No internet service,Month-to-month,Yes,Electronic check,25.98,239.28,No
5258-QSZUQ,Male,1,No,No,57,Yes,No,Fiber optic,No,No,Yes,No,Yes,Yes,Month-to-month,Yes,Electronic check,93.05,5271.53,Yes
5803-TPNIR,Male,0,No,No,72,No,No phone service,DSL,Yes,Yes,Yes,No,No,No,One year,Yes,Credit card (automatic),40.52,2712.48,No
5074-MQSCO,Female,0,No,No,47,Yes,No,DSL,No,No,No,Yes,No,No,One year,Yes,Mailed check,52.17,2415.21,No
1604-PQRJV,Male,0,No,No,14,Yes,Yes,Fiber optic,Yes,No,Yes,No,Yes,Yes,Month-to-month,No,Electronic check,104.47,1466.23,Yes
2345-DSUPD,Female,0,No,Yes,71,Yes,Yes,Fiber optic,No,Yes,Yes,No,Yes,No,One year,No,Credit card (automatic),95.64,6811.44,No
6927-NZUAJ,Female,0,No,No,13,No,No phone service,DSL,No,No,No,Yes,No,No,Month-to-month,No,Electronic check,30.33,372.23,No
2537-EUYPK,Male,0,Yes,Yes,14,Yes,No,Fiber optic,No,Yes,Yes,No,No,Yes,Month-to-month,No,Electronic check,90.02,1233.8,Yes
7437-CSPFB,Male,0,Yes,No,40,Yes,Yes,Fiber optic,No,No,No,No,No,Yes,One year,Yes,Credit card (automatic),84.64,3498.82,No
0126-YWLIP,Female,0,No,No,17,No,No phone service,Fiber optic,No,No,No,No,Yes,No,Month-to-month,No,Electronic check,60.91,1018.87,Yes
4026-NYIVX,Female,0,No,No,68,Yes,Yes,Fiber optic,Yes,No,No,No,Yes,No,Two year,No,Bank transfer (automatic),88.47,5838.43,No
8160-KJSNX,Female,0,Yes,No,41,Yes,No,Fiber optic,No,Yes,No,Yes,No,No,Two year,No,Bank transfer (automatic),78.67,3256.23,No
5885-HAKOC,Female,0,Yes,Yes,4,Yes,No,DSL,No,Yes,No,Yes,Yes,No,Month-to-month,Yes,Credit card (automatic),63.08,235.95,No
0818-NMOGA,Female,0,Yes,Yes,16,Yes,No,DSL,Yes,Yes,Yes,Yes,No,Yes,Month-to-month,Yes,Electronic check,76.21,1146.06,Yes
6723-TZFPR,Female,0,Yes,Yes,13,Yes,No,Fiber optic,No,Yes,No,No,Yes,Yes,Month-to-month,Yes,Credit card (automatic),99.22,1233.96,No
9753-EKSWJ,Male,0,Yes,No,5,Yes,Yes,Fiber optic,No,Yes,No,No,Yes,Yes,Month-to-month,No,Mailed check,101.67,530.68,Yes
9880-JUSYX,Male,0,No,No,66,Yes,Yes,Fiber optic,No,No,No,No,No,Yes,Two year,No,Credit card (automatic),86.07,6049.85,No
6185-WWICQ,Male,1,No,No,2,Yes,Yes,DSL,No,No,No,No,No,Yes,Month-to-month,Yes,Mailed check,58.26,113,No
4654-HJMQZ,Male,0,No,No,27,Yes,No,Fiber optic,No,Yes,No,No,Yes,Yes,Month-to-month,Yes,Electronic check,90.82,2407.01,No
4133-UGCXA,Male,0,Yes,No,43,Yes,Yes,Fiber optic,No,Yes,No,No,No,Yes,One year,Yes,Credit card (automatic),85.02,3461.54,No
1585-SHBAM,Male,1,Yes,No,39,Yes,No,DSL,Yes,Yes,No,No,Yes,No,One year,Yes,Credit card (automatic),59.15,2122.68,No
5887-MVXOQ,Male,0,Yes,Yes,38,No,No phone service,DSL,Yes,No,No,Yes,Yes,No,One year,Yes,Bank transfer (automatic),45.07,1680.74,No
4004-FWEWS,Male,0,Yes,Yes,26,Yes,Yes,Fiber optic,No,Yes,No,Yes,Yes,Yes,One year,No,Electronic check,103.01,2651.13,No
3377-ZIITM,Female,1,No,No,31,Yes,Yes,Fiber optic,Yes,No,No,Yes,Yes,No,Two year,Yes,Credit card (automatic),95.09,2801.72,No
6455-UOUIN,Female,0,Yes,No,51,Yes,No,No,No internet service,No internet service,No internet service,No internet service,No internet service,No internet service,Month-to-month,Yes,Electronic check,20.72,1044.37,No
6742-BXOJJ,Female,0,Yes,Yes,4,Yes,No,DSL,Yes,No,Yes,No,No,Yes,Month-to-month,No,Credit card (automatic),63.68,248.18,No
2138-QNNPY,Male,0,No,No,70,Yes,Yes,No,No internet service,No internet service,No internet service,No internet service,No internet service,No internet service,One year,No,Credit card (automatic),23,1682.65,No
9538-OQRFJ,Male,0,No,No,11,Yes,Yes,DSL,Yes,Yes,No,No,Yes,No,One year,No,Electronic check,72.1,772.93,No
3998-UDEEN,Female,0,Yes,Yes,16,Yes,Yes,Fiber optic,No,Yes,Yes,Yes,No,Yes,Month-to-month,Yes,Electronic check,100.61,1717.15,Yes
1482-QVCSD,Male,0,No,No,65,Yes,Yes,DSL,Yes,No,No,Yes,No,Yes,Two year,Yes,Bank transfer (automatic),69.68,4816.23,No
5281-UVCCB,Female,0,Yes,No,50,Yes,Yes,Fiber optic,Yes,No,No,Yes,No,Yes,One year,Yes,Mailed check,94.91,5053.44,No
1562-GEOQT,Female,0,Yes,No,10,Yes,Yes,DSL,No,No,No,No,No,No,Month-to-month,No,Mailed check,51.35,539.29,No
8356-LFLEI,Male,0,Yes,Yes,46,No,No phone service,Fiber optic,No,No,No,No,Yes,Yes,Two year,No,Mailed check,69.1,3020.92,No
0222-GVHUL,Female,0,No,No,64,Yes,No,Fiber optic,No,Yes,Yes,No,Yes,Yes,One year,No,Bank transfer (automatic),101.56,6987.12,No
8014-UOCYP,Male,0,No,No,59,Yes,No,Fiber optic,Yes,No,No,Yes,Yes,No,Two year,No,Bank transfer (automatic),90.86,5215.67,No
1121-RXRTG,Female,1,No,No,14,Yes,No,DSL,No,No,No,Yes,No,No,One year,Yes,Mailed check,52.61,683.23,No
8963-SLVNO,Male,0,No,No,68,Yes,Yes,Fiber optic,No,No,No,No,Yes,No,One year,No,Bank transfer (automatic),87.73,5556.93,No
0133-ESODR,Female,0,Yes,No,5,Yes,No,Fiber optic,No,Yes,Yes,No,Yes,No,Month-to-month,No,Electronic check,90.95,426.52,Yes
6174-EFRHW,Male,0,No,No,17,Yes,Yes,Fiber optic,Yes,No,No,No,Yes,Yes,Month-to-month,No,Credit card (automatic),101.91,1766.43,No
2500-ALMJV,Male,0,Yes,No,20,Yes,No,No,No internet service,No internet service,No internet service,No internet service,No internet service,No internet service,One year,Yes,Credit card (automatic),19.61,418.74,No
6087-EOMCZ,Female,0,No,No,66,Yes,No,DSL,Yes,No,Yes,No,No,Yes,Two year,Yes,Bank transfer (automatic),66.13,4550.79,No
4910-KJDBV,Male,1,Yes,Yes,71,Yes,Yes,Fiber optic,Yes,No,Yes,No,No,No,Two year,Yes,Credit card (automatic),81.96,5660.65,No
2979-FONKU,Male,0,Yes,No,23,Yes,Yes,Fiber optic,No,No,No,No,No,No,Month-to-month,No,Credit card (automatic),77.2,1770.05,Yes
3316-HMAOB,Male,0,No,No,70,No,No phone service,DSL,No,No,No,Yes,Yes,No,One year,Yes,Electronic check,40.44,2699.17,No
7697-BAXEO,Female,0,No,No,7,Yes,No,Fiber optic,No,Yes,No,Yes,Yes,No,Month-to-month,Yes,Electronic check,87.4,571.57,Yes
1993-GRYZO,Female,0,No,No,49,Yes,Yes,Fiber optic,Yes,Yes,No,No,Yes,Yes,One year,Yes,Credit card (automatic),106.3,5245.53,No
0732-HNLNH,Male,1,No,No,18,Yes,No,No,No internet service,No internet service,No internet service,No internet service,No internet service,No internet service,Month-to-month,Yes,Electronic check,21.93,412.37,No
8199-MDKFO,Male,0,Yes,Yes,36,Yes,No,DSL,Yes,Yes,Yes,Yes,Yes,Yes,One year,Yes,Credit card (automatic),85.03,2871.9,No
5534-CMCZN,Female,0,Yes,No,13,Yes,Yes,DSL,Yes,No,No,No,No,Yes,Month-to-month,Yes,Bank transfer (automatic),64.09,876.2,Yes
5325-PKXMN,Female,1,Yes,Yes,45,Yes,Yes,Fiber optic,Yes,No,Yes,Yes,Yes,No,Two year,No,Bank transfer (automatic),95.69,4480.19,No
1075-LBIYS,Male,0,Yes,Yes,69,Yes,No,No,No internet service,No internet service,No internet service,No internet service,No internet service,No internet service,One year,Yes,Credit card (automatic),19.46,1348.85,No
0421-OWYFR,Female,0,Yes,No,1,No,No phone service,Fiber optic,Yes,Yes,No,Yes,No,No,Month-to-month,Yes,Electronic check,68.32,71.64,Yes
6458-JKNCT,Male,0,Yes,No,18,Yes,No,Fiber optic,No,No,No,No,No,Yes,One year,Yes,Credit card (automatic),78.49,1493.73,Yes
2040-YPIRO,Male,0,No,No,28,Yes,No,Fiber optic,No,No,No,No,Yes,Yes,One year,Yes,Bank transfer (automatic),88.52,2674.76,No
7728-SDHQM,Female,0,Yes,Yes,35,Yes,No,Fiber optic,Yes,No,No,No,No,No,Month-to-month,No,Bank transfer (automatic),76.85,2548.77,No
1934-HHYKW,Female,1,Yes,Yes,30,Yes,No,Fiber optic,No,No,Yes,Yes,No,No,Month-to-month,Yes,Mailed check,76.62,2418.19,No
4185-LHIDM,Female,0,Yes,No,44,Yes,Yes,Fiber optic,No,No,No,No,No,No,Two year,Yes,Electronic check,73.5,3156.74,No
8967-QFXHZ,Male,0,No,Yes,6,Yes,No,No,No internet service,No internet service,No internet service,No internet service,No internet service,No internet service,Month-to-month,Yes,Mailed check,20.99,126.59,No
2014-OUAAU,Female,0,Yes,No,20,Yes,Yes,DSL,No,No,Yes,No,Yes,Yes,Month-to-month,No,Electronic check,76.15,1617.97,No
7485-STCEW,Male,0,No,No,45,Yes,No,Fiber optic,No,No,No,No,No,No,One year,No,Bank transfer (automatic),67.23,3010.96,No
8164-ZHEHU,Female,0,No,No,17,Yes,Yes,Fiber optic,No,No,No,Yes,No,Yes,Month-to-month,Yes,Mailed check,91.29,1524.94,No
6140-ITTFS,Female,0,No,No,6,No,No phone service,DSL,Yes,No,No,No,No,No,Month-to-month,No,Electronic check,31.74,181.68,No
7531-VHCIS,Male,1,No,No,1,Yes,Yes,No,No internet service,No internet service,No internet service,No internet service,No internet service,No internet service,Month-to-month,No,Electronic check,23.27,24.62,No
5986-IQTAW,Male,1,No,No,22,Yes,No,No,No internet service,No internet service,No internet service,No internet service,No internet service,No internet service,Month-to-month,Yes,Electronic check,19.61,409.11,No
9718-AUDWP,Female,0,Yes,Yes,2,Yes,No,DSL,No,No,Yes,Yes,No,No,Month-to-month,Yes,Mailed check,56.43,119.04,No
0151-MQOON,Male,0,No,No,13,Yes,Yes,No,No internet service,No internet service,No internet service,No internet service,No internet service,No internet service,One year,Yes,Electronic check,24.1,323.55,Yes
2241-YJUKV,Female,1,Yes,Yes,20,Yes,Yes,DSL,No,No,No,Yes,No,Yes,Month-to-month,No,Mailed check,61.44,1302.47,No
7455-GIQBI,Female,1,Yes,Yes,15,Yes,No,DSL,No,Yes,Yes,No,Yes,No,Month-to-month,Yes,Electronic check,66.05,986.63,Yes
3789-EVTCC,Female,0,No,Yes,16,Yes,Yes,DSL,No,Yes,No,Yes,No,No,One year,No,Bank transfer (automatic),62.09,1050.46,No
8669-HHIRD,Male,0,No,Yes,56,No,No phone service,DSL,Yes,Yes,Yes,Yes,Yes,Yes,One year,No,Credit card (automatic),65.65,3480.92,No
3762-JLGKC,Female,0,Yes,Yes,72,Yes,No,DSL,Yes,Yes,Yes,No,Yes,Yes,Month-to-month,Yes,Electronic check,78.76,5920.8,No
3807-VMNOS,Female,0,Yes,No,5,Yes,Yes,No,No internet service,No internet service,No internet service,No internet service,No internet service,No internet service,Month-to-month,No,Mailed check,24.61,120.24,No
3589-TNDMJ,Female,0,Yes,Yes,11,Yes,No,No,No internet service,No internet service,No internet service,No internet service,No internet service,No internet service,Month-to-month,Yes,Mailed check,18.25,211.33,No
4891-VWUMC,Male,1,No,Yes,1,Yes,Yes,Fiber optic,No,No,No,Yes,No,Yes,Month-to-month,Yes,Credit card (automatic),85.81,90.25,Yes
9291-KGGGT,Male,0,No,No,8,Yes,No,Fiber optic,Yes,Yes,No,Yes,Yes,Yes,Month-to-month,Yes,Electronic check,106.22,843.12,Yes
4029-YNYGM,Male,0,Yes,Yes,15,No,No phone service,Fiber optic,No,No,No,Yes,No,Yes,One year,No,Credit card (automatic),67.02,973.62,No
6339-UUPKY,Male,0,Yes,No,64,No,No phone service,Fiber optic,No,No,Yes,No,No,No,Two year,No,Bank transfer (automatic),56.76,3477.63,No
7666-HMRYV,Female,0,Yes,No,23,Yes,Yes,No,No internet service,No internet service,No internet service,No internet service,No internet service,No internet service,Month-to-month,No,Electronic check,24.74,608.89,No
1621-OGWTV,Male,1,No,No,2,Yes,No,DSL,No,Yes,No,No,Yes,Yes,Month-to-month,No,Mailed check,72.45,133.63,Yes
0318-JPHMG,Female,0,No,No,67,Yes,No,DSL,No,No,No,Yes,No,Yes,Two year,Yes,Credit card (automatic),59.76,3796.44,No
6602-QIWCV,Female,0,No,No,29,Yes,No,Fiber optic,No,Yes,Yes,No,No,No,Month-to-month,No,Credit card (automatic),79.78,2412.24,No
1778-QHDGG,Male,0,No,No,72,Yes,No,No,No internet service,No internet service,No internet service,No internet service,No internet service,No internet service,Two year,No,Credit card (automatic),18.25,1224.14,No
8439-WVBOO,Female,0,Yes,Yes,19,Yes,No,Fiber optic,No,Yes,Yes,No,No,Yes,One year,Yes,Mailed check,88.99,1710.95,No
0737-GNHWY,Female,0,Yes,Yes,69,Yes,Yes,DSL,No,No,Yes,No,No,No,Two year,No,Credit card (automatic),50.54,3539.91,No
6031-UOMWE,Female,0,Yes,No,65,Yes,No,DSL,Yes,Yes,No,Yes,No,Yes,One year,Yes,Mailed check,72.28,4735.58,No
2670-UMEEO,Female,0,No,No,2,Yes,Yes,Fiber optic,No,No,No,No,No,No,Month-to-month,Yes,Electronic check,74.64,148.21,Yes
5459-STYPP,Female,0,No,No,63,Yes,Yes,Fiber optic,No,Yes,No,No,Yes,Yes,Two year,Yes,Credit card (automatic),102.19,6438.78,No
3744-NBDTJ,Female,0,No,No,3,Yes,Yes,DSL,No,Yes,Yes,Yes,No,Yes,Month-to-month,Yes,Bank transfer (automatic),72.24,210.9,No
0158-HDDTQ,Female,0,Yes,Yes,12,Yes,Yes,No,No internet service,No internet service,No internet service,No internet service,No internet service,No internet service,One year,Yes,Electronic check,24.58,295.78,No
3514-EKOVJ,Female,1,No,No,3,Yes,Yes,Fiber optic,No,Yes,Yes,No,Yes,Yes,Month-to-month,Yes,Mailed check,103.67,298.96,No
0652-MOMBM,Female,1,Yes,No,48,Yes,Yes,Fiber optic,No,No,No,No,Yes,No,One year,Yes,Credit card (automatic),79.98,3671.25,No
2644-HPCPN,Female,0,Yes,Yes,20,Yes,No,DSL,Yes,No,Yes,Yes,No,No,Month-to-month,No,Bank transfer (automatic),62.17,1294.53,No
4658-IUZDZ,Male,0,Yes,Yes,8,No,No phone service,Fiber optic,No,No,Yes,No,Yes,Yes,Month-to-month,No,Electronic check,76.96,658.12,Yes
6021-QOOUG,Female,1,Yes,Yes,4,Yes,Yes,Fiber optic,Yes,No,Yes,No,Yes,Yes,Month-to-month,No,Mailed check,105.04,395.36,No
9567-IWCHX,Female,1,Yes,Yes,16,Yes,No,No,No internet service,No internet service,No internet service,No internet service,No internet service,No internet service,Month-to-month,Yes,Mailed check,20.9,342.68,No
7872-LADLK,Male,0,Yes,Yes,12,Yes,No,DSL,No,Yes,No,Yes,No,No,Month-to-month,No,Credit card (automatic),52.94,588.34,No
7814-QBLDN,Male,0,No,No,13,Yes,Yes,No,No internet service,No internet service,No internet service,No internet service,No internet service,No internet service,Month-to-month,No,Electronic check,22.09,277.4,No
5989-FVVZE,Male,1,No,Yes,65,Yes,Yes,Fiber optic,Yes,Yes,No,No,Yes,Yes,Two year,Yes,Electronic check,103.01,7114.06,No
3018-WNDCD,Male,0,No,No,52,Yes,No,DSL,Yes,Yes,Yes,Yes,Yes,No,One year,Yes,Credit card (automatic),72.9,3726.89,No
0167-LYAUB,Male,0,No,No,12,Yes,No,No,No internet service,No internet service,No internet service,No internet service,No internet service,No internet service,One year,Yes,Mailed check,18.97,220.71,No
9600-BWIBR,Male,1,No,No,42,Yes,Yes,Fiber optic,No,No,Yes,No,Yes,Yes,One year,Yes,Electronic check,99.99,4260.36,Yes
9967-JOPIF,Male,0,No,No,24,Yes,Yes,DSL,Yes,Yes,Yes,No,No,Yes,Month-to-month,Yes,Credit card (automatic),74.03,1655.04,No
9890-KKNQL,Female,0,Yes,Yes,33,Yes,No,Fiber optic,No,Yes,No,Yes,Yes,Yes,One year,No,Bank transfer (automatic),102.88,3333.51,No
0329-HGRTD,Female,0,No,No,9,Yes,No,Fiber optic,Yes,Yes,No,No,Yes,Yes,Month-to-month,No,Bank transfer (automatic),96.27,893.98,No
8988-DZUQQ,Male,0,Yes,Yes,30,Yes,No,Fiber optic,Yes,Yes,No,No,Yes,Yes,Month-to-month,Yes,Electronic check,100.88,3239.55,Yes
3145-FJBPC,Male,0,Yes,No,35,Yes,Yes,DSL,No,Yes,Yes,Yes,Yes,Yes,One year,No,Bank transfer (automatic),82.93,2992.3,No
5125-SNAGV,Female,0,No,No,66,No,No phone service,No,No internet service,No internet service,No internet service,No internet service,No internet service,No internet service,Two year,No,Electronic check,18.25,1152.87,No
3394-FHCLK,Female,0,Yes,No,6,Yes,Yes,No,No internet service,No internet service,No internet service,No internet service,No internet service,No internet service,Month-to-month,Yes,Credit card (automatic),27.84,177.98,Yes
6345-LPFCX,Female,0,Yes,Yes,6,Yes,No,No,No internet service,No internet service,No internet service,No internet service,No internet service,No internet service,Month-to-month,Yes,Credit card (automatic),18.46,117.05,No
2336-WLAYN,Male,0,Yes,Yes,27,Yes,No,Fiber optic,Yes,No,No,Yes,Yes,No,One year,Yes,Bank transfer (automatic),88.3,2460.98,No
9986-EXWYB,Female,0,No,No,30,Yes,No,DSL,Yes,No,No,No,No,Yes,Month-to-month,Yes,Credit card (automatic),58.42,1750.98,Yes
7045-NINZA,Female,0,No,No,36,Yes,No,Fiber optic,No,Yes,Yes,No,No,Yes,Month-to-month,No,Electronic check,89.04,3084.37,Yes
4282-NRJRS,Female,0,Yes,No,2,Yes,No,No,No internet service,No internet service,No internet service,No internet service,No internet service,No internet service,Month-to-month,Yes,Electronic check,19.57,40.41,No
4320-JHROK,Female,0,Yes,Yes,3,Yes,Yes,No,No internet service,No internet service,No internet service,No internet service,No internet service,No internet service,Month-to-month,Yes,Bank transfer (automatic),24.19,73.51,No
2583-VTSCG,Female,1,No,No,9,Yes,Yes,Fiber optic,No,Yes,No,No,No,Yes,One year,Yes,Credit card (automatic),85.86,780.35,No
7356-NRLBA,Female,0,Yes,No,43,Yes,No,Fiber optic,No,Yes,No,No,Yes,No,Two year,Yes,Electronic check,82.63,3343.45,No
1195-CFIBP,Male,0,Yes,Yes,39,Yes,Yes,Fiber optic,No,Yes,No,No,Yes,No,One year,Yes,Credit card (automatic),91.53,3794.27,No
0144-CCSFG,Male,0,Yes,Yes,72,Yes,Yes,Fiber optic,No,No,Yes,No,Yes,Yes,Two year,Yes,Mailed check,101.29,7832.07,No
5215-MBPLK,Male,1,No,No,1,Yes,Yes,No,No internet service,No internet service,No internet service,No internet service,No internet service,No internet service,Month-to-month,No,Electronic check,24.97,24.89,No
8989-QCCSN,Female,1,Yes,No,5,Yes,No,No,No internet service,No internet service,No internet service,No internet service,No internet service,No internet service,Month-to-month,Yes,Mailed check,18.59,93.34,No
5404-BCXAK,Female,0,Yes,No,16,Yes,Yes,DSL,No,Yes,No,Yes,Yes,No,Month-to-month,Yes,Electronic check,69.59,1184.4,No
6517-ROGYK,Male,0,Yes,Yes,17,No,No phone service,DSL,Yes,Yes,No,No,No,Yes,Month-to-month,No,Mailed check,43.44,733.44,No
7795-NYLDA,Female,0,No,No,6,Yes,Yes,No,No internet service,No internet service,No internet service,No internet service,No internet service,No internet service,One year,No,Bank transfer (automatic),26.96,152.56,No
2039-BALIT,Male,0,Yes,Yes,71,Yes,No,Fiber optic,No,No,Yes,Yes,No,Yes,Two year,Yes,Bank transfer (automatic),91.61,6025.34,No
0598-HUVCA,Female,0,No,No,3,Yes,No,DSL,No,No,No,No,No,No,Month-to-month,No,Credit card (automatic),44.86,134.58,No
5295-DAEGC,Male,0,No,No,65,Yes,No,DSL,No,No,No,No,No,No,Two year,Yes,Electronic check,43.26,2793.88,No
9073-IKAKA,Male,0,Yes,No,2,Yes,No,DSL,Yes,Yes,Yes,Yes,No,Yes,Month-to-month,No,Electronic check,75.33,142.34,Yes
8168-FYMVN,Male,0,Yes,Yes,15,Yes,Yes,DSL,Yes,No,No,No,Yes,Yes,Month-to-month,No,Electronic check,75.71,1197.85,Yes
0701-NWBPL,Female,1,Yes,No,7,Yes,Yes,DSL,Yes,Yes,No,No,No,No,Month-to-month,Yes,Electronic check,59.69,421.73,No
9519-YRTBF,Female,0,No,No,6,Yes,No,No,No internet service,No internet service,No internet service,No internet service,No internet service,No internet service,Month-to-month,Yes,Electronic check,18.25,109.85,Yes
5039-NBKPT,Female,0,No,No,34,Yes,Yes,Fiber optic,No,No,Yes,No,No,Yes,One year,Yes,Electronic check,91.54,2943.21,No
2120-OQLJG,Female,0,No,No,33,No,No phone service,No,No internet service,No internet service,No internet service,No internet service,No internet service,No internet service,One year,Yes,Electronic check,18.25,583.08,No
5796-YSXLH,Female,1,No,No,46,Yes,No,Fiber optic,No,No,Yes,No,Yes,Yes,One year,Yes,Bank transfer (automatic),92.42,3915,No
1668-BYMGC,Female,0,No,No,46,Yes,Yes,No,No internet service,No internet service,No internet service,No internet service,No internet service,No internet service,One year,Yes,Bank transfer (automatic),24.73,1221.67,No
8385-CKMUU,Male,0,No,No,56,Yes,No,Fiber optic,Yes,Yes,No,No,No,No,One year,Yes,Bank transfer (automatic),77.74,4042.8,No
4485-IHQKM,Female,0,Yes,No,4,Yes,No,Fiber optic,Yes,No,No,No,Yes,Yes,Month-to-month,Yes,Electronic check,93.91,354.47,No
9791-GXXUD,Female,0,No,No,65,Yes,No,Fiber optic,Yes,Yes,Yes,No,Yes,Yes,Two year,No,Bank transfer (automatic),103.99,7095.65,No
9611-GLBQV,Male,0,No,No,11,Yes,No,Fiber optic,No,No,No,No,Yes,Yes,Month-to-month,Yes,Bank transfer (automatic),87.09,979.56,No
3569-QTNKK,Female,0,No,No,64,Yes,Yes,DSL,Yes,No,No,Yes,No,No,One year,Yes,Bank transfer (automatic),57.74,3870.72,No
1636-RKTMZ,Male,1,No,No,64,No,No phone service,DSL,Yes,No,No,No,Yes,Yes,Two year,Yes,Mailed check,52.43,3460.46,No
4765-IEZRM,Female,0,No,No,5,Yes,No,DSL,Yes,Yes,Yes,Yes,Yes,No,Month-to-month,Yes,Bank transfer (automatic),70.89,378.01,No
9541-CQRMA,Female,0,No,No,16,Yes,Yes,DSL,Yes,Yes,Yes,No,Yes,Yes,Month-to-month,No,Bank transfer (automatic),85.72,1346.7,No
7192-XEGMI,Male,0,No,No,69,Yes,Yes,DSL,Yes,Yes,No,No,No,Yes,Month-to-month,Yes,Electronic check,69.9,5167.57,No
0494-EZLFD,Male,0,No,No,47,Yes,Yes,Fiber optic,No,No,Yes,Yes,Yes,No,Month-to-month,Yes,Bank transfer (automatic),96.49,4431,No
8776-NRATR,Female,0,Yes,Yes,40,Yes,No,DSL,No,No,No,Yes,No,No,One year,No,Mailed check,46.86,2004.52,No
0905-ETCPJ,Female,0,Yes,Yes,61,No,No phone service,Fiber optic,No,No,No,Yes,Yes,Yes,Two year,Yes,Credit card (automatic),75.85,4294.41,No
9044-ZHRUN,Male,0,No,No,28,Yes,No,Fiber optic,No,Yes,No,No,No,Yes,Month-to-month,No,Credit card (automatic),86.71,2406.57,No
1343-ACWRU,Female,0,No,No,68,Yes,No,DSL,Yes,No,No,Yes,No,No,Two year,Yes,Bank transfer (automatic),59.91,4289.98,No
4784-SDGGQ,Male,0,No,No,1,Yes,No,Fiber optic,No,Yes,No,No,Yes,Yes,Month-to-month,No,Electronic check,95.28,102.76,Yes
9974-PUWGT,Female,1,Yes,No,59,Yes,Yes,Fiber optic,No,No,No,Yes,Yes,No,Two year,Yes,Mailed check,90.24,5678.3,No
3393-KDZIP,Male,0,No,No,51,No,No phone service,Fiber optic,Yes,Yes,No,No,Yes,Yes,Two year,Yes,Bank transfer (automatic),79.37,4177.94,No
2763-ZMEKG,Male,1,Yes,Yes,45,No,No phone service,Fiber optic,Yes,Yes,No,No,Yes,No,One year,Yes,Bank transfer (automatic),72.85,3036.44,No
1030-PXFAF,Male,0,No,No,5,Yes,Yes,Fiber optic,No,No,Yes,Yes,No,No,Month-to-month,Yes,Electronic check,83,410.69,Yes
6378-UJDAL,Female,0,No,No,40,Yes,No,Fiber optic,No,No,No,No,Yes,No,One year,Yes,Credit card (automatic),79.13,3181.96,Yes
9412-XQPAN,Male,0,No,No,38,Yes,Yes,Fiber optic,No,Yes,No,No,Yes,No,One year,Yes,Bank transfer (automatic),86.07,3382.61,No
4282-DTUAF,Male,0,No,No,24,No,No phone service,Fiber optic,No,Yes,No,Yes,Yes,Yes,Two year,Yes,Credit card (automatic),76.58,1920.01,No
3301-LUDEH,Female,0,No,No,12,Yes,No,Fiber optic,No,No,No,No,No,No,Month-to-month,No,Electronic check,68.27,857.46,Yes
2823-IRAJE,Female,1,Yes,No,44,Yes,Yes,Fiber optic,No,No,Yes,Yes,Yes,No,Two year,No,Mailed check,94.19,4065.02,No
1367-DIIVW,Male,0,No,No,14,Yes,Yes,Fiber optic,Yes,No,Yes,No,No,Yes,Month-to-month,Yes,Mailed check,94.65,1338.23,Yes
0783-GUAVI,Female,1,Yes,Yes,46,Yes,No,No,No internet service,No internet service,No internet service,No internet service,No internet service,No internet service,One year,Yes,Credit card (automatic),18.25,899.07,No
5454-CWMLP,Male,0,Yes,No,17,No,No phone service,DSL,Yes,No,Yes,No,Yes,No,One year,Yes,Electronic check,46.63,777.56,No
6035-BIDAX,Male,1,No,No,30,Yes,No,No,No internet service,No internet service,No internet service,No internet service,No internet service,No internet service,Month-to-month,No,Mailed check,18.25,542.18,No
0429-SDOSY,Male,0,Yes,No,32,Yes,Yes,DSL,No,Yes,Yes,Yes,No,No,Month-to-month,No,Credit card (automatic),62.24,1902.14,No
6174-WRGVR,Female,1,No,No,51,Yes,No,DSL,No,Yes,No,Yes,No,Yes,Two year,Yes,Bank transfer (automatic),63.99,3239.69,No
9915-CYHTW,Male,0,Yes,Yes,8,Yes,Yes,Fiber optic,Yes,Yes,Yes,No,Yes,Yes,One year,No,Credit card (automatic),110.04,933.51,No
7737-SAMSG,Male,0,Yes,No,16,Yes,Yes,Fiber optic,Yes,No,No,No,No,Yes,One year,No,Credit card (automatic),88.84,1513.78,No
9152-XPEEH,Male,0,Yes,Yes,69,Yes,Yes,No,No internet service,No internet service,No internet service,No internet service,No internet service,No internet service,Two year,Yes,Electronic check,24.25,1667.34,No
6173-YRWHF,Male,0,Yes,No,65,Yes,Yes,Fiber optic,Yes,No,No,No,No,Yes,Two year,No,Bank transfer (automatic),84.96,5287.32,No
9486-ABNYH,Male,0,Yes,Yes,14,Yes,No,Fiber optic,Yes,No,No,No,No,Yes,Month-to-month,No,Mailed check,85.96,1224.01,Yes
2447-ZLXXT,Female,0,No,No,24,Yes,No,DSL,Yes,No,Yes,No,Yes,No,Month-to-month,Yes,Electronic check,62.13,1410.35,Yes
3029-OCBLU,Female,0,No,No,62,Yes,Yes,Fiber optic,No,No,No,No,Yes,Yes,Two year,No,Mailed check,95.14,5963.7,No
2627-GFHTB,Male,0,Yes,Yes,4,Yes,No,Fiber optic,No,Yes,No,No,No,No,Month-to-month,Yes,Mailed check,76.66,318.72,Yes
2188-ENKTC,Male,0,No,No,55,Yes,Yes,DSL,Yes,Yes,Yes,No,No,No,Two year,Yes,Credit card (automatic),63.03,3668.24,No
7349-GMOTL,Female,0,No,No,11,Yes,Yes,Fiber optic,No,Yes,Yes,No,Yes,No,Month-to-month,Yes,Credit card (automatic),93.33,953.27,Yes
3017-MDZNO,Male,0,No,No,32,Yes,Yes,No,No internet service,No internet service,No internet service,No internet service,No internet service,No internet service,Month-to-month,Yes,Electronic check,26.27,782.09,Yes
0598-ACRUL,Female,0,No,Yes,17,Yes,Yes,DSL,No,No,No,Yes,No,Yes,One year,No,Credit card (automatic),64.7,1063.59,No
5256-ORZTA,Male,0,No,Yes,46,Yes,Yes,Fiber optic,No,Yes,Yes,No,Yes,Yes,One year,No,Credit card (automatic),105.73,4873.02,No
0790-RQFWH,Male,0,Yes,Yes,5,Yes,No,Fiber optic,No,Yes,No,No,No,No,Month-to-month,Yes,Electronic check,75.33,406.17,Yes
4772-WEOVY,Female,0,Yes,Yes,8,Yes,No,No,No internet service,No internet service,No internet service,No internet service,No internet service,No internet service,Month-to-month,Yes,Electronic check,19.64,162.46,No
7210-XYDGZ,Male,0,Yes,No,64,Yes,No,DSL,Yes,Yes,Yes,No,No,No,Two year,Yes,Electronic check,59,3800.06,No
5247-WBACO,Female,1,No,No,13,Yes,Yes,Fiber optic,No,Yes,No,Yes,No,Yes,One year,No,Bank transfer (automatic),94.63,1311.53,No
7809-GXARE,Male,0,Yes,No,2,Yes,Yes,Fiber optic,No,Yes,Yes,No,Yes,Yes,Month-to-month,Yes,Electronic check,106.8,217.75,Yes
6435-DCFHC,Female,0,No,Yes,7,Yes,No,Fiber optic,No,No,No,Yes,No,Yes,Month-to-month,Yes,Mailed check,85.65,580.79,Yes
7421-YGYSA,Female,1,Yes,No,29,No,No phone service,Fiber optic,No,No,No,No,Yes,No,One year,Yes,Electronic check,57.61,1757.72,Yes
0250-ZJRZY,Female,0,Yes,Yes,13,Yes,No,No,No internet service,No internet service,No internet service,No internet service,No internet service,No internet service,One year,Yes,Credit card (automatic),18.25,218.9,No
9303-KYCIH,Female,1,Yes,No,49,Yes,No,Fiber optic,Yes,Yes,Yes,No,No,Yes,Two year,Yes,Bank transfer (automatic),95.54,4406.02,No
0924-WXNPF,Female,1,No,No,54,Yes,Yes,DSL,Yes,Yes,No,Yes,No,No,Two year,Yes,Mailed check,59.15,3138.59,No
5411-JAMYE,Female,1,Yes,No,16,Yes,No,Fiber optic,Yes,Yes,Yes,No,Yes,No,One year,No,Credit card (automatic),91.49,1481.76,Yes
6467-JKHGQ,Female,1,No,No,49,Yes,No,Fiber optic,Yes,No,Yes,No,Yes,Yes,One year,No,Electronic check,97.48,4466.95,No
1510-OZILI,Male,0,No,No,23,Yes,No,DSL,No,Yes,No,No,Yes,Yes,Month-to-month,Yes,Mailed check,70.75,1723.59,Yes
2830-OAGYA,Female,0,Yes,No,32,No,No phone service,DSL,No,Yes,No,No,No,No,One year,No,Credit card (automatic),32.07,1098.41,No
9802-LTIWJ,Male,1,No,Yes,35,Yes,Yes,DSL,No,No,Yes,No,Yes,No,Two year,Yes,Bank transfer (automatic),64.21,2347.87,No
4761-HROBM,Male,0,No,No,26,Yes,Yes,DSL,Yes,Yes,Yes,No,Yes,No,Month-to-month,Yes,Electronic check,73.04,1819.33,Yes
2443-WLWQO,Male,0,No,No,5,No,No phone service,Fiber optic,Yes,No,Yes,No,No,Yes,Month-to-month,No,Mailed check,69.65,354.29,Yes
1800-HYERF,Female,0,Yes,No,10,Yes,No,No,No internet service,No internet service,No internet service,No internet service,No internet service,No internet service,Month-to-month,No,Mailed check,25.63,270.77,No
7702-JVURD,Female,0,No,No,60,Yes,No,Fiber optic,No,Yes,Yes,Yes,No,Yes,One year,No,Mailed check,96.2,5957.92,No
5261-ANAAO,Female,0,No,No,55,Yes,Yes,DSL,No,No,Yes,No,Yes,Yes,One year,No,Electronic check,72.92,3770.44,No
3978-BNJGW,Male,0,No,No,57,Yes,Yes,Fiber optic,No,No,Yes,Yes,Yes,No,Month-to-month,Yes,Electronic check,93.96,5246.88,No
9243-KVIYW,Male,0,Yes,Yes,22,Yes,Yes,Fiber optic,No,No,Yes,No,Yes,No,One year,Yes,Mailed check,86.5,1962.21,No
0994-CEZSR,Female,0,No,No,11,Yes,Yes,DSL,No,Yes,No,No,Yes,Yes,One year,Yes,Credit card (automatic),74.51,778.61,No
6630-FRRET,Female,1,No,No,41,Yes,No,Fiber optic,No,No,Yes,No,Yes,Yes,Two year,Yes,Bank transfer (automatic),93.39,3669.31,No
1229-XXUJB,Male,0,Yes,No,8,Yes,Yes,Fiber optic,No,Yes,Yes,No,No,No,Two year,No,Mailed check,84.18,655.76,No
9867-LWQBN,Male,0,No,No,27,Yes,Yes,Fiber optic,No,No,Yes,No,Yes,No,Two year,Yes,Electronic check,86.68,2381.9,No
3691-NXGQV,Female,1,Yes,No,4,Yes,Yes,Fiber optic,No,No,No,No,Yes,Yes,Month-to-month,Yes,Electronic check,95.29,403.25,Yes
8463-ERLWW,Male,0,Yes,No,57,Yes,Yes,DSL,Yes,No,Yes,Yes,Yes,No,Two year,Yes,Electronic check,75.07,4294.82,No
8056-ZCFUE,Male,0,No,No,67,Yes,No,DSL,No,Yes,Yes,No,No,Yes,Two year,No,Credit card (automatic),66.73,4783.22,No
7335-MKYJG,Female,0,Yes,No,61,Yes,Yes,No,No internet service,No internet service,No internet service,No internet service,No internet service,No internet service,Two year,No,Electronic check,22.02,1375.38,No
5796-IJVMS,Male,1,Yes,Yes,70,Yes,No,Fiber optic,Yes,Yes,No,Yes,Yes,Yes,One year,Yes,Bank transfer (automatic),103.09,7139.13,No
0501-XGCNY,Female,0,No,No,56,Yes,Yes,No,No internet service,No internet service,No internet service,No internet service,No internet service,No internet service,Two year,Yes,Bank transfer (automatic),26.35,1533.45,No
4028-XDIQG,Male,0,No,No,14,Yes,No,DSL,No,No,Yes,Yes,No,Yes,One year,No,Mailed check,65.5,878.03,No
5654-NQTOW,Female,0,Yes,Yes,6,Yes,Yes,No,No internet service,No internet service,No internet service,No internet service,No internet service,No internet service,Month-to-month,No,Electronic check,25.32,149.68,No
0383-QJVQT,Female,0,Yes,No,8,Yes,No,Fiber optic,No,No,No,No,No,Yes,Month-to-month,Yes,Electronic check,80.52,624.11,Yes
1204-RMLLD,Female,0,Yes,Yes,10,Yes,No,Fiber optic,No,No,Yes,Yes,Yes,No,Month-to-month,No,Mailed check,90.99,856.63,No
7705-QHJLR,Female,1,Yes,Yes,12,Yes,No,DSL,Yes,Yes,No,Yes,Yes,No,Month-to-month,Yes,Credit card (automatic),73.22,865.36,No
5677-FQEXD,Male,0,No,Yes,13,Yes,No,No,No internet service,No internet service,No internet service,No internet service,No internet service,No internet service,Month-to-month,Yes,Credit card (automatic),22.98,277.64,Yes
9368-HAQAF,Male,0,Yes,No,51,Yes,No,Fiber optic,No,No,Yes,Yes,No,No,One year,No,Bank transfer (automatic),78.62,4121.33,No
5055-DJUPZ,Female,0,No,No,62,Yes,Yes,No,No internet service,No internet service,No internet service,No internet service,No internet service,No internet service,Two year,No,Bank transfer (automatic),26.05,1643.98,No
3340-IRADQ,Male,0,Yes,No,72,Yes,Yes,Fiber optic,No,No,Yes,Yes,Yes,Yes,Two year,No,Mailed check,101.04,6766.66,No
1123-YGNFJ,Female,0,No,No,71,Yes,Yes,No,No internet service,No internet service,No internet service,No internet service,No internet service,No internet service,Two year,Yes,Electronic check,25.35,1857.16,No
8384-CQZJZ,Female,0,Yes,No,8,Yes,Yes,Fiber optic,No,Yes,No,No,No,Yes,Month-to-month,No,Electronic check,90.22,727.36,Yes
1445-SMNMT,Female,0,No,No,45,Yes,Yes,DSL,No,No,No,Yes,No,Yes,One year,No,Bank transfer (automatic),65.19,2970.72,No
7608-WFUMC,Female,0,No,No,70,Yes,Yes,No,No internet service,No internet service,No internet service,No internet service,No internet service,No internet service,Two year,Yes,Mailed check,29.74,1979.34,No
8010-WYDDY,Female,0,No,No,59,No,No phone service,DSL,No,No,Yes,No,No,Yes,Two year,Yes,Mailed check,41.9,2330.72,No
9959-QNFOO,Female,0,No,No,4,Yes,No,DSL,No,No,No,No,Yes,No,Month-to-month,Yes,Mailed check,54.66,223.05,Yes
2835-LISCV,Female,0,No,No,69,Yes,No,Fiber optic,No,Yes,No,Yes,Yes,Yes,Two year,Yes,Bank transfer (automatic),95.84,6394.89,No
2916-NNWPZ,Male,0,Yes,Yes,17,Yes,No,Fiber optic,No,No,Yes,No,Yes,No,Month-to-month,Yes,Electronic check,85.18,1472.29,Yes
0212-IJDPR,Male,0,No,No,60,No,No phone service,DSL,No,No,Yes,No,Yes,No,One year,No,Mailed check,43.6,2710.2,No
3301-BIBRX,Female,1,No,No,30,Yes,No,No,No internet service,No internet service,No internet service,No internet service,No internet service,No internet service,Month-to-month,Yes,Credit card (automatic),18.25,588,No
4548-ACITS,Female,0,No,No,68,No,No phone service,No,No internet service,No internet service,No internet service,No internet service,No internet service,No internet service,Two year,No,Mailed check,18.25,1262.63,No
5473-VHVSL,Male,0,No,No,39,Yes,Yes,Fiber optic,No,Yes,Yes,No,Yes,No,Two year,No,Mailed check,93.74,3449.92,No
1073-OWJVP,Male,1,Yes,Yes,66,Yes,Yes,No,No internet service,No internet service,No internet service,No internet service,No internet service,No internet service,Two year,No,Bank transfer (automatic),26.23,1790.09,No
3882-FQLMY,Female,0,No,No,26,No,No phone service,DSL,No,No,No,Yes,Yes,Yes,Month-to-month,Yes,Electronic check,48.54,1359.17,No
5083-RIYNH,Male,1,Yes,No,16,Yes,Yes,Fiber optic,Yes,No,No,No,No,Yes,Month-to-month,No,Bank transfer (automatic),88.62,1393.99,Yes
2308-CVEVN,Female,1,Yes,Yes,1,Yes,No,No,No internet service,No internet service,No internet service,No internet service,No internet service,No internet service,Two year,No,Mailed check,21.19,19.51,No
1893-RZWBC,Male,0,No,No,69,Yes,No,Fiber optic,No,Yes,Yes,No,Yes,Yes,Two year,No,Mailed check,99.69,7084.31,No
8607-BQCYQ,Female,0,No,No,71,Yes,No,No,No internet service,No internet service,No internet service,No internet service,No internet service,No internet service,Two year,No,Bank transfer (automatic),20.94,1416.28,No
6618-OJHOX,Female,0,Yes,Yes,62,Yes,Yes,Fiber optic,No,No,Yes,Yes,No,No,Two year,Yes,Mailed check,86.07,4941.46,No
4406-YJEAD,Female,0,Yes,Yes,28,No,No phone service,DSL,No,No,Yes,No,No,No,Month-to-month,Yes,Electronic check,30.1,788.72,Yes
6162-UTDVN,Female,0,No,No,3,Yes,Yes,No,No internet service,No internet service,No internet service,No internet service,No internet service,No internet service,Month-to-month,No,Electronic check,29.48,94.51,No
5282-KIZXS,Female,0,No,Yes,17,Yes,No,Fiber optic,No,Yes,Yes,No,No,Yes,Month-to-month,Yes,Credit card (automatic),88.4,1579.35,No
6995-UHDDV,Male,0,Yes,Yes,16,No,No phone service,DSL,No,No,Yes,Yes,Yes,Yes,Month-to-month,No,Electronic check,56.05,952.83,No
0542-SPUFP,Female,0,Yes,No,15,Yes,Yes,DSL,Yes,Yes,Yes,Yes,No,Yes,Month-to-month,No,Credit card (automatic),83.56,1282.35,No
0255-MBZQG,Male,0,No,No,6,Yes,Yes,No,No internet service,No internet service,No internet service,No internet service,No internet service,No internet service,Month-to-month,No,Mailed check,22.44,139.81,No
9216-SGSST,Male,0,Yes,Yes,42,Yes,No,Fiber optic,No,No,No,No,No,Yes,One year,Yes,Bank transfer (automatic),79.37,3257.79,No
9411-PKLPU,Male,0,No,No,52,Yes,No,Fiber optic,No,No,Yes,No,Yes,Yes,Two year,Yes,Mailed check,95.64,4914.65,No
2809-ALQLY,Female,0,No,No,17,Yes,No,DSL,No,Yes,Yes,Yes,Yes,Yes,Month-to-month,No,Credit card (automatic),75.29,1382.23,Yes
8632-VNELX,Female,0,No,No,66,Yes,No,Fiber optic,No,Yes,Yes,No,No,Yes,Two year,Yes,Mailed check,88.48,5963.26,No
8596-ASGQM,Male,0,Yes,No,25,Yes,Yes,Fiber optic,Yes,Yes,Yes,Yes,No,Yes,Month-to-month,Yes,Bank transfer (automatic),105.85,2523.67,No
2214-OVAAY,Female,0,Yes,No,6,Yes,Yes,DSL,No,No,Yes,Yes,No,No,Two year,Yes,Electronic check,61.67,372.36,Yes
0600-UPLMV,Male,0,No,No,8,Yes,No,Fiber optic,No,No,No,Yes,No,No,Month-to-month,No,Mailed check,74.63,589.49,No
2618-RYZLW,Female,0,Yes,No,18,Yes,Yes,DSL,No,Yes,No,No,Yes,No,Month-to-month,Yes,Electronic check,66.36,1205.49,Yes
3625-KHFRV,Male,0,Yes,Yes,50,Yes,Yes,Fiber optic,Yes,Yes,No,Yes,Yes,Yes,Two year,Yes,Mailed check,109.63,5274.44,No
9970-UUWUQ,Male,0,Yes,No,6,Yes,Yes,Fiber optic,No,No,Yes,Yes,No,Yes,Month-to-month,Yes,Electronic check,93.02,594.96,Yes
2122-PUAEH,Male,0,Yes,Yes,6,Yes,Yes,Fiber optic,No,No,No,Yes,Yes,Yes,One year,Yes,Bank transfer (automatic),98.92,549.95,No
6741-CXERL,Male,0,Yes,No,1,Yes,No,No,No internet service,No internet service,No internet service,No internet service,No internet service,No internet service,Two year,Yes,Mailed check,19,17.65,No
4556-QITXF,Male,0,Yes,No,11,Yes,No,Fiber optic,Yes,Yes,No,No,Yes,Yes,Month-to-month,No,Electronic check,100.24,1022.25,Yes
7401-PTYPR,Male,0,Yes,Yes,16,Yes,No,No,No internet service,No internet service,No internet service,No internet service,No internet service,No internet service,One year,Yes,Credit card (automatic),20.02,319.02,No
2143-KVCSV,Male,0,No,No,61,Yes,Yes,Fiber optic,Yes,Yes,No,No,No,Yes,One year,Yes,Electronic check,93.64,5406.62,No
9155-ZIHFA,Male,0,Yes,No,6,Yes,Yes,DSL,No,No,Yes,Yes,No,No,Month-to-month,Yes,Electronic check,56.79,338.81,Yes
7360-NABBY,Male,0,No,No,46,Yes,Yes,DSL,No,Yes,Yes,Yes,No,No,One year,No,Electronic check,67.67,3349.89,No
4941-RZQMG,Male,0,No,No,28,Yes,Yes,Fiber optic,No,No,Yes,No,Yes,No,Two year,Yes,Mailed check,90.94,2583.34,No
1231-JGZYR,Female,0,No,No,40,Yes,No,Fiber optic,No,No,No,No,Yes,Yes,Month-to-month,No,Electronic check,89.87,3505.49,No
7520-PLFET,Male,0,No,No,35,Yes,Yes,DSL,Yes,Yes,No,No,No,No,Month-to-month,No,Electronic check,61.23,2147.83,No
3835-VPRCZ,Female,0,No,No,2,Yes,Yes,No,No internet service,No internet service,No internet service,No internet service,No internet service,No internet service,Month-to-month,Yes,Electronic check,26.39,49.82,No
9576-NGXDV,Male,0,Yes,No,57,Yes,Yes,Fiber optic,No,No,Yes,No,No,No,One year,Yes,Credit card (automatic),80.24,4469.16,No
1476-KYFOM,Male,0,Yes,Yes,72,Yes,No,Fiber optic,No,No,No,No,Yes,No,Two year,Yes,Bank transfer (automatic),77.88,5394.08,No
2733-NOEEO,Male,0,No,No,39,Yes,Yes,No,No internet service,No internet service,No internet service,No internet service,No internet service,No internet service,Two year,No,Credit card (automatic),23.47,890.95,No
7497-DSCWQ,Female,1,No,No,70,No,No phone service,Fiber optic,No,Yes,No,No,Yes,No,Two year,No,Bank transfer (automatic),67.78,4647.98,No
1071-GSPLK,Male,0,Yes,No,21,Yes,Yes,No,No internet service,No internet service,No internet service,No internet service,No internet service,No internet service,Month-to-month,Yes,Credit card (automatic),22.09,432.29,No
1183-PSHPL,Female,1,No,No,48,Yes,No,Fiber optic,Yes,Yes,Yes,Yes,Yes,No,One year,Yes,Credit card (automatic),98.86,4575.45,No
4335-TTCHQ,Male,0,No,No,10,Yes,Yes,Fiber optic,No,Yes,Yes,No,Yes,Yes,Month-to-month,Yes,Mailed check,106.48,1034.4,No
1231-LBQIF,Female,1,No,No,18,Yes,Yes,Fiber optic,No,No,Yes,No,No,Yes,Month-to-month,Yes,Electronic check,88.03,1562.51,Yes
3836-DAWLO,Male,1,Yes,No,13,Yes,No,Fiber optic,No,No,No,No,Yes,No,Month-to-month,Yes,Bank transfer (automatic),79.47,989.85,Yes
4974-IXTEY,Male,0,No,Yes,40,No,No phone service,No,No internet service,No internet service,No internet service,No internet service,No internet service,No internet service,Month-to-month,Yes,Credit card (automatic),18.25,706.26,No
9500-WEIST,Male,0,Yes,Yes,21,Yes,No,No,No internet service,No internet service,No internet service,No internet service,No internet service,No internet service,Two year,Yes,Credit card (automatic),20.37,419.17,No
8956-ZCXFQ,Female,0,Yes,No,54,No,No phone service,DSL,Yes,No,No,Yes,Yes,No,Two year,No,Electronic check,42.48,2308.57,No
1909-RPICC,Male,0,Yes,Yes,30,Yes,No,Fiber optic,Yes,No,Yes,No,No,Yes,Month-to-month,No,Electronic check,91.19,2529.62,Yes
5116-NOQTL,Male,1,Yes,Yes,53,Yes,Yes,No,No internet service,No internet service,No internet service,No internet service,No internet service,No internet service,Month-to-month,Yes,Credit card (automatic),25.09,1342.99,No
5558-BZVOT,Male,0,No,No,70,Yes,No,DSL,No,No,No,Yes,No,No,Two year,Yes,Mailed check,47.73,3567.87,No
7506-MNGRG,Female,1,No,No,14,Yes,No,Fiber optic,No,No,No,No,Yes,Yes,Month-to-month,Yes,Credit card (automatic),86.71,1289.01,Yes
7591-VGVKU,Male,0,No,No,19,Yes,No,Fiber optic,Yes,No,No,No,No,No,Month-to-month,No,Electronic check,76.56,1437.04,No
2897-AWBOE,Male,1,Yes,Yes,39,Yes,Yes,Fiber optic,Yes,No,No,No,Yes,Yes,Two year,Yes,Bank transfer (automatic),99.14,3950.74,Yes
5434-KYUYW,Male,1,No,No,40,Yes,Yes,DSL,No,No,No,Yes,Yes,Yes,Two year,Yes,Bank transfer (automatic),69.99,2628.21,No
3276-IKOFK,Male,0,No,No,51,No,No phone service,DSL,No,Yes,No,No,No,No,Two year,Yes,Mailed check,28.89,1425.3,No
5563-MYYOE,Female,0,No,No,64,Yes,Yes,Fiber optic,Yes,Yes,Yes,No,Yes,Yes,Two year,Yes,Credit card (automatic),113.35,6966.51,No
2642-JVGOQ,Female,0,Yes,No,38,Yes,No,No,No internet service,No internet service,No internet service,No internet service,No internet service,No internet service,Two year,No,Credit card (automatic),18.25,714.39,No
0748-SRPDQ,Male,0,Yes,Yes,5,Yes,Yes,DSL,No,No,No,No,No,No,Month-to-month,No,Electronic check,49.58,265.2,No
4615-UEORL,Male,0,No,No,8,Yes,No,Fiber optic,No,No,No,Yes,No,Yes,Month-to-month,Yes,Electronic check,86.15,658.42,No
6496-WYDCU,Male,0,No,No,67,Yes,No,DSL,No,No,Yes,Yes,No,Yes,Month-to-month,Yes,Credit card (automatic),63.33,3931.68,No
0353-GQMHI,Male,0,No,No,23,Yes,No,Fiber optic,No,No,Yes,No,Yes,No,Month-to-month,No,Bank transfer (automatic),81.71,1819.68,Yes
6229-JHLIV,Male,0,Yes,No,65,Yes,No,No,No internet service,No internet service,No internet service,No internet service,No internet service,No internet service,Two year,No,Electronic check,19.71,1309.16,No
0832-AITDW,Female,0,Yes,No,4,Yes,Yes,Fiber optic,No,No,Yes,No,Yes,Yes,Month-to-month,Yes,Bank transfer (automatic),98.95,415.76,Yes
8681-EELRE,Female,0,Yes,No,27,Yes,No,Fiber optic,Yes,No,Yes,No,Yes,Yes,Month-to-month,Yes,Mailed check,98.23,2776.7,No
2155-ZLSTM,Female,1,Yes,No,14,Yes,No,No,No internet service,No internet service,No internet service,No internet service,No internet service,No internet service,Month-to-month,Yes,Credit card (automatic),20.27,267.47,No
5267-ECNVN,Male,0,No,No,70,Yes,No,Fiber optic,No,No,No,No,Yes,No,Two year,Yes,Bank transfer (automatic),82.67,5470.4,No
9866-CQJTV,Female,0,No,Yes,18,Yes,No,Fiber optic,No,Yes,Yes,No,No,No,Month-to-month,No,Mailed check,77.74,1430.7,No
1509-VMLWM,Male,0,No,No,15,Yes,Yes,Fiber optic,Yes,No,No,No,Yes,Yes,Month-to-month,Yes,Electronic check,99.56,1422.64,No
8585-AMHQO,Male,0,Yes,No,71,Yes,No,DSL,No,Yes,No,No,No,No,One year,No,Bank transfer (automatic),50.56,3573.95,No
3807-ATDZW,Female,0,Yes,No,10,Yes,Yes,Fiber optic,Yes,No,No,No,Yes,No,Month-to-month,Yes,Bank transfer (automatic),89.8,895.84,No
9864-XCOAL,Male,0,No,No,6,Yes,Yes,Fiber optic,No,No,No,No,No,Yes,Month-to-month,No,Electronic check,81.44,509.27,Yes
0893-IKBKM,Male,0,No,No,15,Yes,Yes,No,No internet service,No internet service,No internet service,No internet service,No internet service,No internet service,Month-to-month,Yes,Electronic check,23.29,375.48,No
8762-SUYGC,Male,1,No,No,65,Yes,No,DSL,No,No,No,Yes,No,Yes,Two year,Yes,Credit card (automatic),58.82,3724.79,No
1297-NWCXP,Male,0,No,No,4,Yes,Yes,DSL,Yes,No,Yes,No,No,Yes,Month-to-month,Yes,Mailed check,68.95,291.89,Yes
1067-IMOWY,Female,0,No,Yes,3,Yes,No,Fiber optic,No,No,Yes,No,Yes,No,Month-to-month,No,Electronic check,87.7,268.99,Yes
9137-MDDZD,Male,0,Yes,No,41,Yes,No,No,No internet service,No internet service,No internet service,No internet service,No internet service,No internet service,Month-to-month,Yes,Credit card (automatic),18.25,805.62,No
2983-UFPXS,Male,0,No,No,58,No,No phone service,Fiber optic,No,No,No,Yes,No,Yes,Two year,No,Bank transfer (automatic),68.23,4086.71,No
5553-BXUDV,Female,1,No,No,9,Yes,No,DSL,No,Yes,No,Yes,Yes,No,Month-to-month,No,Bank transfer (automatic),62.37,531.34,No
5395-QBFHY,Female,0,Yes,Yes,11,Yes,Yes,No,No internet service,No internet service,No internet service,No internet service,No internet service,No internet service,One year,Yes,Mailed check,22.34,249.65,No
9715-NHVEE,Female,0,Yes,No,48,Yes,No,Fiber optic,No,No,No,No,Yes,Yes,Month-to-month,Yes,Electronic check,88.19,4505.85,No
1987-DDTXR,Male,0,Yes,Yes,7,Yes,Yes,No,No internet service,No internet service,No internet service,No internet service,No internet service,No internet service,Two year,Yes,Bank transfer (automatic),26.48,172.97,No
9787-VLKRQ,Male,0,No,Yes,3,Yes,Yes,DSL,No,Yes,No,No,No,No,Month-to-month,Yes,Bank transfer (automatic),56.31,155.58,No
3426-AHMQT,Female,0,No,No,27,Yes,No,No,No internet service,No internet service,No internet service,No internet service,No internet service,No internet service,Month-to-month,Yes,Electronic check,18.87,537.65,No
6872-IPESS,Male,0,Yes,No,11,Yes,Yes,No,No internet service,No internet service,No internet service,No internet service,No internet service,No internet service,Month-to-month,No,Mailed check,23.75,279.22,No
5644-RYLEV,Male,0,Yes,Yes,11,Yes,Yes,DSL,No,Yes,No,Yes,No,No,One year,Yes,Bank transfer (automatic),59.13,631.23,No
3710-CCLSX,Female,0,No,No,6,Yes,No,DSL,No,No,Yes,No,Yes,No,Month-to-month,No,Electronic check,59.33,328.37,No
9719-KBPYO,Male,0,Yes,No,5,Yes,No,Fiber optic,Yes,No,No,No,Yes,Yes,Month-to-month,Yes,Bank transfer (automatic),94.31,502.9,No
3420-KCCAZ,Male,0,Yes,No,17,Yes,Yes,DSL,Yes,Yes,Yes,No,Yes,Yes,Month-to-month,Yes,Bank transfer (automatic),86.72,1385.56,No
7297-VSOWH,Male,0,No,No,60,Yes,Yes,Fiber optic,Yes,Yes,No,No,No,Yes,Two year,Yes,Mailed check,95.1,5794.09,No
9022-OJJYF,Female,1,Yes,Yes,33,Yes,No,DSL,Yes,No,No,No,Yes,No,Two year,Yes,Electronic check,61.14,1933.2,No
6287-YVXDN,Female,0,Yes,Yes,53,No,No phone service,DSL,No,No,No,Yes,No,No,Two year,Yes,Bank transfer (automatic),28.33,1402.68,No
1922-UNODE,Female,0,Yes,Yes,7,Yes,No,Fiber optic,No,No,No,No,No,Yes,Month-to-month,No,Electronic check,76.56,526.55,Yes
9967-TGTCM,Male,0,Yes,No,54,Yes,No,No,No internet service,No internet service,No internet service,No internet service,No internet service,No internet service,One year,Yes,Bank transfer (automatic),19.3,1056.74,No
8634-AGGLD,Male,0,Yes,Yes,61,No,No phone service,DSL,No,No,Yes,No,Yes,Yes,Two year,No,Credit card (automatic),51.88,3237.57,No
6579-FAYXE,Male,0,Yes,No,6,Yes,Yes,DSL,Yes,No,Yes,Yes,Yes,Yes,Month-to-month,Yes,Mailed check,84.83,484.11,No
6347-RDGKL,Female,0,Yes,Yes,13,Yes,Yes,Fiber optic,No,No,Yes,No,No,Yes,Month-to-month,Yes,Electronic check,89.76,1254.73,Yes
4230-QUKOM,Male,0,No,No,1,Yes,No,DSL,Yes,No,Yes,Yes,No,No,Month-to-month,No,Bank transfer (automatic),59.56,62.42,No
6775-NHHQE,Female,0,No,No,72,Yes,Yes,Fiber optic,No,No,No,No,Yes,Yes,Two year,Yes,Electronic check,93.44,7032.95,No
2611-SULTH,Male,0,Yes,No,44,Yes,Yes,Fiber optic,No,No,No,No,Yes,Yes,Two year,Yes,Credit card (automatic),96.85,4277.37,No
8638-FLVSX,Male,0,No,No,19,Yes,Yes,Fiber optic,Yes,No,Yes,Yes,Yes,No,Month-to-month,No,Credit card (automatic),100.5,1895.48,No
9757-QCNDY,Female,0,Yes,Yes,66,Yes,No,No,No internet service,No internet service,No internet service,No internet service,No internet service,No internet service,Two year,Yes,Mailed check,18.52,1130.75,No
8320-ATBQF,Male,0,No,No,8,Yes,Yes,DSL,No,No,No,Yes,No,No,One year,No,Bank transfer (automatic),56.7,465.74,No
7674-ISUGG,Male,0,Yes,No,11,Yes,Yes,DSL,Yes,No,Yes,Yes,No,No,Month-to-month,Yes,Electronic check,63.18,709.97,Yes
9819-UTZRG,Female,1,Yes,No,17,Yes,Yes,DSL,No,No,No,Yes,Yes,Yes,Month-to-month,Yes,Electronic check,74.15,1191.67,Yes
7023-DCBSP,Female,0,Yes,No,13,Yes,No,No,No internet service,No internet service,No internet service,No internet service,No internet service,No internet service,One year,Yes,Mailed check,18.25,250.87,No
2956-YQPIK,Female,0,Yes,No,1,Yes,Yes,DSL,Yes,No,Yes,Yes,No,Yes,Month-to-month,Yes,Credit card (automatic),75.57,75.8,No
1831-BZNJJ,Male,0,Yes,No,12,Yes,No,Fiber optic,No,No,Yes,No,Yes,Yes,Month-to-month,Yes,Bank transfer (automatic),94.38,1078.38,Yes
7441-MYTBH,Male,0,Yes,Yes,1,No,No phone service,DSL,Yes,Yes,Yes,Yes,Yes,Yes,Month-to-month,Yes,Mailed check,63.33,64.63,Yes
7697-OREZN,Female,0,No,No,36,Yes,Yes,Fiber optic,Yes,Yes,No,No,No,Yes,Month-to-month,Yes,Mailed check,99.9,3414.25,No
3163-MMVZS,Male,0,Yes,No,54,Yes,Yes,DSL,No,Yes,No,No,No,No,One year,No,Mailed check,55.7,2804.28,No
5931-YNTCF,Female,0,Yes,No,3,Yes,No,Fiber optic,No,Yes,No,No,Yes,Yes,Month-to-month,No,Mailed check,97.99,273.22,Yes
6834-LCDIQ,Female,0,No,No,47,No,No phone service,DSL,Yes,No,Yes,Yes,Yes,No,Two year,No,Bank transfer (automatic),51.07,2485.04,No
3432-JLHVI,Male,0,Yes,No,19,Yes,Yes,No,No internet service,No internet service,No internet service,No internet service,No internet service,No internet service,Month-to-month,No,Electronic check,24.25,440.23,No
6988-AFUMN,Female,0,Yes,No,6,Yes,No,No,No internet service,No internet service,No internet service,No internet service,No internet service,No internet service,Month-to-month,Yes,Mailed check,18.25,118.18,No
7727-EHAPL,Male,0,No,No,6,Yes,Yes,Fiber optic,No,No,No,Yes,No,No,Month-to-month,Yes,Electronic check,79.19,466.36,Yes
6248-NEPYR,Male,0,Yes,No,1,Yes,Yes,DSL,Yes,No,Yes,No,No,Yes,Month-to-month,Yes,Electronic check,73.39,69.45,Yes
0414-YXDDR,Male,0,No,No,4,Yes,No,Fiber optic,No,Yes,No,No,Yes,No,Month-to-month,Yes,Electronic check,84.32,347.81,Yes
5143-KEQHD,Male,0,Yes,Yes,72,Yes,No,DSL,Yes,Yes,No,Yes,Yes,No,Month-to-month,No,Mailed check,69.47,5387.49,No
8390-TPMCD,Female,1,Yes,No,2,Yes,Yes,No,No internet service,No internet service,No internet service,No internet service,No internet service,No internet service,Month-to-month,No,Electronic check,24.82,46.42,Yes
2190-MBKXY,Male,0,No,No,2,Yes,Yes,No,No internet service,No internet service,No internet service,No internet service,No internet service,No internet service,Month-to-month,No,Electronic check,28.96,61.12,Yes
0606-SWZAM,Female,0,No,No,56,No,No phone service,DSL,Yes,Yes,Yes,Yes,Yes,No,One year,Yes,Bank transfer (automatic),52.92,3058.71,Yes
0746-CDDKS,Female,1,No,No,61,Yes,Yes,Fiber optic,Yes,Yes,No,No,Yes,No,Two year,Yes,Electronic check,94.28,5602.19,No
6754-XOCXL,Male,0,Yes,Yes,8,Yes,Yes,Fiber optic,No,No,No,No,No,Yes,Month-to-month,Yes,Mailed check,85.5,665.28,No
1281-XDMMY,Male,0,No,No,31,Yes,Yes,Fiber optic,Yes,No,Yes,No,No,Yes,Month-to-month,Yes,Electronic check,96.39,2848.29,No
1271-PRWCG,Female,0,No,No,56,Yes,No,DSL,Yes,No,Yes,No,Yes,Yes,Two year,No,Electronic check,74.67,4177.09,No
7050-NYZLM,Male,0,Yes,Yes,14,Yes,No,No,No internet service,No internet service,No internet service,No internet service,No internet service,No internet service,Month-to-month,No,Mailed check,18.25,265.41,No
2360-MDCHP,Female,1,No,No,13,Yes,No,Fiber optic,No,Yes,No,Yes,Yes,No,Month-to-month,Yes,Electronic check,91.59,1207.56,Yes
8754-NSCUR,Female,1,No,No,17,No,No phone service,No,No internet service,No internet service,No internet service,No internet service,No internet service,No internet service,Month-to-month,Yes,Electronic check,18.25,286.01,No
0989-ZZZEJ,Female,0,No,No,1,Yes,No,DSL,Yes,Yes,No,Yes,Yes,Yes,Month-to-month,No,Bank transfer (automatic),81.03,84.24,Yes
1391-YVDUD,Female,0,Yes,No,62,Yes,No,No,No internet service,No internet service,No internet service,No internet service,No internet service,No internet service,One year,No,Bank transfer (automatic),18.48,1231.67,No
4076-WDRJL,Male,0,No,Yes,33,No,No phone service,DSL,No,Yes,Yes,No,No,No,Month-to-month,Yes,Electronic check,37.96,1153.03,No
8705-JSEMG,Male,1,No,No,21,Yes,No,DSL,No,Yes,Yes,No,No,No,Month-to-month,Yes,Electronic check,54.77,1082.47,Yes
4159-LTSVL,Female,0,No,No,11,Yes,No,DSL,No,No,No,No,No,No,Month-to-month,Yes,Bank transfer (automatic),43.24,459.4,Yes
5021-IGEZE,Male,0,No,No,32,Yes,Yes,DSL,Yes,No,No,Yes,No,Yes,Month-to-month,Yes,Bank transfer (automatic),73.31,2415.69,No
7819-ELPJA,Male,0,No,No,22,Yes,Yes,Fiber optic,No,No,No,No,Yes,Yes,One year,Yes,Electronic check,93.87,2119.58,Yes
3240-UDDFI,Female,0,No,No,32,Yes,Yes,Fiber optic,No,No,Yes,No,No,Yes,Month-to-month,No,Electronic check,90.1,3077.56,No
6696-IDEAZ,Male,0,No,No,14,Yes,No,DSL,No,Yes,Yes,No,No,No,Month-to-month,Yes,Electronic check,55.48,816.99,Yes
4481-SQPCF,Female,0,No,No,49,Yes,No,DSL,Yes,No,Yes,Yes,Yes,Yes,Two year,Yes,Electronic check,80.92,3670.57,No
8737-MIMUQ,Male,1,No,No,50,Yes,No,Fiber optic,No,Yes,Yes,No,Yes,Yes,One year,Yes,Bank transfer (automatic),97.01,4866.91,No
4768-PNVWL,Male,0,No,No,31,Yes,Yes,Fiber optic,No,No,Yes,No,No,No,Two year,No,Electronic check,84.82,2809.28,No
5867-ILGVL,Male,1,No,No,15,Yes,No,Fiber optic,No,Yes,No,No,Yes,No,Month-to-month,Yes,Electronic check,85.85,1234.7,Yes
1873-HDSZV,Male,0,No,No,21,Yes,Yes,Fiber optic,No,No,Yes,Yes,No,Yes,One year,No,Bank transfer (automatic),97.5,1920.04,No
6559-ZXCTP,Male,0,Yes,Yes,59,Yes,No,Fiber optic,No,No,No,No,Yes,Yes,Month-to-month,Yes,Credit card (automatic),87.46,5121.37,No
0229-KAUZI,Female,1,No,Yes,19,Yes,No,DSL,Yes,No,No,No,Yes,Yes,Month-to-month,Yes,Electronic check,69.3,1269.86,No
0663-MDXJV,Female,0,No,Yes,72,Yes,Yes,DSL,No,No,No,Yes,No,No,One year,No,Electronic check,54.65,3694.34,No
4681-JUHQE,Female,0,No,No,11,Yes,Yes,No,No internet service,No internet service,No internet service,No internet service,No internet service,No internet service,Month-to-month,No,Electronic check,24.99,296.66,No
9380-EOSAE,Female,0,Yes,No,18,Yes,Yes,Fiber optic,No,No,No,No,No,Yes,Month-to-month,No,Electronic check,88.34,1509.14,No
5451-QEPYA,Female,0,No,No,5,Yes,No,No,No internet service,No internet service,No internet service,No internet service,No internet service,No internet service,Month-to-month,Yes,Electronic check,21.97,104.64,No
0396-MYHUI,Female,0,Yes,No,14,Yes,Yes,No,No internet service,No internet service,No internet service,No internet service,No internet service,No internet service,Month-to-month,Yes,Electronic check,22.81,342.55,No
1520-LDASB,Male,0,No,No,50,No,No phone service,DSL,Yes,No,Yes,No,Yes,No,One year,Yes,Bank transfer (automatic),48.83,2452.95,No
5095-FPDRT,Male,0,No,No,5,Yes,No,Fiber optic,No,Yes,No,Yes,Yes,No,Month-to-month,No,Mailed check,86.93,431.8,No
3474-LZFHK,Male,1,No,No,9,Yes,No,No,No internet service,No internet service,No internet service,No internet service,No internet service,No internet service,Month-to-month,No,Mailed check,19.6,190.07,No
3059-DETDM,Male,0,No,No,57,Yes,No,Fiber optic,No,No,No,Yes,Yes,No,One year,Yes,Credit card (automatic),82.32,4748.75,No
1579-DMNRK,Female,0,Yes,Yes,26,Yes,No,DSL,No,Yes,Yes,No,No,No,Month-to-month,Yes,Electronic check,56.8,1433.79,No
4767-PLACA,Male,0,No,No,24,Yes,No,Fiber optic,No,No,No,No,Yes,Yes,Month-to-month,No,Electronic check,88.57,1982.66,Yes
1736-AIVTH,Male,0,No,No,2,Yes,No,Fiber optic,No,No,No,No,No,No,Month-to-month,Yes,Bank transfer (automatic),68.2,138.74,Yes
3622-WQPDN,Female,1,No,No,37,Yes,Yes,Fiber optic,No,No,No,No,Yes,No,Month-to-month,Yes,Credit card (automatic),86.17,3231.14,No
0127-KMQCR,Male,0,Yes,No,52,Yes,Yes,No,No internet service,No internet service,No internet service,No internet service,No internet service,No internet service,Two year,Yes,Electronic check,25.56,1326.27,No
4592-CGKZU,Male,0,No,No,60,Yes,Yes,DSL,No,No,Yes,Yes,No,Yes,Two year,Yes,Credit card (automatic),68.64,4405.63,No
6321-FTGGI,Male,0,No,No,50,No,No phone service,Fiber optic,No,No,No,No,Yes,Yes,Month-to-month,Yes,Electronic check,70.65,3588.75,No
7529-TZWPW,Female,0,No,No,5,Yes,No,DSL,No,Yes,No,Yes,Yes,No,Month-to-month,Yes,Electronic check,64.48,334.8,Yes
6692-NPBIL,Female,0,No,No,50,Yes,No,Fiber optic,No,Yes,Yes,No,No,No,One year,Yes,Credit card (automatic),80.77,3924.29,No
9512-HHARI,Female,0,No,No,64,Yes,No,DSL,Yes,Yes,No,Yes,Yes,No,Two year,Yes,Credit card (automatic),68.61,4401.36,No
0204-RKWSD,Female,0,No,No,72,Yes,Yes,DSL,Yes,Yes,No,No,No,No,One year,No,Credit card (automatic),60.82,4639.25,No
9970-PJKVL,Male,0,Yes,No,24,Yes,Yes,Fiber optic,Yes,No,No,No,Yes,Yes,One year,Yes,Mailed check,98.97,2386.07,No
4577-XNXGU,Female,0,No,No,3,Yes,Yes,DSL,No,Yes,Yes,No,No,No,Month-to-month,No,Electronic check,60.75,187.24,Yes
4391-DSLAH,Female,0,No,No,58,Yes,No,Fiber optic,No,No,No,No,No,Yes,Two year,No,Electronic check,75.73,4664.69,No
6456-GKBEU,Female,0,No,No,9,Yes,Yes,Fiber optic,No,Yes,No,Yes,Yes,No,Month-to-month,No,Electronic check,93.55,883.03,Yes
5038-FGZAA,Male,0,Yes,No,7,Yes,Yes,Fiber optic,No,No,No,No,No,Yes,Month-to-month,Yes,Electronic check,82.16,599.07,Yes
8556-HXHLR,Male,1,Yes,No,24,Yes,No,Fiber optic,No,No,Yes,No,Yes,No,Month-to-month,No,Mailed check,81.85,1906.11,No
8708-SECDP,Male,1,No,No,3,Yes,No,Fiber optic,Yes,Yes,No,Yes,Yes,Yes,Month-to-month,No,Credit card (automatic),104.79,326.46,No
5502-NMJLL,Male,0,Yes,Yes,8,Yes,No,Fiber optic,No,Yes,No,No,No,Yes,Month-to-month,Yes,Mailed check,85.46,666.6,Yes
8274-KBJJN,Female,1,Yes,Yes,69,Yes,No,Fiber optic,No,Yes,Yes,Yes,Yes,Yes,Two year,Yes,Credit card (automatic),106.67,6830.99,No
3906-WEXEW,Female,0,No,Yes,57,Yes,No,Fiber optic,No,Yes,Yes,Yes,No,Yes,One year,Yes,Electronic check,96.03,5787.57,No
0024-PLRRN,Male,0,Yes,Yes,17,Yes,Yes,Fiber optic,No,No,No,No,Yes,Yes,Month-to-month,No,Mailed check,92.51,1573.16,Yes
8489-IADCZ,Male,1,Yes,Yes,31,Yes,No,DSL,Yes,Yes,No,No,Yes,No,Month-to-month,Yes,Mailed check,64.91,1927.58,No
5584-KBTMK,Male,0,Yes,No,5,Yes,No,No,No internet service,No internet service,No internet service,No internet service,No internet service,No internet service,Month-to-month,Yes,Electronic check,19.5,92.2,Yes
5167-XTDQW,Male,0,Yes,Yes,70,No,No phone service,Fiber optic,No,No,No,No,No,Yes,One year,Yes,Credit card (automatic),58.23,4176.76,No
0774-DBHKL,Female,0,Yes,No,54,Yes,No,No,No internet service,No internet service,No internet service,No internet service,No internet service,No internet service,Two year,No,Bank transfer (automatic),18.7,1053.89,No
6572-EJHFZ,Male,0,Yes,Yes,6,Yes,No,Fiber optic,No,No,No,No,No,No,Month-to-month,Yes,Mailed check,71.22,439.7,Yes
0160-MOVFH,Male,0,Yes,Yes,38,Yes,Yes,Fiber optic,No,Yes,No,Yes,Yes,Yes,Month-to-month,No,Electronic check,105.3,4262.55,Yes
7118-FOFBQ,Female,0,No,No,27,Yes,Yes,No,No internet service,No internet service,No internet service,No internet service,No internet service,No internet service,Month-to-month,Yes,Bank transfer (automatic),22.41,601.69,No
1820-UOHRY,Male,0,Yes,Yes,10,Yes,Yes,DSL,Yes,No,No,No,No,Yes,Month-to-month,Yes,Electronic check,63.18,625.86,Yes
2276-NWENP,Male,0,No,No,20,Yes,No,DSL,Yes,Yes,Yes,Yes,Yes,Yes,One year,Yes,Bank transfer (automatic),84.81,1818.01,No
0077-TKKQO,Male,0,No,No,9,Yes,No,DSL,Yes,No,No,No,No,No,Month-to-month,Yes,Mailed check,45.31,406.56,No
1203-XDHDP,Male,0,No,No,70,Yes,Yes,No,No internet service,No internet service,No internet service,No internet service,No internet service,No internet service,Two year,No,Electronic check,23.18,1586.63,No
7601-SQQKX,Female,0,Yes,No,32,Yes,No,DSL,Yes,Yes,No,Yes,No,Yes,One year,Yes,Credit card (automatic),70.24,2416.8,No
3838-CQDII,Male,0,Yes,No,15,Yes,No,No,No internet service,No internet service,No internet service,No internet service,No internet service,No internet service,Month-to-month,Yes,Electronic check,18.25,261.74,No
9684-YFKZU,Female,0,No,No,17,Yes,Yes,DSL,Yes,No,No,Yes,No,No,Month-to-month,No,Electronic check,60.18,1064.71,No
6289-QKEAI,Male,0,Yes,Yes,53,Yes,Yes,No,No internet service,No internet service,No internet service,No internet service,No internet service,No internet service,One year,Yes,Credit card (automatic),20.03,1023.2,No
1319-EQSGJ,Female,0,No,No,37,Yes,Yes,DSL,No,No,Yes,No,No,Yes,Two year,No,Mailed check,65.77,2474.97,No
0624-EPRHO,Male,1,No,No,2,Yes,Yes,DSL,No,No,Yes,No,No,Yes,Month-to-month,No,Electronic check,62.74,134.89,Yes
5066-BAEYY,Female,0,Yes,No,66,Yes,No,No,No internet service,No internet service,No internet service,No internet service,No internet service,No internet service,Two year,No,Bank transfer (automatic),20.64,1287,No
9869-ZUJUG,Female,0,Yes,Yes,2,No,No phone service,No,No internet service,No internet service,No internet service,No internet service,No internet service,No internet service,Month-to-month,Yes,Credit card (automatic),18.25,35.35,No
7767-QTTMI,Male,1,No,No,41,Yes,No,Fiber optic,No,No,Yes,No,Yes,No,Month-to-month,Yes,Credit card (automatic),85.23,3644.41,Yes
1387-WMXRO,Male,1,No,No,48,Yes,Yes,Fiber optic,No,Yes,No,No,No,Yes,Month-to-month,No,Electronic check,88.44,4464.59,No
0491-LBBUB,Male,0,No,No,10,Yes,No,DSL,Yes,No,Yes,No,No,No,Month-to-month,Yes,Electronic check,57.14,610.03,Yes
4398-FPJKF,Female,0,No,No,33,Yes,Yes,No,No internet service,No internet service,No internet service,No internet service,No internet service,No internet service,One year,No,Electronic check,23.73,816.95,Yes
9061-NHAKB,Male,0,Yes,No,44,Yes,Yes,No,No internet service,No internet service,No internet service,No internet service,No internet service,No internet service,Two year,No,Electronic check,23.63,1058.77,No
4494-DRBLS,Male,0,Yes,Yes,17,Yes,Yes,No,No internet service,No internet service,No internet service,No internet service,No internet service,No internet service,Month-to-month,Yes,Electronic check,23.48,390.51,Yes
7878-DBVWO,Male,1,No,No,17,Yes,No,No,No internet service,No internet service,No internet service,No internet service,No internet service,No internet service,Month-to-month,Yes,Electronic check,18.7,340.06,No
1602-LTPFV,Female,0,Yes,Yes,53,Yes,Yes,Fiber optic,Yes,Yes,No,No,No,Yes,One year,Yes,Credit card (automatic),92.16,5202.72,No
6753-JCDYJ,Female,0,No,Yes,19,Yes,Yes,DSL,No,Yes,No,No,No,No,One year,No,Electronic check,52.61,929.88,No
8089-FUKGG,Female,0,Yes,Yes,17,Yes,Yes,No,No internet service,No internet service,No internet service,No internet service,No internet service,No internet service,Month-to-month,Yes,Mailed check,27.08,480.21,No
8973-GZBGP,Female,0,No,No,11,Yes,No,Fiber optic,Yes,No,Yes,No,No,Yes,One year,Yes,Mailed check,92.79,1047.88,Yes
7487-GVZNJ,Male,0,No,No,10,Yes,Yes,No,No internet service,No internet service,No internet service,No internet service,No internet service,No internet service,Month-to-month,Yes,Bank transfer (automatic),23.38,215.66,No
2493-JTRAT,Female,0,Yes,No,5,Yes,Yes,DSL,Yes,No,No,Yes,Yes,No,Month-to-month,Yes,Bank transfer (automatic),70.96,375.74,No
5991-IZEKV,Male,0,No,No,67,Yes,No,Fiber optic,No,Yes,Yes,Yes,Yes,Yes,Two year,No,Credit card (automatic),104.59,7316.91,No
4811-GHHAY,Male,1,No,No,65,Yes,Yes,Fiber optic,No,No,No,No,Yes,No,Two year,Yes,Electronic check,83.17,5679.65,No
9434-UOWCZ,Male,1,No,No,59,Yes,No,DSL,Yes,No,No,No,No,Yes,Two year,Yes,Credit card (automatic),61.18,3579.68,No
7842-TDCLJ,Female,1,Yes,Yes,40,Yes,No,DSL,Yes,No,No,Yes,No,No,Two year,No,Credit card (automatic),53.78,2110.48,No
0586-FDUXQ,Male,0,No,No,9,Yes,No,No,No internet service,No internet service,No internet service,No internet service,No internet service,No internet service,One year,Yes,Credit card (automatic),21.66,208.88,No
5303-RQQUX,Female,0,No,No,31,Yes,No,DSL,Yes,Yes,No,No,No,Yes,Month-to-month,Yes,Electronic check,63.94,1953.3,No
9121-PACVH,Male,0,Yes,Yes,3,Yes,No,Fiber optic,Yes,No,Yes,Yes,Yes,No,Month-to-month,No,Bank transfer (automatic),95.74,307.71,No
1846-MCJDR,Male,0,No,No,70,Yes,Yes,Fiber optic,No,No,Yes,No,Yes,No,Two year,Yes,Mailed check,89,6573.2,No
4641-NXTKI,Male,0,Yes,No,12,Yes,No,DSL,Yes,No,No,Yes,No,Yes,Month-to-month,Yes,Credit card (automatic),65.78,739.72,No
9422-OCVCF,Male,0,No,No,72,Yes,Yes,DSL,No,No,Yes,No,No,No,Two year,Yes,Credit card (automatic),52.1,3642.12,No
2807-TBCKU,Female,1,No,No,23,Yes,Yes,DSL,No,Yes,No,No,No,Yes,Month-to-month,Yes,Electronic check,62.05,1504.79,No
2878-GPQGB,Female,0,Yes,Yes,18,Yes,Yes,DSL,No,No,Yes,Yes,Yes,No,One year,Yes,Electronic check,71.11,1314.72,No
2108-QUOCB,Male,0,Yes,Yes,3,Yes,No,DSL,Yes,Yes,No,No,No,No,Month-to-month,No,Credit card (automatic),54.81,157.49,Yes
5145-PGFJP,Male,0,Yes,Yes,19,Yes,Yes,DSL,No,Yes,No,No,No,No,Two year,Yes,Electronic check,53.72,946.75,No
2269-UQXQC,Male,0,No,No,60,Yes,Yes,No,No internet service,No internet service,No internet service,No internet service,No internet service,No internet service,One year,Yes,Credit card (automatic),25.11,1576.53,No
5008-PXRPC,Male,0,Yes,Yes,10,Yes,Yes,DSL,No,Yes,Yes,No,No,Yes,Month-to-month,Yes,Bank transfer (automatic),67.01,695.42,No
0597-HRGZC,Female,0,No,No,10,Yes,Yes,No,No internet service,No internet service,No internet service,No internet service,No internet service,No internet service,Month-to-month,Yes,Electronic check,26.64,271.6,Yes
0357-JHXSU,Female,0,No,No,41,Yes,No,DSL,No,Yes,No,Yes,No,Yes,Month-to-month,No,Mailed check,62.85,2737.83,No
4740-PHEBI,Female,0,Yes,No,6,Yes,No,No,No internet service,No internet service,No internet service,No internet service,No internet service,No internet service,Month-to-month,No,Bank transfer (automatic),19.33,113.63,No
3882-WTVWS,Female,0,No,No,1,Yes,No,DSL,Yes,No,Yes,Yes,No,No,Month-to-month,No,Electronic check,59.07,62.57,Yes
7005-JBZLX,Female,0,Yes,Yes,14,Yes,Yes,Fiber optic,No,No,Yes,No,Yes,Yes,Month-to-month,Yes,Electronic check,102.42,1435.9,Yes
1012-PLQFD,Male,0,Yes,Yes,48,Yes,No,Fiber optic,No,No,Yes,No,Yes,No,Two year,Yes,Credit card (automatic),80.93,4118.12,No
5663-AQQKG,Male,0,No,No,23,Yes,Yes,DSL,Yes,No,No,Yes,No,Yes,Month-to-month,No,Bank transfer (automatic),66.36,1483.09,No
3322-IYLVG,Female,0,Yes,Yes,37,Yes,Yes,DSL,No,Yes,Yes,Yes,No,Yes,Month-to-month,No,Electronic check,70.66,2439.92,No
3185-FDWPR,Male,0,Yes,No,8,Yes,Yes,No,No internet service,No internet service,No internet service,No internet service,No internet service,No internet service,Month-to-month,No,Credit card (automatic),24.94,210.16,Yes
4031-JXGKH,Female,0,No,No,51,Yes,Yes,DSL,Yes,No,Yes,No,Yes,No,One year,Yes,Electronic check,68.8,3613.48,No
0779-PRZMU,Female,0,No,No,12,Yes,No,DSL,Yes,No,No,No,Yes,No,Month-to-month,No,Credit card (automatic),62.81,788.39,No
8502-WBBUN,Female,0,No,No,2,Yes,No,Fiber optic,No,Yes,Yes,Yes,No,No,Month-to-month,Yes,Electronic check,85.47,157.79,Yes
9306-SNPQE,Female,0,Yes,No,13,Yes,Yes,DSL,No,Yes,No,No,No,No,Month-to-month,Yes,Electronic check,51.57,655.39,No
8684-QOKDJ,Male,0,No,Yes,2,Yes,No,Fiber optic,Yes,Yes,No,Yes,Yes,Yes,Month-to-month,Yes,Credit card (automatic),104.02,192.4,No
8037-GURBJ,Female,0,Yes,Yes,28,Yes,No,Fiber optic,No,No,Yes,No,No,Yes,One year,Yes,Electronic check,85.87,2506.02,No
2708-ZJGRR,Female,0,Yes,No,66,Yes,Yes,Fiber optic,Yes,Yes,Yes,No,No,Yes,Two year,Yes,Mailed check,99.37,6272.93,No
1446-FHODU,Female,0,Yes,No,35,Yes,Yes,DSL,Yes,No,No,No,No,Yes,Two year,No,Electronic check,63.85,2076.6,No
2872-QTAOZ,Male,0,No,No,1,Yes,Yes,DSL,Yes,No,Yes,Yes,No,No,Month-to-month,Yes,Bank transfer (automatic),63.44,61.75,Yes
1139-GAMEF,Female,0,No,No,40,Yes,No,DSL,No,No,No,Yes,No,No,Month-to-month,No,Electronic check,49.4,1865.06,No
6046-QXRIN,Female,0,Yes,Yes,12,Yes,No,Fiber optic,No,No,No,Yes,Yes,Yes,Month-to-month,No,Electronic check,92.37,1074.1,No
7038-GVYHO,Male,1,Yes,No,51,Yes,No,Fiber optic,No,Yes,Yes,No,Yes,No,One year,No,Bank transfer (automatic),89.57,4358.54,No
1063-HPEYH,Female,0,No,No,43,Yes,No,No,No internet service,No internet service,No internet service,No internet service,No internet service,No internet service,Two year,Yes,Mailed check,20.28,844.4,No
3563-XGMXI,Male,0,Yes,No,62,No,No phone service,DSL,No,No,Yes,No,No,No,Two year,Yes,Credit card (automatic),29.36,1828.94,No
7105-AXELZ,Female,0,Yes,No,63,Yes,No,Fiber optic,Yes,Yes,No,Yes,Yes,Yes,Two year,No,Credit card (automatic),104.69,6390.48,No
9598-FEGWA,Male,1,No,No,38,Yes,No,DSL,No,No,Yes,No,Yes,Yes,One year,No,Bank transfer (automatic),69.58,2478.38,No
3958-SKVYT,Female,0,No,No,10,Yes,No,Fiber optic,Yes,Yes,No,Yes,No,Yes,Month-to-month,Yes,Electronic check,93.78,865.6,No
7248-EAOPZ,Male,0,Yes,Yes,68,Yes,No,DSL,Yes,No,No,Yes,No,Yes,Two year,Yes,Mailed check,66.61,4229.93,No
0472-QLBZJ,Female,0,No,Yes,12,Yes,Yes,DSL,No,Yes,Yes,Yes,Yes,Yes,Month-to-month,Yes,Electronic check,80.06,892.5,No
9209-IFOHX,Male,0,Yes,Yes,36,No,No phone service,Fiber optic,No,No,No,No,No,No,Month-to-month,Yes,Electronic check,47.08,1578.61,Yes
0778-LCVNI,Male,0,No,No,72,Yes,No,No,No internet service,No internet service,No internet service,No internet service,No internet service,No internet service,Two year,No,Bank transfer (automatic),20.54,1586.47,No
6036-ZFUYN,Male,0,No,No,19,Yes,No,Fiber optic,No,No,Yes,No,Yes,Yes,Month-to-month,No,Mailed check,96.17,1682.22,Yes
3612-RZZXG,Female,0,Yes,Yes,58,Yes,Yes,DSL,Yes,No,No,Yes,No,Yes,Month-to-month,Yes,Electronic check,68.71,4119.9,No
3990-QFLTR,Male,0,No,No,19,Yes,Yes,Fiber optic,No,No,Yes,No,No,No,Month-to-month,Yes,Electronic check,81.27,1537.7,Yes
9259-ITTOD,Male,0,No,No,69,Yes,Yes,Fiber optic,Yes,Yes,No,Yes,Yes,Yes,Two year,Yes,Electronic check,108.2,6935.71,No
3389-ZJXMS,Male,1,No,No,7,Yes,No,Fiber optic,No,Yes,No,No,No,No,Month-to-month,No,Electronic check,73.13,523.31,No
4073-DFWZT,Female,0,No,No,11,Yes,No,No,No internet service,No internet service,No internet service,No internet service,No internet service,No internet service,Month-to-month,Yes,Electronic check,20.22,205.19,Yes
1663-ZHKGO,Male,0,Yes,Yes,15,Yes,No,No,No internet service,No internet service,No internet service,No internet service,No internet service,No internet service,Month-to-month,Yes,Bank transfer (automatic),20.75,303.33,No
5889-LUBFX,Female,1,No,No,32,Yes,Yes,DSL,No,No,No,Yes,Yes,Yes,Month-to-month,Yes,Mailed check,74.49,2238.65,No
7732-MXPOX,Female,0,No,No,19,Yes,Yes,No,No internet service,No internet service,No internet service,No internet service,No internet service,No internet service,Month-to-month,Yes,Mailed check,27.76,538.41,No
4150-WNJUW,Female,0,No,No,17,Yes,No,Fiber optic,Yes,No,No,No,Yes,No,One year,Yes,Bank transfer (automatic),85.8,1453.51,No
2377-VMCSF,Female,0,Yes,No,6,Yes,Yes,Fiber optic,No,Yes,Yes,Yes,Yes,Yes,Month-to-month,No,Mailed check,104.31,616.3,Yes
7296-UTFNN,Male,1,No,No,14,Yes,No,DSL,Yes,No,Yes,Yes,No,No,Month-to-month,Yes,Bank transfer (automatic),59.63,775.47,No
1327-FWZTC,Male,0,Yes,Yes,71,Yes,Yes,Fiber optic,No,No,No,No,Yes,No,Two year,Yes,Mailed check,85.65,6167.31,No
3246-AZPGT,Female,0,No,No,13,Yes,Yes,Fiber optic,No,No,Yes,Yes,Yes,No,Month-to-month,Yes,Credit card (automatic),96.63,1243.05,Yes
2116-SEDBA,Male,0,Yes,No,58,Yes,Yes,No,No internet service,No internet service,No internet service,No internet service,No internet service,No internet service,One year,Yes,Bank transfer (automatic),27.15,1699.22,No
5005-DGGPF,Male,0,Yes,Yes,15,Yes,No,DSL,No,No,No,Yes,No,No,Month-to-month,No,Mailed check,50.52,717.93,No
1241-DFFPQ,Male,0,Yes,Yes,5,Yes,No,Fiber optic,No,Yes,Yes,No,Yes,Yes,Month-to-month,Yes,Electronic check,99.78,510.5,No
4091-TZSHU,Male,0,No,No,8,Yes,No,Fiber optic,No,No,No,No,Yes,No,One year,Yes,Bank transfer (automatic),80.25,626.95,Yes
0587-NZGYQ,Female,0,No,No,72,Yes,No,Fiber optic,No,Yes,No,Yes,Yes,No,Two year,No,Bank transfer (automatic),90,6047.53,No
0382-HFIVO,Female,0,Yes,No,41,Yes,No,No,No internet service,No internet service,No internet service,No internet service,No internet service,No internet service,Two year,No,Mailed check,18.25,722.46,No
6604-LWTJL,Male,0,No,No,52,Yes,No,Fiber optic,No,No,No,Yes,Yes,Yes,Two year,No,Credit card (automatic),95.63,4692.97,No
3436-HRITP,Male,0,Yes,Yes,34,Yes,Yes,DSL,Yes,Yes,No,Yes,Yes,No,Month-to-month,Yes,Mailed check,71.65,2268.8,No
3475-NFEJB,Male,1,Yes,No,6,Yes,Yes,Fiber optic,Yes,No,No,No,Yes,Yes,Month-to-month,Yes,Credit card (automatic),103.74,644.79,Yes
5747-PXUGO,Male,0,Yes,Yes,58,Yes,No,Fiber optic,No,No,Yes,No,Yes,No,Two year,No,Bank transfer (automatic),83.94,4745.08,No
3984-PRZJW,Male,0,Yes,No,53,Yes,Yes,No,No internet service,No internet service,No internet service,No internet service,No internet service,No internet service,Two year,Yes,Mailed check,25.5,1397.46,No
6406-DEIBK,Female,1,No,No,3,Yes,Yes,Fiber optic,No,No,No,No,No,Yes,Month-to-month,Yes,Credit card (automatic),85.97,258.78,Yes
1460-RMPLQ,Female,0,Yes,Yes,9,Yes,No,DSL,No,No,No,No,No,No,Month-to-month,Yes,Mailed check,46.26,385.31,No
5361-VMTXR,Female,0,Yes,No,3,Yes,No,Fiber optic,No,No,No,No,No,Yes,Month-to-month,No,Electronic check,80.53,226.15,Yes
8572-VVCSW,Female,1,Yes,Yes,13,Yes,No,Fiber optic,No,No,No,No,Yes,No,One year,No,Electronic check,79.86,1064.41,Yes
6297-SCITV,Male,0,Yes,Yes,23,Yes,No,Fiber optic,No,Yes,No,No,Yes,No,One year,Yes,Electronic check,89.45,1978.29,Yes
4052-BXYIN,Female,1,No,No,10,Yes,Yes,Fiber optic,No,Yes,No,No,Yes,No,Month-to-month,No,Bank transfer (automatic),92.03,928.61,No
6756-KRLPX,Male,0,No,No,6,Yes,No,No,No internet service,No internet service,No internet service,No internet service,No internet service,No internet service,Month-to-month,Yes,Electronic check,18.25,113.69,No
7090-BFEVB,Male,0,Yes,No,64,No,No phone service,No,No internet service,No internet service,No internet service,No internet service,No internet service,No internet service,Two year,No,Mailed check,18.25,1144.37,No
3250-GRXDU,Female,0,Yes,Yes,11,Yes,No,DSL,No,Yes,Yes,No,No,Yes,Month-to-month,No,Electronic check,69.79,708.57,Yes
8640-GOQHY,Female,0,No,No,63,Yes,Yes,DSL,No,Yes,No,Yes,No,No,Two year,Yes,Bank transfer (automatic),54.8,3582.56,No
4204-EDSAL,Male,0,No,No,69,Yes,No,No,No internet service,No internet service,No internet service,No internet service,No internet service,No internet service,Two year,Yes,Credit card (automatic),18.8,1375.79,No
6435-ZJQJS,Male,0,No,No,72,Yes,No,DSL,No,Yes,No,Yes,No,Yes,Two year,No,Credit card (automatic),62.32,4406.89,No
7095-YBYVZ,Female,0,No,No,7,Yes,Yes,DSL,Yes,Yes,No,No,No,Yes,Month-to-month,No,Credit card (automatic),67.79,495.61,No
4366-VSWKJ,Female,1,No,No,47,Yes,No,No,No internet service,No internet service,No internet service,No internet service,No internet service,No internet service,One year,No,Mailed check,18.25,866.83,No
0952-QJMAW,Male,1,No,No,29,Yes,Yes,Fiber optic,Yes,Yes,No,No,No,Yes,One year,Yes,Bank transfer (automatic),95.74,2843.52,No
5097-FCKLH,Male,0,Yes,No,6,Yes,No,DSL,Yes,Yes,No,Yes,Yes,No,Month-to-month,No,Electronic check,71.44,448.39,Yes
1820-BYSQH,Male,0,No,No,19,Yes,Yes,Fiber optic,Yes,No,Yes,Yes,Yes,Yes,Month-to-month,Yes,Mailed check,109.85,1980.12,Yes
7802-RPARZ,Female,0,No,Yes,1,Yes,Yes,Fiber optic,No,Yes,Yes,No,Yes,No,Month-to-month,No,Bank transfer (automatic),94.46,97.04,No
5705-YMSMK,Female,0,No,No,18,No,No phone service,Fiber optic,Yes,No,Yes,Yes,No,Yes,Month-to-month,Yes,Mailed check,73.82,1231.36,Yes
6406-GQQZX,Male,0,No,No,10,Yes,Yes,Fiber optic,No,Yes,No,No,Yes,Yes,Month-to-month,Yes,Credit card (automatic),101.64,943.21,Yes
0310-NFFUD,Female,1,Yes,Yes,29,Yes,No,No,No internet service,No internet service,No internet service,No internet service,No internet service,No internet service,Month-to-month,No,Mailed check,21.71,632.07,No
8414-KQWTK,Male,0,No,No,66,Yes,No,DSL,Yes,Yes,No,Yes,Yes,Yes,Two year,Yes,Mailed check,82.68,5858.48,No
7882-VZRMF,Male,0,Yes,Yes,67,Yes,Yes,DSL,Yes,Yes,Yes,Yes,Yes,Yes,Two year,Yes,Mailed check,86.98,5805.39,No
7093-QTRDL,Male,0,Yes,Yes,30,Yes,No,No,No internet service,No internet service,No internet service,No internet service,No internet service,No internet service,One year,Yes,Electronic check,18.37,521.11,No
0948-GFOAG,Male,0,Yes,No,72,Yes,No,DSL,Yes,No,Yes,No,No,No,Two year,Yes,Bank transfer (automatic),54.35,3782.25,No
8032-EVZGF,Male,1,No,No,10,Yes,Yes,No,No internet service,No internet service,No internet service,No internet service,No internet service,No internet service,Month-to-month,Yes,Electronic check,26.08,246.28,No
1341-MBZMZ,Male,1,Yes,No,42,Yes,No,DSL,No,No,No,Yes,No,Yes,One year,Yes,Bank transfer (automatic),58.91,2661.32,No
0319-BDTKR,Female,0,Yes,Yes,15,Yes,Yes,Fiber optic,No,No,No,Yes,Yes,No,Month-to-month,No,Electronic check,90.89,1334.43,Yes
4736-PJGSD,Female,0,No,No,12,Yes,Yes,DSL,Yes,Yes,Yes,No,No,Yes,Month-to-month,No,Credit card (automatic),71,903.38,Yes
0249-IUGEI,Female,0,Yes,Yes,61,Yes,No,DSL,No,No,Yes,Yes,Yes,No,One year,Yes,Credit card (automatic),65.81,4139.59,No
3077-WAYPP,Male,0,Yes,No,54,Yes,Yes,Fiber optic,No,Yes,No,Yes,Yes,No,Two year,No,Bank transfer (automatic),93.18,5127.1,No
3129-XUXJR,Female,1,No,No,21,Yes,No,No,No internet service,No internet service,No internet service,No internet service,No internet service,No internet service,Month-to-month,Yes,Bank transfer (automatic),18.25,394.7,No
3264-DWGFH,Male,1,Yes,Yes,27,Yes,Yes,Fiber optic,No,Yes,No,No,Yes,Yes,One year,No,Mailed check,99.43,2637.72,No
2184-ETLVD,Male,0,Yes,Yes,16,Yes,Yes,No,No internet service,No internet service,No internet service,No internet service,No internet service,No internet service,Month-to-month,Yes,Electronic check,25.7,404.93,No
8078-BACGB,Female,0,Yes,No,32,No,No phone service,DSL,No,No,Yes,No,Yes,No,One year,Yes,Mailed check,37.56,1143.87,No
6868-VQBPE,Male,0,Yes,Yes,72,Yes,No,DSL,No,Yes,Yes,No,Yes,No,Month-to-month,Yes,Electronic check,67.46,4585.73,No
6100-QRYSR,Female,0,Yes,No,1,Yes,Yes,No,No internet service,No internet service,No internet service,No internet service,No internet service,No internet service,Month-to-month,Yes,Electronic check,23.07,21.95,Yes
1588-DUTTK,Female,0,No,No,72,Yes,No,Fiber optic,No,No,Yes,No,No,Yes,Month-to-month,No,Electronic check,89.36,6361.03,No
0546-ETTXN,Male,0,Yes,Yes,15,Yes,No,DSL,No,No,No,No,No,No,Month-to-month,Yes,Electronic check,42.33,679.22,No
9364-ZTPWG,Male,0,No,No,8,Yes,No,DSL,No,Yes,No,Yes,No,No,One year,No,Credit card (automatic),52.71,443.85,No
9428-FXIOF,Male,0,Yes,Yes,69,Yes,No,No,No internet service,No internet service,No internet service,No internet service,No internet service,No internet service,One year,No,Mailed check,18.25,1208.66,No
4475-NYBFV,Female,0,No,No,70,No,No phone service,DSL,No,No,No,No,Yes,Yes,Two year,No,Electronic check,44.9,3060.7,No
0384-XYHKA,Male,0,No,No,72,Yes,No,Fiber optic,Yes,No,No,No,No,No,Two year,Yes,Electronic check,76.88,5348.18,No
2739-KEDGD,Female,0,Yes,No,38,Yes,Yes,No,No internet service,No internet service,No internet service,No internet service,No internet service,No internet service,Month-to-month,No,Mailed check,23.29,939.94,No
9201-UNMGP,Male,0,No,No,62,No,No phone service,Fiber optic,Yes,Yes,Yes,No,Yes,Yes,One year,Yes,Electronic check,84.71,5443.36,No
9456-ICSWD,Female,0,Yes,No,13,No,No phone service,No,No internet service,No internet service,No internet service,No internet service,No internet service,No internet service,Month-to-month,Yes,Bank transfer (automatic),18.25,224.82,No
2164-CHZDD,Male,0,Yes,Yes,6,Yes,No,DSL,No,No,No,Yes,No,Yes,Month-to-month,Yes,Mailed check,60.65,350.67,No
3610-ROWNL,Male,0,Yes,Yes,62,Yes,Yes,Fiber optic,No,No,No,No,No,Yes,Two year,Yes,Mailed check,84.99,5628.25,No
1009-DOSFM,Female,0,No,No,52,Yes,Yes,DSL,Yes,No,Yes,Yes,No,No,Two year,No,Bank transfer (automatic),70.16,3572.94,No
9048-CYSQL,Female,0,Yes,No,12,Yes,No,Fiber optic,No,No,No,No,Yes,Yes,Month-to-month,Yes,Electronic check,90.16,1134.32,No
3965-CWUTQ,Female,1,Yes,No,66,Yes,Yes,Fiber optic,No,No,Yes,No,Yes,No,Two year,Yes,Bank transfer (automatic),90.5,6325,No
8100-OTUXJ,Male,0,No,Yes,31,Yes,No,No,No internet service,No internet service,No internet service,No internet service,No internet service,No internet service,Two year,No,Electronic check,21.09,668.47,No
4764-QCORS,Male,0,No,No,5,Yes,No,DSL,Yes,No,No,Yes,No,Yes,Month-to-month,No,Credit card (automatic),60.95,327.86,Yes
3389-INDDS,Male,0,No,No,31,Yes,Yes,Fiber optic,Yes,Yes,Yes,No,No,Yes,One year,Yes,Bank transfer (automatic),97.69,2809.95,No
7824-FPHKN,Female,0,No,Yes,4,Yes,No,Fiber optic,No,No,Yes,No,Yes,No,Month-to-month,Yes,Electronic check,85.32,340.57,Yes
8432-QHYSL,Male,0,No,No,56,Yes,No,DSL,Yes,No,Yes,No,No,No,Month-to-month,Yes,Electronic check,57.47,3165.68,No
6806-XUGFX,Female,0,No,Yes,22,No,No phone service,DSL,No,No,Yes,No,No,No,Month-to-month,Yes,Credit card (automatic),29.29,629.74,No
3598-XCWTH,Female,0,Yes,Yes,72,Yes,No,No,No internet service,No internet service,No internet service,No internet service,No internet service,No internet service,Two year,No,Mailed check,19.11,1325.77,No
6223-KRDDW,Female,0,No,No,47,No,No phone service,No,No internet service,No internet service,No internet service,No internet service,No internet service,No internet service,Two year,Yes,Credit card (automatic),18.25,838.21,No
3393-EZVJJ,Male,0,Yes,Yes,5,No,No phone service,DSL,Yes,Yes,No,No,No,No,Month-to-month,Yes,Mailed check,35.58,186.6,Yes
0323-ROACL,Male,0,No,No,21,Yes,No,No,No internet service,No internet service,No internet service,No internet service,No internet service,No internet service,Month-to-month,Yes,Electronic check,22.76,490.59,No
9839-TYYAR,Male,0,Yes,No,10,Yes,Yes,No,No internet service,No internet service,No internet service,No internet service,No internet service,No internet service,Month-to-month,Yes,Mailed check,23.65,236.17,No
8647-NKYRL,Female,0,Yes,No,54,Yes,No,DSL,No,No,No,Yes,No,Yes,Month-to-month,Yes,Bank transfer (automatic),62.19,3275.22,No
7995-NLYZZ,Male,0,Yes,No,2,No,No phone service,Fiber optic,No,No,Yes,No,Yes,Yes,Month-to-month,No,Bank transfer (automatic),70.79,146.81,Yes
0266-GASMU,Male,0,No,No,62,Yes,No,Fiber optic,No,No,Yes,No,Yes,No,One year,Yes,Bank transfer (automatic),86.44,5468.65,No
4444-ZOYVW,Female,0,Yes,Yes,30,Yes,Yes,DSL,No,Yes,No,No,Yes,Yes,Month-to-month,Yes,Electronic check,75.04,2363.61,No
3301-WJUVL,Female,1,No,No,8,No,No phone service,DSL,No,No,Yes,No,No,Yes,One year,Yes,Bank transfer (automatic),39.62,341.93,No
1241-ISUJC,Female,0,Yes,No,10,Yes,No,Fiber optic,No,Yes,No,No,Yes,Yes,One year,No,Mailed check,96.24,975.02,Yes
3621-HNTWQ,Female,0,No,No,36,No,No phone service,DSL,Yes,No,No,No,Yes,Yes,Month-to-month,No,Electronic check,49.98,1846.28,No
0215-ISEEJ,Female,0,No,No,60,Yes,No,No,No internet service,No internet service,No internet service,No internet service,No internet service,No internet service,Two year,Yes,Bank transfer (automatic),18.25,1046.55,No
8688-PSDBI,Female,1,No,No,49,No,No phone service,Fiber optic,No,No,Yes,No,No,Yes,Two year,Yes,Electronic check,64.65,3419.19,Yes
9375-OAKNY,Female,0,Yes,No,13,No,No phone service,Fiber optic,No,No,No,Yes,Yes,Yes,Month-to-month,Yes,Electronic check,74.99,904.85,No
2846-BSUQA,Male,0,Yes,Yes,1,Yes,No,Fiber optic,No,No,No,No,No,Yes,Month-to-month,Yes,Electronic check,78.97,73.56,No
5880-DORMS,Male,0,Yes,No,64,Yes,Yes,Fiber optic,No,No,No,Yes,Yes,No,Two year,No,Bank transfer (automatic),88.75,5659.03,No
8247-PKKAO,Female,0,Yes,No,42,Yes,No,No,No internet service,No internet service,No internet service,No internet service,No internet service,No internet service,One year,No,Credit card (automatic),18.65,745.07,No
5313-EEEGE,Female,0,No,No,32,Yes,No,Fiber optic,No,No,No,No,Yes,Yes,Two year,Yes,Credit card (automatic),88.8,2701.6,No
5013-JHTGD,Female,0,Yes,Yes,8,Yes,No,DSL,Yes,Yes,Yes,No,No,No,Month-to-month,No,Credit card (automatic),58.05,489.27,Yes
1016-QWLWY,Male,1,No,Yes,69,Yes,No,Fiber optic,No,No,No,No,Yes,Yes,Two year,Yes,Bank transfer (automatic),88.89,5783.8,No
5941-GFPLA,Male,0,Yes,Yes,11,Yes,Yes,DSL,No,Yes,No,Yes,Yes,Yes,Month-to-month,No,Mailed check,80.49,907.7,No
3842-IPMWN,Female,0,No,No,43,No,No phone service,No,No internet service,No internet service,No internet service,No internet service,No internet service,No internet service,One year,Yes,Credit card (automatic),18.25,802.67,No
0781-LRYGB,Male,0,No,No,10,Yes,Yes,Fiber optic,Yes,No,Yes,No,Yes,No,Month-to-month,No,Mailed check,93.9,1011.17,Yes
8916-UZDTS,Male,0,No,No,14,Yes,No,DSL,No,No,No,No,Yes,Yes,One year,Yes,Bank transfer (automatic),64.39,877.85,No
6002-LSRDJ,Male,0,No,No,61,Yes,Yes,DSL,No,Yes,Yes,Yes,No,No,Month-to-month,Yes,Electronic check,64.56,3652.67,No
9590-YLLKJ,Male,0,No,No,8,Yes,No,DSL,Yes,No,No,No,No,Yes,Month-to-month,No,Mailed check,57.19,479.35,No
8595-QXIVY,Male,0,Yes,Yes,72,No,No phone service,Fiber optic,No,No,No,No,No,Yes,Two year,Yes,Bank transfer (automatic),60.65,4402.2,No
1254-SPWTX,Female,1,Yes,Yes,25,Yes,No,DSL,Yes,Yes,No,Yes,Yes,Yes,Month-to-month,No,Mailed check,79.44,2037.91,No
1787-YNSKH,Male,0,No,No,17,Yes,No,No,No internet service,No internet service,No internet service,No internet service,No internet service,No internet service,Month-to-month,Yes,Credit card (automatic),18.32,289.37,No
9211-OMDLO,Female,0,Yes,No,56,Yes,Yes,Fiber optic,No,No,Yes,No,Yes,No,Month-to-month,No,Mailed check,87.9,4573.87,No
5252-GKXCT,Female,0,No,No,40,Yes,No,Fiber optic,No,Yes,No,Yes,No,Yes,One year,Yes,Mailed check,90.19,3592.68,No
3809-HNZPS,Male,0,Yes,No,2,Yes,Yes,DSL,Yes,Yes,Yes,No,No,No,Month-to-month,No,Mailed check,61.41,113.11,No
0342-OULCK,Female,0,Yes,No,69,Yes,No,Fiber optic,Yes,No,Yes,No,Yes,No,Two year,Yes,Credit card (automatic),90.12,6676.95,No
0707-VNKOT,Female,0,No,No,15,No,No phone service,Fiber optic,No,No,No,Yes,No,Yes,One year,Yes,Credit card (automatic),65.64,1040.25,No
0839-OIRWC,Male,0,Yes,No,59,Yes,No,Fiber optic,No,Yes,No,No,No,Yes,Two year,No,Bank transfer (automatic),81.02,4496.58,No
4757-JCFKX,Male,0,No,No,13,Yes,No,Fiber optic,No,No,Yes,Yes,Yes,Yes,Month-to-month,No,Mailed check,99.59,1258.18,No
7375-WIQDU,Male,0,No,No,36,No,No phone service,DSL,Yes,Yes,Yes,Yes,No,Yes,One year,No,Bank transfer (automatic),52.76,2037.71,No
8780-ETPQI,Male,0,Yes,No,70,Yes,Yes,Fiber optic,Yes,No,No,No,Yes,Yes,Two year,Yes,Electronic check,103.01,7101.05,No
4821-XRYAL,Female,0,Yes,No,65,Yes,No,Fiber optic,No,No,No,No,Yes,No,Two year,Yes,Bank transfer (automatic),77.02,4949.7,No
0970-WKSBA,Male,0,Yes,Yes,38,Yes,No,Fiber optic,No,No,No,No,Yes,Yes,One year,No,Credit card (automatic),92.46,3604.56,No
9273-BKFLD,Female,0,No,No,67,Yes,Yes,No,No internet service,No internet service,No internet service,No internet service,No internet service,No internet service,Two year,Yes,Credit card (automatic),23.97,1487.47,No
2543-RNLJU,Male,0,No,No,25,No,No phone service,DSL,No,Yes,No,No,Yes,Yes,Month-to-month,No,Electronic check,50.59,1364.32,No
8245-AJHHF,Female,0,No,No,2,Yes,Yes,Fiber optic,Yes,Yes,No,No,Yes,Yes,Month-to-month,Yes,Electronic check,105.11,206.57,Yes
7447-YHVJF,Female,0,Yes,Yes,28,No,No phone service,No,No internet service,No internet service,No internet service,No internet service,No internet service,No internet service,Month-to-month,Yes,Mailed check,18.25,473.82,No
1218-YNEEF,Male,0,Yes,No,4,Yes,Yes,Fiber optic,No,No,No,No,Yes,No,Month-to-month,No,Bank transfer (automatic),83.38,316.34,Yes
7870-TNAUV,Female,0,Yes,No,70,Yes,No,Fiber optic,No,Yes,Yes,No,Yes,No,Two year,Yes,Mailed check,88.65,6006.63,No
1457-CYEVU,Male,0,Yes,No,22,Yes,No,DSL,Yes,No,Yes,Yes,Yes,Yes,Month-to-month,No,Mailed check,76.29,1656.66,No
7416-RSEWE,Female,0,No,No,46,Yes,Yes,DSL,No,Yes,No,No,Yes,Yes,Month-to-month,Yes,Mailed check,74.03,3512.68,No
7286-AZLCY,Female,0,No,No,7,Yes,No,Fiber optic,No,No,No,No,Yes,No,Month-to-month,Yes,Electronic check,79.56,549.17,Yes
0074-CYUZC,Male,0,Yes,Yes,19,Yes,Yes,Fiber optic,Yes,Yes,No,No,No,No,One year,Yes,Electronic check,81.92,1488.04,No
4402-NMXBW,Male,0,No,No,1,Yes,No,Fiber optic,Yes,No,No,Yes,Yes,Yes,Month-to-month,No,Electronic check,102.22,102.73,Yes
2758-UOMPO,Female,0,Yes,Yes,70,Yes,No,Fiber optic,Yes,Yes,No,No,No,No,Two year,No,Electronic check,77.75,5265.27,No
9694-DBCOV,Male,0,No,No,71,Yes,No,DSL,No,Yes,No,No,No,Yes,Two year,Yes,Mailed check,56.68,3899.24,No
5719-OJZWB,Female,0,No,No,25,Yes,Yes,Fiber optic,No,Yes,No,No,No,Yes,Month-to-month,No,Credit card (automatic),91.55,2127.97,No
2099-HYOGY,Female,0,No,No,16,Yes,No,Fiber optic,No,No,No,No,Yes,No,Month-to-month,No,Credit card (automatic),77.26,1168.36,No
6104-TGEIM,Male,1,Yes,No,22,Yes,No,DSL,No,No,No,No,No,Yes,Month-to-month,Yes,Electronic check,52.97,1097.45,Yes
2769-DMRHD,Female,0,Yes,No,1,Yes,Yes,No,No internet service,No internet service,No internet service,No internet service,No internet service,No internet service,Month-to-month,Yes,Electronic check,26.3,25.79,No
6038-EISVC,Female,0,Yes,No,4,Yes,No,Fiber optic,No,Yes,No,No,Yes,Yes,Month-to-month,Yes,Bank transfer (automatic),93.05,380.79,Yes
2533-HSUDO,Female,0,Yes,Yes,15,Yes,Yes,DSL,Yes,No,No,Yes,No,Yes,Month-to-month,No,Electronic check,71.6,1122.53,No
2648-GNMJE,Female,0,No,No,3,Yes,Yes,Fiber optic,No,Yes,Yes,No,Yes,No,Month-to-month,Yes,Credit card (automatic),94.47,290.69,Yes
5263-JZNVT,Female,0,No,No,1,Yes,Yes,No,No internet service,No internet service,No internet service,No internet service,No internet service,No internet service,Month-to-month,No,Electronic check,23.19,22.91,No
9183-ZTILJ,Female,0,No,No,66,Yes,Yes,DSL,No,Yes,No,Yes,No,No,Two year,No,Bank transfer (automatic),60.25,3878.23,No
0888-OFPRW,Female,0,Yes,Yes,25,Yes,Yes,No,No internet service,No internet service,No internet service,No internet service,No internet service,No internet service,One year,No,Electronic check,23.12,578.61,No
7267-FFSVM,Female,0,Yes,Yes,40,Yes,Yes,Fiber optic,Yes,No,No,No,No,No,One year,Yes,Mailed check,81.77,3122.9,No
8897-KKPEP,Male,0,No,No,42,No,No phone service,DSL,No,No,No,Yes,Yes,Yes,One year,No,Bank transfer (automatic),49.92,2056.04,No
5014-OILKT,Female,0,Yes,No,63,Yes,Yes,Fiber optic,Yes,No,No,No,No,Yes,Two year,Yes,Bank transfer (automatic),90.81,5645.7,No
4583-HKOHK,Female,0,Yes,No,71,No,No phone service,Fiber optic,No,No,No,No,No,Yes,One year,Yes,Mailed check,57.06,3998.39,No
1848-HIYDK,Female,0,Yes,No,52,Yes,No,No,No internet service,No internet service,No internet service,No internet service,No internet service,No internet service,Month-to-month,No,Credit card (automatic),18.25,1017.08,No
3341-RNXLH,Male,0,No,No,7,No,No phone service,No,No internet service,No internet service,No internet service,No internet service,No internet service,No internet service,Month-to-month,Yes,Bank transfer (automatic),18.25,129.59,No
7583-WDJTB,Female,0,Yes,No,10,Yes,Yes,Fiber optic,No,No,No,Yes,No,Yes,Month-to-month,Yes,Electronic check,92.27,954.26,Yes
5891-RLOMH,Female,1,No,No,14,Yes,No,Fiber optic,No,No,Yes,No,Yes,No,Month-to-month,Yes,Mailed check,83.77,1228.03,Yes
3135-PPWYO,Male,0,No,No,71,Yes,No,DSL,Yes,No,No,Yes,No,No,Two year,Yes,Mailed check,52.46,3982.02,No
7087-PWHJB,Female,0,No,No,6,No,No phone service,Fiber optic,Yes,No,No,Yes,No,Yes,Month-to-month,Yes,Mailed check,68.85,428.81,Yes
4812-GQWPA,Female,0,No,Yes,38,Yes,No,No,No internet service,No internet service,No internet service,No internet service,No internet service,No internet service,Two year,Yes,Bank transfer (automatic),18.25,697.34,No
4029-LHYFO,Male,1,No,No,61,Yes,No,No,No internet service,No internet service,No internet service,No internet service,No internet service,No internet service,Two year,Yes,Bank transfer (automatic),22.95,1462.93,No
9018-HZNYD,Male,0,Yes,No,20,Yes,No,DSL,No,No,No,No,No,Yes,Month-to-month,Yes,Mailed check,55.42,1184.97,No
2832-FQYTQ,Male,0,Yes,Yes,1,Yes,No,Fiber optic,Yes,Yes,No,No,Yes,No,Month-to-month,Yes,Electronic check,86.94,82.63,No
0479-SNYNE,Male,0,Yes,Yes,7,Yes,Yes,No,No internet service,No internet service,No internet service,No internet service,No internet service,No internet service,Month-to-month,Yes,Electronic check,23.45,167.51,No
4170-IKAMW,Male,0,Yes,No,66,Yes,No,Fiber optic,No,No,Yes,No,Yes,No,Two year,No,Credit card (automatic),84.78,5814.37,No
5912-JZJZL,Male,0,Yes,No,69,Yes,No,DSL,No,No,Yes,No,No,No,Two year,Yes,Credit card (automatic),50.2,3293.19,No
6744-UQIPR,Male,0,No,No,6,Yes,No,DSL,No,Yes,Yes,Yes,No,No,Two year,Yes,Bank transfer (automatic),59.46,384.8,No
3734-XXFBN,Male,0,Yes,No,46,Yes,Yes,No,No internet service,No internet service,No internet service,No internet service,No internet service,No internet service,Month-to-month,No,Mailed check,22.35,997.35,No
0556-XRENC,Female,0,No,No,50,Yes,Yes,Fiber optic,No,Yes,Yes,No,No,Yes,One year,Yes,Bank transfer (automatic),95.61,4916.49,No
6922-VVFKN,Female,0,No,No,56,Yes,No,No,No internet service,No internet service,No internet service,No internet service,No internet service,No internet service,One year,Yes,Electronic check,19.47,1088.58,No
3447-GNFCY,Male,0,No,No,5,Yes,No,DSL,No,No,No,No,Yes,Yes,Month-to-month,No,Mailed check,65.36,304.62,Yes
7403-NBKMG,Female,1,No,Yes,65,No,No phone service,Fiber optic,Yes,No,No,No,Yes,Yes,Two year,No,Credit card (automatic),70.62,4474.62,No
8909-CRAUA,Male,0,Yes,No,64,Yes,No,No,No internet service,No internet service,No internet service,No internet service,No internet service,No internet service,Two year,No,Bank transfer (automatic),19.88,1274.39,No
9762-FPUHI,Female,1,Yes,Yes,66,No,No phone service,Fiber optic,No,Yes,No,Yes,Yes,Yes,One year,No,Electronic check,82.39,5571.73,No
8092-BEIRW,Male,0,Yes,No,4,Yes,Yes,Fiber optic,No,Yes,Yes,No,Yes,Yes,Month-to-month,Yes,Bank transfer (automatic),104.32,441.64,Yes
2922-EDFOU,Female,0,No,No,2,Yes,Yes,DSL,No,No,No,Yes,Yes,Yes,Month-to-month,No,Electronic check,73.95,136.68,Yes
8744-HGSYM,Male,0,Yes,Yes,4,Yes,No,DSL,No,Yes,No,No,Yes,Yes,Month-to-month,Yes,Electronic check,67.76,280.99,Yes
6572-XFUSP,Male,0,Yes,No,5,Yes,No,DSL,Yes,Yes,Yes,No,No,Yes,Month-to-month,Yes,Credit card (automatic),65.26,317.66,No
8952-UMCPN,Male,0,No,No,1,No,No phone service,Fiber optic,No,No,Yes,Yes,Yes,No,Two year,Yes,Bank transfer (automatic),69.84,67.56,No
5308-OUQLH,Male,0,Yes,Yes,72,Yes,No,Fiber optic,No,No,Yes,Yes,Yes,No,Month-to-month,Yes,Electronic check,88.27,6758.49,No
0576-JCKTQ,Male,0,No,Yes,4,Yes,No,No,No internet service,No internet service,No internet service,No internet service,No internet service,No internet service,Month-to-month,Yes,Electronic check,21.94,87.32,No
7677-LZAAO,Female,0,No,No,25,Yes,Yes,No,No internet service,No internet service,No internet service,No internet service,No internet service,No internet service,Month-to-month,No,Electronic check,21.98,545.62,No
1231-PIJPZ,Female,0,Yes,No,3,Yes,Yes,DSL,No,Yes,No,No,Yes,Yes,Month-to-month,Yes,Electronic check,74.54,206.2,No
3339-NOWUH,Female,0,No,No,5,No,No phone service,DSL,Yes,No,No,No,No,Yes,Month-to-month,No,Mailed check,40.65,197.95,Yes
6394-YWHCO,Male,0,Yes,No,23,No,No phone service,DSL,Yes,Yes,No,No,Yes,No,Month-to-month,No,Mailed check,45.56,993.8,No
9211-NPJXB,Male,0,Yes,Yes,31,Yes,No,Fiber optic,No,No,Yes,No,No,No,One year,No,Mailed check,72.69,2199.74,No
3131-QHTMZ,Male,0,No,No,2,Yes,Yes,Fiber optic,No,No,No,No,Yes,Yes,Month-to-month,Yes,Credit card (automatic),93.63,175.03,Yes
2084-UVQXM,Male,0,Yes,No,13,Yes,No,Fiber optic,No,No,No,No,Yes,Yes,Month-to-month,Yes,Electronic check,90.12,1230.47,Yes
4021-PYOJW,Female,0,No,Yes,12,Yes,No,No,No internet service,No internet service,No internet service,No internet service,No internet service,No internet service,Month-to-month,Yes,Mailed check,18.96,241.23,Yes
7715-QHXLD,Female,0,No,Yes,4,Yes,Yes,DSL,No,No,Yes,Yes,Yes,Yes,Month-to-month,Yes,Mailed check,80.01,306.16,No
8428-RMNSN,Male,0,No,No,15,Yes,No,Fiber optic,Yes,No,No,No,No,Yes,Month-to-month,Yes,Electronic check,81.17,1253.41,Yes
9602-YMAPO,Male,0,Yes,Yes,56,Yes,No,No,No internet service,No internet service,No internet service,No internet service,No internet service,No internet service,Two year,Yes,Mailed check,18.78,1108.66,No
0242-HHLKW,Male,1,Yes,Yes,14,Yes,Yes,DSL,No,No,No,Yes,Yes,No,Month-to-month,Yes,Mailed check,65.7,947.01,No
7134-XJVKE,Male,0,Yes,Yes,49,Yes,Yes,No,No internet service,No internet service,No internet service,No internet service,No internet service,No internet service,Two year,Yes,Credit card (automatic),24.02,1128.14,No
1639-ODKUV,Male,0,Yes,No,67,Yes,No,Fiber optic,Yes,No,Yes,Yes,Yes,No,Two year,Yes,Mailed check,90.22,6198.76,No
2688-HLARP,Female,1,Yes,Yes,56,Yes,No,DSL,No,No,Yes,No,Yes,No,Two year,Yes,Credit card (automatic),59.71,3501.22,No
5077-LBDPO,Female,0,Yes,Yes,55,No,No phone service,Fiber optic,Yes,Yes,No,No,No,Yes,Two year,Yes,Electronic check,69.49,4068.09,No
1852-ONKTR,Female,0,No,No,52,Yes,No,DSL,Yes,No,No,Yes,Yes,No,Two year,Yes,Credit card (automatic),62.68,3472.3,No
6720-SFESE,Female,0,Yes,No,9,Yes,No,Fiber optic,No,No,Yes,No,No,Yes,Month-to-month,Yes,Credit card (automatic),86.3,780.84,No
1534-KVFYP,Male,0,Yes,Yes,6,Yes,Yes,Fiber optic,No,No,No,No,No,Yes,Month-to-month,No,Electronic check,86.08,537.78,No
9986-TDBKN,Female,0,No,Yes,25,Yes,Yes,DSL,No,Yes,No,No,No,Yes,One year,Yes,Mailed check,63.29,1535.99,No
4629-SRVAM,Female,0,Yes,No,2,Yes,No,Fiber optic,No,Yes,Yes,No,Yes,No,Month-to-month,Yes,Credit card (automatic),89.87,175.82,Yes
5855-GTBKH,Female,0,Yes,No,45,Yes,Yes,No,No internet service,No internet service,No internet service,No internet service,No internet service,No internet service,One year,No,Bank transfer (automatic),24.35,1064.52,No
3792-ECSWX,Male,0,Yes,No,33,Yes,Yes,No,No internet service,No internet service,No internet service,No internet service,No internet service,No internet service,Month-to-month,No,Electronic check,22.99,799.68,No
1019-LEVDL,Female,0,Yes,Yes,7,Yes,Yes,No,No internet service,No internet service,No internet service,No internet service,No internet service,No internet service,Month-to-month,Yes,Mailed check,26.87,184.54,No
3752-UDIFL,Male,0,Yes,Yes,40,No,No phone service,DSL,No,No,Yes,No,No,No,One year,No,Credit card (automatic),28.81,1211.98,No
8401-IAGGA,Male,0,Yes,Yes,48,No,No phone service,Fiber optic,No,No,No,No,Yes,Yes,One year,Yes,Bank transfer (automatic),69.57,3484.51,No
4410-BRZCX,Male,0,Yes,No,4,Yes,No,Fiber optic,No,Yes,Yes,Yes,No,No,Month-to-month,No,Mailed check,83.7,348.66,Yes
6438-WGBCZ,Female,1,Yes,Yes,67,Yes,No,DSL,Yes,No,No,No,Yes,Yes,Month-to-month,No,Electronic check,69.96,4451.49,No
7799-HVHDT,Male,0,Yes,No,59,Yes,No,No,No internet service,No internet service,No internet service,No internet service,No internet service,No internet service,Two year,No,Bank transfer (automatic),22.68,1267.46,No
5901-PJRJQ,Female,0,No,No,52,Yes,No,Fiber optic,No,Yes,No,No,Yes,No,Two year,No,Bank transfer (automatic),86.52,4509.97,No
1124-RWTZA,Male,0,No,Yes,40,Yes,No,DSL,Yes,No,No,Yes,Yes,No,Month-to-month,No,Electronic check,68.43,2772.71,No
0013-ERECP,Female,0,Yes,No,57,Yes,No,No,No internet service,No internet service,No internet service,No internet service,No internet service,No internet service,One year,Yes,Credit card (automatic),21.16,1188.95,No
7305-VOSAM,Female,0,No,Yes,13,Yes,Yes,Fiber optic,No,No,Yes,Yes,No,No,Month-to-month,Yes,Electronic check,85.54,1112.57,Yes
1194-YCCXY,Male,0,No,No,11,Yes,Yes,No,No internet service,No internet service,No internet service,No internet service,No internet service,No internet service,Month-to-month,No,Electronic check,19.36,217.02,No
1434-UMDYN,Female,0,No,No,7,Yes,No,Fiber optic,Yes,No,Yes,Yes,Yes,Yes,Month-to-month,Yes,Bank transfer (automatic),105.29,757.9,Yes
3230-BWMAV,Female,0,Yes,No,13,Yes,Yes,No,No internet service,No internet service,No internet service,No internet service,No internet service,No internet service,Month-to-month,Yes,Electronic check,23.42,283.89,No
5579-HODME,Male,0,Yes,No,9,Yes,No,No,No internet service,No internet service,No internet service,No internet service,No internet service,No internet service,Month-to-month,Yes,Credit card (automatic),18.25,159.05,No
6142-HRWBT,Female,0,Yes,No,21,Yes,Yes,No,No internet service,No internet service,No internet service,No internet service,No internet service,No internet service,Month-to-month,Yes,Electronic check,23.56,471.07,No
7164-FRTDH,Female,0,No,No,46,Yes,No,No,No internet service,No internet service,No internet service,No internet service,No internet service,No internet service,One year,Yes,Credit card (automatic),18.71,928.47,No
7341-VDIOU,Female,0,No,No,72,Yes,Yes,Fiber optic,No,No,No,No,Yes,No,Month-to-month,Yes,Electronic check,82.07,5890.64,No
6463-TSPLL,Male,0,No,No,45,Yes,No,No,No internet service,No internet service,No internet service,No internet service,No internet service,No internet service,One year,No,Mailed check,18.77,786.7,No
6662-EWDPE,Male,0,Yes,No,9,Yes,No,Fiber optic,No,No,Yes,No,Yes,Yes,Month-to-month,No,Electronic check,98.82,917.13,Yes
9208-YDZVL,Male,0,No,Yes,68,No,No phone service,DSL,No,Yes,Yes,No,Yes,No,Two year,No,Credit card (automatic),42.06,2880.73,No
8587-YNISM,Male,0,No,No,60,No,No phone service,Fiber optic,No,No,Yes,No,Yes,No,One year,Yes,Electronic check,65.64,3743.93,Yes
7851-YOUGL,Female,0,No,No,58,Yes,No,DSL,No,No,No,No,Yes,Yes,Two year,No,Bank transfer (automatic),65.16,3533.13,No
2484-XWKEH,Male,0,No,No,1,Yes,No,DSL,No,No,No,No,Yes,Yes,Month-to-month,Yes,Bank transfer (automatic),65.26,70.17,No
7967-SSMCV,Female,0,Yes,Yes,20,Yes,Yes,Fiber optic,No,No,No,No,No,No,Month-to-month,Yes,Credit card (automatic),74.51,1594.27,Yes
2635-GHDQG,Male,0,Yes,Yes,39,Yes,No,DSL,No,No,Yes,Yes,No,Yes,Month-to-month,Yes,Mailed check,65.45,2419.57,No
3936-WNIRT,Male,1,No,No,35,Yes,No,DSL,No,No,Yes,Yes,Yes,No,Two year,Yes,Credit card (automatic),61.72,1993.14,No
5181-SKAJS,Female,0,Yes,No,30,No,No phone service,DSL,Yes,Yes,Yes,Yes,No,No,One year,No,Credit card (automatic),44.02,1353.32,No
2753-SNLYU,Female,1,No,No,58,Yes,Yes,Fiber optic,No,No,No,Yes,Yes,Yes,Two year,Yes,Credit card (automatic),99.06,6013.64,No
5060-YRGHR,Male,0,No,No,18,Yes,No,Fiber optic,No,No,Yes,No,No,Yes,One year,Yes,Mailed check,88.44,1578.53,Yes
7561-ZKDDW,Female,1,No,No,2,Yes,No,DSL,Yes,No,Yes,Yes,No,Yes,Month-to-month,Yes,Mailed check,68.67,136.21,No
3702-YPPJJ,Male,0,Yes,Yes,72,Yes,Yes,Fiber optic,No,No,Yes,Yes,Yes,Yes,Month-to-month,Yes,Electronic check,102.57,7454.82,Yes
0706-FGUVV,Female,0,No,No,20,Yes,No,DSL,Yes,Yes,No,No,No,No,Month-to-month,Yes,Electronic check,56.03,1109.45,Yes
9286-JGMCR,Male,1,Yes,Yes,3,Yes,Yes,Fiber optic,No,Yes,Yes,No,No,Yes,Month-to-month,Yes,Electronic check,96.51,273.01,No
7059-YLZEV,Female,0,No,No,11,Yes,No,DSL,No,Yes,Yes,Yes,Yes,Yes,One year,Yes,Bank transfer (automatic),79.57,814.28,Yes
3229-WZBTG,Female,0,Yes,Yes,17,No,No phone service,DSL,Yes,No,No,Yes,Yes,No,One year,No,Bank transfer (automatic),41.45,722.29,No
7117-CXGRA,Male,0,No,No,18,Yes,Yes,Fiber optic,No,Yes,Yes,Yes,Yes,Yes,One year,Yes,Credit card (automatic),109.56,2010.07,No
0554-URCFE,Male,0,No,No,22,Yes,No,No,No internet service,No internet service,No internet service,No internet service,No internet service,No internet service,Month-to-month,No,Credit card (automatic),18.25,414.65,No
8677-FKNKJ,Male,0,No,No,3,Yes,Yes,Fiber optic,No,No,No,Yes,Yes,No,Month-to-month,No,Credit card (automatic),89.84,269.74,Yes
2235-FTBQY,Male,0,No,No,2,Yes,No,Fiber optic,No,Yes,No,No,No,No,Month-to-month,Yes,Credit card (automatic),73,150.82,Yes
4216-YLWQY,Male,0,Yes,Yes,7,Yes,No,DSL,Yes,Yes,Yes,No,Yes,No,Month-to-month,Yes,Electronic check,69.32,504.54,No
0605-IFUMC,Female,0,No,No,3,Yes,No,DSL,Yes,No,Yes,Yes,No,Yes,Month-to-month,Yes,Mailed check,68.23,215.89,No
5350-WMQIQ,Male,1,No,No,32,Yes,No,Fiber optic,Yes,No,No,No,Yes,Yes,Month-to-month,Yes,Electronic check,90.58,2722.39,Yes
6320-AAERN,Male,0,No,No,50,Yes,No,Fiber optic,Yes,No,No,Yes,No,Yes,Two year,No,Mailed check,91.6,4335.63,No
3814-TPXSZ,Female,0,Yes,No,2,Yes,Yes,Fiber optic,No,Yes,Yes,No,No,No,Month-to-month,Yes,Electronic check,82.41,164.08,Yes
1492-KSOII,Male,0,Yes,No,35,No,No phone service,No,No internet service,No internet service,No internet service,No internet service,No internet service,No internet service,One year,Yes,Credit card (automatic),18.25,613.55,No
0956-NOWZG,Male,0,Yes,Yes,8,Yes,Yes,No,No internet service,No internet service,No internet service,No internet service,No internet service,No internet service,One year,Yes,Credit card (automatic),27.73,205.07,No
0551-OFJNS,Male,0,Yes,Yes,57,Yes,No,DSL,Yes,No,Yes,Yes,Yes,Yes,One year,Yes,Mailed check,77.89,4752.53,No
2668-TNNYK,Male,1,No,No,47,Yes,Yes,DSL,No,Yes,No,Yes,No,Yes,One year,Yes,Bank transfer (automatic),70.53,3495.89,No
4238-AAECV,Male,0,No,No,23,Yes,Yes,No,No internet service,No internet service,No internet service,No internet service,No internet service,No internet service,One year,Yes,Bank transfer (automatic),22.47,501.07,No
2399-XWHLQ,Male,0,Yes,No,57,No,No phone service,No,No internet service,No internet service,No internet service,No internet service,No internet service,No internet service,Two year,No,Mailed check,18.25,1036.38,No
6539-ABVYK,Female,0,No,Yes,12,Yes,No,DSL,No,Yes,No,Yes,Yes,No,Month-to-month,No,Electronic check,63.44,775.63,Yes
4976-VSEVE,Female,0,Yes,No,4,Yes,No,No,No internet service,No internet service,No internet service,No internet service,No internet service,No internet service,Month-to-month,Yes,Credit card (automatic),18.25,69.39,No
8478-EBRZT,Male,1,No,No,39,Yes,No,Fiber optic,Yes,No,Yes,No,Yes,Yes,One year,No,Bank transfer (automatic),100.8,3916.03,Yes
9755-ECYZE,Female,0,Yes,No,11,Yes,No,Fiber optic,No,No,No,No,Yes,Yes,Month-to-month,Yes,Electronic check,89.05,901.47,Yes
7918-WWEYP,Male,0,Yes,No,13,Yes,No,Fiber optic,Yes,No,No,No,Yes,Yes,Month-to-month,Yes,Bank transfer (automatic),95.17,1169.9,Yes
1551-JIVHD,Female,0,Yes,Yes,6,Yes,No,DSL,No,Yes,Yes,No,Yes,Yes,Month-to-month,Yes,Mailed check,74.65,435.12,No
4759-MRNST,Female,0,Yes,No,11,Yes,Yes,Fiber optic,Yes,No,Yes,No,Yes,Yes,One year,No,Electronic check,102.93,1160.31,No
8722-BVXYG,Female,0,No,No,24,Yes,No,Fiber optic,No,No,No,Yes,Yes,Yes,Two year,Yes,Bank transfer (automatic),96.46,2345.63,No
5488-UFUTX,Male,1,No,No,16,Yes,No,Fiber optic,Yes,No,Yes,No,Yes,No,Month-to-month,No,Electronic check,90.11,1436.49,Yes
3367-AEPHJ,Female,0,Yes,No,14,Yes,No,DSL,Yes,Yes,Yes,Yes,No,No,Month-to-month,No,Electronic check,63.13,882.6,Yes
9729-HCHXG,Male,0,No,No,29,Yes,No,Fiber optic,No,No,Yes,No,No,No,Month-to-month,No,Credit card (automatic),74.35,2245.84,No
8667-JTOFX,Male,0,Yes,No,22,Yes,No,DSL,Yes,No,No,No,No,No,Two year,No,Credit card (automatic),52.52,1162.91,No
9999-OXOJS,Male,0,No,Yes,22,Yes,Yes,Fiber optic,Yes,No,No,No,No,Yes,Month-to-month,No,Electronic check,88.96,1974.33,No
5929-BKXKO,Female,0,Yes,Yes,11,Yes,Yes,No,No internet service,No internet service,No internet service,No internet service,No internet service,No internet service,Month-to-month,Yes,Electronic check,24.02,283.91,No
1575-NCCUI,Female,0,No,No,23,Yes,Yes,Fiber optic,No,Yes,Yes,No,Yes,No,Month-to-month,No,Electronic check,97.25,2272.46,No
4051-FHPYU,Female,0,No,No,14,Yes,No,Fiber optic,No,No,No,Yes,No,No,Month-to-month,No,Credit card (automatic),79.22,1023.62,Yes
1655-BKYBZ,Male,0,No,No,26,Yes,Yes,Fiber optic,No,Yes,Yes,No,No,No,One year,Yes,Credit card (automatic),82.65,2242.59,No
0712-UBJAH,Male,0,Yes,Yes,3,Yes,No,Fiber optic,No,Yes,Yes,Yes,Yes,No,Month-to-month,Yes,Mailed check,94.26,271.61,Yes
1473-IIONU,Male,0,Yes,Yes,1,Yes,No,No,No internet service,No internet service,No internet service,No internet service,No internet service,No internet service,Month-to-month,Yes,Electronic check,19.27,18.26,No
0579-UKGVA,Male,1,Yes,Yes,5,Yes,No,No,No internet service,No internet service,No internet service,No internet service,No internet service,No internet service,Month-to-month,Yes,Electronic check,21.42,113.36,Yes
8060-AXPQL,Male,0,No,No,38,Yes,No,Fiber optic,Yes,Yes,No,No,No,No,One year,No,Mailed check,82.82,3253.71,No
0311-CWDUX,Female,0,No,No,12,Yes,No,Fiber optic,Yes,Yes,No,No,No,Yes,Month-to-month,No,Electronic check,89.01,1103.88,No
2670-TVVVZ,Female,0,No,No,14,Yes,No,DSL,No,No,No,Yes,No,Yes,Month-to-month,No,Mailed check,55.86,748,No
9493-NDKQI,Female,1,No,No,7,Yes,No,DSL,No,Yes,No,Yes,No,Yes,Two year,Yes,Electronic check,64.4,457.52,No
2862-ERGKC,Female,0,Yes,No,1,No,No phone service,DSL,Yes,No,Yes,Yes,No,Yes,Two year,Yes,Bank transfer (automatic),49.8,51.76,No
7483-ZYRJX,Male,0,Yes,Yes,1,Yes,Yes,Fiber optic,No,No,Yes,No,Yes,No,Month-to-month,No,Electronic check,91.47,89.1,Yes
2265-HHMMA,Male,1,No,No,69,Yes,Yes,DSL,Yes,No,Yes,Yes,Yes,Yes,One year,Yes,Electronic check,81.91,5291,No
4523-SZQYQ,Male,0,Yes,Yes,49,Yes,No,Fiber optic,No,No,Yes,No,Yes,Yes,One year,Yes,Mailed check,93.46,4662.55,No
3783-YMNQR,Male,0,No,No,72,Yes,Yes,DSL,No,Yes,Yes,Yes,Yes,No,Two year,Yes,Mailed check,76.75,5543.48,No
6691-UZYDU,Male,0,Yes,No,30,Yes,Yes,No,No internet service,No internet service,No internet service,No internet service,No internet service,No internet service,Month-to-month,No,Mailed check,25.33,807.27,No
3807-LOLTG,Female,0,No,No,39,Yes,No,DSL,No,Yes,No,Yes,Yes,Yes,One year,Yes,Bank transfer (automatic),74.77,2816.89,No
0798-ZBSVQ,Female,0,Yes,No,64,Yes,Yes,No,No internet service,No internet service,No internet service,No internet service,No internet service,No internet service,Two year,No,Bank transfer (automatic),25.37,1619.55,No
3112-UXHUC,Female,0,No,No,22,Yes,No,DSL,No,No,Yes,No,Yes,Yes,Month-to-month,Yes,Electronic check,69.22,1427.16,No
7714-XRLDJ,Male,0,No,No,45,Yes,No,DSL,No,Yes,Yes,No,No,No,Month-to-month,Yes,Electronic check,52.16,2406.64,No
3045-AMSKG,Male,0,Yes,No,9,Yes,Yes,No,No internet service,No internet service,No internet service,No internet service,No internet service,No internet service,Month-to-month,Yes,Credit card (automatic),24.43,217.45,No
9013-ZLGTB,Male,0,Yes,Yes,67,Yes,Yes,Fiber optic,Yes,No,Yes,Yes,No,Yes,Two year,No,Credit card (automatic),99.69,6505.2,No
4170-IXTDD,Female,0,No,No,23,Yes,No,DSL,No,Yes,No,No,No,No,Month-to-month,No,Mailed check,53.39,1147.63,No
6329-GPSTK,Female,0,No,No,72,Yes,Yes,No,No internet service,No internet service,No internet service,No internet service,No internet service,No internet service,One year,No,Bank transfer (automatic),23.9,1737.72,No
5621-TPCOQ,Male,0,Yes,Yes,72,Yes,Yes,Fiber optic,No,Yes,No,Yes,Yes,No,One year,Yes,Credit card (automatic),95.55,7188.34,No
6547-XAUCO,Female,1,No,No,10,Yes,No,Fiber optic,No,No,Yes,Yes,No,Yes,Month-to-month,No,Mailed check,90.2,962.2,No
4835-RZUAJ,Male,0,Yes,No,11,Yes,No,Fiber optic,Yes,No,No,No,No,No,Month-to-month,No,Mailed check,76.63,910.17,Yes
0031-MDZHM,Male,1,Yes,No,23,Yes,Yes,Fiber optic,No,No,Yes,No,Yes,Yes,Month-to-month,Yes,Electronic check,99.44,2104.72,Yes
9325-LZTWX,Female,0,No,No,29,Yes,Yes,DSL,Yes,Yes,No,No,No,Yes,Month-to-month,Yes,Electronic check,67.75,1939.62,No
1665-ZPWGS,Male,0,No,No,19,Yes,Yes,No,No internet service,No internet service,No internet service,No internet service,No internet service,No internet service,Two year,Yes,Bank transfer (automatic),31.25,580.18,No
2647-CWZHI,Female,0,Yes,Yes,18,Yes,No,No,No internet service,No internet service,No internet service,No internet service,No internet service,No internet service,Month-to-month,Yes,Electronic check,18.25,307.41,No
3627-SWCJZ,Female,0,Yes,No,61,Yes,No,Fiber optic,No,Yes,Yes,Yes,Yes,No,Two year,No,Credit card (automatic),93.09,6034.9,No
6221-XCTKL,Female,0,Yes,No,48,Yes,No,Fiber optic,Yes,Yes,No,No,No,Yes,Two year,Yes,Bank transfer (automatic),89.03,4558.52,No
7833-GIDSS,Male,0,No,No,34,Yes,Yes,No,No internet service,No internet service,No internet service,No internet service,No internet service,No internet service,Two year,No,Mailed check,28.1,959.1,No
0875-SINMU,Female,0,No,No,3,Yes,Yes,DSL,No,No,No,No,No,No,Month-to-month,No,Credit card (automatic),48.37,155.35,Yes
1633-SGQKC,Male,1,No,No,14,Yes,No,No,No internet service,No internet service,No internet service,No internet service,No internet service,No internet service,Month-to-month,Yes,Electronic check,18.25,259.42,No
3546-VFQPN,Female,1,Yes,Yes,41,Yes,No,No,No internet service,No internet service,No internet service,No internet service,No internet service,No internet service,One year,No,Bank transfer (automatic),20.2,846.98,No
3956-DJDXP,Female,0,Yes,No,18,Yes,Yes,Fiber optic,No,No,Yes,Yes,No,Yes,Month-to-month,Yes,Mailed check,97.01,1663.53,No
2885-DVRKK,Female,0,No,No,69,No,No phone service,Fiber optic,No,No,Yes,No,No,No,Two year,Yes,Bank transfer (automatic),52.32,3886.77,No
5651-NATAG,Female,0,Yes,Yes,30,Yes,No,Fiber optic,No,Yes,No,Yes,Yes,Yes,One year,Yes,Mailed check,100.56,2877.16,No
7525-AUGNZ,Female,0,Yes,Yes,63,Yes,No,No,No internet service,No internet service,No internet service,No internet service,No internet service,No internet service,Two year,Yes,Bank transfer (automatic),20.17,1354.63,No
5431-ZJALM,Female,1,Yes,Yes,61,No,No phone service,No,No internet service,No internet service,No internet service,No internet service,No internet service,No internet service,Two year,No,Credit card (automatic),18.25,1189.48,No
0859-ECRIB,Male,0,No,No,71,Yes,No,Fiber optic,No,Yes,No,Yes,Yes,No,Two year,No,Electronic check,87.02,6407.54,No
3345-YQYTS,Male,0,No,No,40,Yes,Yes,No,No internet service,No internet service,No internet service,No internet service,No internet service,No internet service,Month-to-month,Yes,Electronic check,24.92,943.54,No
7239-RAMUX,Female,0,No,No,43,Yes,No,DSL,No,No,Yes,No,No,No,Two year,Yes,Bank transfer (automatic),47.73,2125.51,No
0918-WNQBP,Female,0,Yes,Yes,20,Yes,Yes,Fiber optic,No,Yes,No,No,No,No,Month-to-month,Yes,Credit card (automatic),78.98,1631.94,Yes
8789-QDDGB,Male,0,No,No,71,Yes,No,No,No internet service,No internet service,No internet service,No internet service,No internet service,No internet service,Two year,Yes,Bank transfer (automatic),22.01,1567.29,No
5343-YMRZW,Male,0,No,No,30,Yes,No,Fiber optic,No,No,No,No,No,No,One year,No,Credit card (automatic),69.92,2027.86,No
3206-UPUQQ,Male,1,Yes,Yes,7,Yes,No,Fiber optic,No,No,Yes,Yes,Yes,Yes,Month-to-month,Yes,Electronic check,98.81,677.94,Yes
7983-CJBYE,Male,0,No,No,20,Yes,Yes,Fiber optic,Yes,Yes,Yes,Yes,No,Yes,Month-to-month,No,Electronic check,108.7,2273.93,Yes
7183-BZELV,Male,0,No,No,47,Yes,Yes,Fiber optic,Yes,No,No,No,No,No,One year,Yes,Credit card (automatic),80.31,3764.95,No
6792-TFRZR,Male,0,Yes,No,24,Yes,No,DSL,Yes,No,Yes,Yes,Yes,Yes,Month-to-month,Yes,Electronic check,78.23,1804.83,No
6679-DHJXW,Female,0,No,No,58,Yes,Yes,Fiber optic,No,Yes,Yes,No,No,Yes,One year,Yes,Credit card (automatic),95.62,5885.71,No
5798-EKUYY,Male,0,No,No,72,Yes,Yes,Fiber optic,No,No,No,No,Yes,No,Month-to-month,No,Electronic check,86.55,6394.77,Yes
6972-ODMXJ,Male,1,No,No,41,Yes,Yes,No,No internet service,No internet service,No internet service,No internet service,No internet service,No internet service,Month-to-month,Yes,Credit card (automatic),25.74,983.75,Yes
8904-NQPAS,Male,0,No,Yes,26,Yes,No,Fiber optic,No,Yes,Yes,No,Yes,No,One year,No,Credit card (automatic),91.41,2461.22,No
1866-ZWSTP,Female,0,No,No,8,Yes,No,Fiber optic,No,No,No,No,Yes,Yes,Month-to-month,Yes,Electronic check,91.85,707.68,Yes
4486-GJMGO,Male,0,No,No,62,Yes,No,Fiber optic,No,No,Yes,Yes,Yes,Yes,One year,Yes,Electronic check,99.15,5686.49,No
8948-LBKQW,Female,0,Yes,Yes,18,Yes,Yes,No,No internet service,No internet service,No internet service,No internet service,No internet service,No internet service,Month-to-month,Yes,Bank transfer (automatic),27.17,474.35,No
4812-GWRKN,Female,0,No,No,72,Yes,No,Fiber optic,No,No,No,No,No,No,Two year,Yes,Mailed check,72.58,5594.12,No
7266-NFAAF,Male,1,No,No,14,Yes,Yes,Fiber optic,Yes,No,No,No,Yes,Yes,Two year,Yes,Credit card (automatic),99.89,1426.35,No
3868-EIZSS,Female,1,No,Yes,68,Yes,No,DSL,Yes,Yes,Yes,No,Yes,No,One year,No,Mailed check,73.97,5284.97,No
4691-BBMPE,Male,0,No,No,17,Yes,Yes,No,No internet service,No internet service,No internet service,No internet service,No internet service,No internet service,Month-to-month,Yes,Electronic check,23.66,413.54,No
0126-XZCGU,Female,0,No,No,4,Yes,No,Fiber optic,No,No,No,No,No,Yes,Month-to-month,No,Electronic check,78.81,324.16,Yes
8602-FOZAE,Male,0,No,No,3,Yes,No,DSL,Yes,No,No,Yes,Yes,No,Month-to-month,Yes,Credit card (automatic),61.9,193.14,Yes
2781-OASNA,Male,0,No,No,64,Yes,No,DSL,Yes,No,Yes,No,Yes,No,Two year,No,Credit card (automatic),64.67,4250.49,No
6184-FTJFN,Male,0,Yes,No,19,Yes,No,Fiber optic,No,Yes,No,No,Yes,No,Month-to-month,No,Mailed check,83.45,1596.13,No
2535-AONNB,Female,0,Yes,No,20,Yes,No,Fiber optic,No,No,Yes,No,No,Yes,Month-to-month,Yes,Electronic check,83.5,1629.68,Yes
4426-IABNF,Male,0,No,No,19,Yes,No,DSL,No,No,No,Yes,Yes,No,Month-to-month,Yes,Credit card (automatic),60.66,1061.09,No
9693-ZDXCT,Female,0,No,No,7,Yes,Yes,DSL,No,No,Yes,Yes,Yes,No,Month-to-month,Yes,Bank transfer (automatic),68.21,462.91,No
5259-JHQTA,Female,1,No,No,57,Yes,No,Fiber optic,No,No,Yes,Yes,No,Yes,Two year,No,Bank transfer (automatic),88.61,4682.01,No
3774-RZDNI,Female,0,No,No,3,No,No phone service,DSL,No,No,No,Yes,No,No,Month-to-month,No,Mailed check,32.62,95.04,No
5929-LKFOO,Female,1,No,No,7,Yes,No,Fiber optic,No,No,No,No,No,Yes,Month-to-month,No,Electronic check,77.21,562.19,Yes
2482-YOHKP,Male,0,No,No,63,Yes,No,No,No internet service,No internet service,No internet service,No internet service,No internet service,No internet service,Month-to-month,No,Credit card (automatic),21.69,1302.04,No
4476-ROFCN,Female,0,No,No,5,Yes,Yes,Fiber optic,No,No,Yes,No,Yes,Yes,Month-to-month,Yes,Electronic check,103.77,489.56,Yes
4772-ZHIAT,Female,0,No,No,14,Yes,Yes,DSL,No,Yes,No,No,Yes,Yes,Month-to-month,Yes,Electronic check,77.57,1112.36,Yes
4620-EGVYB,Female,0,No,No,43,Yes,Yes,Fiber optic,No,Yes,Yes,No,Yes,Yes,One year,No,Mailed check,103.08,4296.41,No
4522-LAHUV,Female,0,Yes,Yes,59,Yes,No,DSL,Yes,Yes,Yes,Yes,No,Yes,Two year,Yes,Mailed check,71.19,4496.59,No
7639-LIWGM,Female,1,No,No,23,Yes,No,No,No internet service,No internet service,No internet service,No internet service,No internet service,No internet service,One year,Yes,Mailed check,18.76,397.31,No
0575-ESMHT,Male,0,Yes,No,5,Yes,No,Fiber optic,No,No,No,No,Yes,No,Month-to-month,Yes,Credit card (automatic),78.48,412.47,Yes
1661-FHCQN,Male,0,No,No,25,Yes,No,Fiber optic,No,Yes,No,Yes,Yes,No,One year,No,Electronic check,85.72,2089.5,No
1962-TZAWW,Male,0,Yes,No,10,Yes,No,Fiber optic,No,No,No,No,No,Yes,Month-to-month,No,Mailed check,77.6,803.6,No
0887-SOFXQ,Male,1,No,No,19,Yes,No,DSL,Yes,Yes,Yes,No,No,No,One year,No,Bank transfer (automatic),58.91,1200.37,No
8166-JDGRU,Male,1,Yes,Yes,42,Yes,No,DSL,No,No,Yes,No,Yes,No,Two year,No,Bank transfer (automatic),60.84,2474.44,No
6764-MGNYF,Male,0,No,No,14,Yes,No,Fiber optic,No,No,No,No,Yes,Yes,Two year,Yes,Mailed check,90.04,1358.83,No
0974-WREXC,Male,0,No,Yes,41,No,No phone service,Fiber optic,Yes,No,No,No,Yes,Yes,Two year,No,Mailed check,74.8,3163.15,No
6793-CRILS,Female,1,Yes,No,7,Yes,Yes,Fiber optic,Yes,No,Yes,No,Yes,Yes,Month-to-month,Yes,Credit card (automatic),105.73,750.91,No
0794-HCQTE,Male,0,Yes,No,67,Yes,Yes,DSL,No,Yes,Yes,Yes,Yes,No,Two year,Yes,Mailed check,74.72,4944.46,No
0432-CRZAR,Male,0,No,No,26,Yes,Yes,No,No internet service,No internet service,No internet service,No internet service,No internet service,No internet service,Month-to-month,Yes,Mailed check,24.17,637.17,No
2601-LMGKJ,Female,1,Yes,No,4,Yes,No,DSL,Yes,No,No,Yes,No,No,Month-to-month,Yes,Bank transfer (automatic),50.7,195.85,No
7102-UONZY,Female,0,No,No,23,Yes,Yes,No,No internet service,No internet service,No internet service,No internet service,No internet service,No internet service,One year,Yes,Credit card (automatic),22.95,532.95,No
7964-QAZAZ,Female,0,No,No,48,Yes,Yes,Fiber optic,Yes,Yes,Yes,No,Yes,No,One year,No,Electronic check,99.87,4763.74,No
1301-HNZFB,Female,0,No,No,64,Yes,No,Fiber optic,Yes,Yes,Yes,No,Yes,No,Two year,No,Bank transfer (automatic),91.4,5534.54,No
0236-HIHOF,Male,0,Yes,No,72,Yes,Yes,Fiber optic,Yes,No,Yes,No,No,Yes,Two year,No,Electronic check,96.7,7327.23,No
3249-POETQ,Male,0,No,Yes,68,Yes,No,Fiber optic,No,No,No,No,No,No,Two year,No,Credit card (automatic),69.7,4755.15,No
7502-IYDPL,Female,0,No,No,9,Yes,No,DSL,No,Yes,No,No,Yes,Yes,One year,No,Mailed check,73.32,628.54,No
1240-ITPUN,Female,0,Yes,Yes,27,Yes,No,Fiber optic,No,Yes,No,Yes,Yes,Yes,One year,Yes,Credit card (automatic),99.86,2651.99,No
3661-VGMSF,Male,0,No,No,1,Yes,No,Fiber optic,Yes,Yes,No,Yes,No,No,Month-to-month,Yes,Electronic check,85.36,82.07,Yes
9871-MQRQR,Female,0,Yes,No,15,Yes,No,Fiber optic,No,No,Yes,Yes,No,No,Month-to-month,No,Electronic check,77.34,1203.59,No
1962-NKNDI,Male,0,No,No,8,Yes,No,Fiber optic,No,No,Yes,Yes,Yes,No,Month-to-month,No,Electronic check,92.44,748.53,Yes
1847-PXLBT,Female,1,Yes,No,15,Yes,No,No,No internet service,No internet service,No internet service,No internet service,No internet service,No internet service,Month-to-month,Yes,Electronic check,20.59,287.96,Yes
5113-WSTBD,Female,0,Yes,No,68,Yes,Yes,No,No internet service,No internet service,No internet service,No internet service,No internet service,No internet service,Two year,Yes,Electronic check,24.52,1537.51,No
4010-NPDGS,Female,1,Yes,Yes,62,Yes,Yes,Fiber optic,Yes,Yes,Yes,No,No,No,One year,Yes,Credit card (automatic),90.75,5711.03,Yes
1971-CGBFB,Male,0,No,No,64,Yes,No,DSL,Yes,No,No,Yes,No,No,One year,No,Electronic check,54.41,3525.25,No
9345-VTISC,Female,0,No,No,18,Yes,Yes,DSL,Yes,Yes,No,No,No,No,Month-to-month,Yes,Credit card (automatic),57.75,1062.77,No
5551-RKUKK,Female,0,Yes,Yes,11,Yes,Yes,Fiber optic,No,No,Yes,No,No,Yes,One year,Yes,Bank transfer (automatic),88.32,994.68,No
6745-ROTBN,Male,1,Yes,Yes,14,Yes,Yes,Fiber optic,No,Yes,Yes,Yes,Yes,Yes,One year,Yes,Bank transfer (automatic),110.05,1558.04,No
7908-JXZPX,Female,0,No,No,24,Yes,Yes,Fiber optic,No,No,Yes,No,Yes,No,Month-to-month,No,Mailed check,92.88,2157.23,Yes
1411-JQFBI,Male,0,Yes,Yes,6,Yes,Yes,Fiber optic,No,No,No,No,Yes,Yes,Month-to-month,No,Electronic check,93.46,540.79,Yes
2164-GCLAN,Female,1,No,No,21,No,No phone service,DSL,No,No,Yes,No,Yes,No,One year,No,Credit card (automatic),41.42,921.32,No
3571-NXQAP,Male,0,No,No,59,No,No phone service,Fiber optic,No,No,No,Yes,No,Yes,Month-to-month,Yes,Mailed check,63.02,3882.97,Yes
7147-RUICN,Male,1,No,No,10,Yes,Yes,Fiber optic,No,No,Yes,No,Yes,No,One year,Yes,Credit card (automatic),90.6,940.98,No
4508-NQYOF,Male,0,No,No,56,Yes,No,No,No internet service,No internet service,No internet service,No internet service,No internet service,No internet service,Two year,Yes,Credit card (automatic),20.46,1218.8,No
5922-RPWIP,Male,0,No,No,1,Yes,Yes,Fiber optic,No,Yes,Yes,No,No,Yes,Month-to-month,Yes,Electronic check,93.01,89.95,Yes
3662-QYAJB,Male,0,Yes,No,25,No,No phone service,DSL,Yes,No,No,Yes,No,Yes,Month-to-month,Yes,Bank transfer (automatic),46.14,1063.4,No
9109-JQAXB,Female,0,Yes,No,12,Yes,Yes,Fiber optic,No,Yes,No,Yes,No,Yes,Month-to-month,Yes,Electronic check,91.84,1071.01,Yes
0232-OZUNI,Male,0,Yes,Yes,7,Yes,Yes,DSL,No,Yes,Yes,Yes,No,Yes,Month-to-month,Yes,Electronic check,74.47,513.62,No
4943-XHMSB,Male,0,Yes,Yes,44,Yes,No,Fiber optic,No,Yes,Yes,No,No,Yes,One year,No,Mailed check,88.94,4044.99,No
6640-MUBRJ,Female,0,No,No,2,No,No phone service,Fiber optic,No,No,Yes,No,Yes,No,Month-to-month,No,Bank transfer (automatic),67.58,133.94,Yes
7288-JBRFN,Female,0,No,Yes,1,Yes,Yes,DSL,No,No,No,No,Yes,Yes,Month-to-month,No,Mailed check,68.92,70.45,Yes
7458-HFQQR,Male,0,No,No,7,Yes,No,DSL,No,Yes,Yes,No,No,Yes,Month-to-month,Yes,Electronic check,67.01,463.25,Yes
9833-WAKKV,Female,0,No,Yes,72,Yes,No,DSL,Yes,No,No,No,No,Yes,Two year,No,Bank transfer (automatic),61.97,4192.79,No
3494-YXCZQ,Female,1,Yes,Yes,13,Yes,No,No,No internet service,No internet service,No internet service,No internet service,No internet service,No internet service,Month-to-month,No,Electronic check,23.58,300.86,Yes
5256-PNPUB,Male,1,No,No,12,Yes,No,DSL,No,Yes,No,Yes,Yes,Yes,Month-to-month,Yes,Bank transfer (automatic),69.51,814.33,No
3753-MBJAT,Female,1,No,Yes,2,Yes,No,Fiber optic,No,No,No,No,Yes,Yes,Month-to-month,No,Electronic check,90.08,169.8,Yes
9494-MSGCX,Male,0,No,No,5,Yes,No,Fiber optic,Yes,No,No,No,Yes,No,Month-to-month,No,Mailed check,87.24,422.6,No
0598-RPISQ,Male,0,Yes,No,13,Yes,No,No,No internet service,No internet service,No internet service,No internet service,No internet service,No internet service,Month-to-month,Yes,Electronic check,20.32,276.52,No
3052-QTDEA,Male,0,No,No,9,Yes,Yes,No,No internet service,No internet service,No internet service,No internet service,No internet service,No internet service,Month-to-month,Yes,Electronic check,24.55,227.34,No
6860-IYXIG,Female,0,Yes,Yes,25,Yes,Yes,DSL,Yes,Yes,Yes,No,No,No,Two year,No,Mailed check,65.42,1589.24,No
9823-IUKEI,Male,0,Yes,No,18,Yes,No,DSL,No,Yes,Yes,Yes,Yes,No,Two year,No,Bank transfer (automatic),68.09,1128.27,No
2038-JKWMK,Female,0,No,No,7,Yes,No,Fiber optic,No,No,Yes,No,Yes,Yes,One year,No,Bank transfer (automatic),97.74,678.99,No
9557-THPKK,Female,1,Yes,Yes,61,Yes,Yes,Fiber optic,No,No,Yes,No,Yes,No,Two year,Yes,Credit card (automatic),89.32,5768.9,Yes
1039-YXPZA,Female,0,Yes,No,36,Yes,Yes,Fiber optic,Yes,No,No,No,No,Yes,Month-to-month,Yes,Mailed check,88.84,3149.86,No
3997-XOPUS,Male,0,No,No,63,Yes,Yes,Fiber optic,No,No,Yes,No,Yes,Yes,Two year,Yes,Electronic check,94.88,5692.84,No
8927-BNNBV,Male,0,Yes,No,36,Yes,Yes,No,No internet service,No internet service,No internet service,No internet service,No internet service,No internet service,Two year,No,Electronic check,26.04,924.19,No
4425-XLJNY,Female,0,Yes,No,22,Yes,No,DSL,No,No,No,No,No,No,One year,Yes,Mailed check,41.89,956.67,No
7144-AVJDG,Male,1,No,No,29,Yes,Yes,Fiber optic,Yes,No,Yes,Yes,Yes,Yes,Month-to-month,No,Mailed check,112.4,3304.43,Yes
4822-JRQHZ,Male,0,No,No,57,Yes,Yes,Fiber optic,No,No,No,No,Yes,Yes,Two year,Yes,Mailed check,96.63,5518.56,No
8077-XZRRU,Female,0,No,No,47,Yes,Yes,Fiber optic,No,No,Yes,No,Yes,Yes,Two year,No,Mailed check,99.08,4418.46,No
1240-JDFKN,Female,0,No,No,6,Yes,Yes,Fiber optic,No,No,No,No,Yes,Yes,Month-to-month,No,Electronic check,90.52,569.6,No
1615-DORZM,Male,1,Yes,Yes,14,Yes,No,No,No internet service,No internet service,No internet service,No internet service,No internet service,No internet service,Month-to-month,Yes,Credit card (automatic),18.25,262.22,Yes
5633-HIXVT,Female,0,Yes,Yes,26,Yes,Yes,DSL,No,Yes,Yes,No,No,No,Month-to-month,No,Mailed check,59.8,1587.3,Yes
1751-PUEHY,Female,0,Yes,No,26,Yes,No,No,No internet service,No internet service,No internet service,No internet service,No internet service,No internet service,One year,No,Credit card (automatic),19.66,506.97,No
8000-AFOVK,Male,0,No,No,70,Yes,Yes,Fiber optic,No,Yes,Yes,Yes,No,No,Two year,Yes,Mailed check,88.09,6625.44,No
4396-RRMWO,Female,0,Yes,Yes,6,Yes,No,No,No internet service,No internet service,No internet service,No internet service,No internet service,No internet service,Month-to-month,Yes,Electronic check,22.67,138.3,No
2709-SRQBS,Female,0,No,No,44,Yes,Yes,No,No internet service,No internet service,No internet service,No internet service,No internet service,No internet service,Month-to-month,No,Credit card (automatic),22.65,989.37,No
1188-HGRSS,Male,0,No,No,18,No,No phone service,Fiber optic,No,Yes,No,Yes,No,Yes,Month-to-month,Yes,Credit card (automatic),65.99,1226.53,No
7109-HGRQJ,Male,1,Yes,Yes,60,Yes,Yes,DSL,No,Yes,No,Yes,No,Yes,Two year,Yes,Electronic check,71.02,4479.78,No
9604-WMQFU,Male,0,No,No,5,Yes,No,Fiber optic,No,No,No,No,Yes,No,Month-to-month,Yes,Credit card (automatic),80.93,428.1,Yes
5270-GCBBW,Male,0,No,No,1,Yes,No,DSL,Yes,No,No,No,No,Yes,Two year,Yes,Bank transfer (automatic),58.97,62.75,No
1206-PISML,Male,0,No,No,6,Yes,No,DSL,No,No,Yes,No,No,No,Month-to-month,Yes,Electronic check,49.02,296.11,No
2261-SBGAL,Female,0,No,No,17,Yes,Yes,Fiber optic,Yes,No,No,No,No,Yes,Month-to-month,Yes,Electronic check,89.1,1467.98,Yes
5329-LQKLH,Male,0,Yes,No,5,Yes,Yes,No,No internet service,No internet service,No internet service,No internet service,No internet service,No internet service,Month-to-month,Yes,Electronic check,23.74,123.25,No
7273-QPQFF,Male,0,No,No,24,Yes,Yes,No,No internet service,No internet service,No internet service,No internet service,No internet service,No internet service,Month-to-month,Yes,Bank transfer (automatic),26.12,663.1,Yes
8980-JWNDO,Female,0,Yes,No,33,Yes,Yes,Fiber optic,No,No,No,No,Yes,Yes,Two year,No,Electronic check,94.81,3246.88,No
2627-XYWZV,Male,0,No,No,59,Yes,No,DSL,Yes,Yes,No,No,Yes,No,Month-to-month,No,Credit card (automatic),62.97,3704.6,No
3782-VQFJQ,Male,0,No,No,64,Yes,No,Fiber optic,Yes,Yes,No,Yes,No,No,One year,No,Mailed check,86.34,5906.37,No
0244-ALZHG,Male,0,No,No,65,Yes,No,DSL,Yes,No,No,No,Yes,No,Two year,Yes,Electronic check,62.04,4350.39,No
8888-RVCZK,Female,0,Yes,Yes,67,Yes,Yes,No,No internet service,No internet service,No internet service,No internet service,No internet service,No internet service,Two year,Yes,Bank transfer (automatic),24.7,1541.85,No
7828-BUEGQ,Female,0,Yes,Yes,54,Yes,Yes,DSL,Yes,No,No,Yes,No,No,Two year,Yes,Credit card (automatic),59.46,3255.53,No
5668-AQGNR,Female,0,No,Yes,3,Yes,Yes,Fiber optic,No,No,No,Yes,Yes,Yes,Month-to-month,No,Electronic check,101.54,322.13,Yes
0630-XXLUO,Male,1,Yes,No,60,Yes,Yes,Fiber optic,Yes,Yes,No,Yes,Yes,No,One year,No,Mailed check,103.02,6300.69,No
5382-VWQZY,Male,0,No,No,6,Yes,Yes,DSL,Yes,Yes,Yes,Yes,No,No,Month-to-month,Yes,Bank transfer (automatic),68.66,434.97,No
6775-THYGN,Male,0,No,No,37,Yes,No,Fiber optic,Yes,No,No,No,No,No,Two year,No,Bank transfer (automatic),74.59,2658.02,No
1732-OCZRM,Female,0,Yes,No,56,Yes,Yes,DSL,No,Yes,No,No,No,No,One year,No,Mailed check,54.76,3215.35,No
3328-ROMSU,Male,0,No,No,66,Yes,No,DSL,No,No,Yes,No,No,Yes,Two year,Yes,Electronic check,59.15,3656.67,No
0853-SXLMN,Female,0,Yes,No,4,Yes,No,DSL,Yes,Yes,Yes,No,No,No,Month-to-month,Yes,Electronic check,59.79,257.55,Yes
1248-CGTXP,Male,0,No,No,67,Yes,No,Fiber optic,No,Yes,No,No,Yes,Yes,One year,No,Electronic check,100.78,7153.36,No
7939-PNKMQ,Female,0,Yes,Yes,49,No,No phone service,No,No internet service,No internet service,No internet service,No internet service,No internet service,No internet service,Two year,No,Bank transfer (automatic),18.25,824.65,No
8764-TIKPG,Female,0,Yes,Yes,11,Yes,No,Fiber optic,No,Yes,No,No,No,No,Month-to-month,No,Electronic check,76.74,892.72,Yes
2047-IFFMU,Female,1,Yes,No,18,Yes,No,Fiber optic,No,Yes,No,No,Yes,Yes,Month-to-month,Yes,Electronic check,92.9,1693.49,Yes
9291-CNSJV,Male,0,No,No,2,Yes,Yes,Fiber optic,No,Yes,No,Yes,Yes,Yes,Month-to-month,No,Bank transfer (automatic),103.7,202.21,Yes
5247-WFTTX,Female,0,No,No,70,Yes,No,DSL,Yes,No,Yes,Yes,No,No,Two year,Yes,Mailed check,53.31,3460.89,No
3871-RULMF,Female,0,No,No,0,Yes,No,Fiber optic,No,Yes,Yes,Yes,No,Yes,Month-to-month,No,Electronic check,94.45, ,No
9289-COQYD,Female,0,No,No,1,Yes,No,DSL,Yes,No,No,No,Yes,No,Month-to-month,No,Electronic check,56.84,59.92,No
0647-RGCBE,Male,0,No,No,48,Yes,No,Fiber optic,Yes,Yes,Yes,No,No,Yes,Two year,No,Mailed check,94.98,4596.68,No
3942-KXODS,Male,0,No,No,4,Yes,No,No,No internet service,No internet service,No internet service,No internet service,No internet service,No internet service,Month-to-month,Yes,Mailed check,18.8,71.68,Yes
9395-DQNZP,Male,0,Yes,No,59,Yes,No,Fiber optic,Yes,No,No,No,No,Yes,Two year,No,Credit card (automatic),81.28,5066.92,No
4861-LWBFM,Female,0,No,No,58,Yes,Yes,Fiber optic,No,No,Yes,No,Yes,No,Two year,No,Bank transfer (automatic),89.27,4948.16,No
8582-VHQET,Male,0,Yes,Yes,39,Yes,No,DSL,No,No,Yes,No,No,Yes,Month-to-month,Yes,Mailed check,58.88,2174.19,No
9674-WKPAB,Female,0,No,Yes,11,Yes,No,Fiber optic,No,No,Yes,No,No,Yes,Month-to-month,No,Electronic check,88.63,920.09,Yes
3522-MDYFJ,Female,0,No,No,7,Yes,Yes,Fiber optic,No,No,No,No,No,No,Month-to-month,Yes,Electronic check,74.96,555.5,Yes
0372-MTNWX,Female,0,Yes,Yes,33,No,No phone service,No,No internet service,No internet service,No internet service,No internet service,No internet service,No internet service,Month-to-month,Yes,Electronic check,18.25,636.78,No
9456-ZOJYZ,Female,0,No,No,2,Yes,Yes,Fiber optic,Yes,No,Yes,Yes,Yes,Yes,Month-to-month,No,Bank transfer (automatic),110.2,219.8,No
2619-THGLE,Female,0,Yes,No,71,No,No phone service,DSL,Yes,Yes,Yes,No,Yes,Yes,One year,No,Bank transfer (automatic),60.9,4387.23,No
4029-OJCLI,Female,0,No,No,49,Yes,No,No,No internet service,No internet service,No internet service,No internet service,No internet service,No internet service,Month-to-month,No,Electronic check,18.65,891,No
7095-KEZJH,Female,0,No,No,50,Yes,Yes,No,No internet service,No internet service,No internet service,No internet service,No internet service,No internet service,Two year,Yes,Credit card (automatic),24.01,1256.12,No
6245-LKKRV,Female,0,Yes,No,66,Yes,Yes,Fiber optic,No,No,No,Yes,Yes,Yes,One year,No,Credit card (automatic),100.89,6915.26,No
7519-HZKWB,Male,0,Yes,No,32,No,No phone service,Fiber optic,No,No,Yes,No,No,No,Month-to-month,Yes,Credit card (automatic),52.93,1746.96,No
4011-EWXVJ,Female,0,No,No,69,Yes,No,Fiber optic,No,Yes,No,Yes,No,Yes,One year,Yes,Bank transfer (automatic),93.12,6628.18,No
8514-RRNAK,Female,0,Yes,Yes,9,Yes,Yes,Fiber optic,No,No,No,Yes,No,Yes,Month-to-month,No,Mailed check,91.68,790.16,No
3044-BGNRW,Male,0,No,No,12,Yes,Yes,Fiber optic,No,Yes,No,No,Yes,No,Month-to-month,Yes,Mailed check,90.38,1146.92,Yes
9656-PSHDC,Male,1,No,No,25,Yes,Yes,Fiber optic,Yes,Yes,No,No,Yes,Yes,Month-to-month,Yes,Bank transfer (automatic),102.07,2532.17,No
0572-QNXOT,Female,0,Yes,Yes,63,Yes,No,DSL,Yes,Yes,No,No,No,No,Month-to-month,No,Electronic check,57.02,3695.49,No
9670-CMGMX,Female,0,Yes,No,68,Yes,Yes,DSL,No,No,No,No,Yes,No,One year,No,Electronic check,57.14,3752.11,No
6587-LBKWN,Male,0,No,No,8,Yes,Yes,DSL,No,Yes,Yes,No,No,No,Month-to-month,Yes,Electronic check,59.92,477.03,No
8003-VQTKQ,Male,1,No,No,41,Yes,Yes,Fiber optic,No,No,Yes,Yes,No,No,Month-to-month,No,Credit card (automatic),84.08,3293.75,Yes
5573-MZZNL,Female,0,No,No,31,Yes,Yes,No,No internet service,No internet service,No internet service,No internet service,No internet service,No internet service,Two year,Yes,Electronic check,25.85,856,No
6785-MFAQR,Male,0,Yes,No,1,Yes,No,No,No internet service,No internet service,No internet service,No internet service,No internet service,No internet service,Month-to-month,Yes,Mailed check,18.93,19.07,Yes
6586-OQTMV,Female,1,No,No,36,Yes,No,Fiber optic,No,Yes,No,No,No,Yes,Month-to-month,Yes,Credit card (automatic),82.25,2766.31,No
4951-TJMAA,Female,0,Yes,Yes,13,Yes,No,DSL,No,Yes,Yes,Yes,Yes,No,Month-to-month,Yes,Mailed check,68.25,943.91,No
5818-UYGAI,Male,0,Yes,No,45,Yes,No,DSL,Yes,Yes,Yes,No,Yes,No,Two year,No,Bank transfer (automatic),68.77,3217.81,No
4357-RDGOF,Female,0,Yes,No,20,Yes,No,DSL,No,No,No,No,Yes,No,One year,No,Mailed check,56.69,1119.44,No
2361-HEYUI,Female,0,No,No,3,Yes,No,Fiber optic,No,No,Yes,No,No,Yes,Month-to-month,Yes,Bank transfer (automatic),84.57,244.64,Yes
3966-RBSSH,Male,0,Yes,No,33,Yes,No,Fiber optic,No,Yes,Yes,No,No,Yes,Month-to-month,Yes,Credit card (automatic),87.25,2922.03,No
2255-ZVNGQ,Male,1,Yes,Yes,26,Yes,No,No,No internet service,No internet service,No internet service,No internet service,No internet service,No internet service,One year,No,Credit card (automatic),21.06,579.09,No
7964-YKRNY,Male,0,No,No,8,Yes,No,DSL,Yes,No,No,No,Yes,No,Month-to-month,Yes,Bank transfer (automatic),60.64,492.26,No
4066-SQAAZ,Male,0,No,No,27,Yes,No,DSL,No,No,No,No,No,No,Month-to-month,No,Electronic check,42.94,1068.05,Yes
6073-PWMLQ,Female,0,Yes,No,37,Yes,No,DSL,Yes,No,No,Yes,No,No,One year,Yes,Bank transfer (automatic),52.75,1892.38,No
4073-JXRQV,Male,1,No,No,5,Yes,No,Fiber optic,No,Yes,Yes,Yes,No,Yes,Month-to-month,No,Electronic check,93.95,479.79,Yes
7357-TSUND,Male,0,Yes,Yes,19,Yes,No,DSL,No,Yes,Yes,Yes,Yes,No,Month-to-month,Yes,Mailed check,68.36,1287.71,No
4571-BHIDW,Male,0,Yes,No,43,Yes,Yes,No,No internet service,No internet service,No internet service,No internet service,No internet service,No internet service,One year,Yes,Bank transfer (automatic),26.15,1132.63,No
1283-VCWUD,Male,0,Yes,Yes,23,Yes,No,Fiber optic,No,Yes,No,Yes,No,No,Month-to-month,No,Mailed check,79.63,1788.25,Yes
4367-DOACB,Male,1,No,No,15,Yes,No,Fiber optic,Yes,Yes,No,Yes,No,No,Month-to-month,No,Mailed check,82.48,1147.36,Yes
4731-RYHGT,Male,1,No,No,37,Yes,No,No,No internet service,No internet service,No internet service,No internet service,No internet service,No internet service,Two year,Yes,Credit card (automatic),19.66,780.97,No
5988-FFCIF,Male,0,Yes,No,12,Yes,Yes,Fiber optic,No,No,No,No,Yes,No,Month-to-month,Yes,Electronic check,84.63,1016.65,Yes
9358-EIYPF,Male,0,Yes,No,36,Yes,No,No,No internet service,No internet service,No internet service,No internet service,No internet service,No internet service,One year,Yes,Bank transfer (automatic),18.25,626.62,No
0595-TCRJK,Female,0,Yes,Yes,18,Yes,No,Fiber optic,No,No,No,No,Yes,No,Month-to-month,Yes,Credit card (automatic),78.6,1345.38,Yes
8151-DWOWS,Female,0,No,No,45,Yes,Yes,DSL,No,No,Yes,Yes,No,No,Two year,No,Bank transfer (automatic),60.14,2903.59,No
4761-OOLQN,Female,0,No,No,29,No,No phone service,DSL,Yes,No,Yes,No,No,No,One year,No,Electronic check,37.56,1046.33,No
2648-MLISH,Female,0,Yes,No,10,Yes,No,No,No internet service,No internet service,No internet service,No internet service,No internet service,No internet service,Month-to-month,No,Mailed check,20.92,212.94,No
4987-UTNQO,Male,0,No,No,13,Yes,No,Fiber optic,Yes,No,No,No,No,Yes,Month-to-month,Yes,Electronic check,82.98,1125.39,Yes
0376-JZYRJ,Male,1,Yes,No,13,Yes,No,Fiber optic,No,Yes,Yes,No,Yes,Yes,Month-to-month,Yes,Credit card (automatic),102.37,1346.97,Yes
0828-AEXSS,Female,0,Yes,Yes,1,Yes,No,DSL,Yes,Yes,Yes,Yes,No,No,Two year,Yes,Mailed check,63.58,68.16,No
0343-HCCEE,Female,0,Yes,No,35,Yes,Yes,DSL,No,Yes,Yes,No,No,Yes,One year,No,Bank transfer (automatic),70.64,2482.58,No
8098-TNNPW,Male,0,Yes,Yes,53,Yes,Yes,Fiber optic,No,No,Yes,Yes,Yes,No,One year,Yes,Mailed check,96.92,4808.31,No
8370-CSBBA,Male,0,No,No,33,Yes,No,Fiber optic,No,No,No,Yes,Yes,Yes,Two year,No,Credit card (automatic),95.48,3020.65,No
1020-JGXCI,Male,0,Yes,Yes,13,Yes,No,No,No internet service,No internet service,No internet service,No internet service,No internet service,No internet service,Month-to-month,Yes,Bank transfer (automatic),18.42,236.82,No
6676-ETSWO,Female,1,No,No,8,Yes,No,DSL,No,No,Yes,Yes,No,No,Month-to-month,Yes,Electronic check,55.11,449.26,Yes
2953-VBSND,Female,0,Yes,No,68,Yes,No,Fiber optic,Yes,Yes,No,Yes,Yes,No,Two year,Yes,Mailed check,95.14,6366.89,No
5407-FOKVT,Female,0,Yes,Yes,44,Yes,Yes,No,No internet service,No internet service,No internet service,No internet service,No internet service,No internet service,Two year,Yes,Credit card (automatic),22.33,979.5,No
0702-YGUVO,Female,0,Yes,No,11,Yes,No,Fiber optic,No,No,Yes,No,No,No,Month-to-month,Yes,Bank transfer (automatic),73.82,779.31,No
5182-TATCK,Female,0,Yes,Yes,62,Yes,Yes,DSL,Yes,No,No,No,Yes,No,Month-to-month,No,Mailed check,65.93,4103.58,No
7300-TQDCU,Male,0,Yes,No,27,Yes,No,No,No internet service,No internet service,No internet service,No internet service,No internet service,No internet service,Month-to-month,Yes,Electronic check,18.59,538.03,No
7089-FEWTQ,Female,0,Yes,Yes,55,Yes,No,DSL,Yes,Yes,No,Yes,Yes,Yes,One year,Yes,Mailed check,78.02,4553.92,No
7046-MLQVI,Female,0,No,No,66,Yes,Yes,Fiber optic,No,Yes,No,No,No,Yes,One year,Yes,Mailed check,85.65,5847.06,No
6715-TJZME,Female,0,No,No,59,No,No phone service,No,No internet service,No internet service,No internet service,No internet service,No internet service,No internet service,One year,No,Credit card (automatic),18.25,1002.99,No
9378-TVOUN,Female,0,Yes,Yes,72,Yes,No,DSL,No,No,Yes,Yes,Yes,Yes,Two year,No,Mailed check,78.82,5656.63,No
6285-RDBJZ,Male,0,No,No,5,Yes,No,Fiber optic,No,No,Yes,No,No,Yes,Month-to-month,No,Electronic check,82.66,423.55,Yes
1884-YUNWU,Male,0,Yes,No,50,Yes,Yes,Fiber optic,Yes,No,No,No,No,Yes,Two year,Yes,Bank transfer (automatic),88.12,4401.48,No
0890-QYCSP,Male,0,No,No,5,Yes,No,Fiber optic,No,Yes,No,Yes,Yes,Yes,Month-to-month,Yes,Mailed check,101.75,519.21,Yes
0122-BNNHG,Male,0,No,No,6,Yes,Yes,DSL,Yes,Yes,No,Yes,No,Yes,Month-to-month,Yes,Credit card (automatic),72.54,403.52,No
0219-KBNRN,Male,0,Yes,Yes,50,Yes,Yes,No,No internet service,No internet service,No internet service,No internet service,No internet service,No internet service,Two year,Yes,Mailed check,23.56,1088.27,No
5847-AWPNY,Male,0,No,No,43,Yes,Yes,DSL,Yes,No,Yes,Yes,No,No,Two year,No,Credit card (automatic),66.37,2913.31,No
9704-ZPLHZ,Female,0,Yes,Yes,59,No,No phone service,DSL,No,No,Yes,Yes,No,No,Two year,Yes,Electronic check,35.19,1953.65,No
0843-JUIPE,Female,0,Yes,No,61,Yes,Yes,DSL,Yes,Yes,No,No,No,No,Two year,No,Electronic check,56.78,3394.26,No
3088-IMOIF,Male,0,No,No,14,Yes,No,DSL,Yes,No,No,Yes,No,No,Month-to-month,Yes,Mailed check,53.34,794.85,No
0903-CUKZA,Female,0,No,No,26,No,No phone service,Fiber optic,Yes,No,No,No,No,Yes,Month-to-month,Yes,Credit card (automatic),66.9,1747.54,Yes
9994-MTUAA,Male,0,Yes,Yes,19,Yes,No,DSL,No,Yes,Yes,No,Yes,No,Month-to-month,Yes,Mailed check,63.85,1190.86,No
6403-YWPHR,Male,0,Yes,No,8,Yes,Yes,No,No internet service,No internet service,No internet service,No internet service,No internet service,No internet service,Month-to-month,Yes,Bank transfer (automatic),24.46,188.48,No
9519-MMQOO,Female,1,Yes,Yes,56,Yes,No,Fiber optic,No,Yes,Yes,No,No,No,Two year,Yes,Bank transfer (automatic),79.43,4652.62,No
2856-GIWXS,Female,0,Yes,Yes,14,Yes,No,Fiber optic,No,No,No,No,Yes,No,Month-to-month,Yes,Bank transfer (automatic),81.91,1195.92,Yes
7079-VYBTE,Female,0,Yes,Yes,6,Yes,No,DSL,Yes,Yes,Yes,No,No,No,Month-to-month,Yes,Credit card (automatic),57.79,321.4,No
3205-MMATO,Male,0,Yes,Yes,54,Yes,No,No,No internet service,No internet service,No internet service,No internet service,No internet service,No internet service,Two year,No,Bank transfer (automatic),18.25,946.26,No
2638-NKTTZ,Female,0,No,No,17,No,No phone service,DSL,No,No,No,No,No,No,One year,Yes,Bank transfer (automatic),26.71,478.82,No
4833-UZZCT,Male,1,No,No,4,Yes,Yes,No,No internet service,No internet service,No internet service,No internet service,No internet service,No internet service,Month-to-month,Yes,Electronic check,21.71,87.86,No
3762-DKTYF,Male,0,No,No,67,Yes,Yes,DSL,No,No,No,No,No,No,Two year,Yes,Mailed check,46.74,2978.75,No
9895-FULSC,Female,0,Yes,No,19,Yes,Yes,Fiber optic,No,Yes,No,No,Yes,Yes,One year,No,Credit card (automatic),101.38,2071.09,No
1421-MNDBD,Male,0,Yes,Yes,38,Yes,Yes,Fiber optic,Yes,Yes,No,No,Yes,No,One year,No,Bank transfer (automatic),93.62,3468.94,No
2200-PCVHN,Male,0,No,No,39,Yes,No,Fiber optic,No,Yes,No,No,Yes,Yes,Month-to-month,Yes,Electronic check,94.68,3602.92,Yes
3364-YSGXK,Male,0,No,No,63,Yes,Yes,DSL,No,Yes,Yes,Yes,No,No,One year,Yes,Bank transfer (automatic),60.26,3511.23,No
4819-KCUSY,Male,1,No,No,16,Yes,No,DSL,No,Yes,Yes,Yes,Yes,Yes,Month-to-month,Yes,Mailed check,80.72,1360.69,No
7198-UFRFF,Male,0,Yes,No,36,Yes,Yes,Fiber optic,Yes,No,No,No,Yes,No,One year,Yes,Credit card (automatic),87.44,3097.26,No
6764-UWHBT,Male,1,No,No,7,Yes,Yes,No,No internet service,No internet service,No internet service,No internet service,No internet service,No internet service,Month-to-month,No,Mailed check,26.58,179.38,Yes
2738-TNFEJ,Female,0,No,No,2,Yes,Yes,DSL,No,Yes,Yes,No,Yes,Yes,Month-to-month,Yes,Bank transfer (automatic),79.39,152.35,Yes
8614-PZLJZ,Male,0,Yes,No,15,Yes,Yes,Fiber optic,No,No,No,No,Yes,Yes,Month-to-month,Yes,Electronic check,96.04,1413.25,Yes
9999-QICPL,Male,0,No,No,68,Yes,No,DSL,No,No,No,Yes,No,Yes,Two year,No,Bank transfer (automatic),60.33,4237.74,No
1710-WVWRV,Female,0,Yes,No,23,Yes,Yes,DSL,Yes,Yes,No,Yes,Yes,No,Month-to-month,Yes,Electronic check,74.18,1605.84,No
0915-GZUAX,Male,0,Yes,Yes,4,Yes,Yes,DSL,Yes,Yes,No,No,Yes,No,Month-to-month,Yes,Electronic check,68.24,292.83,Yes
8454-INNWT,Male,0,No,No,14,Yes,Yes,No,No internet service,No internet service,No internet service,No internet service,No internet service,No internet service,One year,Yes,Credit card (automatic),22.95,332.2,No
8147-XOYBM,Female,0,No,Yes,28,Yes,No,Fiber optic,Yes,Yes,No,No,Yes,Yes,Two year,Yes,Electronic check,101.76,2863.58,No
6867-KJMZG,Male,0,Yes,No,65,Yes,No,Fiber optic,Yes,Yes,Yes,No,No,Yes,Two year,Yes,Electronic check,90.99,5564.39,No
2391-RXLPN,Male,0,Yes,No,29,Yes,Yes,Fiber optic,No,Yes,No,No,Yes,No,Two year,No,Electronic check,86.8,2392.07,No
8357-BMJOG,Male,1,Yes,Yes,60,Yes,No,DSL,Yes,No,No,Yes,No,Yes,Two year,Yes,Mailed check,63.88,3600.38,No
0043-ILERZ,Female,1,No,No,1,Yes,No,Fiber optic,No,Yes,Yes,Yes,No,Yes,Two year,Yes,Electronic check,90.12,89.34,No
5524-XIBQD,Female,0,No,No,2,Yes,Yes,No,No internet service,No internet service,No internet service,No internet service,No internet service,No internet service,Month-to-month,No,Mailed check,23.74,47.98,No
8420-EHVXC,Male,0,No,No,20,Yes,Yes,Fiber optic,No,Yes,Yes,No,No,Yes,Month-to-month,Yes,Electronic check,94.48,1828.55,Yes
6035-LPDMI,Male,0,No,Yes,14,Yes,Yes,Fiber optic,No,Yes,Yes,No,Yes,No,Month-to-month,No,Mailed check,96.26,1325.33,No
5826-QDGUZ,Female,0,Yes,No,61,Yes,No,Fiber optic,No,No,No,Yes,Yes,Yes,Two year,Yes,Bank transfer (automatic),97.29,5936.33,No
0041-FOJXC,Male,0,No,No,61,Yes,Yes,DSL,No,No,No,No,Yes,Yes,Two year,Yes,Mailed check,66.31,4129.67,No
1251-FETFR,Male,0,Yes,Yes,1,Yes,No,Fiber optic,No,No,Yes,No,No,Yes,Month-to-month,Yes,Credit card (automatic),84.78,80.13,Yes
6785-TJIVE,Female,1,No,No,66,Yes,No,DSL,No,No,No,No,No,Yes,One year,Yes,Electronic check,56.26,3978.91,No
5398-TOQCW,Male,0,No,No,17,Yes,Yes,Fiber optic,No,No,Yes,No,No,Yes,Month-to-month,No,Mailed check,90.22,1483.12,No
4646-RCNBD,Female,0,Yes,No,58,Yes,Yes,DSL,Yes,No,Yes,Yes,No,Yes,Two year,No,Credit card (automatic),75.52,4172.24,No
4806-WAXGY,Female,0,Yes,Yes,24,Yes,No,Fiber optic,No,Yes,Yes,No,Yes,No,Month-to-month,Yes,Mailed check,88.57,2237.79,No
1929-MZAWF,Female,0,Yes,Yes,45,Yes,No,DSL,No,No,No,No,No,No,One year,Yes,Electronic check,43.66,1988.26,No
6769-RZNLO,Female,0,Yes,Yes,30,Yes,No,No,No internet service,No internet service,No internet service,No internet service,No internet service,No internet service,Month-to-month,No,Electronic check,18.25,547.14,Yes
5394-VWEIF,Female,0,Yes,Yes,33,Yes,No,DSL,No,No,No,No,No,No,Month-to-month,Yes,Mailed check,45.32,1554.71,No
7859-RURUL,Female,0,Yes,No,58,Yes,Yes,Fiber optic,Yes,No,Yes,No,No,Yes,Two year,Yes,Credit card (automatic),96.98,5573.07,No
1191-RPXCK,Female,1,No,No,3,Yes,No,Fiber optic,No,No,Yes,Yes,No,Yes,Month-to-month,No,Mailed check,90.53,260.91,Yes
9557-KOIES,Male,0,Yes,No,2,Yes,No,DSL,No,Yes,Yes,Yes,No,No,Month-to-month,Yes,Mailed check,57.48,106.06,Yes
4316-HLVNR,Male,0,No,No,3,Yes,No,No,No internet service,No internet service,No internet service,No internet service,No internet service,No internet service,Month-to-month,No,Mailed check,18.25,51.62,No
6352-DFENL,Female,0,Yes,No,5,Yes,No,DSL,No,Yes,No,Yes,Yes,No,Month-to-month,No,Mailed check,62.08,298.38,No
1696-XRXVI,Female,0,Yes,No,3,Yes,No,DSL,Yes,Yes,Yes,No,Yes,No,Month-to-month,Yes,Credit card (automatic),67.14,202.68,No
5810-ZFWPI,Male,0,Yes,Yes,65,Yes,Yes,No,No internet service,No internet service,No internet service,No internet service,No internet service,No internet service,One year,Yes,Bank transfer (automatic),24.76,1704.09,No
4571-LGWEB,Female,0,No,No,30,Yes,Yes,Fiber optic,Yes,No,Yes,Yes,No,No,One year,No,Electronic check,87.19,2427.38,No
0093-AVDCO,Female,0,Yes,No,3,Yes,Yes,Fiber optic,No,No,Yes,No,No,No,Month-to-month,No,Electronic check,78.08,227.41,Yes
5155-PENAX,Female,0,Yes,No,37,Yes,No,Fiber optic,No,No,No,No,No,No,Two year,Yes,Electronic check,71.27,2769.31,No
9673-KFFCF,Male,0,Yes,Yes,15,Yes,No,Fiber optic,Yes,No,No,No,No,No,Month-to-month,Yes,Mailed check,73.75,1064.01,Yes
8162-KMCRB,Female,0,Yes,No,63,Yes,Yes,Fiber optic,No,No,Yes,Yes,Yes,No,One year,Yes,Mailed check,93.97,6340.64,No
1143-ZTXXI,Male,0,No,No,70,Yes,No,DSL,No,No,No,No,No,Yes,Two year,Yes,Bank transfer (automatic),54.25,3587.29,No
3973-ZIFDF,Female,0,No,No,51,No,No phone service,DSL,No,No,No,Yes,No,Yes,Two year,Yes,Mailed check,40.81,2022.14,No
0573-IUYZP,Male,0,Yes,No,9,Yes,No,Fiber optic,No,No,No,No,Yes,No,One year,No,Credit card (automatic),78.74,699.47,No
3329-YOFEF,Female,0,Yes,No,10,No,No phone service,Fiber optic,No,No,Yes,Yes,No,No,Month-to-month,No,Electronic check,55.85,562.13,Yes
6209-CEAKI,Male,0,Yes,Yes,11,Yes,Yes,DSL,No,No,Yes,Yes,No,Yes,Month-to-month,No,Credit card (automatic),69.32,740.9,No
9840-TBSMW,Male,0,No,No,55,No,No phone service,No,No internet service,No internet service,No internet service,No internet service,No internet service,No internet service,One year,Yes,Electronic check,18.25,934.62,No
1118-BBPFZ,Female,0,Yes,No,71,No,No phone service,Fiber optic,Yes,No,Yes,Yes,No,No,One year,No,Credit card (automatic),68.48,4720.66,No
1897-ABPEG,Female,1,No,No,67,Yes,No,DSL,Yes,No,No,Yes,No,No,One year,No,Credit card (automatic),51.89,3513.56,No
2711-XUJYV,Male,0,Yes,Yes,57,Yes,Yes,Fiber optic,No,No,Yes,No,Yes,Yes,Two year,Yes,Bank transfer (automatic),100.66,6109.12,No
8282-IZNTW,Male,0,Yes,Yes,36,Yes,Yes,Fiber optic,Yes,No,No,Yes,Yes,Yes,One year,Yes,Electronic check,103.96,3943.6,No
3405-FOYXK,Male,0,No,No,65,Yes,Yes,DSL,Yes,Yes,No,No,No,No,Two year,No,Bank transfer (automatic),64.23,4361.78,No
8497-WAPQJ,Female,0,No,No,48,Yes,Yes,DSL,No,No,No,No,No,No,Two year,Yes,Bank transfer (automatic),50.59,2614.08,No
1457-MDFJQ,Female,0,No,No,53,No,No phone service,No,No internet service,No internet service,No internet service,No internet service,No internet service,No internet service,Two year,Yes,Credit card (automatic),18.25,910.43,No
0207-TYHYL,Female,1,No,No,15,Yes,Yes,Fiber optic,No,No,No,No,Yes,Yes,Month-to-month,Yes,Electronic check,89.15,1386.36,Yes
9175-KFKKX,Male,0,No,No,68,Yes,Yes,Fiber optic,No,Yes,Yes,No,No,Yes,Two year,No,Credit card (automatic),94.19,6397.94,No
1807-ENBHL,Female,0,No,No,59,Yes,No,No,No internet service,No internet service,No internet service,No internet service,No internet service,No internet service,Two year,Yes,Credit card (automatic),18.25,1151.24,No
4061-QAAPZ,Female,0,Yes,No,72,Yes,Yes,DSL,No,No,Yes,No,No,Yes,One year,No,Credit card (automatic),66.01,5088.91,No
6709-ETEFV,Female,0,No,No,3,Yes,Yes,Fiber optic,No,Yes,Yes,No,Yes,No,Month-to-month,No,Electronic check,95.21,285.22,Yes
7945-BPRNQ,Female,0,No,No,1,Yes,Yes,DSL,Yes,No,Yes,No,No,No,Month-to-month,Yes,Credit card (automatic),60.72,64.25,Yes
1037-HHPUW,Male,0,No,No,72,Yes,Yes,DSL,No,Yes,No,No,No,Yes,One year,No,Bank transfer (automatic),64.46,4668.4,No
9772-STABU,Female,0,No,No,14,Yes,Yes,DSL,No,No,Yes,Yes,Yes,Yes,One year,No,Mailed check,81.4,1200.21,No
4688-EDAEY,Male,0,Yes,Yes,50,Yes,Yes,DSL,Yes,No,No,Yes,No,No,Two year,No,Bank transfer (automatic),59.55,3205.32,No
9046-OXJYS,Female,0,No,Yes,5,Yes,Yes,No,No internet service,No internet service,No internet service,No internet service,No internet service,No internet service,Month-to-month,Yes,Electronic check,23.29,116.48,No
1813-HGNRC,Male,0,No,No,1,Yes,Yes,Fiber optic,No,No,No,No,Yes,Yes,Month-to-month,Yes,Credit card (automatic),94.66,98.56,Yes
7363-QHYZQ,Male,0,No,No,38,Yes,No,DSL,Yes,Yes,No,No,Yes,Yes,One year,No,Credit card (automatic),76.93,2981.73,No
2034-SOHNX,Female,0,Yes,No,61,No,No phone service,No,No internet service,No internet service,No internet service,No internet service,No internet service,No internet service,Two year,Yes,Credit card (automatic),18.25,1143.26,No
2281-HCVRY,Female,0,No,No,5,Yes,No,Fiber optic,Yes,No,Yes,No,Yes,No,Month-to-month,No,Electronic check,90.23,463.1,Yes
5871-ZSGYD,Female,0,Yes,Yes,2,Yes,No,DSL,No,Yes,Yes,Yes,Yes,Yes,Month-to-month,Yes,Electronic check,80.6,168.26,No
8688-MAFIA,Male,1,No,No,68,Yes,Yes,Fiber optic,No,No,Yes,No,No,Yes,Two year,Yes,Mailed check,89.97,5866.64,No
7260-HWWPQ,Male,0,No,No,33,Yes,No,DSL,No,No,No,Yes,Yes,Yes,Month-to-month,No,Mailed check,68.61,2256.66,No
2996-QTKDU,Male,0,No,No,3,Yes,No,Fiber optic,No,Yes,No,No,Yes,No,Month-to-month,No,Credit card (automatic),84.72,244.01,Yes
7257-LPARX,Female,0,No,No,67,Yes,No,Fiber optic,Yes,Yes,No,No,No,Yes,Two year,Yes,Electronic check,85,5992.53,No
3963-ENDKO,Male,0,No,No,55,Yes,No,No,No internet service,No internet service,No internet service,No internet service,No internet service,No internet service,Two year,No,Credit card (automatic),18.25,1056.45,No
1535-SWZGL,Female,0,Yes,Yes,9,Yes,Yes,Fiber optic,No,No,No,Yes,Yes,Yes,Month-to-month,No,Bank transfer (automatic),100.91,889.62,No
8513-EROZM,Female,0,Yes,Yes,42,Yes,Yes,Fiber optic,No,Yes,Yes,No,Yes,Yes,Two year,No,Electronic check,102.29,4255.16,No
0573-FZNQX,Female,1,No,No,70,Yes,No,No,No internet service,No internet service,No internet service,No internet service,No internet service,No internet service,Two year,Yes,Bank transfer (automatic),18.25,1209.32,No
1757-KVYVY,Female,0,Yes,No,55,Yes,No,DSL,Yes,Yes,Yes,No,No,No,Two year,No,Bank transfer (automatic),59.87,3057.5,No
0162-AYPSH,Male,0,No,No,7,Yes,Yes,Fiber optic,No,No,Yes,No,Yes,No,Month-to-month,No,Electronic check,89.19,626.2,Yes
8892-ZKDOV,Female,0,No,No,67,Yes,Yes,Fiber optic,No,Yes,No,No,No,Yes,One year,Yes,Bank transfer (automatic),89.92,6454.17,No
3104-XLTNT,Male,0,No,No,5,Yes,No,Fiber optic,No,No,Yes,No,No,Yes,Month-to-month,No,Mailed check,82.38,399.49,Yes
7995-VRIYR,Male,0,No,No,3,Yes,No,DSL,No,No,No,No,Yes,Yes,Month-to-month,Yes,Electronic check,65.32,200.85,Yes
3274-IKNMH,Female,0,Yes,Yes,64,Yes,No,DSL,No,Yes,Yes,Yes,No,No,One year,Yes,Mailed check,58.47,3656.09,No
2416-HGJSI,Male,0,No,No,10,Yes,Yes,DSL,Yes,Yes,No,Yes,No,No,Month-to-month,Yes,Electronic check,66.9,627.27,No
0940-PHTKQ,Female,0,No,No,23,No,No phone service,DSL,Yes,No,No,Yes,No,No,Month-to-month,Yes,Bank transfer (automatic),34,732.43,No
2750-HFZES,Male,0,No,No,2,Yes,No,Fiber optic,Yes,No,No,Yes,No,No,Month-to-month,No,Bank transfer (automatic),80.35,153.93,Yes
7461-GZPUB,Male,1,Yes,Yes,14,Yes,Yes,No,No internet service,No internet service,No internet service,No internet service,No internet service,No internet service,Month-to-month,No,Electronic check,22.9,295.22,No
1067-BKYRC,Female,0,Yes,No,29,Yes,Yes,Fiber optic,No,Yes,No,Yes,Yes,No,Two year,Yes,Bank transfer (automatic),98.32,3020.75,No
9211-WOXMM,Female,0,No,Yes,40,Yes,No,No,No internet service,No internet service,No internet service,No internet service,No internet service,No internet service,Two year,Yes,Bank transfer (automatic),19.17,730.46,No
6717-EMCTT,Female,1,Yes,Yes,12,Yes,Yes,No,No internet service,No internet service,No internet service,No internet service,No internet service,No internet service,Month-to-month,Yes,Credit card (automatic),25,279.48,No
9632-YPQGU,Female,0,No,No,43,Yes,No,DSL,No,No,No,Yes,Yes,No,One year,Yes,Credit card (automatic),61.17,2587.69,No
9282-EVQDO,Female,0,Yes,Yes,56,Yes,Yes,Fiber optic,Yes,No,Yes,No,Yes,No,Two year,Yes,Bank transfer (automatic),93.89,5643.33,No
4469-MOSEB,Female,1,No,No,23,Yes,Yes,Fiber optic,No,No,Yes,Yes,Yes,Yes,Month-to-month,Yes,Electronic check,109.08,2387.1,Yes
3007-GVDAW,Male,0,No,Yes,22,Yes,Yes,DSL,No,Yes,Yes,Yes,No,No,One year,Yes,Credit card (automatic),66.36,1351.39,No
4106-TAOBS,Female,1,No,No,17,Yes,Yes,Fiber optic,No,No,No,No,No,No,Month-to-month,Yes,Credit card (automatic),71.74,1145.63,Yes
7671-EOWYT,Male,0,No,No,59,Yes,Yes,Fiber optic,No,No,Yes,No,Yes,Yes,Two year,Yes,Electronic check,100.27,5638.74,No
3299-LMMSP,Female,0,No,No,12,Yes,Yes,Fiber optic,No,Yes,No,Yes,Yes,Yes,Month-to-month,No,Mailed check,105.81,1329.67,Yes
3884-GMETV,Male,0,No,No,45,Yes,Yes,Fiber optic,Yes,No,Yes,Yes,Yes,No,Two year,Yes,Bank transfer (automatic),100.86,4744.09,No
8792-RKRFF,Male,0,No,No,14,Yes,No,Fiber optic,Yes,Yes,No,No,No,Yes,Month-to-month,Yes,Mailed check,87.37,1263.37,Yes
6006-PGYUW,Male,0,Yes,Yes,24,Yes,No,DSL,No,No,No,No,Yes,No,One year,No,Electronic check,53.98,1360.73,No
4634-NHJHN,Male,0,No,Yes,12,Yes,Yes,DSL,Yes,No,No,No,Yes,Yes,One year,No,Credit card (automatic),76.4,862.75,No
9458-PANYT,Female,0,No,No,33,Yes,Yes,DSL,No,Yes,Yes,Yes,No,No,Month-to-month,Yes,Bank transfer (automatic),63.37,2251.81,No
7383-MWHYU,Male,0,Yes,Yes,15,Yes,No,Fiber optic,No,Yes,No,No,Yes,Yes,Two year,No,Mailed check,92.59,1324.29,No
9793-PNBOE,Male,1,No,No,17,Yes,No,Fiber optic,No,Yes,No,No,Yes,Yes,Month-to-month,No,Mailed check,92.65,1532.58,Yes
8809-SXCRZ,Female,0,Yes,No,21,Yes,No,No,No internet service,No internet service,No internet service,No internet service,No internet service,No internet service,Month-to-month,No,Bank transfer (automatic),18.25,409.74,No
0247-WKAPE,Female,0,No,No,70,Yes,No,No,No internet service,No internet service,No internet service,No internet service,No internet service,No internet service,Two year,Yes,Electronic check,18.25,1362.35,No
4879-CCMVZ,Female,0,No,Yes,8,Yes,Yes,Fiber optic,Yes,No,No,No,No,Yes,Month-to-month,No,Bank transfer (automatic),87.57,738.1,Yes
2146-INCKK,Female,0,Yes,No,6,No,No phone service,No,No internet service,No internet service,No internet service,No internet service,No internet service,No internet service,Month-to-month,Yes,Mailed check,18.25,116.4,No
9289-HVVZZ,Male,0,Yes,No,18,Yes,No,DSL,No,No,No,Yes,Yes,Yes,Month-to-month,No,Electronic check,71.65,1277.17,No
5114-QLNNS,Female,0,No,Yes,6,Yes,Yes,DSL,No,No,Yes,Yes,Yes,No,Month-to-month,Yes,Credit card (automatic),68.65,392.07,Yes
0582-FDBTF,Female,0,Yes,No,59,Yes,Yes,Fiber optic,No,No,No,No,Yes,Yes,Two year,No,Credit card (automatic),94.68,5410.79,No
7678-ZKFLR,Female,0,No,No,44,Yes,Yes,Fiber optic,Yes,Yes,No,No,Yes,No,One year,No,Credit card (automatic),94.31,4006.22,No
9041-FBSJS,Female,0,Yes,No,8,Yes,No,Fiber optic,No,No,Yes,No,Yes,Yes,Month-to-month,Yes,Electronic check,93.92,769.49,Yes
9140-KTQYZ,Male,0,No,No,15,Yes,Yes,DSL,No,No,Yes,No,Yes,No,Month-to-month,Yes,Electronic check,62.14,961.75,Yes
2942-SANXQ,Female,0,Yes,No,7,Yes,No,Fiber optic,No,No,No,Yes,Yes,No,One year,Yes,Credit card (automatic),81.82,559.63,No
7382-UOCKZ,Male,0,Yes,No,62,Yes,Yes,DSL,No,Yes,Yes,No,No,No,Two year,Yes,Electronic check,61.84,3856.68,No
0019-NKGPR,Female,0,No,No,39,Yes,Yes,DSL,Yes,Yes,Yes,No,Yes,Yes,One year,Yes,Bank transfer (automatic),84.22,3203.52,No
5837-PLEDE,Female,0,Yes,No,64,Yes,No,No,No internet service,No internet service,No internet service,No internet service,No internet service,No internet service,Month-to-month,No,Bank transfer (automatic),20.73,1381.28,No
7287-PFHYX,Female,0,No,Yes,63,Yes,No,No,No internet service,No internet service,No internet service,No internet service,No internet service,No internet service,Two year,No,Credit card (automatic),19.49,1144.12,No
3489-DAEAR,Male,0,No,No,8,Yes,Yes,Fiber optic,Yes,No,No,Yes,No,Yes,Month-to-month,Yes,Bank transfer (automatic),97.03,740.23,No
6292-EHFPS,Female,0,No,Yes,53,Yes,No,Fiber optic,No,Yes,No,No,Yes,No,Two year,No,Credit card (automatic),81.83,4267.27,No
4124-IBVVB,Female,1,Yes,No,12,Yes,No,No,No internet service,No internet service,No internet service,No internet service,No internet service,No internet service,Month-to-month,No,Electronic check,18.92,240.81,Yes
3402-YRRLN,Male,0,Yes,Yes,3,Yes,No,Fiber optic,Yes,No,No,Yes,Yes,No,Month-to-month,Yes,Mailed check,88.54,284.16,Yes
6381-ONDRT,Male,0,Yes,Yes,27,Yes,No,DSL,No,No,Yes,No,No,Yes,Month-to-month,No,Electronic check,57.85,1677.48,Yes
6224-TJAVF,Female,1,No,No,64,Yes,No,Fiber optic,No,No,Yes,No,No,No,Two year,Yes,Electronic check,69.84,4795.35,No
9459-EAKKQ,Female,1,Yes,Yes,2,Yes,No,Fiber optic,No,Yes,Yes,Yes,No,No,Month-to-month,Yes,Bank transfer (automatic),84.49,159.29,No
3136-NVUHB,Male,0,No,Yes,49,Yes,Yes,Fiber optic,Yes,No,No,No,Yes,Yes,Two year,Yes,Bank transfer (automatic),100.43,4789.44,No
0166-ZRUDB,Male,0,No,No,39,No,No phone service,DSL,Yes,No,Yes,No,Yes,No,Two year,Yes,Credit card (automatic),47.84,1934.81,No
6288-CGEYY,Male,0,Yes,Yes,3,Yes,No,Fiber optic,No,No,Yes,No,Yes,Yes,Month-to-month,No,Electronic check,93.63,259.68,Yes
9347-QTHLZ,Male,0,Yes,Yes,6,Yes,No,Fiber optic,No,Yes,No,No,Yes,No,Month-to-month,Yes,Electronic check,82.09,456.44,Yes
3321-WPEIW,Female,0,No,No,56,Yes,No,No,No internet service,No internet service,No internet service,No internet service,No internet service,No internet service,Two year,Yes,Electronic check,18.25,1049.42,No
0236-YSGFC,Male,0,No,No,17,No,No phone service,Fiber optic,Yes,No,No,Yes,Yes,Yes,One year,Yes,Credit card (automatic),78.42,1387.34,No
3808-AHVJB,Male,0,Yes,Yes,70,Yes,No,DSL,Yes,No,No,Yes,No,Yes,Two year,Yes,Credit card (automatic),64.7,4285.35,No
2841-DOACN,Male,0,No,No,42,Yes,Yes,DSL,No,Yes,No,No,Yes,No,One year,No,Bank transfer (automatic),62.42,2628.13,No
0299-VYAQC,Male,0,Yes,Yes,44,Yes,No,Fiber optic,No,No,No,No,No,No,Two year,Yes,Credit card (automatic),69.41,3295.56,No
7535-NBHPK,Female,0,No,No,12,Yes,Yes,Fiber optic,No,Yes,No,No,Yes,Yes,Month-to-month,No,Credit card (automatic),97.18,1254.55,Yes
5047-SHVMS,Female,0,No,No,9,Yes,Yes,Fiber optic,No,Yes,Yes,No,No,Yes,One year,No,Mailed check,94.04,910.83,No
5643-KLMTW,Male,1,No,No,58,No,No phone service,DSL,No,Yes,No,No,Yes,No,Two year,Yes,Bank transfer (automatic),43.92,2710.01,No
0827-SQKVX,Male,0,Yes,Yes,30,Yes,No,DSL,No,Yes,No,No,Yes,No,One year,No,Credit card (automatic),59.9,1899.54,No
1848-PCHBR,Male,0,No,No,67,Yes,Yes,DSL,No,Yes,Yes,No,Yes,No,Two year,Yes,Bank transfer (automatic),67.4,4173.04,No
0100-NBNJS,Male,0,No,No,20,Yes,Yes,Fiber optic,No,No,No,No,No,Yes,Month-to-month,Yes,Electronic check,89.99,1831.67,Yes
6812-HGDAN,Female,0,Yes,No,34,Yes,Yes,DSL,No,No,No,Yes,No,Yes,Two year,No,Electronic check,66.54,2415.09,No
8798-HPEGW,Male,0,No,No,5,Yes,No,DSL,No,No,No,Yes,No,No,Month-to-month,No,Mailed check,50.77,266.22,No
4344-MQONZ,Female,0,Yes,No,29,Yes,No,No,No internet service,No internet service,No internet service,No internet service,No internet service,No internet service,Month-to-month,No,Electronic check,18.91,507.98,No
9594-NIWGR,Female,0,No,No,29,Yes,Yes,Fiber optic,No,Yes,No,Yes,No,Yes,One year,Yes,Credit card (automatic),96,2614.08,No
3727-GNJKJ,Male,1,No,No,49,Yes,No,Fiber optic,No,Yes,Yes,Yes,Yes,Yes,One year,Yes,Credit card (automatic),105.81,5118.53,No
9116-DHBAV,Female,1,No,No,47,Yes,Yes,Fiber optic,Yes,No,No,Yes,No,No,Two year,Yes,Credit card (automatic),82.49,4045.08,No
3203-ZZRQC,Female,0,Yes,No,51,Yes,No,DSL,No,Yes,Yes,No,No,No,One year,Yes,Credit card (automatic),56.57,2975.19,No
3121-FIMRF,Female,1,No,Yes,52,Yes,Yes,No,No internet service,No internet service,No internet service,No internet service,No internet service,No internet service,Month-to-month,No,Electronic check,26.14,1272.57,No
8054-ZCCYD,Male,0,No,No,61,Yes,No,DSL,No,No,No,No,No,Yes,Two year,Yes,Electronic check,54.33,3272.08,No
7998-NRGWL,Female,0,No,No,43,Yes,Yes,DSL,Yes,Yes,No,No,No,Yes,Month-to-month,No,Electronic check,68.27,2852.69,No
8849-RVBWY,Female,1,No,No,51,Yes,No,DSL,Yes,Yes,No,No,Yes,Yes,One year,Yes,Bank transfer (automatic),77.14,3704.86,No
9586-UDZEO,Female,0,Yes,Yes,38,Yes,No,DSL,Yes,Yes,No,No,Yes,No,One year,Yes,Mailed check,63.6,2524.94,No
7614-PQLYU,Female,0,Yes,No,6,Yes,No,No,No internet service,No internet service,No internet service,No internet service,No internet service,No internet service,Month-to-month,Yes,Mailed check,19.48,125.04,Yes
5228-JPBEU,Male,1,No,No,29,No,No phone service,DSL,No,No,No,Yes,Yes,No,Month-to-month,Yes,Mailed check,37.72,1012.66,No
4184-FJNRY,Female,1,No,No,10,Yes,No,Fiber optic,No,No,No,No,Yes,No,One year,Yes,Bank transfer (automatic),77.23,736.44,Yes
4002-ZLAZS,Female,0,Yes,Yes,49,Yes,No,Fiber optic,No,Yes,No,No,No,Yes,Two year,Yes,Bank transfer (automatic),88.07,4403.11,No
6936-ZAUKS,Female,0,Yes,No,62,Yes,Yes,DSL,No,Yes,No,No,Yes,No,Two year,Yes,Mailed check,67.33,3997.83,No
1400-OQMUG,Female,0,Yes,Yes,55,Yes,Yes,Fiber optic,No,No,No,No,Yes,Yes,Two year,Yes,Credit card (automatic),96.77,5200.19,No
5173-AHCLA,Male,1,Yes,No,30,Yes,No,Fiber optic,No,No,Yes,No,Yes,No,Month-to-month,Yes,Electronic check,85.06,2563.1,Yes
9561-PEGDU,Female,0,No,No,20,Yes,Yes,Fiber optic,No,Yes,No,No,Yes,No,Month-to-month,No,Bank transfer (automatic),86.64,1602.97,Yes
9887-PHZQG,Female,0,Yes,No,12,Yes,No,No,No internet service,No internet service,No internet service,No internet service,No internet service,No internet service,Month-to-month,No,Mailed check,20.23,257.41,No
6542-SZFLM,Female,0,Yes,No,66,Yes,No,DSL,Yes,Yes,Yes,Yes,Yes,No,Two year,Yes,Credit card (automatic),75.35,5230.66,No
0362-RRDAC,Female,0,No,No,32,Yes,Yes,DSL,Yes,Yes,No,Yes,No,No,Month-to-month,No,Electronic check,64.36,1989.68,No
0014-MUJGP,Male,0,Yes,No,66,Yes,No,Fiber optic,No,Yes,Yes,No,No,No,One year,No,Bank transfer (automatic),80.77,5260.06,No
4487-YEODM,Male,0,Yes,No,29,Yes,No,No,No internet service,No internet service,No internet service,No internet service,No internet service,No internet service,Two year,No,Electronic check,23.24,639.93,No
7729-UFVEG,Male,0,No,No,57,Yes,No,No,No internet service,No internet service,No internet service,No internet service,No internet service,No internet service,One year,Yes,Electronic check,18.33,981.17,No
8221-EAWLL,Male,0,Yes,No,6,No,No phone service,No,No internet service,No internet service,No internet service,No internet service,No internet service,No internet service,Month-to-month,Yes,Bank transfer (automatic),18.25,110.23,No
4347-LNWSJ,Female,0,Yes,Yes,11,Yes,No,No,No internet service,No internet service,No internet service,No internet service,No internet service,No internet service,Month-to-month,No,Electronic check,18.25,214.76,No
7264-DOYFE,Male,0,No,No,50,Yes,No,DSL,Yes,No,Yes,Yes,No,No,One year,No,Bank transfer (automatic),60.56,3147.21,No
3409-CLZGV,Female,0,No,No,28,Yes,No,No,No internet service,No internet service,No internet service,No internet service,No internet service,No internet service,Month-to-month,No,Mailed check,18.97,573.23,No
4332-SFDFX,Male,0,No,No,18,Yes,No,DSL,No,Yes,Yes,Yes,No,Yes,Month-to-month,Yes,Electronic check,69.7,1278.15,No
9353-SBAIM,Female,1,Yes,Yes,31,Yes,Yes,Fiber optic,No,No,Yes,No,Yes,No,Month-to-month,Yes,Electronic check,87.85,2887.12,Yes
8058-VLXFT,Female,0,No,No,53,Yes,Yes,Fiber optic,No,No,No,No,No,Yes,Two year,No,Electronic check,83.08,4455.41,No
3095-XSEER,Male,0,No,No,1,Yes,Yes,Fiber optic,Yes,Yes,No,No,Yes,No,Two year,No,Credit card (automatic),89.34,84.52,No
4801-ZBDIL,Female,0,Yes,Yes,42,Yes,No,DSL,Yes,Yes,Yes,Yes,Yes,No,One year,No,Mailed check,74.45,3289.62,No
0808-DRIGR,Female,0,Yes,No,12,Yes,No,Fiber optic,No,No,No,No,No,No,Month-to-month,Yes,Bank transfer (automatic),68.73,834.99,Yes
9837-JDWMY,Male,0,No,No,19,Yes,Yes,DSL,Yes,Yes,No,Yes,No,Yes,Month-to-month,Yes,Electronic check,74.74,1464.97,Yes
3342-ACCUS,Female,0,Yes,No,5,Yes,No,No,No internet service,No internet service,No internet service,No internet service,No internet service,No internet service,Month-to-month,Yes,Electronic check,19.37,95.23,Yes
9309-HDFDY,Male,0,No,No,11,Yes,No,Fiber optic,Yes,No,Yes,No,Yes,No,Two year,No,Bank transfer (automatic),90.72,1040.05,No
3194-CLQIY,Female,0,Yes,No,18,Yes,Yes,DSL,No,No,No,No,Yes,No,Month-to-month,No,Electronic check,62.81,1092.26,No
9845-TBVET,Male,1,Yes,Yes,21,Yes,Yes,DSL,No,Yes,No,No,No,Yes,Month-to-month,No,Mailed check,62.67,1327.75,No
6967-BAWVV,Female,0,No,No,5,Yes,No,No,No internet service,No internet service,No internet service,No internet service,No internet service,No internet service,Two year,Yes,Credit card (automatic),20.84,99.14,No
8273-ZRMIB,Male,0,No,No,58,Yes,Yes,Fiber optic,No,No,No,No,Yes,Yes,Two year,No,Mailed check,92.4,5183.87,No
2365-EDZMI,Female,0,Yes,No,0,Yes,No,Fiber optic,No,Yes,Yes,Yes,No,No,Month-to-month,Yes,Electronic check,83.54, ,No
8559-HLHLC,Female,0,No,No,43,Yes,No,Fiber optic,Yes,Yes,Yes,Yes,Yes,Yes,One year,No,Credit card (automatic),109.14,4817.83,No
1309-WGXKN,Male,0,No,No,69,Yes,Yes,No,No internet service,No internet service,No internet service,No internet service,No internet service,No internet service,Two year,No,Credit card (automatic),25.93,1778.78,No
5704-JICGJ,Female,0,Yes,Yes,13,Yes,No,Fiber optic,No,No,Yes,No,No,Yes,Month-to-month,No,Bank transfer (automatic),81.86,1138.16,Yes
4554-NFPQJ,Female,0,No,No,36,Yes,No,No,No internet service,No internet service,No internet service,No internet service,No internet service,No internet service,Two year,Yes,Mailed check,18.25,692.53,No
1236-FUXNZ,Female,0,No,No,55,Yes,No,DSL,Yes,No,No,Yes,No,No,Month-to-month,Yes,Electronic check,54.41,2986.52,No
5313-TRWJN,Female,0,Yes,Yes,64,Yes,No,No,No internet service,No internet service,No internet service,No internet service,No internet service,No internet service,One year,Yes,Mailed check,18.25,1254.19,No
4491-DMPHC,Female,0,No,No,19,Yes,Yes,Fiber optic,Yes,No,No,No,Yes,Yes,Month-to-month,No,Mailed check,101.36,2035.77,Yes
6123-NHQCM,Female,1,No,Yes,12,Yes,Yes,No,No internet service,No internet service,No internet service,No internet service,No internet service,No internet service,Month-to-month,No,Electronic check,25.68,289.52,No
0337-THSED,Male,0,No,No,26,Yes,Yes,No,No internet service,No internet service,No internet service,No internet service,No internet service,No internet service,One year,Yes,Credit card (automatic),24.24,583.77,No
3660-XNNGX,Female,0,Yes,Yes,24,Yes,No,No,No internet service,No internet service,No internet service,No internet service,No internet service,No internet service,Month-to-month,No,Mailed check,20.77,525.22,Yes
4601-UMEAO,Female,0,No,No,49,Yes,Yes,Fiber optic,Yes,No,Yes,No,Yes,No,One year,Yes,Electronic check,90.52,4488.82,Yes
4487-EVTBF,Male,0,No,No,9,Yes,No,Fiber optic,Yes,No,No,No,Yes,Yes,Month-to-month,Yes,Bank transfer (automatic),95.62,828.72,No
2889-RXAAA,Male,0,Yes,Yes,41,Yes,No,Fiber optic,No,Yes,No,No,No,No,Two year,No,Electronic check,75.6,3082.62,Yes
5239-DOGOH,Male,0,No,No,32,Yes,No,Fiber optic,Yes,No,Yes,No,Yes,Yes,Month-to-month,Yes,Electronic check,95.69,3015.21,No
7408-QSSEZ,Male,0,No,No,72,Yes,Yes,Fiber optic,No,No,Yes,No,Yes,Yes,One year,No,Bank transfer (automatic),99.55,7178.94,No
3431-KZIZS,Male,0,Yes,No,4,No,No phone service,DSL,Yes,Yes,Yes,No,No,Yes,Month-to-month,Yes,Mailed check,49.06,189.93,No
7270-WDGAM,Male,0,Yes,Yes,31,Yes,No,DSL,No,Yes,No,No,No,Yes,Two year,Yes,Electronic check,55.38,1716.49,No
8244-CIPZG,Male,0,No,No,2,Yes,Yes,Fiber optic,Yes,Yes,No,No,No,No,Month-to-month,Yes,Mailed check,83.84,165.63,Yes
9945-OPHFE,Female,0,No,No,5,No,No phone service,No,No internet service,No internet service,No internet service,No internet service,No internet service,No internet service,Month-to-month,No,Electronic check,18.25,87.56,No
8167-DPZQK,Male,0,Yes,No,2,Yes,Yes,DSL,Yes,No,No,No,Yes,No,Month-to-month,Yes,Electronic check,59.94,112.72,No
1557-ZVFDV,Male,0,Yes,Yes,57,Yes,No,DSL,Yes,Yes,No,Yes,No,Yes,Two year,Yes,Bank transfer (automatic),70.56,3758.71,No
9426-AAUJN,Male,0,Yes,Yes,22,No,No phone service,No,No internet service,No internet service,No internet service,No internet service,No internet service,No internet service,Month-to-month,Yes,Electronic check,18.25,419.91,No
8988-NKVHV,Female,0,No,No,72,Yes,No,Fiber optic,No,No,Yes,No,No,Yes,One year,Yes,Credit card (automatic),81.8,5577.37,No
3146-JXBBB,Male,0,Yes,Yes,29,Yes,Yes,Fiber optic,Yes,No,Yes,No,No,Yes,Month-to-month,Yes,Mailed check,91.37,2628.91,Yes
2805-KKUKY,Female,0,No,Yes,56,Yes,No,DSL,Yes,No,No,Yes,No,No,Two year,Yes,Electronic check,56.43,3286.84,No
0293-KDPAA,Male,0,Yes,No,1,Yes,Yes,Fiber optic,Yes,Yes,No,Yes,No,Yes,Month-to-month,No,Bank transfer (automatic),98.49,98.99,No
2113-DBLDI,Male,0,No,No,15,Yes,Yes,Fiber optic,No,No,No,Yes,Yes,No,Month-to-month,No,Electronic check,91.65,1287.53,No
2307-EZOAC,Male,0,No,No,56,Yes,No,DSL,Yes,No,Yes,No,Yes,No,One year,No,Bank transfer (automatic),64.39,3391.92,No
7981-GUTHR,Male,0,No,No,22,Yes,Yes,Fiber optic,No,No,Yes,Yes,Yes,No,Month-to-month,No,Electronic check,91.67,2129.13,Yes
6821-QUAUA,Male,0,Yes,Yes,6,Yes,No,No,No internet service,No internet service,No internet service,No internet service,No internet service,No internet service,Month-to-month,Yes,Mailed check,18.25,105.8,No
0007-UXQSC,Male,0,No,No,34,Yes,Yes,Fiber optic,Yes,No,No,No,Yes,No,Two year,Yes,Electronic check,93.47,3184.78,Yes
7663-XTEMY,Female,1,Yes,Yes,71,Yes,No,DSL,No,No,Yes,No,No,No,Two year,No,Electronic check,45.85,3182.87,No
3165-WXDYP,Female,0,Yes,Yes,14,Yes,No,Fiber optic,Yes,No,No,Yes,Yes,Yes,Month-to-month,No,Electronic check,98.56,1479.65,No
0643-BJZGK,Male,1,No,No,6,Yes,No,DSL,Yes,Yes,No,Yes,No,No,Month-to-month,Yes,Mailed check,57.62,342.63,No
0024-ZQDZB,Female,0,No,No,3,Yes,No,DSL,Yes,Yes,Yes,No,Yes,No,Month-to-month,Yes,Electronic check,65.32,197.08,No
9660-TMHOV,Female,1,No,No,14,Yes,Yes,Fiber optic,No,No,No,No,Yes,No,Month-to-month,Yes,Credit card (automatic),85.45,1144.36,Yes
9788-LZZBN,Male,0,Yes,No,55,Yes,No,No,No internet service,No internet service,No internet service,No internet service,No internet service,No internet service,One year,No,Bank transfer (automatic),18.25,1013.16,No
2115-BHNAE,Male,0,No,No,16,Yes,Yes,DSL,No,Yes,Yes,No,Yes,No,Month-to-month,Yes,Electronic check,70.53,1193.27,Yes
7055-AIRGL,Male,0,Yes,No,67,Yes,Yes,Fiber optic,No,No,No,No,No,Yes,Two year,No,Bank transfer (automatic),84.15,5364.18,No
9788-AAMAE,Male,0,No,Yes,13,Yes,No,Fiber optic,No,No,Yes,Yes,Yes,No,One year,No,Bank transfer (automatic),90.6,1138.86,No
1448-MKLJV,Female,0,Yes,No,35,No,No phone service,Fiber optic,No,No,Yes,Yes,No,Yes,One year,No,Mailed check,65.22,2147.11,No
0371-VGSYT,Male,1,No,No,63,Yes,Yes,DSL,Yes,Yes,Yes,No,No,No,Month-to-month,Yes,Electronic check,63.69,3846.54,No
4549-GETJU,Male,0,No,No,6,Yes,No,DSL,No,Yes,No,No,Yes,No,Month-to-month,Yes,Credit card (automatic),61.21,385.51,No
5087-GZAYN,Male,0,Yes,No,5,Yes,No,Fiber optic,Yes,No,No,No,No,Yes,Month-to-month,Yes,Mailed check,83.29,394.11,Yes
9644-DTSVE,Female,1,No,No,25,Yes,No,No,No internet service,No internet service,No internet service,No internet service,No internet service,No internet service,Month-to-month,No,Bank transfer (automatic),18.74,432.96,No
5867-PFHPH,Male,0,No,No,3,Yes,Yes,No,No internet service,No internet service,No internet service,No internet service,No internet service,No internet service,Month-to-month,Yes,Electronic check,21.96,68.83,No
3459-VBCVB,Male,1,No,No,50,Yes,No,No,No internet service,No internet service,No internet service,No internet service,No internet service,No internet service,Two year,No,Mailed check,18.99,942.47,No
1853-YXIKL,Male,0,No,No,65,Yes,No,No,No internet service,No internet service,No internet service,No internet service,No internet service,No internet service,Two year,Yes,Credit card (automatic),18.25,1189.53,No
6344-UVACQ,Male,0,Yes,No,18,No,No phone service,DSL,No,No,No,No,No,No,Month-to-month,Yes,Bank transfer (automatic),24.29,419.99,Yes
0381-KWDOF,Female,0,Yes,No,11,Yes,No,DSL,No,No,No,No,No,No,Month-to-month,Yes,Mailed check,42.48,481.58,Yes
4788-BYVHB,Male,0,Yes,Yes,72,Yes,No,DSL,Yes,No,Yes,Yes,Yes,Yes,Two year,Yes,Mailed check,81.56,6005.43,No
9490-YJUPM,Female,0,No,No,62,Yes,No,Fiber optic,No,No,Yes,No,Yes,No,One year,Yes,Bank transfer (automatic),86.23,5303.04,No
3619-JCRFC,Female,0,Yes,No,2,Yes,No,Fiber optic,No,No,Yes,Yes,Yes,Yes,Month-to-month,No,Mailed check,97.06,195.67,No
0637-PFUFB,Female,0,No,No,70,Yes,No,No,No internet service,No internet service,No internet service,No internet service,No internet service,No internet service,Two year,No,Mailed check,24.28,1779.42,No
6244-MXVUQ,Female,1,No,No,21,Yes,Yes,DSL,No,No,Yes,No,No,Yes,One year,No,Credit card (automatic),64.99,1405.96,No
4026-PIRYQ,Female,1,No,Yes,10,Yes,Yes,DSL,No,Yes,Yes,Yes,No,Yes,Month-to-month,No,Electronic check,75.06,704.56,Yes
9361-XIUNA,Female,0,Yes,No,28,Yes,Yes,DSL,No,No,Yes,No,Yes,No,One year,No,Credit card (automatic),67.37,1902.06,No
0736-UJTFA,Female,0,No,No,49,Yes,No,DSL,No,Yes,No,Yes,No,No,Two year,No,Credit card (automatic),55.34,2900.56,No
0683-HTGKC,Female,0,Yes,Yes,48,Yes,Yes,Fiber optic,No,No,No,No,Yes,Yes,One year,No,Mailed check,92.71,4095.24,No
9199-WZXGF,Male,0,No,No,70,No,No phone service,Fiber optic,No,No,No,No,Yes,Yes,One year,Yes,Bank transfer (automatic),66.46,4283.24,No
7354-DKUUG,Male,1,Yes,No,16,Yes,Yes,DSL,No,No,No,No,Yes,No,Month-to-month,No,Credit card (automatic),51.95,867.15,Yes
6041-WWNXY,Male,0,Yes,No,39,Yes,No,Fiber optic,No,Yes,Yes,No,Yes,No,One year,Yes,Electronic check,93.65,3419.2,No
2412-HHKIP,Male,0,No,No,59,Yes,No,DSL,Yes,No,Yes,No,No,Yes,One year,Yes,Bank transfer (automatic),64.87,3748.25,No
9215-XNCQQ,Female,0,Yes,No,7,Yes,Yes,DSL,Yes,Yes,Yes,No,No,Yes,Month-to-month,No,Electronic check,75.12,535.74,No
2460-RKGGK,Male,1,Yes,Yes,17,No,No phone service,Fiber optic,No,No,Yes,No,No,No,Month-to-month,Yes,Credit card (automatic),56.11,897.12,No
9059-OPTGO,Male,1,Yes,No,34,Yes,No,No,No internet service,No internet service,No internet service,No internet service,No internet service,No internet service,One year,Yes,Bank transfer (automatic),18.28,601.85,No
1897-XHMND,Female,0,Yes,Yes,49,Yes,No,No,No internet service,No internet service,No internet service,No internet service,No internet service,No internet service,One year,Yes,Electronic check,20.42,1074.97,No
5211-VVZJQ,Female,1,No,No,50,Yes,No,DSL,No,Yes,Yes,No,Yes,No,Two year,Yes,Bank transfer (automatic),61.59,2951.75,No
9973-ILVLI,Male,0,Yes,Yes,67,Yes,No,DSL,Yes,No,No,Yes,Yes,No,Two year,No,Credit card (automatic),64.73,4077.97,No
4903-GGDVL,Male,0,Yes,No,61,Yes,No,Fiber optic,Yes,Yes,No,Yes,Yes,Yes,One year,No,Electronic check,106.05,6087.64,No
8762-MMREO,Female,0,No,No,51,Yes,Yes,No,No internet service,No internet service,No internet service,No internet service,No internet service,No internet service,Two year,Yes,Mailed check,22.55,1116.38,No
8811-IHHOF,Female,1,Yes,Yes,16,No,No phone service,Fiber optic,No,No,No,No,No,Yes,Month-to-month,No,Electronic check,65.86,990.79,Yes
7210-VZOHP,Female,0,Yes,No,6,Yes,Yes,Fiber optic,Yes,No,Yes,Yes,No,Yes,Month-to-month,No,Electronic check,96.64,577.2,Yes
6409-AZBIY,Male,0,Yes,No,15,Yes,Yes,Fiber optic,No,No,Yes,No,No,No,Month-to-month,Yes,Electronic check,80.62,1234.53,No
5837-AZBZZ,Female,0,No,No,6,Yes,Yes,Fiber optic,Yes,Yes,No,No,No,No,Month-to-month,Yes,Mailed check,84.4,545.46,Yes
3083-WJVVZ,Female,1,No,No,19,Yes,Yes,No,No internet service,No internet service,No internet service,No internet service,No internet service,No internet service,Month-to-month,No,Credit card (automatic),27.34,523.36,No
9764-VDANN,Female,1,No,No,8,Yes,No,Fiber optic,Yes,Yes,No,No,No,No,Month-to-month,Yes,Credit card (automatic),78.88,665.18,Yes
3433-DIFTT,Female,1,No,No,5,Yes,Yes,DSL,Yes,No,No,Yes,No,No,Month-to-month,No,Bank transfer (automatic),57.47,291.6,No
0969-CUIIA,Male,0,No,No,29,No,No phone service,No,No internet service,No internet service,No internet service,No internet service,No internet service,No internet service,Two year,Yes,Mailed check,18.25,559.38,No
5355-XFDTA,Female,1,No,No,69,Yes,No,Fiber optic,No,Yes,Yes,No,Yes,Yes,Two year,Yes,Credit card (automatic),97.83,7197.93,No
6209-HLDZG,Female,0,No,No,32,Yes,No,DSL,No,No,Yes,No,Yes,No,Two year,Yes,Credit card (automatic),61.18,2012.63,No
7124-PVEGH,Male,0,No,Yes,40,Yes,No,Fiber optic,Yes,No,No,No,No,No,Month-to-month,Yes,Credit card (automatic),71.81,2778.79,No
3955-YIIMY,Male,0,No,Yes,41,Yes,No,No,No internet service,No internet service,No internet service,No internet service,No internet service,No internet service,Month-to-month,Yes,Electronic check,18.25,796.97,No
0932-OZCHV,Male,0,Yes,No,38,Yes,Yes,Fiber optic,Yes,Yes,No,No,Yes,Yes,Month-to-month,Yes,Mailed check,102.59,3756.82,Yes
6319-YRKLP,Female,0,Yes,Yes,4,Yes,No,DSL,No,No,No,Yes,No,No,Month-to-month,No,Mailed check,46.53,200.46,No
5602-UNXQT,Male,0,No,Yes,14,Yes,No,Fiber optic,No,Yes,Yes,No,Yes,No,Month-to-month,Yes,Electronic check,86.82,1171.17,Yes
8619-IEJHP,Female,0,Yes,Yes,24,Yes,No,Fiber optic,No,No,No,No,No,Yes,Month-to-month,No,Credit card (automatic),82.54,2038.44,No
4560-DBJZK,Male,1,Yes,Yes,10,Yes,Yes,Fiber optic,Yes,Yes,No,Yes,Yes,No,Month-to-month,Yes,Electronic check,103.88,1062.9,No
8361-XJQEX,Female,1,Yes,Yes,64,Yes,No,DSL,No,Yes,No,No,No,Yes,One year,No,Credit card (automatic),55.64,3469.94,No
5136-AETSQ,Female,0,Yes,Yes,72,No,No phone service,No,No internet service,No internet service,No internet service,No internet service,No internet service,No internet service,Two year,Yes,Bank transfer (automatic),18.25,1299.42,No
8144-QCHTI,Male,0,No,No,17,Yes,Yes,DSL,No,Yes,No,No,No,No,Month-to-month,Yes,Electronic check,55.39,970.57,Yes
9393-CWWCK,Male,0,Yes,Yes,30,No,No phone service,DSL,No,No,Yes,No,No,Yes,Month-to-month,No,Electronic check,40.01,1279.49,No
9586-DKGLZ,Female,0,No,No,12,Yes,No,Fiber optic,No,No,No,Yes,Yes,No,Month-to-month,No,Electronic check,81.6,1040.95,Yes
8825-ZETNP,Male,0,Yes,Yes,67,Yes,Yes,DSL,No,Yes,No,No,Yes,No,One year,No,Electronic check,66.73,4773.75,No
2855-PPDMQ,Female,0,No,No,27,Yes,Yes,No,No internet service,No internet service,No internet service,No internet service,No internet service,No internet service,Month-to-month,Yes,Mailed check,20.71,570.98,No
0771-JRQUE,Female,1,Yes,No,10,Yes,No,No,No internet service,No internet service,No internet service,No internet service,No internet service,No internet service,Month-to-month,Yes,Mailed check,19.11,200.04,Yes
6944-GJPKH,Female,0,Yes,Yes,11,Yes,Yes,Fiber optic,Yes,No,No,Yes,Yes,No,Month-to-month,No,Electronic check,92.9,998.03,No
8890-LHIPK,Female,0,Yes,No,11,Yes,No,Fiber optic,No,Yes,No,No,Yes,Yes,Month-to-month,Yes,Bank transfer (automatic),93.99,1064.13,Yes
5518-KPAGR,Male,0,Yes,No,27,Yes,No,No,No internet service,No internet service,No internet service,No internet service,No internet service,No internet service,Month-to-month,Yes,Mailed check,22.28,623.94,No
3983-JDRGF,Female,0,Yes,No,63,Yes,Yes,Fiber optic,No,Yes,Yes,No,No,Yes,One year,Yes,Mailed check,90.41,5585.33,No
6231-SWVNH,Male,0,No,No,72,Yes,No,Fiber optic,No,No,Yes,No,Yes,Yes,Two year,Yes,Mailed check,91.75,6188.38,No
7918-HVSED,Female,0,No,No,68,Yes,Yes,Fiber optic,No,No,No,No,No,Yes,Two year,Yes,Bank transfer (automatic),83.61,5610.65,No
1453-MZUJI,Female,0,No,No,5,Yes,Yes,No,No internet service,No internet service,No internet service,No internet service,No internet service,No internet service,Month-to-month,Yes,Credit card (automatic),26.59,128.07,No
1637-QAGSA,Female,1,No,No,57,Yes,No,DSL,No,Yes,Yes,No,Yes,No,Two year,Yes,Mailed check,65.64,3622.2,No
1678-MBEKU,Female,0,No,No,4,Yes,No,DSL,No,No,No,No,Yes,Yes,Month-to-month,Yes,Bank transfer (automatic),68.15,285.85,Yes
8555-ALBQB,Male,0,Yes,Yes,38,Yes,No,DSL,No,No,No,Yes,No,Yes,Month-to-month,Yes,Credit card (automatic),59.83,2433.06,No
2801-XXTEC,Male,0,No,No,2,Yes,No,Fiber optic,Yes,No,No,Yes,Yes,No,Month-to-month,Yes,Bank transfer (automatic),90.18,182.54,Yes
8473-WIIWO,Male,0,No,Yes,36,Yes,No,DSL,Yes,Yes,Yes,No,Yes,No,Month-to-month,No,Mailed check,68.2,2496.21,No
4635-RYLFT,Female,0,No,Yes,48,Yes,Yes,Fiber optic,Yes,No,No,No,No,No,Two year,No,Credit card (automatic),73.65,3810.05,No
7597-SSLIB,Female,0,No,No,55,Yes,Yes,Fiber optic,No,No,Yes,No,Yes,Yes,Two year,No,Bank transfer (automatic),102.74,6057.86,No
6679-ZWVIB,Male,1,Yes,No,21,Yes,No,DSL,Yes,Yes,Yes,No,No,No,Month-to-month,No,Electronic check,60.1,1226.65,No
6573-WPVWW,Male,0,Yes,Yes,58,Yes,No,No,No internet service,No internet service,No internet service,No internet service,No internet service,No internet service,Two year,Yes,Credit card (automatic),19.33,1099.69,No
6575-XYOSX,Male,0,No,No,12,Yes,No,Fiber optic,No,Yes,No,No,No,Yes,Month-to-month,Yes,Electronic check,82.8,926.13,Yes
5772-ZIVVM,Male,0,No,No,36,No,No phone service,DSL,No,No,No,Yes,No,No,One year,Yes,Credit card (automatic),33.21,1204.26,No
2541-FHSVN,Male,0,No,No,49,Yes,No,No,No internet service,No internet service,No internet service,No internet service,No internet service,No internet service,Month-to-month,Yes,Bank transfer (automatic),18.25,957.6,Yes
2613-CPYBI,Male,0,Yes,Yes,12,Yes,Yes,Fiber optic,No,Yes,No,Yes,Yes,Yes,Month-to-month,No,Mailed check,102.08,1241.83,No
8967-HPSZA,Female,0,No,No,46,Yes,Yes,Fiber optic,No,No,Yes,No,No,Yes,Two year,No,Bank transfer (automatic),88.51,3851.96,No
0084-RZPKM,Male,0,No,No,5,Yes,Yes,Fiber optic,No,No,Yes,No,Yes,Yes,Month-to-month,Yes,Electronic check,100.63,464.14,Yes
5439-NULPV,Male,0,Yes,Yes,38,Yes,No,No,No internet service,No internet service,No internet service,No internet service,No internet service,No internet service,Month-to-month,No,Bank transfer (automatic),18.99,774.95,No
7770-IOXXE,Male,0,No,No,70,Yes,No,Fiber optic,No,No,Yes,No,Yes,Yes,Two year,No,Credit card (automatic),95.84,6646.37,No
3987-PEFAT,Female,0,Yes,Yes,20,Yes,No,No,No internet service,No internet service,No internet service,No internet service,No internet service,No internet service,Month-to-month,Yes,Electronic check,21.15,427.8,No
4863-ZCEZV,Female,0,No,No,8,Yes,Yes,No,No internet service,No internet service,No internet service,No internet service,No internet service,No internet service,Month-to-month,Yes,Electronic check,23.98,201.5,Yes
5485-HBOSO,Male,0,Yes,No,16,Yes,Yes,No,No internet service,No internet service,No internet service,No internet service,No internet service,No internet service,Month-to-month,No,Electronic check,27.07,428.8,No
5399-YYLSM,Male,0,No,No,12,Yes,Yes,Fiber optic,No,No,No,No,Yes,Yes,One year,No,Electronic check,91.82,1065.27,Yes
6142-KLVOO,Male,0,Yes,No,10,Yes,Yes,Fiber optic,Yes,No,Yes,No,No,No,Month-to-month,Yes,Credit card (automatic),83.57,772.86,Yes
6262-AIXXZ,Female,1,Yes,Yes,69,Yes,No,Fiber optic,Yes,No,No,No,Yes,No,Two year,No,Electronic check,84.46,5786.57,Yes
1983-LYTKZ,Female,0,Yes,No,12,Yes,No,Fiber optic,No,No,Yes,Yes,Yes,Yes,Month-to-month,Yes,Bank transfer (automatic),101.17,1248.88,No
8962-NRTXP,Female,0,Yes,Yes,8,Yes,No,Fiber optic,No,Yes,Yes,Yes,Yes,No,One year,Yes,Mailed check,97.38,722.68,No
5989-VLFYR,Female,0,No,No,10,Yes,No,Fiber optic,No,No,No,Yes,No,No,Month-to-month,Yes,Electronic check,73.01,718.97,Yes
2932-BPRCN,Female,1,Yes,Yes,1,Yes,Yes,No,No internet service,No internet service,No internet service,No internet service,No internet service,No internet service,Month-to-month,Yes,Credit card (automatic),25.05,25.71,Yes
0611-VWHHP,Male,1,Yes,No,15,Yes,Yes,No,No internet service,No internet service,No internet service,No internet service,No internet service,No internet service,Month-to-month,No,Credit card (automatic),22.42,341.09,Yes
3643-FRFXU,Male,1,No,No,7,Yes,No,DSL,Yes,Yes,Yes,No,Yes,No,Month-to-month,No,Electronic check,68.88,520.13,No
1718-FHRHV,Female,1,Yes,Yes,72,Yes,No,Fiber optic,No,Yes,Yes,No,Yes,Yes,One year,Yes,Bank transfer (automatic),100.47,7517.57,No
3821-SAZNR,Male,1,No,No,40,Yes,Yes,No,No internet service,No internet service,No internet service,No internet service,No internet service,No internet service,Two year,Yes,Mailed check,25.63,1063.08,No
8643-UASCT,Female,0,Yes,No,66,Yes,No,No,No internet service,No internet service,No internet service,No internet service,No internet service,No internet service,Two year,No,Credit card (automatic),19.98,1306.63,No
0250-HWGHI,Female,0,No,No,64,Yes,Yes,DSL,No,No,No,No,Yes,Yes,One year,No,Electronic check,68.24,4246.15,No
9829-QNEKW,Male,0,No,No,5,Yes,Yes,No,No internet service,No internet service,No internet service,No internet service,No internet service,No internet service,Month-to-month,No,Mailed check,24.3,129.07,No
7033-CQGBR,Male,0,Yes,No,7,Yes,No,No,No internet service,No internet service,No internet service,No internet service,No internet service,No internet service,Month-to-month,Yes,Bank transfer (automatic),18.57,130.42,No
9695-CKMDF,Female,0,No,No,9,Yes,Yes,DSL,No,No,Yes,Yes,No,No,Month-to-month,Yes,Mailed check,59.69,513.82,Yes
1695-RFUBN,Female,0,Yes,Yes,7,No,No phone service,No,No internet service,No internet service,No internet service,No internet service,No internet service,No internet service,Month-to-month,No,Electronic check,18.25,127.92,Yes
4534-SEBRX,Male,0,Yes,Yes,25,Yes,Yes,Fiber optic,No,Yes,No,No,No,Yes,One year,Yes,Bank transfer (automatic),88.12,2297.31,No
6120-VMMGF,Male,0,Yes,No,8,Yes,No,Fiber optic,Yes,Yes,No,No,No,No,One year,No,Mailed check,78.32,672.55,No
5148-MOVSM,Female,0,No,No,6,Yes,No,DSL,Yes,No,No,No,Yes,No,Two year,Yes,Mailed check,59.96,341.51,No
8268-PBJZQ,Female,0,No,No,34,Yes,No,DSL,Yes,Yes,Yes,Yes,Yes,Yes,Month-to-month,Yes,Bank transfer (automatic),83.12,3031.56,No
1467-YEXJU,Male,0,Yes,No,4,Yes,No,Fiber optic,Yes,Yes,Yes,Yes,Yes,Yes,Month-to-month,Yes,Bank transfer (automatic),107.03,458.95,No
0372-FREBZ,Male,0,No,No,69,Yes,No,DSL,Yes,Yes,No,Yes,Yes,Yes,Two year,Yes,Credit card (automatic),81.13,5369.86,No
3676-TDTTG,Female,0,Yes,Yes,14,Yes,Yes,Fiber optic,Yes,Yes,Yes,No,Yes,No,Month-to-month,No,Electronic check,97.78,1452.72,Yes
4366-LEOKW,Male,0,No,No,26,Yes,No,DSL,No,No,No,No,No,Yes,Two year,No,Bank transfer (automatic),53.37,1324.76,No
9900-GQXPF,Male,0,Yes,Yes,17,Yes,Yes,DSL,Yes,No,No,No,No,Yes,Month-to-month,Yes,Electronic check,63,1133.79,No
5458-LWLEZ,Female,0,Yes,No,39,Yes,No,Fiber optic,No,No,No,No,No,Yes,Month-to-month,Yes,Mailed check,79.29,3266.89,No
0000-LNIVG,Female,0,No,No,32,No,No phone service,Fiber optic,No,Yes,No,No,No,No,Month-to-month,No,Mailed check,55.57,1917.59,No
3237-UHFCJ,Male,1,No,No,5,No,No phone service,DSL,Yes,No,No,No,Yes,Yes,Month-to-month,No,Credit card (automatic),49.02,249.96,Yes
4287-TVTJQ,Female,1,No,No,54,Yes,No,DSL,No,Yes,Yes,Yes,No,Yes,Two year,No,Electronic check,70.49,3688.77,No
4202-GUQXO,Male,0,No,No,17,Yes,No,DSL,No,Yes,Yes,No,No,Yes,Month-to-month,Yes,Mailed check,63.71,1024.11,No
6086-PJEWW,Female,0,No,No,19,Yes,Yes,DSL,Yes,Yes,Yes,Yes,No,No,Month-to-month,No,Electronic check,70.04,1378.46,No
4248-SUWLK,Female,0,No,No,31,Yes,Yes,No,No internet service,No internet service,No internet service,No internet service,No internet service,No internet service,Month-to-month,Yes,Electronic check,27.23,878.4,Yes
0047-DHBNU,Female,0,No,No,2,Yes,Yes,Fiber optic,No,Yes,Yes,Yes,No,No,Month-to-month,Yes,Credit card (automatic),88.6,181.86,Yes
8769-BNKYW,Male,0,Yes,Yes,45,Yes,Yes,DSL,Yes,No,Yes,Yes,No,Yes,One year,Yes,Electronic check,75.08,3571.53,No
5920-JJNHT,Female,0,Yes,No,14,Yes,Yes,No,No internet service,No internet service,No internet service,No internet service,No internet service,No internet service,Month-to-month,Yes,Electronic check,26.97,401.12,No
5957-LBPFG,Male,0,No,No,36,Yes,No,No,No internet service,No internet service,No internet service,No internet service,No internet service,No internet service,One year,Yes,Mailed check,18.25,678.36,No
1977-DVFNH,Female,0,Yes,Yes,3,Yes,Yes,No,No internet service,No internet service,No internet service,No internet service,No internet service,No internet service,Month-to-month,Yes,Electronic check,21.45,66.56,No
1603-IDKTG,Female,0,No,No,58,Yes,Yes,Fiber optic,No,Yes,Yes,No,Yes,Yes,Two year,Yes,Mailed check,104.42,6360.22,No
8291-TWYDC,Female,0,Yes,No,13,Yes,No,Fiber optic,Yes,No,Yes,No,No,Yes,Month-to-month,Yes,Mailed check,90.38,1179.65,Yes
8693-GDZTX,Female,0,No,No,60,Yes,No,Fiber optic,No,Yes,No,Yes,No,No,Two year,Yes,Credit card (automatic),80.68,4453.95,No
4831-CTSHF,Female,0,Yes,Yes,6,Yes,No,DSL,No,Yes,Yes,Yes,No,Yes,Month-to-month,Yes,Credit card (automatic),69.18,423.16,Yes
0278-IIOHI,Male,0,No,No,39,Yes,Yes,Fiber optic,No,No,Yes,Yes,No,Yes,One year,No,Mailed check,94.66,3927.15,Yes
4860-VGKBJ,Male,1,No,No,28,Yes,No,Fiber optic,Yes,Yes,No,No,No,No,One year,No,Mailed check,78.78,2373.99,No
5536-UMGNS,Male,0,Yes,No,46,Yes,No,Fiber optic,Yes,No,Yes,No,No,Yes,Month-to-month,Yes,Credit card (automatic),90.52,4381.19,Yes
7327-PKOPE,Female,0,No,No,30,Yes,Yes,DSL,Yes,No,Yes,Yes,No,Yes,Month-to-month,Yes,Electronic check,74.79,2327.15,No
4027-UMUDH,Male,0,No,No,6,Yes,No,DSL,No,Yes,No,Yes,No,No,One year,No,Electronic check,52.9,303.47,No
8173-EIPSH,Female,0,No,No,15,Yes,Yes,Fiber optic,No,No,Yes,No,Yes,Yes,Month-to-month,Yes,Credit card (automatic),102.35,1551.08,Yes
9154-PBMZK,Male,0,No,No,4,Yes,No,Fiber optic,Yes,Yes,No,No,Yes,No,Month-to-month,Yes,Credit card (automatic),90.88,383.46,Yes
2851-QSIDK,Male,0,No,No,30,Yes,Yes,Fiber optic,Yes,Yes,Yes,No,No,Yes,One year,No,Bank transfer (automatic),97.51,3052.5,No
1734-LGRDP,Male,0,Yes,Yes,34,Yes,Yes,DSL,Yes,Yes,Yes,No,Yes,Yes,Month-to-month,Yes,Electronic check,82.78,2962.76,No
0871-KWTQX,Female,0,No,Yes,6,Yes,Yes,Fiber optic,Yes,Yes,Yes,No,Yes,No,Month-to-month,Yes,Electronic check,98.47,611.85,Yes
8804-AXQOE,Female,0,Yes,Yes,24,No,No phone service,DSL,Yes,No,No,Yes,No,No,Month-to-month,No,Bank transfer (automatic),40.39,1036.53,No
3382-RCOFX,Male,0,No,No,6,Yes,No,DSL,Yes,No,Yes,Yes,No,No,Month-to-month,No,Bank transfer (automatic),55.27,357.34,Yes
9092-ERPKT,Female,0,No,No,43,Yes,No,DSL,No,No,No,No,Yes,No,Two year,No,Mailed check,59.59,2676.14,No
5481-EPXIO,Female,0,No,No,66,Yes,Yes,DSL,No,Yes,No,Yes,No,No,Two year,No,Bank transfer (automatic),58.95,3605.96,No
3932-ZCDJY,Female,0,No,No,24,Yes,No,DSL,Yes,No,Yes,Yes,No,No,Month-to-month,No,Electronic check,57.85,1326.83,No
8232-QQHEM,Female,0,Yes,No,38,Yes,No,DSL,Yes,No,Yes,No,Yes,No,Month-to-month,Yes,Electronic check,67.08,2368.57,No
2409-DXCKD,Female,0,Yes,No,57,No,No phone service,No,No internet service,No internet service,No internet service,No internet service,No internet service,No internet service,Two year,No,Electronic check,18.25,995.48,No
6133-OOWUR,Male,0,Yes,No,33,Yes,Yes,DSL,No,No,No,Yes,No,No,One year,Yes,Credit card (automatic),58.25,1930.08,No
4450-UYVMG,Male,0,Yes,Yes,5,Yes,No,No,No internet service,No internet service,No internet service,No internet service,No internet service,No internet service,Month-to-month,Yes,Electronic check,19.32,103.43,No
6952-DTFKS,Male,0,Yes,No,42,Yes,No,Fiber optic,No,Yes,Yes,No,Yes,Yes,Two year,Yes,Bank transfer (automatic),100.24,4336.6,No
9210-QZVGV,Male,0,No,No,72,Yes,No,DSL,Yes,No,No,No,No,No,Two year,Yes,Mailed check,49.54,3287.38,No
9097-MSLPX,Male,0,No,No,12,Yes,No,Fiber optic,No,Yes,No,No,Yes,Yes,Month-to-month,Yes,Electronic check,97.68,1253.99,Yes
5803-XZQVC,Female,0,No,No,49,Yes,No,Fiber optic,No,No,Yes,No,Yes,No,Two year,Yes,Credit card (automatic),83.11,3969.78,No
6826-EYHVI,Female,0,No,No,48,Yes,Yes,DSL,No,No,Yes,No,No,No,One year,Yes,Credit card (automatic),53.76,2728.41,No
8146-WMEHU,Male,0,Yes,Yes,30,Yes,Yes,DSL,No,Yes,No,Yes,No,No,Two year,No,Credit card (automatic),59.31,1822.83,No
4442-EQIYH,Female,0,Yes,Yes,41,Yes,No,DSL,No,Yes,Yes,No,Yes,No,Month-to-month,Yes,Electronic check,64.38,2822.34,No
2698-WFIAR,Female,0,Yes,Yes,4,Yes,No,Fiber optic,No,Yes,No,No,Yes,No,Month-to-month,Yes,Bank transfer (automatic),87.93,358.71,Yes
0569-DXFCL,Female,0,No,No,8,No,No phone service,DSL,No,No,No,Yes,No,No,Month-to-month,Yes,Credit card (automatic),31.43,263.98,No
6693-GVYWH,Female,0,No,No,38,Yes,No,Fiber optic,No,No,Yes,No,No,No,Month-to-month,Yes,Mailed check,74.16,2998.71,Yes
3365-QHRHN,Female,0,Yes,No,37,Yes,Yes,DSL,Yes,Yes,No,No,No,No,Month-to-month,Yes,Electronic check,59.12,2082.77,Yes
4691-LOYQP,Male,0,No,No,19,Yes,No,Fiber optic,Yes,No,Yes,No,No,No,Month-to-month,Yes,Bank transfer (automatic),77.39,1412.75,Yes
1694-MRRUC,Male,0,No,Yes,15,Yes,Yes,DSL,Yes,Yes,Yes,No,No,Yes,Month-to-month,No,Electronic check,74.41,1058.62,No
6047-BLSUH,Female,0,Yes,Yes,72,Yes,Yes,Fiber optic,No,Yes,No,Yes,Yes,Yes,Two year,Yes,Credit card (automatic),106.01,7250.69,No
3548-YPBKD,Female,0,Yes,No,13,Yes,Yes,No,No internet service,No internet service,No internet service,No internet service,No internet service,No internet service,Month-to-month,Yes,Mailed check,23.34,315.23,Yes
5241-NWOWQ,Male,0,Yes,No,60,Yes,No,Fiber optic,No,Yes,No,No,Yes,Yes,Two year,Yes,Credit card (automatic),92.6,5866.34,No
4455-ZGTCC,Female,0,No,No,66,Yes,Yes,Fiber optic,No,Yes,Yes,No,No,Yes,Month-to-month,Yes,Credit card (automatic),96.36,6519.52,No
7649-INREY,Female,0,No,No,2,Yes,Yes,DSL,Yes,No,No,No,No,Yes,Month-to-month,No,Credit card (automatic),66.41,133.53,No
9836-XVAPF,Male,0,No,No,41,Yes,Yes,Fiber optic,No,No,Yes,No,Yes,Yes,Two year,No,Mailed check,97.34,3677.31,No
6409-RQCBC,Female,1,Yes,Yes,2,No,No phone service,Fiber optic,Yes,Yes,Yes,No,No,Yes,Month-to-month,No,Electronic check,73.51,157.96,No
5091-RESYV,Female,0,Yes,Yes,47,No,No phone service,DSL,Yes,No,Yes,No,No,Yes,Month-to-month,Yes,Credit card (automatic),47.79,2388.32,No
4159-REHCX,Male,0,Yes,No,8,Yes,Yes,No,No internet service,No internet service,No internet service,No internet service,No internet service,No internet service,Month-to-month,Yes,Credit card (automatic),23.22,181.77,No
3388-POUZA,Male,0,Yes,Yes,21,Yes,Yes,Fiber optic,Yes,No,No,Yes,Yes,No,One year,Yes,Electronic check,95.99,1970.87,No
1733-GJLQF,Male,0,No,No,31,Yes,No,No,No internet service,No internet service,No internet service,No internet service,No internet service,No internet service,Two year,No,Bank transfer (automatic),18.25,585.8,No
0859-SFCNZ,Female,0,Yes,Yes,1,Yes,No,Fiber optic,No,Yes,No,No,Yes,No,Month-to-month,Yes,Credit card (automatic),84.03,86.71,Yes
4228-JBLGD,Male,0,Yes,No,2,Yes,No,Fiber optic,Yes,Yes,No,Yes,No,Yes,Month-to-month,No,Mailed check,99.93,205.81,Yes
1922-UFXOU,Female,0,No,No,67,No,No phone service,Fiber optic,No,No,Yes,Yes,No,No,Two year,Yes,Credit card (automatic),57.02,4045.52,No
8024-EHFKH,Male,0,Yes,Yes,63,Yes,No,Fiber optic,No,No,No,No,Yes,Yes,One year,Yes,Bank transfer (automatic),87.58,5138.04,No
9363-JEXCR,Female,0,No,No,33,Yes,Yes,Fiber optic,Yes,Yes,Yes,No,No,Yes,Month-to-month,Yes,Electronic check,97.01,3240.54,No
1799-TZDGH,Male,0,No,Yes,63,No,No phone service,Fiber optic,Yes,No,Yes,No,No,Yes,Two year,No,Mailed check,71,4774.87,No
0885-ZLEAY,Female,0,No,No,3,No,No phone service,DSL,Yes,No,No,No,Yes,Yes,Month-to-month,Yes,Credit card (automatic),45.85,141.59,No
5013-LNEMD,Male,0,No,Yes,60,Yes,No,DSL,No,Yes,Yes,Yes,Yes,Yes,One year,No,Credit card (automatic),82.85,4627.65,No
5749-AFNGG,Male,0,No,Yes,6,Yes,No,No,No internet service,No internet service,No internet service,No internet service,No internet service,No internet service,Month-to-month,Yes,Electronic check,19.1,109.77,No
4753-QGJTZ,Female,0,No,Yes,9,No,No phone service,No,No internet service,No internet service,No internet service,No internet service,No internet service,No internet service,Month-to-month,Yes,Bank transfer (automatic),18.25,175.86,Yes
4445-KTNSN,Female,0,No,No,53,Yes,No,Fiber optic,No,No,Yes,Yes,Yes,Yes,Month-to-month,No,Bank transfer (automatic),101.73,5368.56,No
6967-WXCFB,Female,1,No,No,46,Yes,Yes,DSL,Yes,No,Yes,Yes,No,Yes,Two year,Yes,Mailed check,74.09,3580.92,No
4855-BFTWC,Male,1,Yes,Yes,14,Yes,No,DSL,Yes,No,No,Yes,No,Yes,Two year,Yes,Electronic check,67.31,928.41,No
1923-VIIYD,Male,0,Yes,Yes,15,Yes,No,Fiber optic,No,No,No,Yes,No,Yes,Month-to-month,Yes,Mailed check,84.89,1329.63,No
2028-DKOEI,Male,0,Yes,Yes,7,Yes,No,No,No internet service,No internet service,No internet service,No internet service,No internet service,No internet service,Month-to-month,Yes,Mailed check,18.77,133.89,No
4495-ULIUR,Male,0,No,No,6,Yes,No,Fiber optic,Yes,No,Yes,No,No,Yes,Month-to-month,No,Mailed check,90.66,517.48,Yes
1840-HBTOV,Female,1,Yes,No,9,Yes,Yes,No,No internet service,No internet service,No internet service,No internet service,No internet service,No internet service,Month-to-month,No,Credit card (automatic),26.05,242.62,No
4320-DYWXJ,Female,0,No,No,54,No,No phone service,Fiber optic,No,No,No,No,Yes,Yes,One year,No,Mailed check,70.31,4003.84,No
1110-NHMAI,Female,0,No,No,31,Yes,Yes,No,No internet service,No internet service,No internet service,No internet service,No internet service,No internet service,One year,Yes,Credit card (automatic),22.93,689.23,No
1010-WBOGF,Female,0,Yes,No,26,Yes,Yes,Fiber optic,No,No,Yes,No,No,No,Month-to-month,Yes,Electronic check,83.45,2236.19,Yes
6925-VENAM,Female,0,No,No,22,Yes,Yes,Fiber optic,No,Yes,Yes,No,Yes,Yes,Month-to-month,Yes,Electronic check,104.3,2346.62,Yes
3858-DSFPV,Female,0,No,No,11,Yes,No,Fiber optic,No,No,No,No,Yes,Yes,Month-to-month,Yes,Mailed check,88.27,967.34,Yes
8610-WTIPF,Male,0,No,No,9,Yes,Yes,DSL,Yes,No,No,Yes,No,No,Month-to-month,Yes,Mailed check,61.53,582.39,Yes
2404-IDXPU,Female,1,No,No,35,Yes,No,No,No internet service,No internet service,No internet service,No internet service,No internet service,No internet service,One year,No,Mailed check,20.8,756.26,No
5686-AXASI,Male,0,Yes,Yes,69,Yes,No,DSL,No,Yes,No,No,No,No,One year,Yes,Mailed check,50.85,3680.2,No
6119-CMQIW,Female,0,No,No,57,Yes,No,DSL,No,Yes,Yes,No,Yes,No,One year,No,Bank transfer (automatic),63.5,3500.42,No
4607-WBCNT,Male,0,No,No,44,Yes,No,No,No internet service,No internet service,No internet service,No internet service,No internet service,No internet service,One year,Yes,Credit card (automatic),18.25,819.44,No
8118-XXJBQ,Male,0,No,No,68,No,No phone service,DSL,No,Yes,Yes,No,Yes,No,Two year,No,Bank transfer (automatic),46.11,2897.11,No
0787-XXOPU,Male,0,No,No,49,Yes,Yes,No,No internet service,No internet service,No internet service,No internet service,No internet service,No internet service,One year,No,Bank transfer (automatic),23.88,1129.15,No
7242-SKEIN,Male,0,Yes,Yes,62,Yes,No,No,No internet service,No internet service,No internet service,No internet service,No internet service,No internet service,Two year,No,Bank transfer (automatic),19.67,1262.39,No
8785-YZZYT,Female,0,No,No,17,Yes,No,Fiber optic,No,No,No,No,Yes,Yes,Month-to-month,Yes,Bank transfer (automatic),92.71,1476.23,Yes
9540-QQPVR,Male,0,Yes,No,47,Yes,Yes,No,No internet service,No internet service,No internet service,No internet service,No internet service,No internet service,Month-to-month,No,Electronic check,27.33,1322.26,No
0301-DSTAN,Female,0,Yes,Yes,10,Yes,No,No,No internet service,No internet service,No internet service,No internet service,No internet service,No internet service,Month-to-month,No,Electronic check,18.25,195.54,No
1248-EFCIO,Male,0,No,No,6,Yes,Yes,Fiber optic,Yes,No,No,No,Yes,Yes,Month-to-month,Yes,Electronic check,102.32,630.3,Yes
1648-KQKGY,Female,0,Yes,Yes,55,Yes,Yes,Fiber optic,No,Yes,Yes,No,Yes,Yes,Two year,No,Bank transfer (automatic),106.79,6017.49,No
3251-XEWIX,Female,1,No,No,71,Yes,No,Fiber optic,No,Yes,No,No,No,Yes,One year,No,Credit card (automatic),84.18,6247.97,No
1413-COFZE,Male,0,No,No,18,Yes,No,DSL,Yes,No,Yes,No,No,Yes,Month-to-month,No,Bank transfer (automatic),66.98,1165.37,No
1767-TAFPS,Male,0,Yes,Yes,3,Yes,No,Fiber optic,Yes,No,No,Yes,No,Yes,Month-to-month,Yes,Credit card (automatic),88.43,272.56,Yes
9388-RVFCX,Male,0,No,No,1,Yes,Yes,DSL,No,No,Yes,No,Yes,No,Month-to-month,Yes,Electronic check,64.65,69.15,Yes
2204-RODHF,Male,0,No,No,2,Yes,Yes,No,No internet service,No internet service,No internet service,No internet service,No internet service,No internet service,Month-to-month,Yes,Credit card (automatic),26.51,53.69,Yes
1472-BKONP,Female,0,No,No,38,No,No phone service,Fiber optic,No,Yes,Yes,Yes,Yes,No,One year,No,Credit card (automatic),73.74,2698.38,No
3464-STGWH,Male,0,Yes,Yes,13,Yes,Yes,DSL,No,No,No,Yes,Yes,Yes,Month-to-month,Yes,Credit card (automatic),72.34,963.25,Yes
9917-FGSIC,Female,0,Yes,Yes,7,Yes,No,No,No internet service,No internet service,No internet service,No internet service,No internet service,No internet service,Month-to-month,Yes,Electronic check,20.53,154.91,Yes
2916-FYKYB,Female,0,Yes,No,8,Yes,Yes,No,No internet service,No internet service,No internet service,No internet service,No internet service,No internet service,Month-to-month,Yes,Electronic check,23.7,174.6,Yes
9186-PKKBM,Female,0,No,No,43,Yes,No,Fiber optic,No,No,No,No,No,No,Two year,Yes,Mailed check,70.62,2891.71,No
7449-PFRTD,Male,0,No,No,68,Yes,Yes,DSL,No,Yes,Yes,Yes,No,Yes,Two year,Yes,Credit card (automatic),73.95,5357.91,No
5941-FTITQ,Female,0,No,No,2,Yes,Yes,No,No internet service,No internet service,No internet service,No internet service,No internet service,No internet service,Month-to-month,No,Electronic check,20.38,38.43,No
9495-UDCDT,Female,0,Yes,Yes,1,Yes,Yes,No,No internet service,No internet service,No internet service,No internet service,No internet service,No internet service,Month-to-month,No,Mailed check,23.78,22.26,No
6582-FMNMA,Female,0,No,No,65,Yes,Yes,DSL,Yes,Yes,Yes,No,Yes,Yes,Two year,Yes,Mailed check,86.58,5843.53,No
9939-WMHEJ,Female,0,No,No,65,Yes,Yes,Fiber optic,Yes,Yes,Yes,No,No,Yes,Two year,No,Credit card (automatic),99.47,6105.97,No
8728-GAUGZ,Male,0,No,No,30,Yes,No,No,No internet service,No internet service,No internet service,No internet service,No internet service,No internet service,One year,Yes,Mailed check,19.04,531.87,No
0455-KZOPP,Female,0,Yes,No,28,Yes,No,No,No internet service,No internet service,No internet service,No internet service,No internet service,No internet service,One year,No,Electronic check,18.25,536.07,No
8944-VUMXR,Male,0,Yes,No,64,Yes,No,No,No internet service,No internet service,No internet service,No internet service,No internet service,No internet service,One year,No,Bank transfer (automatic),21.45,1348.27,No
9957-KISDX,Female,1,No,No,38,Yes,No,Fiber optic,No,Yes,No,No,No,No,One year,No,Credit card (automatic),71.55,2846.44,No
0361-XRHAW,Female,0,No,No,43,Yes,No,DSL,Yes,Yes,Yes,No,No,Yes,Two year,Yes,Credit card (automatic),69.27,2886.81,No
5603-ZFXNZ,Male,0,No,No,30,Yes,Yes,Fiber optic,Yes,No,No,No,Yes,Yes,One year,No,Credit card (automatic),103.07,3227.28,No
6541-XRFFQ,Female,0,Yes,Yes,58,Yes,No,Fiber optic,No,No,No,No,No,No,One year,Yes,Mailed check,67.83,3979.2,No
1460-YTDFO,Female,0,Yes,Yes,15,Yes,Yes,Fiber optic,No,No,No,No,Yes,Yes,Two year,Yes,Credit card (automatic),95.8,1473.29,No
0042-RKMTV,Female,0,Yes,Yes,68,Yes,No,Fiber optic,No,Yes,No,No,Yes,No,Two year,No,Credit card (automatic),83.98,5665.5,No
5142-JDMFG,Female,0,Yes,No,19,Yes,No,No,No internet service,No internet service,No internet service,No internet service,No internet service,No internet service,Month-to-month,No,Bank transfer (automatic),18.25,363.61,No
5326-OLOBB,Male,1,Yes,Yes,45,No,No phone service,Fiber optic,No,No,Yes,Yes,Yes,Yes,Two year,Yes,Electronic check,81.93,3393.38,No
4908-LRVIW,Male,1,No,No,4,Yes,Yes,Fiber optic,Yes,No,No,Yes,Yes,No,Month-to-month,Yes,Electronic check,90.54,338.73,Yes
0211-XHUTN,Female,0,Yes,No,25,Yes,Yes,DSL,Yes,Yes,Yes,Yes,No,No,Month-to-month,Yes,Bank transfer (automatic),69.4,1831.7,No
6752-ASEGV,Male,0,No,No,16,Yes,No,Fiber optic,No,Yes,No,No,Yes,Yes,Month-to-month,Yes,Electronic check,99.59,1699.85,Yes
4513-QMJAH,Female,0,Yes,Yes,4,Yes,No,No,No internet service,No internet service,No internet service,No internet service,No internet service,No internet service,Month-to-month,Yes,Credit card (automatic),19.4,79.39,No
9973-MUPUX,Male,1,Yes,Yes,4,Yes,No,No,No internet service,No internet service,No internet service,No internet service,No internet service,No internet service,Month-to-month,No,Mailed check,18.25,71.68,Yes
9082-CNSAN,Male,0,Yes,No,28,Yes,Yes,No,No internet service,No internet service,No internet service,No internet service,No internet service,No internet service,Two year,No,Mailed check,23.21,691.32,No
7129-FFUBW,Female,0,Yes,Yes,20,Yes,Yes,DSL,Yes,No,Yes,No,Yes,No,Month-to-month,No,Credit card (automatic),71.21,1353.38,No
8605-QETBG,Male,0,No,No,64,Yes,Yes,Fiber optic,Yes,Yes,Yes,No,Yes,Yes,Two year,Yes,Electronic check,109.41,7431.84,No
8543-SRDHJ,Female,0,No,No,9,No,No phone service,Fiber optic,No,Yes,Yes,No,Yes,Yes,Month-to-month,Yes,Bank transfer (automatic),77.65,648.45,Yes
4451-KWDGZ,Male,0,No,Yes,7,Yes,Yes,DSL,No,Yes,Yes,Yes,No,No,Month-to-month,No,Electronic check,63.93,457.07,No
4282-VQBVS,Male,0,No,No,10,Yes,Yes,DSL,Yes,No,No,Yes,Yes,Yes,Month-to-month,No,Credit card (automatic),79.46,842.65,Yes
5961-ZNWEI,Female,0,Yes,No,46,Yes,No,Fiber optic,No,No,No,Yes,No,No,Month-to-month,No,Mailed check,76.42,3412.55,Yes
5615-ANKAG,Male,0,Yes,No,66,Yes,Yes,No,No internet service,No internet service,No internet service,No internet service,No internet service,No internet service,Two year,Yes,Credit card (automatic),23.59,1567.61,No
5697-XGOHJ,Female,0,Yes,Yes,46,Yes,Yes,DSL,No,Yes,Yes,No,Yes,No,Month-to-month,Yes,Credit card (automatic),69.88,3389.56,No
9000-HWPBT,Female,1,Yes,Yes,12,Yes,Yes,Fiber optic,No,No,No,No,No,No,Month-to-month,Yes,Mailed check,72.52,908.53,Yes
4796-JTACZ,Male,1,Yes,Yes,38,Yes,No,Fiber optic,No,No,Yes,No,Yes,Yes,Two year,Yes,Bank transfer (automatic),95.65,3498.1,No
6093-BTLBK,Male,0,No,No,10,No,No phone service,DSL,No,Yes,No,Yes,No,No,Month-to-month,No,Bank transfer (automatic),32.9,323.23,No
7745-MPXCJ,Female,1,No,No,22,Yes,No,DSL,No,Yes,Yes,Yes,No,No,Month-to-month,Yes,Electronic check,59.04,1394.77,Yes
8039-OXKUV,Male,0,Yes,No,18,Yes,Yes,No,No internet service,No internet service,No internet service,No internet service,No internet service,No internet service,Month-to-month,Yes,Mailed check,23.03,396.4,No
4707-CIRHK,Male,0,Yes,Yes,62,Yes,Yes,DSL,Yes,No,No,Yes,No,No,One year,Yes,Electronic check,60.92,3609.24,No
6522-IZMTH,Male,0,No,No,1,Yes,No,Fiber optic,Yes,No,Yes,Yes,Yes,Yes,Month-to-month,Yes,Bank transfer (automatic),105.3,104.27,No
3542-YMXBZ,Male,0,No,No,51,Yes,Yes,DSL,No,No,No,No,Yes,No,One year,No,Mailed check,60.09,2868.9,No
3457-DHPZI,Female,1,No,No,60,Yes,No,DSL,No,No,Yes,Yes,Yes,No,Two year,Yes,Mailed check,68.15,3997.4,No
6096-UVHMV,Female,0,Yes,Yes,22,Yes,Yes,Fiber optic,Yes,Yes,Yes,Yes,Yes,Yes,Month-to-month,Yes,Mailed check,115.95,2578.4,No
4469-MBEFM,Male,0,Yes,Yes,64,Yes,No,Fiber optic,Yes,Yes,No,Yes,No,No,One year,No,Mailed check,85.89,5899.31,No
5863-SIQKD,Male,0,No,No,38,Yes,Yes,DSL,Yes,No,Yes,No,No,No,Two year,Yes,Credit card (automatic),61.14,2408.51,No
9073-YESYD,Male,0,Yes,Yes,16,Yes,Yes,No,No internet service,No internet service,No internet service,No internet service,No internet service,No internet service,Month-to-month,Yes,Mailed check,23.78,368.52,No
6927-DVFKN,Female,0,No,No,16,Yes,No,Fiber optic,No,No,Yes,No,Yes,Yes,Month-to-month,No,Mailed check,93.92,1468.4,Yes
1602-UGLUL,Female,0,Yes,Yes,60,Yes,No,Fiber optic,No,No,No,No,No,No,One year,Yes,Bank transfer (automatic),69.12,4414.89,No
1182-XECOW,Female,0,No,No,50,Yes,Yes,Fiber optic,No,No,No,Yes,Yes,No,One year,Yes,Mailed check,86.36,4530.96,No
1631-KTYQR,Female,0,No,No,4,Yes,No,Fiber optic,No,No,No,No,Yes,Yes,Month-to-month,Yes,Mailed check,86.7,319.62,Yes
7110-BISXQ,Female,0,Yes,Yes,7,Yes,Yes,No,No internet service,No internet service,No internet service,No internet service,No internet service,No internet service,Two year,No,Mailed check,24.87,184.8,No
6550-MYRAV,Female,0,Yes,No,1,Yes,No,DSL,No,No,No,Yes,No,Yes,Month-to-month,No,Mailed check,61.87,57.31,No
2478-KLJUX,Male,0,Yes,Yes,33,Yes,No,Fiber optic,No,No,No,No,Yes,No,Month-to-month,Yes,Electronic check,78.94,2433.74,No
7270-UOXYT,Female,0,No,No,15,Yes,Yes,DSL,Yes,No,No,No,No,Yes,Month-to-month,Yes,Mailed check,61.51,895.67,No
8858-TGQMI,Male,1,No,No,66,Yes,No,DSL,Yes,Yes,Yes,No,No,No,Two year,No,Mailed check,57.42,3858.56,No
0233-UGUYR,Female,0,Yes,No,17,Yes,No,No,No internet service,No internet service,No internet service,No internet service,No internet service,No internet service,Month-to-month,Yes,Electronic check,18.25,304.83,No
2754-HMPDB,Male,0,Yes,Yes,71,Yes,No,No,No internet service,No internet service,No internet service,No internet service,No internet service,No internet service,One year,Yes,Bank transfer (automatic),22.91,1505.55,No
7010-ZDWAF,Female,0,No,Yes,66,Yes,Yes,DSL,No,No,Yes,No,No,No,Two year,No,Mailed check,54.2,3351.56,No
9405-MJZOE,Male,0,No,No,43,Yes,No,Fiber optic,Yes,Yes,Yes,No,No,Yes,Month-to-month,No,Mailed check,95.34,4149.65,No
9859-ZELLC,Female,0,No,No,6,Yes,Yes,Fiber optic,No,Yes,Yes,Yes,Yes,No,Month-to-month,Yes,Credit card (automatic),101.55,609.49,Yes
5062-LTWXL,Male,0,Yes,No,8,Yes,Yes,Fiber optic,No,No,No,No,Yes,Yes,Two year,No,Electronic check,93.43,694.51,No
6469-CGWZM,Male,0,Yes,Yes,25,Yes,Yes,No,No internet service,No internet service,No internet service,No internet service,No internet service,No internet service,Month-to-month,No,Electronic check,24.15,559.71,No
8209-QZOLG,Male,0,No,No,15,No,No phone service,Fiber optic,No,No,Yes,Yes,No,No,Month-to-month,Yes,Electronic check,59.93,965.05,No
4469-ZEDSN,Male,0,No,No,31,Yes,No,Fiber optic,No,No,No,No,Yes,No,One year,No,Bank transfer (automatic),81.42,2450.32,No
0696-AVEAY,Male,0,Yes,No,71,Yes,Yes,DSL,No,Yes,No,Yes,Yes,No,One year,No,Bank transfer (automatic),69.79,4575.96,No
1683-KDUQU,Male,0,No,No,55,Yes,Yes,No,No internet service,No internet service,No internet service,No internet service,No internet service,No internet service,Month-to-month,No,Bank transfer (automatic),25.17,1493.05,No
5450-IAOIR,Female,0,No,No,51,Yes,Yes,Fiber optic,Yes,No,Yes,No,No,Yes,Two year,No,Bank transfer (automatic),93.21,4983.44,No
2086-OZGSE,Female,0,Yes,Yes,8,Yes,No,Fiber optic,No,No,Yes,Yes,Yes,Yes,Two year,No,Bank transfer (automatic),97.86,743.68,No
6437-KDNWI,Male,0,No,Yes,59,Yes,No,DSL,Yes,No,No,Yes,No,No,Month-to-month,No,Credit card (automatic),55.62,3038.78,No
3400-KKWXK,Female,0,No,No,8,Yes,Yes,DSL,Yes,No,No,No,No,No,Month-to-month,No,Electronic check,55.2,413.52,No
9594-TRNCK,Male,0,Yes,Yes,28,Yes,Yes,DSL,Yes,Yes,Yes,Yes,No,No,One year,Yes,Bank transfer (automatic),68.43,1800.69,No
0163-XRTYI,Male,1,Yes,Yes,25,Yes,Yes,DSL,No,Yes,No,No,No,No,Month-to-month,No,Electronic check,53.75,1375.89,No
2544-QWOLD,Female,0,No,No,56,Yes,No,Fiber optic,Yes,No,Yes,No,Yes,No,Month-to-month,No,Mailed check,90.01,4719.44,No
1857-HDPNJ,Male,0,No,No,7,Yes,Yes,Fiber optic,No,Yes,Yes,No,No,No,Month-to-month,Yes,Electronic check,83.05,540.71,Yes
9488-KHBAJ,Male,0,Yes,No,67,Yes,No,DSL,Yes,No,Yes,Yes,No,No,One year,No,Credit card (automatic),57.58,3575.69,No
3645-ZRLSQ,Female,1,No,No,1,Yes,No,Fiber optic,No,No,Yes,No,Yes,No,Month-to-month,Yes,Electronic check,80.96,77.08,Yes
0117-VRTKJ,Male,0,Yes,No,21,Yes,No,Fiber optic,No,Yes,No,No,No,Yes,Month-to-month,No,Electronic check,85.93,1812.99,No
2037-YIGPU,Male,0,Yes,No,52,Yes,Yes,DSL,Yes,Yes,No,Yes,No,Yes,One year,No,Bank transfer (automatic),73.86,3984.98,No
1191-LQKII,Female,0,No,No,63,Yes,No,DSL,No,Yes,Yes,Yes,No,Yes,Two year,Yes,Electronic check,68.49,3985.03,No
0926-APFPA,Male,1,Yes,No,21,Yes,Yes,Fiber optic,No,No,No,No,Yes,Yes,Month-to-month,No,Bank transfer (automatic),94.9,2101.85,Yes
2317-JWCCH,Male,0,No,No,56,Yes,No,No,No internet service,No internet service,No internet service,No internet service,No internet service,No internet service,One year,Yes,Bank transfer (automatic),19.5,1154.01,No
8288-VTJJM,Male,1,Yes,No,42,Yes,No,DSL,No,No,No,No,No,No,Month-to-month,No,Electronic check,42.55,1817.53,Yes
1052-CFTKQ,Female,0,Yes,No,14,Yes,Yes,Fiber optic,No,Yes,No,Yes,Yes,Yes,Month-to-month,No,Electronic check,103.79,1396.75,Yes
6582-PBMPY,Male,0,Yes,Yes,14,Yes,Yes,DSL,Yes,No,No,No,No,Yes,Month-to-month,Yes,Electronic check,65.53,873.92,Yes
0496-MXZAB,Male,0,No,No,63,No,No phone service,DSL,Yes,Yes,No,No,Yes,No,Two year,Yes,Bank transfer (automatic),45.13,2769.08,No
0488-FJMJW,Female,0,Yes,No,12,Yes,No,DSL,No,No,No,No,Yes,Yes,Month-to-month,Yes,Mailed check,66.42,849.71,No
6994-RARUH,Male,0,Yes,No,69,Yes,Yes,Fiber optic,Yes,Yes,No,No,No,No,Two year,Yes,Credit card (automatic),85.74,6094.57,No
9692-UQCXD,Male,1,Yes,Yes,4,Yes,Yes,Fiber optic,Yes,Yes,No,No,No,No,Month-to-month,Yes,Mailed check,85.36,357.68,Yes
2198-RCURY,Female,0,No,No,72,Yes,Yes,Fiber optic,No,No,No,No,No,Yes,One year,No,Mailed check,81.32,5507.19,No
6346-XILOR,Male,1,Yes,No,7,No,No phone service,Fiber optic,No,No,No,Yes,No,Yes,Month-to-month,Yes,Credit card (automatic),68.21,513.64,Yes
0829-TJKRK,Female,0,Yes,No,72,Yes,No,Fiber optic,No,No,Yes,No,Yes,Yes,One year,Yes,Electronic check,94.78,7160.4,No
4101-ZBZGA,Male,0,No,No,69,Yes,Yes,Fiber optic,No,Yes,No,No,No,Yes,Two year,No,Mailed check,90.82,6598.1,No
0799-GLJEJ,Female,0,No,No,17,Yes,Yes,DSL,No,No,No,No,No,Yes,Two year,Yes,Credit card (automatic),62.65,998.7,No
5758-LQTZS,Male,0,No,No,60,Yes,No,DSL,No,Yes,Yes,No,Yes,Yes,Two year,Yes,Credit card (automatic),75.09,4214.91,No
6649-NJSJF,Female,0,No,No,5,Yes,Yes,DSL,Yes,Yes,No,No,Yes,No,Month-to-month,Yes,Electronic check,65.74,317.54,Yes
4027-RIOUX,Male,0,Yes,Yes,67,Yes,Yes,Fiber optic,No,No,No,No,Yes,No,One year,No,Electronic check,80.56,5324.99,Yes
0603-ZITXZ,Female,0,Yes,No,49,Yes,Yes,Fiber optic,No,No,No,Yes,Yes,No,Two year,Yes,Electronic check,86.22,4422.38,No
6496-OYCSY,Male,0,Yes,No,20,Yes,No,DSL,Yes,Yes,No,No,No,No,Month-to-month,No,Mailed check,52.1,1046.9,No
1401-DFEQF,Male,0,No,No,21,Yes,No,DSL,No,Yes,No,No,No,No,Month-to-month,No,Electronic check,51.75,1122.68,No
1148-ELJME,Female,0,No,No,4,Yes,No,Fiber optic,No,Yes,Yes,No,Yes,No,Month-to-month,Yes,Mailed check,90.77,379.59,Yes
3960-SKCWJ,Female,0,No,No,37,Yes,No,No,No internet service,No internet service,No internet service,No internet service,No internet service,No internet service,One year,Yes,Mailed check,20.08,791.8,No
2401-RBDXT,Male,0,No,No,45,Yes,No,DSL,No,No,No,No,Yes,No,Month-to-month,No,Credit card (automatic),54.07,2390.73,No
8657-AAOES,Female,0,Yes,No,4,No,No phone service,Fiber optic,Yes,No,Yes,Yes,Yes,Yes,Month-to-month,No,Electronic check,88.18,354.64,Yes
6967-MSEXN,Male,0,No,No,16,Yes,No,DSL,No,No,Yes,No,No,No,Month-to-month,Yes,Electronic check,49.19,732.83,Yes
1919-JVXPF,Male,0,Yes,No,37,No,No phone service,DSL,No,Yes,Yes,No,Yes,Yes,One year,Yes,Mailed check,52.05,1935.64,Yes
1809-CQCCB,Male,0,Yes,Yes,27,Yes,No,DSL,No,No,Yes,Yes,No,No,Month-to-month,Yes,Electronic check,53.71,1530.04,No
9282-EGBHI,Female,0,Yes,Yes,41,Yes,No,Fiber optic,Yes,Yes,Yes,No,Yes,No,Two year,Yes,Bank transfer (automatic),95.92,3667.34,No
2288-LRLJB,Female,1,Yes,Yes,15,Yes,No,DSL,Yes,Yes,No,No,Yes,No,One year,Yes,Credit card (automatic),65.56,934.32,No
7645-XOGSE,Female,0,Yes,Yes,27,Yes,No,Fiber optic,Yes,No,Yes,No,Yes,Yes,Month-to-month,Yes,Electronic check,95.13,2639.42,No
0642-MOGFG,Male,0,No,No,31,Yes,No,No,No internet service,No internet service,No internet service,No internet service,No internet service,No internet service,One year,No,Credit card (automatic),18.96,552.99,No
0538-NNKVK,Male,0,No,No,16,Yes,Yes,DSL,Yes,No,No,Yes,No,Yes,Month-to-month,No,Mailed check,72.63,1235,No
4110-QDVNE,Male,0,No,No,53,Yes,No,Fiber optic,No,No,No,No,No,No,Two year,Yes,Credit card (automatic),67.96,3617.75,No
3684-YQXVF,Female,0,No,No,65,Yes,Yes,DSL,Yes,No,Yes,Yes,No,No,Two year,No,Electronic check,62.73,4383.1,No
1978-DJPBT,Female,0,Yes,Yes,50,Yes,No,Fiber optic,No,Yes,No,Yes,Yes,Yes,Month-to-month,No,Bank transfer (automatic),99.6,4706.95,No
4806-VFHAD,Male,0,Yes,Yes,26,No,No phone service,No,No internet service,No internet service,No internet service,No internet service,No internet service,No internet service,Month-to-month,No,Electronic check,18.25,458.06,No
4379-KVZAM,Female,0,Yes,Yes,18,Yes,No,DSL,No,Yes,No,Yes,No,No,Month-to-month,No,Bank transfer (automatic),51.95,986.49,No
5859-HZEYH,Female,1,Yes,Yes,60,Yes,Yes,Fiber optic,No,Yes,No,Yes,Yes,Yes,One year,Yes,Bank transfer (automatic),105.2,6200.6,No
4712-VLAIK,Male,0,No,No,27,Yes,No,Fiber optic,No,No,No,No,No,No,Month-to-month,Yes,Mailed check,68.74,1788.4,Yes
3339-MERVK,Female,1,Yes,Yes,70,Yes,No,No,No internet service,No internet service,No internet service,No internet service,No internet service,No internet service,Two year,Yes,Bank transfer (automatic),18.25,1190.11,No
4585-RCZJA,Female,0,No,No,32,Yes,No,DSL,No,No,No,No,No,No,Month-to-month,Yes,Mailed check,44.24,1455.81,No
9814-WEDVC,Male,0,No,No,51,Yes,No,DSL,No,No,No,Yes,No,Yes,Two year,Yes,Credit card (automatic),58.67,3082.84,No
0752-CPOTX,Female,0,Yes,Yes,20,Yes,No,DSL,Yes,No,No,No,No,Yes,Month-to-month,No,Electronic check,59.66,1226.37,No
3205-DLTPY,Male,0,No,No,45,Yes,No,Fiber optic,No,Yes,Yes,Yes,Yes,No,One year,No,Credit card (automatic),93.21,4061.18,No
0419-XLITB,Male,0,No,No,3,Yes,Yes,Fiber optic,No,Yes,No,No,No,Yes,Month-to-month,Yes,Credit card (automatic),89.14,257.46,No
1437-HQJRW,Female,0,No,No,4,Yes,No,Fiber optic,No,No,No,Yes,Yes,No,Month-to-month,Yes,Credit card (automatic),82.99,330.9,No
9667-RVGZO,Male,0,Yes,Yes,2,Yes,No,DSL,No,No,Yes,No,No,No,Month-to-month,No,Electronic check,52.21,100.33,No
9638-AESUC,Male,0,Yes,No,17,No,No phone service,Fiber optic,No,No,No,Yes,No,No,One year,Yes,Credit card (automatic),52.55,901.11,No
9216-UFRSI,Female,0,No,No,68,Yes,No,No,No internet service,No internet service,No internet service,No internet service,No internet service,No internet service,Two year,Yes,Mailed check,19.47,1404.66,No
0576-GOHAX,Female,0,No,No,42,Yes,No,Fiber optic,No,No,Yes,Yes,No,No,Month-to-month,Yes,Electronic check,78.46,3047.41,No
3167-HNUNV,Female,0,Yes,Yes,50,Yes,No,No,No internet service,No internet service,No internet service,No internet service,No internet service,No internet service,Two year,No,Credit card (automatic),18.69,969.87,No
1662-JGHRQ,Male,0,No,No,3,Yes,Yes,Fiber optic,No,Yes,Yes,Yes,Yes,No,Month-to-month,Yes,Electronic check,99.1,279.76,Yes
0905-IHMCU,Female,0,Yes,No,69,No,No phone service,Fiber optic,No,Yes,Yes,Yes,No,Yes,Two year,Yes,Electronic check,73.55,4770.39,No
2883-KGTCV,Female,1,No,No,51,Yes,No,No,No internet service,No internet service,No internet service,No internet service,No internet service,No internet service,Month-to-month,Yes,Credit card (automatic),18.25,964.92,No
9026-IFVVB,Male,0,Yes,No,42,Yes,Yes,Fiber optic,No,No,Yes,No,Yes,Yes,Month-to-month,No,Electronic check,102.28,4589.89,No
2912-JIEUO,Male,0,No,No,72,Yes,No,Fiber optic,No,Yes,Yes,No,No,No,Two year,Yes,Bank transfer (automatic),78.42,5492.57,No
0438-VWNBV,Female,1,Yes,No,42,Yes,No,DSL,Yes,Yes,Yes,Yes,No,Yes,Month-to-month,Yes,Bank transfer (automatic),76.35,3231.39,No
4217-OVGFB,Male,0,No,No,48,Yes,Yes,DSL,No,No,No,Yes,Yes,Yes,Two year,Yes,Bank transfer (automatic),72.58,3668.78,No
6414-UDZZH,Female,0,No,No,53,Yes,Yes,Fiber optic,No,Yes,Yes,No,Yes,No,Two year,Yes,Bank transfer (automatic),96.13,5285.98,No
2760-AXZJW,Female,0,Yes,No,17,Yes,No,Fiber optic,Yes,Yes,No,No,Yes,Yes,Month-to-month,No,Electronic check,98.28,1757.38,Yes
0447-FHIZU,Male,0,Yes,No,6,Yes,No,DSL,Yes,No,Yes,Yes,Yes,No,Month-to-month,Yes,Electronic check,69.35,432.87,No
5140-TSYMZ,Female,0,No,No,7,Yes,Yes,DSL,No,No,No,Yes,No,No,Month-to-month,Yes,Electronic check,51.8,384.11,Yes
3527-QFNZG,Male,0,No,No,7,No,No phone service,Fiber optic,Yes,Yes,Yes,No,No,No,Month-to-month,Yes,Electronic check,62.12,419.89,Yes
1096-DKXIY,Male,0,No,No,26,Yes,Yes,Fiber optic,No,No,No,No,No,Yes,One year,Yes,Credit card (automatic),82.84,2323.55,No
1460-BJVWM,Female,0,Yes,Yes,7,Yes,Yes,DSL,Yes,No,No,No,Yes,Yes,Month-to-month,Yes,Bank transfer (automatic),76.54,533.38,No
5835-XUHBR,Female,1,Yes,Yes,3,Yes,Yes,No,No internet service,No internet service,No internet service,No internet service,No internet service,No internet service,Month-to-month,No,Electronic check,26.59,84.02,Yes
2645-LELDM,Male,0,Yes,Yes,38,Yes,Yes,Fiber optic,Yes,No,Yes,No,No,Yes,Month-to-month,Yes,Bank transfer (automatic),95.08,3506.37,No
6585-RESOZ,Male,1,No,Yes,36,No,No phone service,DSL,No,Yes,Yes,Yes,Yes,Yes,Two year,Yes,Electronic check,63.2,2292.39,No
9458-SDVBX,Male,0,Yes,No,7,No,No phone service,DSL,No,Yes,Yes,Yes,No,No,Month-to-month,No,Mailed check,39.7,259.51,Yes
2106-XHNZQ,Female,1,Yes,No,40,Yes,No,No,No internet service,No internet service,No internet service,No internet service,No internet service,No internet service,One year,Yes,Bank transfer (automatic),18.25,741.21,No
8037-AOCBG,Female,0,No,No,25,Yes,No,Fiber optic,No,No,No,Yes,Yes,No,One year,No,Credit card (automatic),83.54,2113.06,Yes
3625-LNIGW,Female,0,No,Yes,3,Yes,Yes,DSL,Yes,No,No,No,No,Yes,Month-to-month,Yes,Electronic check,65.51,189.62,No
1825-RZQWW,Male,0,No,Yes,66,Yes,Yes,DSL,No,Yes,No,Yes,Yes,No,One year,No,Mailed check,68.78,4280.85,No
5626-UZBVK,Male,0,No,No,5,Yes,Yes,DSL,No,Yes,No,Yes,No,Yes,Month-to-month,No,Credit card (automatic),72.24,383.72,No
1147-CTUKR,Female,0,No,No,60,Yes,Yes,Fiber optic,No,No,Yes,Yes,Yes,Yes,One year,Yes,Bank transfer (automatic),103.43,6116.76,No
1091-LTALR,Female,0,Yes,Yes,27,Yes,No,Fiber optic,Yes,Yes,Yes,No,Yes,Yes,Month-to-month,Yes,Credit card (automatic),106.45,2717.33,No
0127-PYWJW,Female,0,No,No,1,Yes,No,Fiber optic,No,No,Yes,Yes,No,Yes,Month-to-month,No,Bank transfer (automatic),90.45,90.74,Yes
3511-YBNUN,Male,0,No,Yes,64,Yes,No,DSL,Yes,No,Yes,Yes,No,Yes,Two year,Yes,Mailed check,70.83,4534.63,No
6782-CSWTH,Female,0,Yes,No,27,Yes,Yes,No,No internet service,No internet service,No internet service,No internet service,No internet service,No internet service,Month-to-month,Yes,Electronic check,22.36,607.72,No
1817-GZZFK,Male,0,Yes,Yes,9,Yes,Yes,Fiber optic,No,No,No,No,No,No,Month-to-month,Yes,Electronic check,69.76,654.07,Yes
1361-RYNPB,Female,0,Yes,Yes,3,Yes,No,Fiber optic,No,No,No,Yes,Yes,No,Month-to-month,Yes,Electronic check,84.67,273.74,No
7337-ADVOZ,Female,0,Yes,No,58,Yes,No,DSL,No,No,Yes,No,No,Yes,One year,No,Mailed check,58.29,3394.04,No
3797-LZGZJ,Male,0,Yes,Yes,60,Yes,No,No,No internet service,No internet service,No internet service,No internet service,No internet service,No internet service,One year,No,Bank transfer (automatic),20.16,1218.32,No
8010-FPHCJ,Female,0,Yes,Yes,3,Yes,Yes,Fiber optic,Yes,Yes,Yes,Yes,Yes,No,Month-to-month,No,Mailed check,105.41,328.77,No
4947-LWSED,Male,0,No,No,7,Yes,Yes,DSL,No,Yes,Yes,No,Yes,No,Month-to-month,Yes,Bank transfer (automatic),68.32,511.15,Yes
6133-IGNVB,Female,0,Yes,Yes,1,Yes,Yes,No,No internet service,No internet service,No internet service,No internet service,No internet service,No internet service,Two year,No,Credit card (automatic),22.8,24.57,No
7298-ZFGMS,Male,0,No,No,64,Yes,Yes,Fiber optic,No,No,Yes,Yes,No,No,Two year,Yes,Electronic check,84.51,5629.61,No
1028-NAZXE,Female,0,No,No,1,Yes,No,DSL,No,No,Yes,No,No,No,Two year,Yes,Electronic check,45.42,48.3,No
7147-GKFMJ,Male,0,Yes,Yes,49,No,No phone service,Fiber optic,No,No,No,No,No,No,Month-to-month,Yes,Mailed check,49.12,2374.38,Yes
1727-PEFJF,Male,0,No,No,15,Yes,No,No,No internet service,No internet service,No internet service,No internet service,No internet service,No internet service,Month-to-month,Yes,Electronic check,19.21,288.07,No
8612-TGMOR,Female,0,No,No,15,Yes,Yes,Fiber optic,No,Yes,Yes,Yes,No,Yes,Month-to-month,No,Electronic check,100.39,1482.11,Yes
2493-WGMJR,Female,0,No,No,8,Yes,Yes,Fiber optic,No,Yes,Yes,Yes,Yes,Yes,Month-to-month,Yes,Mailed check,107.62,921.51,No
2395-RQDVF,Male,0,No,No,27,Yes,No,Fiber optic,No,No,No,No,No,No,One year,No,Bank transfer (automatic),69.24,2018.13,No
3838-GIHJH,Male,0,No,No,69,Yes,Yes,No,No internet service,No internet service,No internet service,No internet service,No internet service,No internet service,Two year,Yes,Credit card (automatic),25.98,1915.67,No
5140-BRKCX,Male,0,No,No,16,Yes,Yes,DSL,Yes,Yes,Yes,No,Yes,No,One year,No,Credit card (automatic),75.12,1113.34,No
8633-CDYNM,Female,0,No,No,12,Yes,Yes,DSL,No,Yes,Yes,Yes,No,No,Month-to-month,No,Electronic check,66.02,749.4,No
9754-ONPOK,Female,0,Yes,Yes,21,Yes,Yes,Fiber optic,No,Yes,Yes,Yes,No,Yes,One year,Yes,Credit card (automatic),97.44,2197.99,No
3294-CHFAP,Female,0,No,No,17,No,No phone service,DSL,Yes,Yes,No,Yes,No,Yes,Month-to-month,Yes,Credit card (automatic),48.92,859.91,No
5797-EQRCJ,Male,0,No,No,11,Yes,Yes,Fiber optic,No,No,Yes,No,No,Yes,Month-to-month,Yes,Mailed check,89.92,930.99,No
7352-WFGMN,Male,0,No,No,16,No,No phone service,No,No internet service,No internet service,No internet service,No internet service,No internet service,No internet service,Month-to-month,Yes,Credit card (automatic),18.25,297.55,No
5051-AXRUD,Male,0,No,Yes,15,Yes,No,DSL,Yes,No,No,No,No,No,One year,No,Credit card (automatic),48.71,778.57,No
9853-GUNBC,Female,0,Yes,Yes,64,Yes,Yes,DSL,No,Yes,No,No,No,No,Two year,No,Electronic check,56.4,3804.56,No
9813-YQMEY,Female,0,Yes,Yes,71,Yes,Yes,DSL,No,Yes,No,No,No,No,Two year,Yes,Electronic check,54.71,3737.69,No
4416-FENUD,Female,0,Yes,No,31,Yes,No,Fiber optic,No,No,Yes,Yes,Yes,No,Month-to-month,No,Credit card (automatic),90.67,2727.34,Yes
9211-OBNLS,Female,0,Yes,No,26,No,No phone service,Fiber optic,No,No,No,No,No,No,Month-to-month,No,Electronic check,53.11,1463.66,Yes
1028-JMJCN,Female,0,No,No,24,Yes,No,No,No internet service,No internet service,No internet service,No internet service,No internet service,No internet service,Month-to-month,Yes,Credit card (automatic),18.63,421.25,No
0117-KWHLX,Female,0,No,No,45,Yes,Yes,DSL,No,No,No,Yes,No,Yes,Two year,No,Credit card (automatic),67.46,2945.94,No
6059-LUUMJ,Male,0,Yes,No,1,Yes,No,DSL,No,No,No,No,Yes,Yes,Month-to-month,Yes,Mailed check,63.79,67.28,No
9713-PDDGZ,Male,0,No,No,53,No,No phone service,No,No internet service,No internet service,No internet service,No internet service,No internet service,No internet service,Month-to-month,Yes,Electronic check,18.25,1012.42,No
5209-ECGLE,Male,0,No,No,12,Yes,Yes,Fiber optic,No,No,Yes,Yes,Yes,Yes,Month-to-month,Yes,Bank transfer (automatic),104.9,1252.73,No
0931-PATXT,Male,0,Yes,No,37,Yes,No,Fiber optic,No,Yes,Yes,No,No,Yes,Two year,Yes,Electronic check,88.56,3532.04,No
4306-YXAZX,Male,0,Yes,Yes,2,Yes,No,No,No internet service,No internet service,No internet service,No internet service,No internet service,No internet service,Month-to-month,Yes,Bank transfer (automatic),18.25,36.37,No
5427-HFGUZ,Male,0,No,No,10,Yes,Yes,DSL,No,No,Yes,Yes,No,Yes,Month-to-month,No,Electronic check,68.12,675.92,No
7317-YSUOK,Male,0,No,No,46,Yes,No,Fiber optic,No,No,No,No,No,Yes,One year,No,Bank transfer (automatic),77.87,3458.41,No
8556-XGJKV,Male,0,Yes,Yes,22,Yes,Yes,Fiber optic,No,No,Yes,Yes,No,No,One year,Yes,Bank transfer (automatic),85.66,1917.33,No
7348-EVNMX,Male,0,No,No,56,Yes,No,Fiber optic,No,No,Yes,No,No,No,One year,Yes,Mailed check,77.84,4055.54,No
5727-RTJXB,Female,0,Yes,Yes,18,Yes,Yes,DSL,No,No,No,No,No,No,Month-to-month,Yes,Electronic check,50.1,965.36,Yes
9302-PHWVO,Female,0,No,Yes,14,Yes,Yes,DSL,No,Yes,Yes,Yes,Yes,No,Month-to-month,No,Electronic check,75.26,1083.35,No
6997-ULPPV,Male,0,Yes,No,41,Yes,No,Fiber optic,Yes,Yes,No,No,No,Yes,Month-to-month,Yes,Electronic check,87.85,3459.19,No
3198-YSDHG,Female,0,Yes,No,45,Yes,Yes,DSL,No,Yes,No,No,Yes,Yes,Two year,Yes,Bank transfer (automatic),73.11,3439.53,No
0387-RMAWN,Male,0,Yes,No,21,Yes,No,DSL,Yes,No,Yes,No,Yes,No,Month-to-month,Yes,Mailed check,65.34,1377.16,No
8790-FJMOF,Female,0,No,No,21,Yes,No,DSL,No,No,No,No,No,Yes,Month-to-month,Yes,Mailed check,55.35,1178.61,Yes
4863-ICUFW,Male,0,Yes,No,38,Yes,No,Fiber optic,No,Yes,Yes,No,Yes,No,Month-to-month,No,Electronic check,91.73,3583.27,No
0165-NKFBW,Male,0,No,No,6,Yes,Yes,No,No internet service,No internet service,No internet service,No internet service,No internet service,No internet service,Month-to-month,Yes,Credit card (automatic),23.71,143.85,No
5329-MJQZE,Female,0,No,No,20,Yes,Yes,Fiber optic,Yes,Yes,Yes,Yes,Yes,No,Month-to-month,Yes,Mailed check,103.18,2125.22,Yes
4110-BHXLX,Female,0,No,No,72,No,No phone service,Fiber optic,No,No,Yes,No,Yes,No,Two year,Yes,Credit card (automatic),69.56,4948.16,No
1705-KJYSA,Female,1,No,No,38,Yes,Yes,DSL,No,Yes,Yes,No,Yes,No,Two year,No,Mailed check,71.2,2800.33,No
4700-KMQTO,Male,0,No,No,6,Yes,No,DSL,Yes,No,No,No,Yes,No,Month-to-month,Yes,Electronic check,61.01,367.5,No
0684-KBJYQ,Female,0,Yes,No,60,Yes,No,DSL,No,Yes,Yes,No,Yes,Yes,Two year,No,Mailed check,72.03,4196.22,No
7287-LXMMB,Male,1,Yes,No,9,Yes,No,Fiber optic,No,No,Yes,Yes,Yes,Yes,Month-to-month,Yes,Electronic check,99.92,899.21,Yes
8837-LKYUF,Female,0,No,No,28,Yes,No,Fiber optic,No,No,No,No,No,No,Month-to-month,No,Electronic check,71.81,2157.04,Yes
1051-GXOUE,Male,0,No,No,7,Yes,No,DSL,Yes,No,No,Yes,No,No,Month-to-month,Yes,Electronic check,55.98,399.31,Yes
1539-HCCGM,Female,0,No,No,4,Yes,No,Fiber optic,No,No,Yes,Yes,No,Yes,Month-to-month,No,Mailed check,91.31,342.01,Yes
8886-WXVJS,Female,1,Yes,Yes,54,Yes,No,Fiber optic,Yes,No,No,No,Yes,No,Month-to-month,Yes,Electronic check,83.94,4394.1,No
5631-AHZEV,Female,1,Yes,Yes,60,Yes,No,Fiber optic,No,No,Yes,Yes,Yes,No,One year,Yes,Mailed check,87.46,5570.66,No
0262-HQETC,Male,0,No,No,51,Yes,No,No,No internet service,No internet service,No internet service,No internet service,No internet service,No internet service,Two year,Yes,Mailed check,18.39,978.02,No
9186-HKHZM,Male,0,No,No,71,Yes,No,DSL,No,No,No,Yes,No,No,Two year,Yes,Mailed check,50.28,3517.11,No
4552-KUUFV,Male,0,Yes,Yes,13,Yes,No,Fiber optic,No,No,Yes,No,Yes,Yes,Month-to-month,Yes,Electronic check,93.53,1227.24,Yes
6337-SUSRJ,Male,0,No,No,57,Yes,No,DSL,Yes,No,No,No,No,No,One year,Yes,Electronic check,51.18,2872.99,No
3540-EJQYV,Male,1,No,No,70,Yes,No,DSL,No,No,Yes,No,Yes,Yes,Two year,Yes,Bank transfer (automatic),69.74,4852.56,No
6928-GSBIW,Female,0,Yes,No,8,Yes,Yes,DSL,Yes,Yes,Yes,Yes,No,No,Month-to-month,Yes,Electronic check,69.28,581.52,No
1431-NIADN,Male,0,No,No,26,Yes,No,DSL,No,Yes,No,No,No,No,One year,Yes,Bank transfer (automatic),49.29,1256.6,No
2340-SBJDA,Female,0,No,No,57,Yes,Yes,DSL,Yes,Yes,Yes,Yes,No,No,One year,Yes,Credit card (automatic),66.16,3675.55,No
8929-ZZZAU,Female,1,Yes,No,2,Yes,Yes,No,No internet service,No internet service,No internet service,No internet service,No internet service,No internet service,Month-to-month,Yes,Electronic check,22.12,46.83,No
3892-ZQLVA,Male,0,Yes,No,18,Yes,Yes,Fiber optic,No,No,No,No,Yes,No,One year,No,Bank transfer (automatic),86.8,1652.13,No
2712-NEQAK,Female,0,No,No,20,Yes,No,Fiber optic,No,No,Yes,Yes,Yes,No,Month-to-month,No,Mailed check,89,1922.02,No
4629-DRMIF,Male,0,Yes,No,23,Yes,No,Fiber optic,No,No,Yes,No,Yes,Yes,Month-to-month,Yes,Electronic check,93.58,2043.23,Yes
8343-YDEJO,Male,0,Yes,No,50,No,No phone service,No,No internet service,No internet service,No internet service,No internet service,No internet service,No internet service,Two year,Yes,Mailed check,18.25,864.82,No
8086-OEVZN,Male,0,No,No,37,Yes,No,DSL,No,No,No,No,Yes,Yes,Month-to-month,Yes,Electronic check,65.5,2440.9,No
8637-PDIRI,Male,0,No,No,59,Yes,No,DSL,No,Yes,Yes,No,Yes,No,Two year,Yes,Credit card (automatic),60.53,3715.56,No
1896-FRVLC,Male,0,Yes,No,6,Yes,Yes,Fiber optic,No,No,No,No,No,Yes,One year,No,Credit card (automatic),85.36,477.59,No
6867-RXZTR,Male,0,No,No,13,No,No phone service,No,No internet service,No internet service,No internet service,No internet service,No internet service,No internet service,Month-to-month,No,Credit card (automatic),18.25,222.48,No
7070-DFDWZ,Female,0,Yes,Yes,20,Yes,No,DSL,Yes,Yes,Yes,No,No,Yes,Month-to-month,Yes,Electronic check,69.4,1434.77,Yes
7090-AWYWL,Male,0,Yes,Yes,25,Yes,No,Fiber optic,Yes,No,Yes,Yes,Yes,Yes,Two year,Yes,Mailed check,106.24,2755.53,No
6547-XZGSW,Female,1,Yes,Yes,20,Yes,Yes,Fiber optic,No,No,Yes,No,Yes,No,Month-to-month,Yes,Electronic check,88.83,1691.01,No
3874-SWCEN,Female,0,No,No,3,No,No phone service,No,No internet service,No internet service,No internet service,No internet service,No internet service,No internet service,Month-to-month,No,Electronic check,18.25,56.14,Yes
1998-CRWDS,Male,0,No,No,19,No,No phone service,Fiber optic,Yes,No,No,No,No,No,Month-to-month,Yes,Electronic check,57.25,1044.33,No
6748-CTLHQ,Male,0,No,No,46,Yes,Yes,No,No internet service,No internet service,No internet service,No internet service,No internet service,No internet service,Two year,No,Mailed check,21.38,974.25,No
9267-UIGDT,Male,0,No,No,67,Yes,No,Fiber optic,No,Yes,Yes,No,Yes,Yes,Month-to-month,No,Credit card (automatic),98.91,6192.92,No
8334-NJLFY,Male,0,Yes,No,26,Yes,No,DSL,Yes,No,Yes,No,No,No,Month-to-month,Yes,Electronic check,53.02,1388.98,Yes
9626-NBDSL,Male,0,Yes,Yes,58,Yes,No,Fiber optic,No,No,Yes,No,No,Yes,Two year,No,Credit card (automatic),84.08,4780.36,No
8958-DOUVM,Female,1,Yes,Yes,51,Yes,No,Fiber optic,No,Yes,No,No,Yes,Yes,One year,Yes,Electronic check,94.21,4604.74,No
5122-VVUZN,Male,0,No,No,6,Yes,No,Fiber optic,No,No,No,No,No,Yes,Month-to-month,Yes,Mailed check,81.35,496.27,Yes
0306-WGXUW,Male,1,No,No,1,Yes,No,DSL,Yes,No,Yes,No,Yes,No,Month-to-month,No,Bank transfer (automatic),61.53,63.58,Yes
2729-XHUGC,Female,0,No,No,31,Yes,Yes,DSL,No,No,Yes,No,No,No,Month-to-month,No,Credit card (automatic),55.29,1739.56,No
2059-SZNZE,Male,0,Yes,No,10,Yes,No,Fiber optic,No,No,Yes,No,No,Yes,Month-to-month,Yes,Electronic check,87.72,846.87,Yes
6935-CEPJM,Female,1,No,No,27,Yes,No,DSL,Yes,Yes,No,No,No,No,Month-to-month,Yes,Electronic check,53.32,1441.49,Yes
2022-NYUSB,Female,0,No,No,52,Yes,No,DSL,Yes,Yes,Yes,No,Yes,Yes,One year,No,Credit card (automatic),79.92,3871.8,No
0531-LCHZW,Female,0,No,No,2,Yes,Yes,Fiber optic,No,No,No,No,Yes,No,Month-to-month,No,Credit card (automatic),82.57,168.9,Yes
9834-GCGGY,Female,1,Yes,Yes,58,Yes,Yes,Fiber optic,No,No,Yes,No,Yes,Yes,Two year,Yes,Electronic check,103.04,5543.91,No
8831-ZGZAD,Male,0,Yes,Yes,31,Yes,No,Fiber optic,No,No,No,No,Yes,Yes,Month-to-month,No,Electronic check,85.61,2615.34,No
2084-DMNSA,Female,0,No,No,4,Yes,No,Fiber optic,No,No,No,No,Yes,Yes,Month-to-month,No,Bank transfer (automatic),89.08,349.77,Yes
8652-QTLDL,Male,1,No,No,58,Yes,Yes,Fiber optic,No,No,Yes,No,Yes,No,Two year,No,Credit card (automatic),89.4,5144.39,No
7963-FNUWQ,Male,0,No,Yes,66,Yes,No,Fiber optic,No,No,No,No,Yes,Yes,Two year,Yes,Bank transfer (automatic),85.47,6031.8,No
5182-TKTCX,Female,1,Yes,No,59,Yes,Yes,No,No internet service,No internet service,No internet service,No internet service,No internet service,No internet service,One year,Yes,Mailed check,21.54,1187.13,No
5482-LNBGA,Female,1,No,No,50,Yes,Yes,DSL,No,Yes,No,No,Yes,No,One year,Yes,Electronic check,63,2975.29,No
5619-ERZBC,Female,0,Yes,Yes,38,Yes,Yes,DSL,No,No,No,No,Yes,No,One year,No,Mailed check,58.63,2312.99,No
5032-PTIQL,Female,1,No,No,16,Yes,No,Fiber optic,No,No,No,No,Yes,Yes,Month-to-month,Yes,Electronic check,89.67,1447.42,Yes
3607-PPNRO,Male,0,Yes,Yes,32,Yes,No,Fiber optic,Yes,Yes,Yes,Yes,No,No,One year,Yes,Electronic check,84.75,2905.85,No
9388-BYUSV,Female,0,No,No,5,Yes,No,No,No internet service,No internet service,No internet service,No internet service,No internet service,No internet service,Month-to-month,Yes,Electronic check,20.9,106.43,Yes
3080-MUFAH,Female,0,Yes,Yes,70,Yes,Yes,Fiber optic,No,Yes,Yes,No,Yes,Yes,Two year,Yes,Electronic check,103.64,7805.32,No
9203-ZYOFV,Male,0,No,No,2,No,No phone service,Fiber optic,No,No,No,No,No,No,Month-to-month,No,Electronic check,50.21,100.03,No
9909-NSFPB,Male,0,Yes,No,53,Yes,No,Fiber optic,No,Yes,Yes,No,Yes,Yes,One year,No,Credit card (automatic),98.79,5008.66,No
2136-NWCLF,Male,0,Yes,Yes,8,Yes,Yes,Fiber optic,No,Yes,No,Yes,No,Yes,Month-to-month,Yes,Electronic check,92.68,770.02,Yes
5363-TPGRT,Female,0,No,No,23,Yes,No,No,No internet service,No internet service,No internet service,No internet service,No internet service,No internet service,Month-to-month,Yes,Electronic check,20.91,461.11,No
3113-BDUIS,Female,0,Yes,Yes,15,Yes,Yes,DSL,Yes,No,No,Yes,No,Yes,Month-to-month,Yes,Electronic check,71.9,1079.22,No
4304-MYYAV,Male,0,No,No,4,Yes,No,Fiber optic,No,No,Yes,No,No,Yes,Month-to-month,Yes,Bank transfer (automatic),87.11,368.36,Yes
5027-JLCSB,Male,1,Yes,No,72,Yes,No,Fiber optic,Yes,No,No,No,Yes,No,One year,No,Credit card (automatic),85.32,6535.11,No
6810-DRKUW,Male,0,No,Yes,34,Yes,No,No,No internet service,No internet service,No internet service,No internet service,No internet service,No internet service,One year,Yes,Electronic check,18.25,637.98,No
3536-XYZYQ,Female,0,No,No,29,Yes,Yes,DSL,No,Yes,No,Yes,Yes,No,Month-to-month,Yes,Mailed check,68.57,2144.64,No
0481-RPEIM,Female,0,No,No,20,Yes,Yes,DSL,Yes,Yes,Yes,No,Yes,Yes,Month-to-month,No,Credit card (automatic),82.78,1680.67,No
1104-FANPJ,Female,0,Yes,Yes,36,Yes,No,DSL,Yes,Yes,Yes,No,No,Yes,One year,Yes,Electronic check,68.46,2584.13,No
9672-XRQGO,Male,0,No,No,4,No,No phone service,DSL,No,Yes,Yes,No,Yes,No,Month-to-month,Yes,Electronic check,42.21,179.66,No
3438-JGBNJ,Male,1,Yes,No,60,Yes,Yes,No,No internet service,No internet service,No internet service,No internet service,No internet service,No internet service,Two year,Yes,Electronic check,27.22,1541.96,No
7193-YOCON,Male,0,Yes,Yes,22,Yes,No,Fiber optic,No,No,No,No,Yes,Yes,One year,Yes,Bank transfer (automatic),89.45,1823.03,No
4991-FXGFA,Female,0,No,No,41,Yes,Yes,Fiber optic,No,No,Yes,Yes,No,No,Two year,Yes,Mailed check,82.94,3533.18,No
8572-CKRNG,Female,1,Yes,No,51,Yes,No,Fiber optic,No,No,No,Yes,Yes,Yes,Two year,Yes,Bank transfer (automatic),95.54,5206.19,No
2062-LDXGS,Female,0,Yes,Yes,3,Yes,No,DSL,No,No,No,No,No,Yes,Month-to-month,No,Electronic check,53.55,153.51,No
2045-VSWSM,Female,0,No,No,25,Yes,Yes,Fiber optic,No,Yes,Yes,Yes,No,No,Month-to-month,No,Credit card (automatic),89.44,2066.33,Yes
1397-BUHBF,Female,0,Yes,No,10,Yes,No,Fiber optic,No,No,Yes,Yes,No,Yes,One year,Yes,Credit card (automatic),87.63,841.27,No
7279-YDQNC,Male,0,Yes,Yes,54,Yes,Yes,No,No internet service,No internet service,No internet service,No internet service,No internet service,No internet service,One year,No,Mailed check,22.46,1224.1,No
1102-HEEJZ,Male,1,No,No,9,Yes,No,DSL,No,Yes,No,No,Yes,No,One year,Yes,Electronic check,61.43,549.18,Yes
0778-FPSAB,Male,0,Yes,Yes,54,Yes,No,DSL,No,No,Yes,Yes,Yes,No,Two year,Yes,Electronic check,65.67,3420.09,No
6083-WVIRF,Male,0,No,No,2,Yes,No,No,No internet service,No internet service,No internet service,No internet service,No internet service,No internet service,Month-to-month,Yes,Electronic check,21.98,44.99,No
1927-ZSMBX,Male,0,Yes,No,38,Yes,Yes,No,No internet service,No internet service,No internet service,No internet service,No internet service,No internet service,Two year,No,Bank transfer (automatic),23.78,881.55,No
9180-CYRVI,Female,0,No,No,10,Yes,No,Fiber optic,Yes,Yes,No,No,No,Yes,One year,Yes,Bank transfer (automatic),89.3,963.74,No
0144-WWZDV,Female,0,No,Yes,51,Yes,No,DSL,No,Yes,No,Yes,No,No,Two year,Yes,Electronic check,55.43,2729.01,No
4426-BFKBI,Female,0,Yes,Yes,1,Yes,No,DSL,Yes,Yes,Yes,Yes,Yes,No,Month-to-month,Yes,Credit card (automatic),73.2,74.6,Yes
2146-GXBZL,Male,0,No,Yes,10,Yes,No,DSL,No,No,No,Yes,No,No,Month-to-month,Yes,Electronic check,46.93,432.01,Yes
1647-UPKMN,Male,0,Yes,No,58,Yes,Yes,No,No internet service,No internet service,No internet service,No internet service,No internet service,No internet service,Two year,Yes,Bank transfer (automatic),25.37,1586.72,No
3589-KCDGK,Male,0,No,No,57,Yes,No,No,No internet service,No internet service,No internet service,No internet service,No internet service,No internet service,Two year,Yes,Credit card (automatic),18.45,1097.54,No
4160-BYVSF,Female,1,No,No,2,Yes,No,Fiber optic,Yes,Yes,No,No,Yes,Yes,Month-to-month,Yes,Mailed check,98.96,212.06,Yes
9178-KEWYZ,Female,0,Yes,No,35,Yes,No,No,No internet service,No internet service,No internet service,No internet service,No internet service,No internet service,Month-to-month,Yes,Electronic check,22.33,771.46,No
6516-JHVKQ,Female,0,No,No,54,Yes,Yes,Fiber optic,No,No,Yes,Yes,Yes,Yes,Month-to-month,No,Electronic check,103.31,5531.48,No
3834-ZIPAZ,Female,0,Yes,No,1,Yes,Yes,DSL,Yes,Yes,No,No,No,No,Month-to-month,No,Mailed check,60.09,55.54,Yes
4493-IOSNF,Female,1,No,No,2,Yes,No,Fiber optic,No,Yes,Yes,Yes,Yes,Yes,Month-to-month,Yes,Credit card (automatic),104.29,224.86,Yes
9621-HWFUO,Female,1,No,No,60,Yes,No,No,No internet service,No internet service,No internet service,No internet service,No internet service,No internet service,Two year,Yes,Mailed check,19.64,1253.65,No
9563-XLKQI,Female,0,Yes,No,3,Yes,Yes,No,No internet service,No internet service,No internet service,No internet service,No internet service,No internet service,Month-to-month,No,Electronic check,21.04,63.06,No
9182-QJLNG,Male,0,No,No,24,Yes,No,DSL,Yes,No,No,No,No,No,Month-to-month,No,Bank transfer (automatic),50.43,1115.85,Yes
1040-ZIMON,Male,0,No,No,34,Yes,Yes,No,No internet service,No internet service,No internet service,No internet service,No internet service,No internet service,One year,No,Bank transfer (automatic),27.6,1003.86,No
7592-VSPXQ,Female,0,No,No,49,Yes,Yes,Fiber optic,No,No,No,Yes,Yes,Yes,One year,No,Bank transfer (automatic),102.13,5141.99,No
4235-XKVQY,Female,0,No,No,40,Yes,Yes,Fiber optic,No,Yes,No,Yes,Yes,No,Two year,No,Bank transfer (automatic),94.09,4008,No
2617-BMZOW,Male,0,Yes,Yes,8,Yes,Yes,Fiber optic,No,No,No,No,Yes,Yes,Month-to-month,No,Electronic check,98.28,755.93,Yes
7045-SIFRC,Female,1,No,No,16,Yes,No,DSL,Yes,No,No,No,Yes,No,Month-to-month,Yes,Electronic check,61.8,1058.45,Yes
4196-RNDSB,Female,0,No,No,45,Yes,No,Fiber optic,No,No,No,No,Yes,No,Month-to-month,Yes,Credit card (automatic),79.16,3290.24,Yes
2464-NWQDS,Male,0,No,No,47,Yes,No,Fiber optic,Yes,Yes,Yes,No,No,No,One year,Yes,Mailed check,87.62,4364.64,No
9439-BXSKL,Male,1,No,No,59,Yes,Yes,No,No internet service,No internet service,No internet service,No internet service,No internet service,No internet service,Two year,No,Bank transfer (automatic),24.19,1380.61,No
6658-HSSDE,Male,1,Yes,Yes,72,Yes,No,No,No internet service,No internet service,No internet service,No internet service,No internet service,No internet service,One year,Yes,Mailed check,20.36,1422.79,No
1351-CDHYM,Female,0,Yes,Yes,66,Yes,No,DSL,Yes,No,No,Yes,Yes,Yes,Two year,Yes,Credit card (automatic),77.37,5093.63,No
8118-GNUGS,Male,0,No,Yes,11,Yes,No,DSL,No,No,Yes,No,No,Yes,Two year,No,Bank transfer (automatic),58.38,675.47,No
4772-MDFCO,Male,0,Yes,Yes,26,Yes,Yes,DSL,No,Yes,No,Yes,Yes,No,Month-to-month,Yes,Electronic check,69.24,1701.51,Yes
4593-PQYOE,Female,0,No,No,6,Yes,No,DSL,Yes,No,No,Yes,No,No,Month-to-month,Yes,Electronic check,51.22,291.47,No
5190-YPSDZ,Male,0,Yes,Yes,11,Yes,Yes,Fiber optic,Yes,No,No,No,Yes,Yes,Month-to-month,Yes,Mailed check,98.28,1089.73,No
4136-HYMRA,Male,0,No,No,72,Yes,No,Fiber optic,Yes,No,Yes,No,No,No,Two year,No,Electronic check,80.52,5728.44,No
3344-HYRFQ,Male,0,No,No,44,Yes,Yes,DSL,No,Yes,Yes,Yes,Yes,No,Month-to-month,No,Electronic check,74.46,3225.61,No
3627-RVCHY,Male,1,Yes,No,72,Yes,No,DSL,Yes,No,No,No,No,No,One year,Yes,Electronic check,50.72,3422.65,No
0349-ENDRQ,Male,0,No,No,7,Yes,No,Fiber optic,No,Yes,Yes,Yes,No,Yes,Month-to-month,No,Mailed check,90.54,611.39,No
4488-FLWRF,Female,0,Yes,Yes,30,Yes,Yes,No,No internet service,No internet service,No internet service,No internet service,No internet service,No internet service,One year,Yes,Mailed check,25.16,738.37,No
6877-SPGUO,Female,1,Yes,No,5,Yes,No,No,No internet service,No internet service,No internet service,No internet service,No internet service,No internet service,Month-to-month,Yes,Electronic check,18.25,90.04,No
1731-OTAPX,Female,0,Yes,Yes,37,Yes,Yes,DSL,No,No,Yes,Yes,No,Yes,Month-to-month,Yes,Electronic check,71.21,2675.54,No
0656-BMAIO,Female,0,Yes,No,6,Yes,No,Fiber optic,Yes,Yes,No,Yes,Yes,Yes,Month-to-month,No,Credit card (automatic),102.49,583.52,Yes
2997-FJWOV,Female,0,Yes,No,50,No,No phone service,No,No internet service,No internet service,No internet service,No internet service,No internet service,No internet service,Month-to-month,Yes,Bank transfer (automatic),18.25,962.65,No
6493-UQUXV,Female,0,Yes,Yes,6,Yes,Yes,No,No internet service,No internet service,No internet service,No internet service,No internet service,No internet service,Month-to-month,No,Mailed check,21.6,121.6,No
0110-GTSTG,Female,0,Yes,No,3,Yes,No,No,No internet service,No internet service,No internet service,No internet service,No internet service,No internet service,Month-to-month,No,Bank transfer (automatic),20.09,58.66,Yes
7705-ZRWDX,Male,0,Yes,No,1,Yes,No,No,No internet service,No internet service,No internet service,No internet service,No internet service,No internet service,Month-to-month,Yes,Electronic check,19.46,19.23,Yes
0662-RTJAN,Male,0,Yes,Yes,1,No,No phone service,Fiber optic,No,Yes,No,No,Yes,Yes,Month-to-month,Yes,Bank transfer (automatic),75.38,71.04,No
5225-VPKEB,Male,0,No,No,72,Yes,No,No,No internet service,No internet service,No internet service,No internet service,No internet service,No internet service,Two year,No,Bank transfer (automatic),19.01,1405.96,No
0046-LMQDE,Female,0,Yes,Yes,17,Yes,Yes,No,No internet service,No internet service,No internet service,No internet service,No internet service,No internet service,Month-to-month,No,Mailed check,26.02,416.52,No
7515-THBIV,Female,1,Yes,Yes,21,Yes,Yes,Fiber optic,No,No,Yes,No,No,Yes,Month-to-month,Yes,Credit card (automatic),89.99,1953.96,No
2331-KXPTJ,Male,0,Yes,Yes,2,Yes,No,DSL,Yes,Yes,Yes,Yes,No,Yes,Month-to-month,Yes,Electronic check,74.77,145.39,No
3231-QMYVI,Male,1,Yes,No,7,Yes,Yes,DSL,No,Yes,Yes,Yes,No,No,Month-to-month,Yes,Mailed check,64.6,422.67,Yes
6334-LHGFL,Male,1,Yes,Yes,35,Yes,No,Fiber optic,Yes,Yes,No,No,Yes,Yes,One year,Yes,Mailed check,97.24,3644.97,No
2106-ZELIQ,Female,0,No,No,39,Yes,No,Fiber optic,No,Yes,No,Yes,Yes,No,Two year,No,Credit card (automatic),90.02,3731.11,No
6171-RRFCS,Female,1,No,No,40,Yes,No,Fiber optic,Yes,Yes,Yes,No,Yes,No,Month-to-month,No,Electronic check,92.72,3465.02,Yes
1015-PSGQO,Male,1,No,No,26,Yes,No,DSL,No,No,Yes,Yes,No,No,One year,Yes,Electronic check,56.43,1478.86,No
6412-RACQX,Female,1,No,No,34,Yes,No,DSL,No,No,No,Yes,Yes,No,Two year,Yes,Bank transfer (automatic),58.85,1847.46,No
1503-LCVZP,Female,0,No,No,44,Yes,Yes,No,No internet service,No internet service,No internet service,No internet service,No internet service,No internet service,One year,Yes,Credit card (automatic),24.29,1127.34,No
3865-OAEKH,Female,1,Yes,No,49,No,No phone service,DSL,No,No,Yes,Yes,Yes,Yes,Two year,Yes,Bank transfer (automatic),56.8,2562.94,No
6152-TMLLF,Male,0,Yes,Yes,18,Yes,No,No,No internet service,No internet service,No internet service,No internet service,No internet service,No internet service,Month-to-month,Yes,Electronic check,18.46,358.84,No
1127-HBHYM,Female,0,No,Yes,12,Yes,No,Fiber optic,No,Yes,No,No,Yes,Yes,Month-to-month,No,Bank transfer (automatic),93.56,1046.33,No
0923-YXKOL,Male,0,No,No,8,Yes,Yes,DSL,Yes,No,Yes,No,Yes,No,Month-to-month,Yes,Bank transfer (automatic),69.47,527,Yes
5161-XCIBZ,Male,0,No,No,9,Yes,Yes,Fiber optic,No,No,Yes,Yes,Yes,No,Month-to-month,No,Bank transfer (automatic),96.52,931.81,Yes
3719-JZTWU,Male,0,No,No,5,Yes,Yes,No,No internet service,No internet service,No internet service,No internet service,No internet service,No internet service,Month-to-month,Yes,Mailed check,26.13,134.41,Yes
6655-MQGIR,Male,0,No,No,61,Yes,Yes,Fiber optic,Yes,Yes,No,Yes,Yes,Yes,Two year,No,Bank transfer (automatic),110.36,6535.46,No
2549-QNQQQ,Male,0,No,Yes,12,Yes,No,No,No internet service,No internet service,No internet service,No internet service,No internet service,No internet service,Month-to-month,No,Electronic check,18.25,234.21,Yes
5916-AVAPK,Female,0,No,No,58,Yes,No,No,No internet service,No internet service,No internet service,No internet service,No internet service,No internet service,Two year,Yes,Credit card (automatic),21.42,1194.82,No
4756-ZEZRF,Female,0,No,No,10,Yes,No,No,No internet service,No internet service,No internet service,No internet service,No internet service,No internet service,Month-to-month,Yes,Bank transfer (automatic),18.25,168.62,No
2658-BBSLU,Male,0,Yes,Yes,16,Yes,Yes,Fiber optic,No,No,Yes,No,No,No,Two year,No,Electronic check,79.73,1274.71,No
6627-UYWTZ,Male,0,Yes,Yes,4,Yes,No,DSL,No,Yes,No,Yes,No,Yes,Month-to-month,No,Credit card (automatic),67.54,270.8,Yes
8328-TVUEW,Male,0,Yes,No,2,Yes,No,Fiber optic,No,No,No,No,Yes,Yes,Month-to-month,No,Mailed check,88.09,186.25,Yes
7529-ELPFD,Female,0,Yes,Yes,46,Yes,No,Fiber optic,No,No,No,No,Yes,Yes,One year,Yes,Mailed check,91.25,3873.39,No
7604-TVDLR,Male,1,No,No,11,Yes,Yes,Fiber optic,No,Yes,Yes,No,Yes,No,Month-to-month,No,Electronic check,94.1,1061.39,No
6417-HEBRP,Female,0,No,No,55,Yes,Yes,No,No internet service,No internet service,No internet service,No internet service,No internet service,No internet service,Two year,Yes,Mailed check,21.41,1209.95,No
5713-IAVCF,Male,0,Yes,Yes,3,Yes,Yes,Fiber optic,No,Yes,No,No,Yes,No,Month-to-month,Yes,Mailed check,91.17,265.14,No
0572-EROPF,Female,0,Yes,No,61,Yes,No,Fiber optic,Yes,Yes,Yes,Yes,Yes,Yes,Month-to-month,No,Mailed check,108.98,6500.41,No
2359-XNXYK,Male,0,No,Yes,5,Yes,Yes,Fiber optic,Yes,Yes,No,No,Yes,Yes,Two year,Yes,Bank transfer (automatic),103.39,487.91,No
4292-PNRUK,Male,0,No,No,5,Yes,Yes,Fiber optic,Yes,Yes,Yes,Yes,Yes,Yes,Month-to-month,Yes,Electronic check,116.26,590.7,No
6313-PXGHE,Male,1,No,No,62,Yes,No,Fiber optic,No,No,Yes,No,Yes,No,One year,Yes,Bank transfer (automatic),85.18,4868.87,No
2098-QACBT,Male,0,Yes,No,5,Yes,No,DSL,No,No,Yes,No,No,No,Month-to-month,No,Electronic check,48.11,230.73,Yes
4278-PVQZR,Male,0,Yes,Yes,29,Yes,No,Fiber optic,Yes,Yes,Yes,No,Yes,No,One year,Yes,Electronic check,91.65,2630.82,No
1227-ZAAAQ,Female,0,Yes,Yes,53,Yes,No,Fiber optic,Yes,Yes,Yes,Yes,Yes,Yes,One year,Yes,Credit card (automatic),109.17,5737.35,No
6483-JDEYN,Female,0,Yes,Yes,41,Yes,Yes,No,No internet service,No internet service,No internet service,No internet service,No internet service,No internet service,Two year,No,Electronic check,23.81,901,No
2417-LULOD,Male,0,Yes,Yes,4,Yes,Yes,No,No internet service,No internet service,No internet service,No internet service,No internet service,No internet service,Month-to-month,No,Bank transfer (automatic),24.54,105.85,No
2487-QYITA,Male,0,Yes,Yes,13,Yes,Yes,No,No internet service,No internet service,No internet service,No internet service,No internet service,No internet service,Month-to-month,Yes,Bank transfer (automatic),25.21,337.32,No
9249-EUZIM,Female,0,Yes,No,37,Yes,Yes,Fiber optic,No,Yes,Yes,Yes,Yes,No,Month-to-month,Yes,Electronic check,101.41,3920.01,Yes
8886-HZBIJ,Male,0,No,No,14,Yes,Yes,No,No internet service,No internet service,No internet service,No internet service,No internet service,No internet service,One year,No,Credit card (automatic),26.46,348.68,No
3484-CKGZN,Female,0,Yes,No,36,Yes,No,DSL,No,No,Yes,No,Yes,Yes,Month-to-month,No,Electronic check,75.76,2647.13,No
1067-ACNDF,Female,0,No,No,67,Yes,Yes,Fiber optic,No,Yes,No,Yes,Yes,Yes,Two year,No,Electronic check,105.27,7377.81,No
5469-ALXEV,Female,0,Yes,Yes,53,Yes,No,No,No internet service,No internet service,No internet service,No internet service,No internet service,No internet service,Two year,No,Mailed check,18.25,932.24,No
7784-SFPZL,Male,0,No,No,71,Yes,No,DSL,No,No,Yes,Yes,No,No,Two year,Yes,Credit card (automatic),54.82,4129.44,No
3646-XBPLX,Female,0,Yes,No,15,Yes,Yes,Fiber optic,Yes,No,Yes,No,No,No,Month-to-month,No,Electronic check,83.64,1245.44,No
2378-KISJJ,Female,1,No,No,38,Yes,Yes,Fiber optic,No,No,Yes,No,Yes,No,Month-to-month,Yes,Electronic check,87.38,3112.11,No
5008-LLEBJ,Male,0,Yes,Yes,42,Yes,Yes,DSL,No,Yes,Yes,No,Yes,Yes,Month-to-month,No,Electronic check,78.69,3407.5,No
1440-STKYQ,Male,0,Yes,No,64,Yes,Yes,DSL,No,Yes,Yes,Yes,No,No,Two year,Yes,Bank transfer (automatic),68.91,4734.79,No
4645-LTOUX,Female,0,No,No,69,Yes,No,DSL,No,Yes,No,Yes,Yes,No,Two year,No,Bank transfer (automatic),63.94,4448.15,No
6335-CSFND,Male,0,Yes,Yes,6,Yes,No,Fiber optic,No,Yes,Yes,Yes,No,Yes,Month-to-month,Yes,Electronic check,97.22,621.39,Yes
7134-OPYLK,Female,0,No,No,22,Yes,No,No,No internet service,No internet service,No internet service,No internet service,No internet service,No internet service,Month-to-month,No,Electronic check,21.6,451.73,Yes
5021-HNEVS,Female,0,No,No,69,Yes,Yes,No,No internet service,No internet service,No internet service,No internet service,No internet service,No internet service,Two year,Yes,Bank transfer (automatic),25.13,1680.89,No
6115-EEWNH,Female,1,Yes,No,1,Yes,Yes,Fiber optic,No,Yes,Yes,No,No,Yes,Month-to-month,No,Bank transfer (automatic),96.58,101.87,No
1697-IZFNO,Female,0,Yes,No,67,Yes,No,No,No internet service,No internet service,No internet service,No internet service,No internet service,No internet service,One year,Yes,Electronic check,20.44,1476.33,No
6896-KXKOG,Male,0,No,No,12,Yes,Yes,Fiber optic,No,No,Yes,Yes,No,Yes,One year,Yes,Credit card (automatic),92,1098.16,No
5301-CMXDG,Female,0,No,No,23,Yes,Yes,DSL,Yes,No,No,Yes,No,Yes,Month-to-month,No,Mailed check,70.58,1707.94,No
5645-FMASH,Male,0,Yes,No,11,Yes,Yes,Fiber optic,No,Yes,Yes,Yes,Yes,No,Month-to-month,Yes,Electronic check,99.67,1050.3,Yes
4956-CIOWC,Female,1,No,No,53,Yes,Yes,DSL,Yes,Yes,Yes,Yes,No,No,Two year,Yes,Electronic check,66.19,3545.31,No
2225-ECDVY,Female,0,No,No,18,Yes,Yes,No,No internet service,No internet service,No internet service,No internet service,No internet service,No internet service,Month-to-month,Yes,Electronic check,24.8,417.11,Yes
8386-KIOFS,Female,0,No,No,48,Yes,No,Fiber optic,No,Yes,No,No,Yes,Yes,One year,Yes,Credit card (automatic),94.43,4652.18,No
9921-IAVYR,Male,0,No,No,37,Yes,No,No,No internet service,No internet service,No internet service,No internet service,No internet service,No internet service,Two year,Yes,Bank transfer (automatic),19.98,693.73,No
3361-NULVS,Female,0,Yes,No,15,Yes,No,No,No internet service,No internet service,No internet service,No internet service,No internet service,No internet service,Month-to-month,No,Electronic check,24.8,371.6,No
3793-SQXUF,Female,0,No,Yes,10,Yes,Yes,Fiber optic,No,Yes,Yes,No,Yes,No,Month-to-month,No,Bank transfer (automatic),97.85,960.73,No
5923-ISUDR,Female,1,No,No,15,Yes,Yes,DSL,Yes,No,No,Yes,Yes,No,One year,Yes,Mailed check,69.94,1091.89,No
1624-UYWTG,Male,1,No,No,6,Yes,Yes,DSL,No,Yes,Yes,No,Yes,No,Month-to-month,Yes,Credit card (automatic),71.54,400.97,No
5574-CQEJN,Female,0,Yes,Yes,12,Yes,Yes,Fiber optic,Yes,No,Yes,Yes,No,Yes,Month-to-month,No,Electronic check,98.68,1097.98,Yes
5578-HNBGS,Female,0,No,No,72,Yes,No,DSL,No,No,Yes,Yes,No,Yes,Month-to-month,No,Electronic check,63.19,4460.28,No
1760-UELVM,Female,0,Yes,No,45,Yes,Yes,DSL,Yes,No,No,Yes,No,Yes,Two year,No,Credit card (automatic),71.07,3241.39,No
0774-SPYHI,Female,0,Yes,No,68,Yes,Yes,Fiber optic,No,No,Yes,No,Yes,No,One year,Yes,Electronic check,88.85,5957.36,No
5769-QRFPG,Male,1,Yes,Yes,14,Yes,No,Fiber optic,No,No,No,No,Yes,No,Month-to-month,No,Bank transfer (automatic),80.19,1153.09,Yes
7247-EXHLD,Female,0,Yes,Yes,25,Yes,Yes,DSL,Yes,Yes,No,No,No,Yes,Month-to-month,No,Bank transfer (automatic),68.18,1597.46,No
5384-WZVJH,Male,0,No,No,71,Yes,Yes,Fiber optic,No,Yes,No,No,Yes,Yes,Two year,Yes,Bank transfer (automatic),99.65,6604.4,No
2660-YLVGA,Female,0,Yes,No,65,No,No phone service,Fiber optic,No,No,No,Yes,No,Yes,Two year,No,Electronic check,66.38,4189.41,No
2126-EWHQW,Female,0,No,No,19,No,No phone service,Fiber optic,No,No,Yes,No,Yes,No,Month-to-month,No,Bank transfer (automatic),67.19,1221.3,No
4177-DWBOZ,Female,0,No,No,63,Yes,Yes,Fiber optic,Yes,No,No,Yes,Yes,No,One year,No,Mailed check,93.41,5477.58,No
2682-DOQTD,Male,0,No,No,5,Yes,No,No,No internet service,No internet service,No internet service,No internet service,No internet service,No internet service,Month-to-month,Yes,Mailed check,22.99,114.98,No
4740-UURRR,Male,0,Yes,No,23,Yes,No,DSL,No,Yes,No,Yes,No,Yes,Month-to-month,Yes,Credit card (automatic),65.24,1507.53,No
1121-MWGIC,Female,1,No,No,68,Yes,Yes,Fiber optic,No,No,Yes,No,Yes,Yes,Two year,Yes,Credit card (automatic),99.63,7002.84,No
5252-BGBWF,Female,0,Yes,Yes,26,Yes,No,No,No internet service,No internet service,No internet service,No internet service,No internet service,No internet service,Month-to-month,Yes,Electronic check,20.15,543.82,No
4443-CUXSW,Male,0,No,No,13,Yes,No,DSL,No,No,No,No,No,No,Month-to-month,Yes,Bank transfer (automatic),44.8,568.86,No
5823-DOBPA,Female,0,Yes,No,10,Yes,Yes,DSL,No,No,No,Yes,Yes,No,Month-to-month,Yes,Mailed check,65.12,621.56,No
2296-JNWWH,Female,1,No,No,8,Yes,No,Fiber optic,Yes,No,No,Yes,Yes,Yes,Month-to-month,No,Bank transfer (automatic),100.29,864.13,Yes
5788-YKWZO,Male,0,Yes,No,50,Yes,Yes,Fiber optic,No,No,No,No,No,No,Two year,No,Credit card (automatic),74.65,3685.08,No
9338-EKWLS,Male,1,No,No,5,Yes,No,No,No internet service,No internet service,No internet service,No internet service,No internet service,No internet service,Month-to-month,Yes,Electronic check,22.43,118.46,Yes
9621-WPJDC,Male,0,No,No,48,Yes,Yes,No,No internet service,No internet service,No internet service,No internet service,No internet service,No internet service,One year,Yes,Credit card (automatic),24.59,1232.81,No
5302-PZMER,Female,0,No,Yes,34,Yes,Yes,DSL,No,No,No,Yes,No,No,One year,No,Mailed check,51.56,1762.99,No
0440-DPITV,Male,0,No,No,40,Yes,No,DSL,Yes,No,Yes,No,Yes,Yes,Two year,Yes,Electronic check,77.96,3267.56,No
0403-KNFWQ,Female,0,No,No,60,Yes,No,DSL,No,Yes,Yes,Yes,Yes,No,Two year,Yes,Electronic check,70.26,3965.6,No
5188-GCTVW,Female,0,No,No,14,Yes,No,Fiber optic,Yes,Yes,No,No,No,Yes,One year,Yes,Mailed check,86.77,1137.64,Yes
0644-LKVDE,Male,0,Yes,No,15,Yes,No,DSL,Yes,No,Yes,Yes,No,No,Month-to-month,No,Credit card (automatic),57.65,888.37,No
5533-XIOWJ,Male,0,No,No,6,Yes,No,DSL,No,Yes,No,Yes,Yes,No,Month-to-month,Yes,Electronic check,64.09,407.99,No
3670-OWAKS,Female,0,Yes,No,49,Yes,No,No,No internet service,No internet service,No internet service,No internet service,No internet service,No internet service,Two year,Yes,Mailed check,20.41,1039.89,No
4368-QTXPC,Male,0,Yes,No,23,Yes,No,Fiber optic,No,No,Yes,Yes,No,Yes,Month-to-month,Yes,Electronic check,83.28,1974.49,No
2923-RXSLN,Male,0,Yes,No,27,Yes,No,DSL,No,No,Yes,Yes,Yes,No,Month-to-month,No,Credit card (automatic),59.32,1525.54,No
4764-UQTHG,Male,0,No,No,7,Yes,No,DSL,No,No,No,No,No,No,Month-to-month,Yes,Mailed check,44.68,308.47,No
6816-DXFVR,Male,0,Yes,Yes,3,Yes,No,Fiber optic,No,No,Yes,No,No,No,Month-to-month,No,Credit card (automatic),77.23,216.55,No
1569-EEULJ,Female,0,No,No,22,No,No phone service,DSL,No,Yes,Yes,No,Yes,No,Month-to-month,Yes,Electronic check,47.7,1098.03,Yes
1692-PGRKP,Male,0,No,No,3,Yes,Yes,DSL,Yes,Yes,No,Yes,No,No,Month-to-month,Yes,Electronic check,62.51,180.91,Yes
3442-XUHNY,Female,0,No,Yes,3,Yes,No,DSL,No,No,No,Yes,No,No,Month-to-month,Yes,Electronic check,50.67,159.39,No
8779-SONZF,Female,0,Yes,Yes,70,Yes,Yes,Fiber optic,Yes,Yes,No,Yes,Yes,No,One year,Yes,Mailed check,100.64,7028.59,No
9142-SVEKP,Female,0,No,No,64,Yes,Yes,Fiber optic,No,No,No,No,No,No,Two year,Yes,Electronic check,74.96,4873.94,No
1884-QVJDA,Male,0,No,No,1,Yes,No,Fiber optic,No,Yes,Yes,No,Yes,Yes,Month-to-month,Yes,Bank transfer (automatic),101.94,100.96,Yes
2183-AVWKP,Male,0,No,No,68,Yes,Yes,Fiber optic,No,No,No,No,Yes,No,Two year,Yes,Bank transfer (automatic),82.98,5708.26,No
0812-BQHGK,Male,0,No,No,24,Yes,Yes,Fiber optic,Yes,Yes,No,No,No,No,Month-to-month,Yes,Electronic check,85.27,2192.92,Yes
2933-WNSPX,Male,0,Yes,No,17,Yes,No,Fiber optic,No,No,Yes,No,Yes,Yes,Month-to-month,Yes,Mailed check,98.4,1545.71,Yes
6968-MCFTR,Female,0,Yes,Yes,13,Yes,Yes,DSL,Yes,Yes,Yes,No,No,No,Month-to-month,Yes,Credit card (automatic),63.84,819.39,No
7389-DZFKU,Female,0,No,No,29,Yes,No,DSL,No,No,No,Yes,No,Yes,One year,Yes,Electronic check,58.56,1758.38,Yes
6994-IIPRP,Male,0,No,No,53,Yes,Yes,Fiber optic,Yes,Yes,No,Yes,Yes,Yes,Two year,Yes,Bank transfer (automatic),111.03,5784.05,No
2376-GIAGW,Female,0,No,No,17,Yes,Yes,DSL,Yes,Yes,No,No,Yes,No,Month-to-month,Yes,Mailed check,70.25,1125.85,No
3836-UTZDY,Male,0,No,No,13,Yes,No,DSL,Yes,Yes,Yes,No,No,Yes,One year,Yes,Electronic check,65.87,867.57,No
2373-FOVKY,Male,1,Yes,Yes,67,Yes,No,DSL,Yes,Yes,No,Yes,No,Yes,Two year,Yes,Electronic check,71.6,5166.6,No
0339-IOHPL,Male,0,No,No,26,Yes,Yes,DSL,Yes,No,Yes,No,No,No,Month-to-month,Yes,Electronic check,57.08,1601.23,Yes
7878-OGTZL,Female,0,Yes,Yes,22,Yes,No,No,No internet service,No internet service,No internet service,No internet service,No internet service,No internet service,Month-to-month,No,Electronic check,21.16,435.74,No
7880-ROZXF,Male,0,No,No,6,No,No phone service,Fiber optic,No,Yes,Yes,Yes,Yes,Yes,Month-to-month,No,Mailed check,84.77,507.88,Yes
5923-LFBKK,Male,0,Yes,Yes,14,Yes,Yes,DSL,Yes,Yes,No,No,No,Yes,Month-to-month,No,Electronic check,69.45,993.2,Yes
7396-YFPUI,Female,0,No,No,69,Yes,No,Fiber optic,Yes,Yes,No,No,Yes,Yes,Two year,Yes,Credit card (automatic),99.67,7307.04,No
2997-PIIRV,Male,0,Yes,Yes,13,Yes,No,DSL,Yes,Yes,Yes,No,No,Yes,Month-to-month,No,Mailed check,67.78,863.01,No
7304-PNACA,Female,0,No,No,59,Yes,Yes,No,No internet service,No internet service,No internet service,No internet service,No internet service,No internet service,Two year,Yes,Credit card (automatic),26.95,1600.17,No
4605-AVEEQ,Female,0,Yes,No,61,Yes,Yes,No,No internet service,No internet service,No internet service,No internet service,No internet service,No internet service,Two year,Yes,Bank transfer (automatic),24.74,1514.37,No
6343-UWARC,Female,1,No,No,18,No,No phone service,Fiber optic,Yes,No,No,No,Yes,Yes,Month-to-month,Yes,Electronic check,74.36,1420.02,No
8539-DOAIC,Male,1,No,No,6,No,No phone service,DSL,Yes,Yes,No,No,No,No,Month-to-month,No,Electronic check,38.35,232.56,Yes
7477-UUKAG,Male,0,No,No,37,Yes,No,No,No internet service,No internet service,No internet service,No internet service,No internet service,No internet service,One year,No,Bank transfer (automatic),19.35,721.77,No
6349-LWMYZ,Male,0,No,No,10,Yes,Yes,DSL,Yes,Yes,Yes,Yes,Yes,Yes,One year,Yes,Credit card (automatic),87.8,811.62,No
4381-SFYWM,Female,0,Yes,No,59,Yes,Yes,DSL,No,No,No,Yes,No,No,One year,No,Credit card (automatic),56.19,3554.51,No
9699-OKAPQ,Female,0,No,No,30,Yes,Yes,Fiber optic,Yes,No,Yes,No,Yes,Yes,Month-to-month,No,Bank transfer (automatic),103.36,3273.57,Yes
3547-CCQYN,Female,0,Yes,No,67,Yes,No,Fiber optic,No,Yes,Yes,No,Yes,Yes,Two year,Yes,Bank transfer (automatic),102.88,6514.08,No
0963-WFEES,Female,0,No,No,24,Yes,Yes,DSL,Yes,Yes,No,No,No,No,Month-to-month,No,Bank transfer (automatic),58.88,1327.35,No
0040-BMGCK,Male,0,Yes,No,34,Yes,No,Fiber optic,No,No,Yes,No,No,Yes,One year,No,Mailed check,83.44,2672.81,No
9604-PPREV,Male,0,No,No,10,Yes,No,No,No internet service,No internet service,No internet service,No internet service,No internet service,No internet service,Month-to-month,No,Electronic check,18.25,178.17,Yes
1164-QCIPR,Female,0,Yes,Yes,25,Yes,Yes,No,No internet service,No internet service,No internet service,No internet service,No internet service,No internet service,One year,No,Credit card (automatic),24.54,644.64,No
4415-WLAAL,Female,0,Yes,Yes,6,Yes,Yes,DSL,No,No,No,No,No,Yes,Month-to-month,Yes,Bank transfer (automatic),58.73,364.2,No
5660-JDQXN,Male,0,Yes,No,13,Yes,No,Fiber optic,No,Yes,No,Yes,Yes,No,Month-to-month,Yes,Credit card (automatic),89.15,1160.55,No
9744-HLAMW,Female,0,No,No,8,Yes,Yes,No,No internet service,No internet service,No internet service,No internet service,No internet service,No internet service,Month-to-month,Yes,Electronic check,21.73,183.44,Yes
3869-AVHZW,Female,0,Yes,Yes,66,Yes,No,Fiber optic,No,No,No,No,Yes,No,Two year,Yes,Credit card (automatic),80.17,5131.54,No
3149-IEHHG,Female,0,No,No,11,Yes,Yes,No,No internet service,No internet service,No internet service,No internet service,No internet service,No internet service,Month-to-month,No,Bank transfer (automatic),25.7,288.53,Yes
4592-GXSRY,Male,0,No,No,13,Yes,Yes,DSL,Yes,Yes,No,No,Yes,Yes,Month-to-month,Yes,Electronic check,81.42,1064.63,No
4579-RMPVA,Male,1,No,Yes,27,Yes,Yes,DSL,Yes,No,No,No,No,No,Month-to-month,No,Credit card (automatic),53.34,1538.63,No
7414-PQRRX,Female,0,Yes,Yes,33,Yes,Yes,DSL,No,No,Yes,No,Yes,No,Month-to-month,No,Bank transfer (automatic),65.24,2048.97,Yes
3058-ZYPED,Female,1,No,No,68,Yes,Yes,DSL,Yes,Yes,Yes,Yes,Yes,No,Two year,No,Electronic check,81.47,5221.95,No
0563-JTAMK,Female,0,Yes,No,25,Yes,Yes,No,No internet service,No internet service,No internet service,No internet service,No internet service,No internet service,Month-to-month,No,Credit card (automatic),25.27,673.06,No
6934-PGSYR,Female,0,No,No,45,Yes,Yes,DSL,No,Yes,Yes,Yes,Yes,Yes,Two year,No,Electronic check,83.21,3471.15,No
8244-MGWOQ,Male,0,Yes,No,5,Yes,Yes,No,No internet service,No internet service,No internet service,No internet service,No internet service,No internet service,Month-to-month,No,Electronic check,26.13,128.8,Yes
4456-FCWSL,Female,0,Yes,Yes,21,Yes,Yes,Fiber optic,Yes,Yes,No,No,No,No,Month-to-month,Yes,Credit card (automatic),87.21,1967.31,No
0705-PBYXN,Male,0,Yes,No,61,Yes,Yes,Fiber optic,No,No,No,No,No,No,Two year,No,Electronic check,74.79,4920.22,No
3815-OQXHX,Female,0,No,No,19,No,No phone service,Fiber optic,No,No,Yes,No,Yes,Yes,Month-to-month,Yes,Electronic check,75.74,1529.15,Yes
1717-IZDPD,Male,1,No,No,47,Yes,Yes,Fiber optic,No,Yes,No,Yes,No,No,Two year,No,Bank transfer (automatic),82.39,3570.68,No
7369-MCSVN,Male,0,Yes,Yes,22,Yes,No,DSL,No,No,Yes,No,Yes,Yes,Month-to-month,No,Credit card (automatic),68.57,1519.19,No
6102-XNACN,Male,0,No,No,30,No,No phone service,No,No internet service,No internet service,No internet service,No internet service,No internet service,No internet service,Month-to-month,Yes,Mailed check,18.25,550.13,No
9343-AEFHD,Male,0,Yes,No,34,Yes,No,DSL,No,No,Yes,No,No,No,Month-to-month,No,Bank transfer (automatic),49.55,1759.46,No
4233-MREEL,Male,0,Yes,Yes,3,Yes,No,DSL,No,No,No,No,No,No,Month-to-month,Yes,Bank transfer (automatic),42.74,135.62,No
2926-YJKKX,Female,0,No,No,65,No,No phone service,Fiber optic,No,No,No,No,No,No,Two year,Yes,Bank transfer (automatic),52.8,3656.14,No
9061-VYKKI,Female,0,No,No,30,Yes,Yes,DSL,Yes,No,No,No,No,No,Month-to-month,Yes,Electronic check,56.6,1741.83,No
8048-AUUUR,Male,0,No,No,11,Yes,No,DSL,Yes,No,Yes,Yes,No,No,Month-to-month,Yes,Mailed check,58.93,613.56,No
9043-VKTBI,Female,0,Yes,No,5,Yes,No,Fiber optic,No,Yes,No,No,No,Yes,Month-to-month,Yes,Mailed check,89.68,446.12,Yes
2093-KBIWW,Male,1,No,No,14,Yes,No,No,No internet service,No internet service,No internet service,No internet service,No internet service,No internet service,Month-to-month,No,Electronic check,18.54,267.23,No
3557-VPZEJ,Female,0,No,Yes,29,Yes,Yes,Fiber optic,Yes,No,No,No,No,No,Month-to-month,Yes,Credit card (automatic),76.31,2061.06,No
2563-VRTTN,Male,0,No,No,9,Yes,No,Fiber optic,No,Yes,Yes,Yes,Yes,Yes,Month-to-month,No,Electronic check,104.2,893.59,Yes
7175-QXAHE,Female,0,Yes,No,15,Yes,Yes,Fiber optic,Yes,No,No,No,Yes,Yes,Month-to-month,No,Credit card (automatic),96.43,1357.24,Yes
4667-BXOFO,Male,0,Yes,Yes,23,Yes,Yes,Fiber optic,Yes,Yes,No,No,Yes,No,One year,No,Credit card (automatic),95.52,2114.63,No
3069-CAKXQ,Male,0,Yes,No,39,Yes,No,Fiber optic,No,Yes,Yes,No,Yes,No,One year,Yes,Credit card (automatic),92.34,3507.7,No
7531-UIZAM,Female,0,No,No,64,Yes,No,Fiber optic,No,No,No,No,Yes,Yes,Two year,Yes,Bank transfer (automatic),87.94,5539.06,No
0969-AVKLQ,Male,0,No,Yes,20,Yes,No,Fiber optic,No,No,No,No,No,Yes,Month-to-month,Yes,Mailed check,78.67,1694.65,Yes
7419-QJTPY,Male,0,No,Yes,2,No,No phone service,No,No internet service,No internet service,No internet service,No internet service,No internet service,No internet service,Month-to-month,Yes,Electronic check,18.25,38.35,No
5150-SHZQU,Female,0,Yes,Yes,6,Yes,Yes,Fiber optic,No,Yes,No,No,Yes,Yes,Month-to-month,Yes,Bank transfer (automatic),98.79,621.53,Yes
1187-BQQOR,Male,0,No,No,11,No,No phone service,Fiber optic,No,No,No,No,Yes,Yes,One year,No,Electronic check,69.75,761.44,Yes
8083-HLWPP,Female,1,Yes,Yes,23,Yes,Yes,DSL,Yes,Yes,No,No,No,No,Month-to-month,Yes,Mailed check,58.16,1405.96,No
3776-DULPN,Male,0,No,Yes,21,Yes,Yes,DSL,No,No,Yes,Yes,No,No,One year,Yes,Mailed check,60.75,1342.09,No
2223-ALHEK,Female,0,Yes,No,9,Yes,Yes,DSL,No,Yes,No,No,No,No,Month-to-month,Yes,Electronic check,52.37,453.06,No
8039-NGTJC,Female,0,No,Yes,28,Yes,Yes,Fiber optic,No,No,No,Yes,No,Yes,One year,Yes,Credit card (automatic),90.03,2415.01,No
4977-BOETR,Female,0,Yes,Yes,31,Yes,No,DSL,Yes,Yes,Yes,No,No,Yes,One year,No,Mailed check,71.17,2298.12,No
1158-HSVXA,Female,1,Yes,Yes,1,Yes,Yes,DSL,No,Yes,No,Yes,No,Yes,Month-to-month,Yes,Electronic check,67.54,69.77,Yes
2677-KCPTY,Female,0,No,No,11,Yes,Yes,DSL,Yes,No,No,No,Yes,Yes,Month-to-month,Yes,Electronic check,71.32,755.26,Yes
5149-DRUAN,Female,0,No,No,0,Yes,Yes,No,No internet service,No internet service,No internet service,No internet service,No internet service,No internet service,Month-to-month,No,Mailed check,21.99, ,No
7191-JAYTB,Male,0,Yes,Yes,2,Yes,No,DSL,Yes,Yes,No,Yes,No,Yes,Month-to-month,No,Electronic check,68.68,131.46,No
0562-DBTFS,Female,0,No,No,4,Yes,No,Fiber optic,No,Yes,No,Yes,No,Yes,Month-to-month,Yes,Electronic check,86.99,362.37,No
2462-JBKLL,Female,1,Yes,No,3,Yes,No,No,No internet service,No internet service,No internet service,No internet service,No internet service,No internet service,Month-to-month,No,Electronic check,22.51,64.46,Yes
6808-MSFLK,Female,1,No,No,6,Yes,No,DSL,Yes,Yes,Yes,No,Yes,Yes,Month-to-month,Yes,Credit card (automatic),79.45,512.58,Yes
3549-HITLA,Female,0,Yes,No,49,Yes,Yes,DSL,No,No,Yes,No,No,No,Two year,Yes,Electronic check,53.1,2788.58,No
1121-CMFKL,Female,0,Yes,No,6,Yes,No,Fiber optic,Yes,No,Yes,Yes,Yes,Yes,One year,No,Electronic check,102.95,620.99,No
0131-QHIPY,Female,0,No,No,67,Yes,Yes,Fiber optic,Yes,No,No,No,Yes,Yes,Two year,No,Credit card (automatic),101.16,6613.56,No
1750-IKDKG,Female,0,No,No,52,Yes,No,No,No internet service,No internet service,No internet service,No internet service,No internet service,No internet service,Two year,No,Bank transfer (automatic),21.68,1146.93,No
4789-YDKVM,Male,0,Yes,No,24,No,No phone service,Fiber optic,No,No,No,No,No,Yes,One year,Yes,Bank transfer (automatic),59.11,1408.71,No
9159-WPPSV,Female,0,No,Yes,31,Yes,Yes,DSL,No,No,No,Yes,Yes,No,One year,Yes,Bank transfer (automatic),64.93,2117.69,No
1896-DJXRM,Male,0,No,Yes,19,Yes,Yes,DSL,No,Yes,No,Yes,Yes,No,Month-to-month,Yes,Electronic check,70.5,1422.17,No
4356-UTQLO,Male,0,Yes,No,41,Yes,No,Fiber optic,No,No,Yes,Yes,Yes,No,Two year,No,Mailed check,90.42,3884.04,No
5511-FPOXO,Female,0,Yes,Yes,10,No,No phone service,DSL,No,Yes,No,No,Yes,Yes,Month-to-month,Yes,Electronic check,51.35,490.49,Yes
7676-AUEYE,Male,0,Yes,No,68,Yes,No,DSL,No,No,No,Yes,No,No,One year,Yes,Mailed check,51.62,3550.09,No
7730-UWSXS,Male,0,No,Yes,10,Yes,Yes,No,No internet service,No internet service,No internet service,No internet service,No internet service,No internet service,Month-to-month,Yes,Bank transfer (automatic),25.76,276.27,No
0892-DEECY,Female,0,Yes,No,65,Yes,No,Fiber optic,No,No,No,No,No,No,One year,No,Mailed check,68.51,4303.79,No
6482-ZBUCT,Female,0,Yes,Yes,66,Yes,No,DSL,Yes,Yes,Yes,No,Yes,No,One year,Yes,Electronic check,68.88,4903.5,No
1866-ESTRI,Male,1,No,No,1,Yes,Yes,Fiber optic,Yes,No,Yes,Yes,Yes,Yes,Month-to-month,Yes,Electronic check,106.51,114.43,Yes
0351-RHHLL,Male,0,No,No,18,Yes,No,No,No internet service,No internet service,No internet service,No internet service,No internet service,No internet service,One year,Yes,Mailed check,19.88,377.37,No
3887-BIYTV,Female,0,Yes,No,1,Yes,Yes,Fiber optic,Yes,No,No,No,Yes,Yes,Month-to-month,Yes,Bank transfer (automatic),99.74,94.56,No
8632-ETPWK,Female,0,Yes,Yes,54,Yes,No,Fiber optic,Yes,Yes,No,No,No,Yes,One year,Yes,Mailed check,88.55,4606.15,Yes
7449-ZRAMT,Female,0,No,Yes,6,Yes,No,Fiber optic,No,No,No,No,Yes,Yes,One year,Yes,Bank transfer (automatic),90.1,514.74,Yes
2215-BSLIK,Male,0,No,No,14,Yes,Yes,Fiber optic,No,No,No,Yes,No,No,One year,Yes,Mailed check,78.63,1157.99,Yes
6776-DZKIB,Male,0,Yes,No,7,Yes,Yes,No,No internet service,No internet service,No internet service,No internet service,No internet service,No internet service,One year,No,Bank transfer (automatic),22.83,160.46,No
7564-MIRDR,Male,0,Yes,Yes,26,Yes,No,DSL,No,Yes,Yes,No,No,Yes,Month-to-month,No,Bank transfer (automatic),66.97,1659.74,No
8242-FOWSP,Female,0,No,No,69,Yes,No,Fiber optic,No,No,No,No,Yes,Yes,One year,Yes,Credit card (automatic),88.41,6145.62,No
0552-VIDOQ,Female,1,No,No,62,Yes,Yes,Fiber optic,Yes,No,No,Yes,Yes,No,Two year,Yes,Electronic check,94.32,5835.47,No
3794-HYZIY,Male,0,Yes,No,31,Yes,No,No,No internet service,No internet service,No internet service,No internet service,No internet service,No internet service,Month-to-month,Yes,Electronic check,20.84,629.07,Yes
6427-EOXVL,Male,0,No,No,67,Yes,No,Fiber optic,Yes,No,No,Yes,Yes,No,Two year,Yes,Mailed check,87.47,5755.84,No
1007-TOYFX,Female,0,No,No,4,Yes,Yes,DSL,Yes,No,No,No,Yes,No,Month-to-month,Yes,Mailed check,64.87,275.04,Yes
3693-ZMYRB,Female,1,No,No,44,Yes,No,Fiber optic,Yes,Yes,No,Yes,No,Yes,Month-to-month,Yes,Credit card (automatic),92.66,4327.45,Yes
8502-RXEJD,Female,1,Yes,Yes,9,Yes,Yes,Fiber optic,No,Yes,No,Yes,No,No,Month-to-month,No,Credit card (automatic),85.71,782.67,Yes
3457-FYZMH,Female,1,Yes,No,1,Yes,Yes,Fiber optic,Yes,No,No,No,No,No,Two year,Yes,Credit card (automatic),83.83,85.96,Yes
1428-UFCGK,Female,0,No,No,19,Yes,No,DSL,Yes,No,Yes,No,No,No,Month-to-month,Yes,Credit card (automatic),56.47,1158.4,No
1766-IZBGI,Male,0,Yes,No,26,Yes,No,Fiber optic,No,No,Yes,No,Yes,Yes,One year,Yes,Bank transfer (automatic),97.02,2616.45,No
1040-CSNKE,Female,0,Yes,No,29,Yes,Yes,Fiber optic,No,No,No,No,Yes,Yes,Month-to-month,Yes,Electronic check,95.6,2957.93,Yes
0173-XVVBJ,Female,1,No,Yes,4,No,No phone service,DSL,No,No,No,Yes,Yes,No,Month-to-month,Yes,Electronic check,43.48,180.2,Yes
2175-QFDNF,Male,0,No,No,63,Yes,Yes,Fiber optic,No,No,Yes,No,No,Yes,Two year,No,Electronic check,85.45,5389.05,No
3919-DESFM,Female,0,Yes,Yes,15,Yes,No,No,No internet service,No internet service,No internet service,No internet service,No internet service,No internet service,Month-to-month,No,Electronic check,20.16,296.23,No
7479-FVPJZ,Female,0,Yes,Yes,21,Yes,No,DSL,No,No,Yes,Yes,No,No,Month-to-month,Yes,Credit card (automatic),56.45,1214.02,No
3824-DNOTF,Female,1,No,No,18,Yes,No,Fiber optic,No,No,Yes,No,Yes,Yes,Month-to-month,No,Electronic check,93.97,1780.12,Yes
7937-TAZTX,Female,0,No,No,2,Yes,No,No,No internet service,No internet service,No internet service,No internet service,No internet service,No internet service,Month-to-month,No,Mailed check,20.82,44.13,No
5210-LQKKF,Male,0,Yes,Yes,16,Yes,No,DSL,Yes,No,No,No,No,Yes,One year,Yes,Mailed check,58.4,901.84,No
5755-HHFPA,Female,0,Yes,Yes,8,Yes,No,DSL,Yes,No,No,Yes,Yes,Yes,Month-to-month,No,Electronic check,77.35,607.29,Yes
4048-XSULM,Female,0,Yes,No,13,Yes,No,Fiber optic,No,Yes,Yes,No,Yes,Yes,One year,Yes,Bank transfer (automatic),99.52,1272.12,No
6648-PJUJC,Male,0,No,No,7,Yes,No,No,No internet service,No internet service,No internet service,No internet service,No internet service,No internet service,Month-to-month,No,Electronic check,19.03,139.72,No
8395-QQGLC,Male,0,No,No,68,Yes,Yes,Fiber optic,No,Yes,No,No,No,Yes,Two year,No,Mailed check,88.16,6327.98,No
7108-VOEEL,Male,0,No,No,19,Yes,No,No,No internet service,No internet service,No internet service,No internet service,No internet service,No internet service,Month-to-month,No,Mailed check,19.69,393.73,No
4212-LXPHA,Male,0,No,No,6,Yes,No,No,No internet service,No internet service,No internet service,No internet service,No internet service,No internet service,Month-to-month,No,Electronic check,22.56,128.69,No
7597-CIEEE,Male,1,Yes,No,53,Yes,No,Fiber optic,No,Yes,No,No,Yes,No,Two year,No,Bank transfer (automatic),86.86,4357.5,No
8949-FZFKI,Male,1,Yes,Yes,9,Yes,No,DSL,Yes,Yes,Yes,No,No,Yes,Month-to-month,Yes,Credit card (automatic),67.87,617.57,No
9380-YTCHB,Male,0,No,No,7,Yes,No,DSL,No,No,No,Yes,Yes,Yes,Month-to-month,Yes,Electronic check,69.77,469.21,No
8770-EEFQP,Male,0,Yes,Yes,12,Yes,Yes,Fiber optic,No,Yes,No,Yes,Yes,No,Two year,No,Mailed check,95.5,1069.58,No
7295-GPQLA,Male,0,Yes,No,30,Yes,No,Fiber optic,No,No,Yes,No,Yes,Yes,Two year,Yes,Electronic check,94.14,3015.74,No
2473-QOFBX,Male,0,Yes,No,4,Yes,Yes,DSL,Yes,Yes,Yes,Yes,Yes,Yes,Month-to-month,Yes,Credit card (automatic),89.95,336.35,No
4735-TRTHX,Female,0,No,No,68,Yes,No,Fiber optic,Yes,No,Yes,No,No,Yes,Two year,Yes,Electronic check,91.95,6175.43,No
3068-FXJKR,Female,0,No,No,51,Yes,Yes,DSL,No,No,Yes,Yes,No,Yes,Two year,No,Credit card (automatic),69.34,3728.08,No
3325-XTYRE,Male,0,No,No,62,Yes,No,Fiber optic,No,No,Yes,No,Yes,Yes,Two year,Yes,Electronic check,95.48,6359.26,No
2268-ASWAM,Male,0,No,No,42,Yes,Yes,Fiber optic,No,Yes,No,Yes,No,Yes,Two year,Yes,Credit card (automatic),96.72,3862.2,No
7928-KWRBH,Female,0,No,No,37,Yes,Yes,Fiber optic,Yes,Yes,No,Yes,Yes,No,Month-to-month,No,Credit card (automatic),101.05,3610.88,No
8153-VVCKT,Male,0,Yes,Yes,70,Yes,Yes,Fiber optic,No,Yes,Yes,No,No,Yes,Two year,Yes,Mailed check,94.88,6696.34,No
9838-XKVQD,Female,0,Yes,No,16,Yes,Yes,No,No internet service,No internet service,No internet service,No internet service,No internet service,No internet service,Month-to-month,No,Electronic check,27.43,415.32,No
8921-FWZTX,Male,0,No,No,1,Yes,No,DSL,No,Yes,Yes,Yes,No,Yes,Month-to-month,No,Bank transfer (automatic),68.12,72.46,No
1159-PUGFC,Male,0,No,No,0,Yes,No,Fiber optic,No,No,No,No,Yes,No,Month-to-month,No,Credit card (automatic),76.27, ,Yes
3107-OHJSI,Male,0,Yes,No,72,Yes,No,DSL,Yes,No,Yes,No,Yes,No,Month-to-month,Yes,Credit card (automatic),65.24,4526.42,No
7173-UXFFO,Male,0,No,Yes,48,Yes,No,Fiber optic,No,Yes,No,No,Yes,Yes,Month-to-month,Yes,Mailed check,98.38,4356.88,Yes
5220-TDFWL,Male,0,Yes,Yes,1,No,No phone service,DSL,No,No,No,Yes,No,No,Month-to-month,Yes,Electronic check,34.43,35.57,Yes
4582-YUZIX,Male,0,Yes,Yes,60,Yes,No,No,No internet service,No internet service,No internet service,No internet service,No internet service,No internet service,Two year,Yes,Credit card (automatic),18.25,1089.93,No
9378-NQGSM,Male,0,No,Yes,9,Yes,No,DSL,No,No,No,No,Yes,No,One year,No,Mailed check,53.47,472.4,No
9142-EVDUJ,Female,0,No,No,6,Yes,Yes,DSL,No,No,Yes,No,Yes,Yes,Month-to-month,No,Mailed check,71.16,440.96,No
2246-FDNOA,Male,0,Yes,No,72,Yes,Yes,Fiber optic,No,No,No,No,No,Yes,Two year,Yes,Bank transfer (automatic),84.83,5930.03,No
9022-UYEHG,Male,1,Yes,No,50,No,No phone service,DSL,Yes,No,No,No,Yes,Yes,Two year,Yes,Mailed check,51.48,2438.36,No
3714-OTAQW,Male,0,No,No,1,Yes,No,Fiber optic,Yes,No,Yes,No,Yes,Yes,Month-to-month,No,Electronic check,97.67,104.43,Yes
1070-XTFQI,Female,0,No,No,23,Yes,No,No,No internet service,No internet service,No internet service,No internet service,No internet service,No internet service,Month-to-month,Yes,Mailed check,18.71,427.02,No
8670-GWFOJ,Female,0,Yes,No,1,Yes,No,Fiber optic,No,Yes,No,No,No,Yes,Two year,No,Bank transfer (automatic),87.27,81.24,No
2419-KDPGS,Male,0,Yes,Yes,9,Yes,Yes,No,No internet service,No internet service,No internet service,No internet service,No internet service,No internet service,Month-to-month,Yes,Bank transfer (automatic),28.48,258.44,Yes
5530-NTQBH,Male,0,No,No,20,Yes,No,DSL,Yes,No,Yes,No,No,Yes,Month-to-month,No,Mailed check,66.27,1326.6,No
8463-YLDHW,Female,0,Yes,Yes,14,Yes,No,Fiber optic,No,No,No,Yes,No,No,Month-to-month,No,Credit card (automatic),73.5,1106.63,No
8889-DTOYG,Female,0,No,No,63,Yes,Yes,No,No internet service,No internet service,No internet service,No internet service,No internet service,No internet service,Two year,Yes,Credit card (automatic),28.09,1772.56,No
5677-KQRZV,Female,0,Yes,Yes,7,Yes,Yes,DSL,No,No,No,No,No,No,Month-to-month,No,Electronic check,50.63,368.38,No
1606-JXYJN,Male,0,Yes,No,29,Yes,Yes,Fiber optic,No,No,Yes,No,No,No,Two year,Yes,Mailed check,78.81,2333.33,No
3215-NNWNA,Female,0,No,No,12,Yes,No,No,No internet service,No internet service,No internet service,No internet service,No internet service,No internet service,One year,No,Credit card (automatic),18.35,213.97,No
5366-DJMBX,Female,1,Yes,No,60,Yes,No,Fiber optic,No,Yes,No,No,Yes,Yes,Month-to-month,Yes,Mailed check,90.01,5223.17,No
8579-CTNTL,Male,0,No,No,72,No,No phone service,DSL,Yes,No,Yes,Yes,No,Yes,Two year,No,Electronic check,53.51,3798.21,No
8521-FURNC,Male,0,Yes,No,26,Yes,Yes,DSL,Yes,Yes,No,No,No,No,Month-to-month,No,Electronic check,64.73,1800.05,Yes
6742-PIVPL,Female,0,No,No,32,Yes,Yes,No,No internet service,No internet service,No internet service,No internet service,No internet service,No internet service,Two year,No,Electronic check,24.49,734.9,No
3302-FFLZX,Female,1,No,No,17,Yes,No,Fiber optic,No,No,Yes,No,No,Yes,Month-to-month,Yes,Electronic check,85.82,1541.22,No
3128-REOUK,Female,0,No,No,71,No,No phone service,Fiber optic,No,No,Yes,No,No,Yes,Two year,Yes,Mailed check,64.92,4839.68,No
3817-ZKWIA,Male,0,No,No,15,Yes,No,DSL,No,No,No,Yes,Yes,Yes,Month-to-month,Yes,Electronic check,69.96,1082.26,Yes
6535-SNAYV,Female,0,No,No,21,Yes,No,Fiber optic,No,Yes,No,No,No,No,Month-to-month,No,Electronic check,72.38,1568.3,Yes
8461-SVVLB,Male,0,No,No,8,Yes,Yes,Fiber optic,Yes,No,No,No,Yes,No,One year,Yes,Mailed check,90.45,689.92,Yes
5295-JAEMK,Female,0,No,No,68,Yes,No,No,No internet service,No internet service,No internet service,No internet service,No internet service,No internet service,Two year,Yes,Credit card (automatic),23.35,1703.43,No
8429-KICVT,Male,0,Yes,Yes,53,Yes,Yes,DSL,Yes,No,Yes,Yes,Yes,Yes,Two year,Yes,Electronic check,84.47,4428.01,No
3934-FRAXS,Female,0,Yes,No,38,Yes,No,Fiber optic,No,No,Yes,No,No,Yes,Month-to-month,No,Bank transfer (automatic),83.88,3104.85,Yes
4292-BVZQR,Female,0,No,No,12,Yes,No,No,No internet service,No internet service,No internet service,No internet service,No internet service,No internet service,Month-to-month,No,Mailed check,21.74,271.64,Yes
8541-MUILN,Male,0,No,No,18,Yes,Yes,DSL,No,No,No,No,Yes,No,Month-to-month,Yes,Mailed check,58.19,1096.31,Yes
7358-JJASE,Male,0,Yes,No,13,Yes,Yes,Fiber optic,Yes,No,Yes,No,Yes,Yes,Month-to-month,No,Mailed check,103.96,1293.79,Yes
0481-CXOQI,Female,0,No,No,72,Yes,Yes,DSL,No,No,No,No,Yes,No,Two year,No,Bank transfer (automatic),58.84,4515.54,No
7202-RHVGH,Female,0,No,No,45,Yes,No,Fiber optic,No,No,No,No,No,Yes,One year,Yes,Mailed check,78.54,3444.03,No
3703-TBUID,Female,0,Yes,Yes,24,Yes,No,Fiber optic,No,Yes,No,No,No,Yes,One year,Yes,Bank transfer (automatic),82.79,1975.53,No
0392-ULTPW,Female,0,No,No,70,No,No phone service,Fiber optic,No,Yes,No,No,Yes,No,One year,Yes,Mailed check,66.66,4431.39,No
0575-LBEKT,Female,0,Yes,No,4,Yes,No,No,No internet service,No internet service,No internet service,No internet service,No internet service,No internet service,Month-to-month,No,Bank transfer (automatic),22.55,89.29,No
1855-BNVTV,Male,0,No,No,16,Yes,No,Fiber optic,No,No,No,No,No,Yes,Month-to-month,Yes,Electronic check,81.23,1348.1,Yes
4669-BWXKM,Female,0,No,No,64,Yes,Yes,DSL,No,Yes,Yes,Yes,No,Yes,Two year,No,Bank transfer (automatic),78.67,4674.11,No
9388-YNLDG,Female,0,No,No,21,Yes,No,No,No internet service,No internet service,No internet service,No internet service,No internet service,No internet service,Month-to-month,No,Electronic check,21.24,426.04,No
8451-BPYRY,Male,0,No,Yes,16,Yes,No,DSL,No,No,Yes,Yes,No,Yes,One year,Yes,Electronic check,64.72,1072.53,No
0427-QYZOX,Female,1,Yes,Yes,43,Yes,No,Fiber optic,No,No,No,Yes,No,Yes,Month-to-month,No,Mailed check,84.12,3527.21,Yes
7108-ILXSP,Female,0,No,Yes,5,Yes,Yes,DSL,No,Yes,No,Yes,Yes,No,Month-to-month,Yes,Mailed check,69.8,331.94,No
7999-LIFVN,Male,1,No,No,4,Yes,No,No,No internet service,No internet service,No internet service,No internet service,No internet service,No internet service,Month-to-month,Yes,Electronic check,21.5,79.99,Yes
2230-CZMPO,Male,0,Yes,Yes,60,Yes,Yes,No,No internet service,No internet service,No internet service,No internet service,No internet service,No internet service,Month-to-month,No,Electronic check,25.15,1516.37,No
2170-UYRFN,Female,0,Yes,No,18,Yes,Yes,Fiber optic,No,Yes,No,Yes,No,No,One year,Yes,Bank transfer (automatic),86.99,1462.7,No
1357-URHTS,Female,0,Yes,Yes,40,Yes,Yes,DSL,No,Yes,Yes,Yes,No,Yes,Two year,Yes,Credit card (automatic),73.03,2795.99,No
4383-MMCPU,Male,0,No,No,6,Yes,Yes,DSL,No,No,Yes,Yes,No,Yes,Month-to-month,Yes,Bank transfer (automatic),69.06,414.06,Yes
8845-MBFHJ,Female,0,Yes,Yes,71,Yes,Yes,DSL,Yes,Yes,Yes,Yes,Yes,Yes,Two year,No,Mailed check,90.46,5931.65,No
6651-JVNZW,Female,0,Yes,No,31,Yes,Yes,DSL,No,No,No,No,No,No,Month-to-month,Yes,Mailed check,47.73,1447.12,No
1121-IGHYE,Female,0,No,No,1,Yes,No,Fiber optic,No,Yes,No,No,No,Yes,Month-to-month,No,Mailed check,85.47,78.86,Yes
9807-KHKVE,Male,0,No,No,17,Yes,Yes,DSL,No,No,No,No,No,Yes,One year,Yes,Credit card (automatic),55.18,927.3,No
8264-KANQL,Male,0,Yes,No,47,Yes,No,Fiber optic,No,Yes,No,Yes,No,Yes,Month-to-month,Yes,Mailed check,90.97,4015.09,No
4822-VFUXL,Male,1,No,No,9,Yes,Yes,Fiber optic,No,Yes,No,No,No,Yes,Month-to-month,No,Electronic check,88.54,812.35,No
9902-CCNVN,Female,1,No,No,3,Yes,No,Fiber optic,No,Yes,No,Yes,Yes,No,Month-to-month,No,Electronic check,89.06,270.2,Yes
8671-CGQSU,Female,0,No,No,5,Yes,No,Fiber optic,No,No,No,No,Yes,Yes,Month-to-month,Yes,Mailed check,88.19,434.4,Yes
0317-NCCRS,Male,0,Yes,No,50,Yes,No,DSL,No,No,Yes,Yes,No,No,Two year,Yes,Mailed check,54.53,2757.58,No
7802-QWDVH,Male,0,Yes,Yes,23,No,No phone service,Fiber optic,No,Yes,No,No,No,No,Month-to-month,Yes,Mailed check,53.3,1190.35,Yes
3616-LYTAH,Male,0,Yes,No,15,Yes,Yes,Fiber optic,No,No,No,Yes,Yes,Yes,Month-to-month,Yes,Mailed check,97.76,1382.51,No
1284-IAZDM,Male,0,Yes,No,70,Yes,No,Fiber optic,No,Yes,Yes,Yes,Yes,No,Two year,Yes,Credit card (automatic),95.24,6807.15,No
7578-JHTIT,Female,0,Yes,No,19,Yes,Yes,Fiber optic,No,Yes,Yes,No,No,Yes,Month-to-month,No,Mailed check,89.15,1705.36,No
2275-QASUU,Female,0,No,No,6,Yes,No,DSL,Yes,Yes,No,Yes,No,Yes,Month-to-month,Yes,Credit card (automatic),68.66,432.56,No
5486-COOWK,Female,0,No,No,3,Yes,No,DSL,Yes,No,Yes,No,Yes,Yes,Month-to-month,No,Bank transfer (automatic),75.91,214.73,No
1704-MGSOS,Male,1,No,No,65,Yes,Yes,Fiber optic,Yes,Yes,No,No,Yes,No,Two year,No,Bank transfer (automatic),93.14,5622.55,No
0737-NYCUA,Female,0,No,No,67,Yes,Yes,DSL,Yes,Yes,Yes,Yes,Yes,No,Two year,Yes,Bank transfer (automatic),81.48,5568.22,Yes
0665-TDBOL,Female,0,No,No,72,Yes,No,DSL,Yes,Yes,No,No,No,No,Two year,Yes,Mailed check,51.79,3613.61,No
6969-BMQRO,Female,1,No,No,9,Yes,Yes,Fiber optic,No,No,No,No,No,No,Month-to-month,No,Electronic check,72.19,661.74,Yes
4071-XBYCM,Female,0,Yes,No,12,Yes,No,Fiber optic,No,No,No,No,Yes,No,Month-to-month,Yes,Mailed check,75.97,839.07,Yes
6515-BILSW,Female,0,No,No,65,Yes,Yes,DSL,No,No,No,No,Yes,Yes,Two year,No,Mailed check,66.25,4397.85,No
2813-XWAVO,Female,0,No,No,37,Yes,No,Fiber optic,No,No,Yes,No,Yes,Yes,Two year,No,Electronic check,92.47,3222,No
2092-CDCNF,Male,0,Yes,No,5,Yes,No,No,No internet service,No internet service,No internet service,No internet service,No internet service,No internet service,Month-to-month,Yes,Mailed check,20.68,102.9,No
6779-UTFJM,Female,0,Yes,Yes,28,Yes,No,No,No internet service,No internet service,No internet service,No internet service,No internet service,No internet service,One year,No,Bank transfer (automatic),18.25,487.88,No
3129-TYXDX,Male,0,No,No,20,Yes,Yes,Fiber optic,No,Yes,No,No,Yes,No,Month-to-month,No,Electronic check,88.77,1757.82,Yes
6488-PFULG,Male,0,Yes,Yes,9,Yes,Yes,No,No internet service,No internet service,No internet service,No internet service,No internet service,No internet service,Month-to-month,Yes,Electronic check,21.61,201.64,No
2379-MSNGY,Male,0,No,No,49,Yes,No,No,No internet service,No internet service,No internet service,No internet service,No internet service,No internet service,Month-to-month,Yes,Credit card (automatic),19.99,996.48,No
8035-XTSKH,Male,0,Yes,Yes,46,Yes,Yes,DSL,No,Yes,No,No,No,Yes,Two year,Yes,Mailed check,62.68,2793.33,No
4998-FSCKS,Female,0,No,No,63,Yes,Yes,DSL,No,Yes,No,No,No,No,Two year,No,Electronic check,56.79,3690.36,No
1236-OKEQI,Female,0,Yes,No,50,Yes,No,DSL,No,Yes,No,Yes,No,No,Month-to-month,No,Credit card (automatic),54.99,2825.43,No
6710-KJNCJ,Female,0,Yes,No,1,Yes,No,DSL,No,Yes,No,Yes,Yes,No,Month-to-month,No,Electronic check,61.18,64.15,Yes
1202-TBKVZ,Male,0,No,Yes,4,Yes,Yes,Fiber optic,Yes,No,No,Yes,No,Yes,Month-to-month,No,Electronic check,90.19,356.92,Yes
7616-EBBWJ,Male,1,Yes,Yes,14,Yes,Yes,Fiber optic,No,No,Yes,Yes,Yes,Yes,Month-to-month,Yes,Credit card (automatic),104.26,1489.9,Yes
7585-ACQWE,Female,0,Yes,Yes,44,Yes,No,DSL,Yes,Yes,No,Yes,Yes,No,Month-to-month,No,Bank transfer (automatic),67.34,3192.02,Yes
9871-LJUBL,Female,0,Yes,No,23,Yes,No,Fiber optic,No,Yes,No,No,No,Yes,Month-to-month,Yes,Bank transfer (automatic),84.88,1887.21,No
6017-GLXDW,Male,0,Yes,No,59,Yes,Yes,DSL,Yes,No,Yes,Yes,No,No,Two year,No,Electronic check,64.97,3710.88,No
2098-CMTNQ,Male,0,Yes,No,55,Yes,Yes,DSL,No,No,Yes,Yes,No,Yes,Two year,Yes,Credit card (automatic),70.5,4015.38,No
4605-QNLYW,Male,1,Yes,Yes,53,Yes,Yes,DSL,No,No,No,No,Yes,No,Two year,Yes,Credit card (automatic),61.2,3479.52,No
0616-WBILG,Male,0,Yes,Yes,25,Yes,Yes,DSL,Yes,No,No,Yes,No,No,One year,No,Bank transfer (automatic),58.57,1432.87,No
1698-YEEVW,Female,0,No,No,35,Yes,Yes,Fiber optic,Yes,Yes,Yes,No,No,Yes,Two year,Yes,Bank transfer (automatic),101.57,3770.63,No
6830-VEPXM,Female,0,No,No,71,No,No phone service,DSL,No,No,Yes,No,Yes,Yes,Two year,Yes,Credit card (automatic),47.16,3229.5,No
4719-FQPVO,Male,0,Yes,No,70,Yes,No,No,No internet service,No internet service,No internet service,No internet service,No internet service,No internet service,One year,Yes,Mailed check,20.95,1431.62,No
6784-TIDHU,Female,0,No,No,14,Yes,Yes,No,No internet service,No internet service,No internet service,No internet service,No internet service,No internet service,Month-to-month,Yes,Mailed check,23.86,359.67,No
5452-VOYOI,Male,0,No,No,9,Yes,No,DSL,Yes,Yes,No,Yes,Yes,No,Month-to-month,No,Mailed check,72.06,628.91,No
6040-SUQDR,Male,0,No,No,2,Yes,Yes,No,No internet service,No internet service,No internet service,No internet service,No internet service,No internet service,Month-to-month,Yes,Electronic check,27.84,57.49,Yes
7319-SSRVM,Male,0,No,No,65,Yes,No,Fiber optic,No,Yes,Yes,No,Yes,No,One year,No,Credit card (automatic),91.82,5937.59,No
8718-SCYEP,Male,0,No,No,6,Yes,No,Fiber optic,No,Yes,No,No,Yes,No,Month-to-month,No,Bank transfer (automatic),86.82,498.47,Yes
8259-IDXDP,Male,0,Yes,Yes,2,Yes,Yes,DSL,Yes,Yes,No,Yes,No,Yes,Month-to-month,Yes,Bank transfer (automatic),74.5,137.55,No
4352-UVKXH,Female,0,No,Yes,7,Yes,No,Fiber optic,No,Yes,Yes,No,No,Yes,Two year,No,Credit card (automatic),83.86,601.64,No
6481-ZUGNA,Male,1,No,No,1,Yes,No,No,No internet service,No internet service,No internet service,No internet service,No internet service,No internet service,Month-to-month,Yes,Bank transfer (automatic),21.98,23.6,No
0063-FROIM,Female,0,Yes,No,14,Yes,No,DSL,Yes,No,Yes,No,No,No,Month-to-month,No,Bank transfer (automatic),54.74,707.84,No
6623-DDDHB,Male,0,Yes,No,67,No,No phone service,No,No internet service,No internet service,No internet service,No internet service,No internet service,No internet service,Two year,No,Electronic check,18.25,1271.27,No
1262-SMHFB,Female,0,Yes,Yes,1,Yes,Yes,Fiber optic,Yes,Yes,No,No,No,No,Month-to-month,Yes,Mailed check,83.98,79.86,Yes
9216-UUIXZ,Female,0,No,No,3,Yes,Yes,DSL,No,No,Yes,No,Yes,No,Month-to-month,Yes,Electronic check,65.72,208.44,Yes
3920-PQMYP,Male,0,No,No,12,Yes,Yes,Fiber optic,Yes,No,No,No,No,Yes,One year,Yes,Bank transfer (automatic),91.98,1098.5,No
8248-WKJIH,Male,0,Yes,Yes,59,Yes,No,DSL,Yes,No,No,No,No,Yes,Two year,Yes,Credit card (automatic),58.11,3340.35,No
1774-RNCPD,Female,0,No,No,1,Yes,No,Fiber optic,No,Yes,No,No,No,Yes,Month-to-month,Yes,Mailed check,85.66,80.61,No
0647-CUDKH,Female,0,No,No,68,Yes,No,DSL,Yes,Yes,No,No,Yes,No,Month-to-month,Yes,Mailed check,64.51,4273.58,No
1414-OZQVW,Male,0,Yes,Yes,4,Yes,No,Fiber optic,No,No,No,No,No,Yes,Month-to-month,Yes,Electronic check,80.27,340.61,Yes
8092-EXIHJ,Female,0,No,No,32,No,No phone service,DSL,No,No,No,Yes,Yes,No,Month-to-month,Yes,Bank transfer (automatic),40.58,1277.6,No
1890-VVGBK,Male,0,Yes,Yes,53,Yes,Yes,No,No internet service,No internet service,No internet service,No internet service,No internet service,No internet service,Two year,Yes,Mailed check,26.99,1353.48,No
3228-HDOFD,Male,0,Yes,Yes,64,Yes,Yes,DSL,Yes,Yes,No,No,Yes,No,Two year,No,Mailed check,68.22,4679.74,No
5677-VBFGU,Male,0,No,No,54,Yes,No,Fiber optic,No,No,No,No,Yes,Yes,Two year,Yes,Mailed check,89.78,4617.31,No
6538-QWSVU,Male,1,Yes,No,10,Yes,No,DSL,No,Yes,Yes,No,Yes,Yes,Month-to-month,Yes,Mailed check,74.71,766.55,Yes
5027-DEPWN,Female,0,No,No,69,Yes,No,Fiber optic,No,No,No,Yes,Yes,Yes,Two year,No,Electronic check,95.07,6457.37,No
8895-UHENR,Male,0,Yes,No,66,Yes,No,DSL,Yes,No,No,No,No,No,One year,Yes,Credit card (automatic),47.01,2941.47,No
5251-WUASV,Female,0,No,No,14,Yes,Yes,Fiber optic,No,Yes,No,No,No,No,Month-to-month,No,Bank transfer (automatic),80.31,1084.1,Yes
0873-AYMRH,Female,0,No,No,71,Yes,No,DSL,No,Yes,No,No,No,No,One year,Yes,Credit card (automatic),51.95,3734.14,No
1323-EPVMA,Male,0,No,No,8,Yes,No,No,No internet service,No internet service,No internet service,No internet service,No internet service,No internet service,Month-to-month,Yes,Credit card (automatic),18.7,158.2,No
6812-SGZHO,Female,0,No,No,66,No,No phone service,Fiber optic,No,No,Yes,No,Yes,Yes,One year,No,Mailed check,72.26,4867.65,No
4638-XQXJN,Male,0,No,No,66,Yes,Yes,No,No internet service,No internet service,No internet service,No internet service,No internet service,No internet service,One year,Yes,Bank transfer (automatic),25.9,1675.92,No
3887-OWUTF,Male,1,Yes,No,11,Yes,Yes,DSL,No,No,No,No,Yes,Yes,Month-to-month,Yes,Bank transfer (automatic),68.12,784.84,Yes
9962-SBTWO,Female,0,Yes,Yes,58,Yes,No,DSL,Yes,Yes,Yes,No,Yes,Yes,One year,Yes,Credit card (automatic),76.64,4122.87,No
0829-SDYWW,Male,0,No,Yes,2,Yes,Yes,Fiber optic,No,No,Yes,No,Yes,Yes,Month-to-month,Yes,Electronic check,99.53,195.66,Yes
2131-DNBLQ,Male,0,No,No,12,Yes,No,Fiber optic,No,No,Yes,No,Yes,Yes,Month-to-month,Yes,Electronic check,91.89,1152.91,Yes
8248-YCUST,Male,0,No,No,10,Yes,No,No,No internet service,No internet service,No internet service,No internet service,No internet service,No internet service,Month-to-month,No,Electronic check,18.25,195.92,No
9230-JOVFN,Male,0,Yes,No,65,Yes,No,DSL,No,Yes,No,Yes,No,No,Two year,Yes,Mailed check,56.16,3918.19,No
7088-BSSEW,Female,0,Yes,Yes,14,Yes,Yes,Fiber optic,No,No,Yes,No,Yes,No,Month-to-month,Yes,Mailed check,89.53,1216.15,No
3847-JVWNJ,Male,0,Yes,No,71,Yes,Yes,Fiber optic,No,Yes,No,No,No,No,Two year,Yes,Bank transfer (automatic),76.9,5574.16,No
2221-BPSFK,Male,0,Yes,No,6,No,No phone service,No,No internet service,No internet service,No internet service,No internet service,No internet service,No internet service,Month-to-month,No,Bank transfer (automatic),18.25,111.01,No
6487-ACLPR,Male,0,No,No,3,Yes,Yes,No,No internet service,No internet service,No internet service,No internet service,No internet service,No internet service,Month-to-month,Yes,Bank transfer (automatic),29.48,82.97,No
6023-KISGT,Male,0,No,No,2,Yes,Yes,DSL,No,Yes,Yes,No,No,No,Month-to-month,Yes,Credit card (automatic),59.25,112.56,Yes
8582-OLNIP,Male,0,No,No,7,Yes,No,DSL,No,No,Yes,No,Yes,Yes,Month-to-month,Yes,Bank transfer (automatic),69.15,522.21,No
3508-OPSOQ,Male,0,Yes,No,72,Yes,No,Fiber optic,No,Yes,No,No,No,No,Two year,No,Credit card (automatic),72.19,5111.77,No
2709-RGELJ,Male,0,No,No,6,Yes,No,Fiber optic,Yes,No,Yes,Yes,No,Yes,Month-to-month,Yes,Credit card (automatic),94.53,565.63,No
2201-NRONX,Male,0,Yes,Yes,24,Yes,Yes,No,No internet service,No internet service,No internet service,No internet service,No internet service,No internet service,One year,Yes,Credit card (automatic),22,560.75,No
3080-KHTDF,Female,0,Yes,No,17,Yes,No,DSL,No,Yes,No,Yes,No,No,Two year,Yes,Credit card (automatic),51.36,902.93,No
6527-TNUYO,Male,0,No,No,72,No,No phone service,Fiber optic,No,No,No,No,Yes,Yes,Month-to-month,Yes,Electronic check,70.43,5362.17,No
0812-MFRUZ,Male,1,No,No,9,Yes,Yes,No,No internet service,No internet service,No internet service,No internet service,No internet service,No internet service,Month-to-month,Yes,Electronic check,21.72,188.37,Yes
3531-QKVGO,Female,0,Yes,Yes,42,Yes,No,DSL,Yes,Yes,No,No,No,No,Month-to-month,Yes,Mailed check,54.95,2217.27,Yes
4285-RZQBV,Male,0,Yes,No,50,Yes,Yes,DSL,Yes,No,Yes,No,No,Yes,One year,No,Bank transfer (automatic),73.07,3838.44,No
7019-MWCRU,Male,0,Yes,Yes,69,Yes,Yes,DSL,No,No,No,No,No,No,Two year,Yes,Electronic check,50.68,3735,No
6518-WQYDJ,Male,0,No,No,22,Yes,No,DSL,No,Yes,No,Yes,No,Yes,One year,No,Credit card (automatic),61.39,1389,No
5230-BWWOH,Female,1,Yes,Yes,4,No,No phone service,DSL,No,No,No,No,No,No,Month-to-month,Yes,Electronic check,23.35,90.6,Yes
5094-YFMRD,Female,0,No,No,45,Yes,No,Fiber optic,Yes,Yes,Yes,No,Yes,No,One year,Yes,Credit card (automatic),92.19,4080.9,Yes
1411-PXSAE,Male,0,Yes,No,6,Yes,No,Fiber optic,No,No,No,Yes,Yes,Yes,One year,No,Electronic check,94.32,565.28,Yes
5576-XLIJU,Male,0,No,No,34,Yes,Yes,DSL,Yes,No,No,Yes,No,No,Month-to-month,No,Mailed check,60.36,2100.93,No
8404-VVVMB,Female,0,No,No,53,Yes,Yes,Fiber optic,Yes,Yes,Yes,No,Yes,Yes,Month-to-month,Yes,Electronic check,106.57,5461.42,Yes
8578-MWYCZ,Male,0,No,No,25,Yes,No,Fiber optic,No,No,Yes,No,Yes,Yes,Month-to-month,Yes,Electronic check,94.58,2290.34,Yes
2769-FVEHH,Female,0,Yes,No,40,Yes,Yes,Fiber optic,Yes,Yes,No,Yes,No,Yes,Two year,No,Bank transfer (automatic),101.79,4379.81,No
4718-QRYME,Male,0,Yes,No,72,Yes,No,DSL,Yes,Yes,No,No,Yes,No,One year,Yes,Electronic check,64.63,4842.65,No
9645-JVQRU,Male,0,Yes,Yes,72,Yes,Yes,DSL,Yes,Yes,Yes,No,No,No,Month-to-month,Yes,Electronic check,63.35,4519.64,No
0049-MYSGQ,Male,0,Yes,No,65,Yes,No,DSL,No,No,No,No,No,No,Two year,Yes,Credit card (automatic),46.63,2994.06,No
3031-NIBJN,Female,1,Yes,No,53,No,No phone service,DSL,Yes,Yes,Yes,Yes,No,Yes,Two year,No,Mailed check,57.53,2826.49,No
4944-ESJES,Female,0,Yes,No,8,Yes,No,No,No internet service,No internet service,No internet service,No internet service,No internet service,No internet service,Month-to-month,Yes,Electronic check,19.64,169.39,Yes
6826-KWDGC,Female,0,No,Yes,50,Yes,No,DSL,Yes,No,Yes,Yes,Yes,Yes,Month-to-month,Yes,Bank transfer (automatic),78.92,3935.1,No
2863-RFBWF,Male,0,No,No,6,Yes,Yes,DSL,Yes,No,Yes,Yes,No,Yes,Month-to-month,Yes,Mailed check,74.99,448.54,No
5657-SGOVT,Male,0,No,No,67,Yes,Yes,Fiber optic,Yes,No,Yes,No,No,Yes,Two year,No,Bank transfer (automatic),97.51,6212.96,No
6852-SWAZB,Male,0,Yes,Yes,44,Yes,No,No,No internet service,No internet service,No internet service,No internet service,No internet service,No internet service,Month-to-month,No,Electronic check,18.25,818.03,No
1219-QPTZG,Male,1,No,No,22,Yes,No,Fiber optic,Yes,No,No,No,No,Yes,Two year,Yes,Bank transfer (automatic),85.3,2025.7,No
9777-ILTBB,Male,1,No,No,17,Yes,Yes,Fiber optic,Yes,No,No,No,Yes,Yes,Month-to-month,No,Credit card (automatic),102.41,1785.9,Yes
9752-LBWEN,Male,0,No,No,6,Yes,Yes,Fiber optic,No,No,Yes,Yes,Yes,No,One year,Yes,Credit card (automatic),96.66,622.74,No
6095-BFSFB,Female,0,Yes,No,67,Yes,Yes,Fiber optic,No,No,Yes,Yes,Yes,No,Two year,Yes,Credit card (automatic),90.21,6343.45,No
8891-GFGQO,Female,0,No,No,5,Yes,Yes,No,No internet service,No internet service,No internet service,No internet service,No internet service,No internet service,Month-to-month,Yes,Mailed check,24.68,132.83,No
2050-JPYBY,Male,0,Yes,No,60,Yes,No,DSL,Yes,No,No,No,No,Yes,Two year,No,Bank transfer (automatic),60.99,3435.63,No
4374-YHDLZ,Female,0,Yes,Yes,20,Yes,No,Fiber optic,No,No,No,Yes,Yes,No,Two year,Yes,Bank transfer (automatic),86.09,1703.79,Yes
3636-VAXOD,Male,0,Yes,Yes,15,Yes,Yes,Fiber optic,No,Yes,Yes,No,No,No,Month-to-month,No,Bank transfer (automatic),87.48,1382.63,No
9676-XOFYI,Male,1,Yes,No,1,Yes,No,Fiber optic,No,No,No,No,Yes,No,Month-to-month,Yes,Electronic check,77.16,73.7,Yes
7531-CBCLQ,Female,1,No,No,58,Yes,No,No,No internet service,No internet service,No internet service,No internet service,No internet service,No internet service,Two year,Yes,Electronic check,18.73,1104.6,No
8773-WLPON,Male,0,No,No,59,Yes,No,Fiber optic,Yes,Yes,No,Yes,No,Yes,Two year,Yes,Electronic check,95.42,5349.45,No
8444-QRPTV,Male,0,No,No,27,Yes,No,Fiber optic,Yes,Yes,No,Yes,Yes,No,Month-to-month,Yes,Mailed check,95.1,2563.26,Yes
2402-ZEGNM,Male,0,No,No,11,Yes,Yes,DSL,Yes,No,No,No,No,No,Month-to-month,No,Electronic check,58.32,642.21,No
4260-YWXPE,Male,0,No,No,9,Yes,No,No,No internet service,No internet service,No internet service,No internet service,No internet service,No internet service,Month-to-month,No,Bank transfer (automatic),18.25,157.95,No
7658-DGHIJ,Female,0,No,No,53,Yes,Yes,DSL,Yes,Yes,Yes,No,Yes,No,Month-to-month,Yes,Mailed check,76.69,4166.42,No
0623-PTZRO,Male,1,No,No,26,No,No phone service,Fiber optic,No,Yes,Yes,Yes,Yes,Yes,One year,No,Electronic check,85.88,2071.1,No
4441-AMONH,Male,0,Yes,No,12,Yes,No,DSL,No,Yes,No,Yes,No,No,One year,No,Credit card (automatic),53.88,666.5,No
1069-NOAOS,Male,0,Yes,No,55,Yes,Yes,Fiber optic,Yes,No,Yes,No,No,Yes,One year,Yes,Credit card (automatic),95.04,5246.64,No
4511-RVUDP,Male,0,Yes,Yes,69,Yes,No,Fiber optic,No,Yes,No,No,Yes,Yes,Two year,No,Bank transfer (automatic),95.25,6196,No
1987-WBQNA,Female,1,No,No,15,Yes,No,Fiber optic,No,Yes,No,Yes,Yes,Yes,Month-to-month,No,Mailed check,95.75,1369.69,No
1255-VWSNY,Male,0,No,No,43,Yes,Yes,Fiber optic,Yes,No,No,No,No,Yes,Month-to-month,No,Electronic check,89.64,3619.33,Yes
2671-LSHBE,Male,0,Yes,No,9,Yes,Yes,No,No internet service,No internet service,No internet service,No internet service,No internet service,No internet service,Month-to-month,No,Mailed check,25.65,244.31,No
7353-GVKIK,Male,0,No,No,47,Yes,No,Fiber optic,No,Yes,No,No,Yes,Yes,One year,No,Mailed check,96.54,4775.87,No
6226-IHIOW,Male,0,No,No,10,Yes,No,Fiber optic,No,No,No,No,No,No,One year,No,Bank transfer (automatic),69.86,716.52,No
4571-UECKD,Male,0,Yes,Yes,55,Yes,Yes,Fiber optic,Yes,No,No,No,No,No,Two year,No,Credit card (automatic),80.55,4543.21,No
0214-VFQYX,Male,0,No,No,4,Yes,No,Fiber optic,No,Yes,No,No,Yes,No,Month-to-month,No,Electronic check,85.39,362.23,Yes
6474-ASOHM,Female,0,No,Yes,44,Yes,No,No,No internet service,No internet service,No internet service,No internet service,No internet service,No internet service,Two year,Yes,Bank transfer (automatic),20.13,893.68,No
9874-USHPQ,Female,1,Yes,No,18,Yes,Yes,Fiber optic,No,Yes,No,No,Yes,Yes,Month-to-month,No,Electronic check,99.69,1655.6,Yes
9231-XFPKZ,Male,0,Yes,No,7,Yes,Yes,Fiber optic,No,No,Yes,No,No,No,Month-to-month,Yes,Mailed check,80.02,591.16,No
5751-LEKCE,Female,0,No,No,59,Yes,No,DSL,No,No,Yes,Yes,Yes,No,Two year,Yes,Bank transfer (automatic),66.15,3686.96,No
7716-JTFTB,Female,0,Yes,Yes,5,Yes,Yes,DSL,No,Yes,Yes,No,No,No,Month-to-month,Yes,Electronic check,57.97,273.53,Yes
8560-QHNGE,Female,1,Yes,Yes,70,Yes,No,No,No internet service,No internet service,No internet service,No internet service,No internet service,No internet service,Two year,No,Mailed check,18.32,1357.06,No
3531-QYQMH,Male,0,No,No,1,No,No phone service,No,No internet service,No internet service,No internet service,No internet service,No internet service,No internet service,Month-to-month,No,Electronic check,18.25,19.58,No
9631-QWILK,Male,0,Yes,No,21,Yes,No,Fiber optic,No,No,Yes,No,No,No,Month-to-month,No,Electronic check,73.88,1450.65,No
5669-SGFYY,Female,0,Yes,No,37,Yes,Yes,DSL,Yes,No,Yes,No,No,Yes,Month-to-month,Yes,Electronic check,67.92,2404.07,No
8618-APNLR,Male,0,No,No,56,Yes,Yes,No,No internet service,No internet service,No internet service,No internet service,No internet service,No internet service,Two year,No,Electronic check,24.74,1444.49,No
9060-CTHCG,Male,1,No,No,45,Yes,Yes,No,No internet service,No internet service,No internet service,No internet service,No internet service,No internet service,One year,No,Credit card (automatic),25.01,1146.75,No
9974-FPZXP,Male,0,Yes,No,13,Yes,Yes,Fiber optic,Yes,Yes,No,No,No,No,Month-to-month,No,Mailed check,87.4,1157.59,Yes
9903-HYIIC,Male,0,Yes,No,72,Yes,No,Fiber optic,Yes,Yes,No,No,No,Yes,Two year,Yes,Bank transfer (automatic),88.01,6017.34,No
2798-EOILS,Male,0,Yes,Yes,24,Yes,No,Fiber optic,No,No,No,Yes,Yes,No,Month-to-month,Yes,Electronic check,83.99,1870.86,Yes
8092-LQOYR,Female,1,Yes,Yes,23,No,No phone service,No,No internet service,No internet service,No internet service,No internet service,No internet service,No internet service,Month-to-month,No,Mailed check,18.25,399.37,No
5078-ODFHV,Female,0,No,No,62,Yes,Yes,DSL,No,No,No,Yes,Yes,Yes,Two year,Yes,Electronic check,72.73,4302.53,No
1441-KINNA,Female,0,Yes,Yes,4,Yes,Yes,DSL,No,Yes,No,No,Yes,No,Month-to-month,No,Mailed check,65.6,277.66,No
4813-WLYGL,Female,1,Yes,Yes,3,Yes,Yes,No,No internet service,No internet service,No internet service,No internet service,No internet service,No internet service,Month-to-month,Yes,Electronic check,22.07,65.17,Yes
7052-GRDBJ,Male,0,No,No,28,Yes,Yes,Fiber optic,Yes,No,Yes,No,Yes,No,Two year,Yes,Mailed check,95.01,2557.24,No
1975-BKFYD,Male,0,No,No,7,Yes,Yes,Fiber optic,Yes,No,Yes,No,No,Yes,Month-to-month,No,Electronic check,94.29,711.47,Yes
1586-EYYFF,Male,0,No,Yes,35,Yes,Yes,DSL,No,No,No,Yes,Yes,No,Month-to-month,Yes,Electronic check,65.74,2337.63,No
6734-MWCGG,Female,0,Yes,No,30,Yes,Yes,Fiber optic,No,No,No,No,No,No,Month-to-month,No,Electronic check,74.14,2257.28,No
3218-HZLTU,Male,0,Yes,No,30,Yes,Yes,Fiber optic,Yes,Yes,Yes,Yes,No,Yes,Month-to-month,No,Electronic check,105.85,3421.58,Yes
6270-TSGTO,Male,0,No,No,70,Yes,Yes,DSL,No,No,Yes,Yes,Yes,No,Two year,No,Electronic check,70.43,4594.6,No
5978-VANTL,Female,0,No,No,46,Yes,Yes,Fiber optic,No,No,Yes,No,Yes,Yes,Two year,Yes,Electronic check,103.53,4554.93,No
4051-AANJG,Male,1,No,No,11,No,No phone service,No,No internet service,No internet service,No internet service,No internet service,No internet service,No internet service,One year,No,Mailed check,18.25,195.77,No
4937-RXKJT,Female,1,Yes,Yes,10,Yes,Yes,No,No internet service,No internet service,No internet service,No internet service,No internet service,No internet service,Month-to-month,Yes,Mailed check,22.21,218.45,No
6039-FMOCP,Female,0,No,No,3,Yes,No,DSL,Yes,Yes,Yes,Yes,No,Yes,Month-to-month,Yes,Bank transfer (automatic),74.3,207.24,No
3253-LOQGP,Female,1,No,No,18,Yes,Yes,DSL,No,No,Yes,No,No,No,Month-to-month,No,Electronic check,55.66,1057.56,No
2112-NYHKI,Male,1,Yes,Yes,50,No,No phone service,Fiber optic,No,No,Yes,No,No,No,Two year,Yes,Bank transfer (automatic),56.58,2962.94,No
2758-OBDON,Female,0,Yes,Yes,50,Yes,Yes,Fiber optic,Yes,No,Yes,Yes,No,Yes,One year,Yes,Electronic check,98.4,5090.28,No
6666-RNPTX,Male,0,Yes,Yes,5,Yes,Yes,No,No internet service,No internet service,No internet service,No internet service,No internet service,No internet service,Month-to-month,Yes,Credit card (automatic),28.1,148.73,Yes
3919-TNSZZ,Female,0,No,No,3,No,No phone service,Fiber optic,Yes,No,Yes,Yes,Yes,Yes,Month-to-month,Yes,Credit card (automatic),84.9,247.42,No
3380-QTVIE,Male,0,Yes,No,6,Yes,No,No,No internet service,No internet service,No internet service,No internet service,No internet service,No internet service,Month-to-month,No,Bank transfer (automatic),18.25,101.75,No
6337-HHGMP,Female,0,Yes,No,63,Yes,Yes,Fiber optic,Yes,No,Yes,Yes,Yes,No,Two year,No,Bank transfer (automatic),99.88,6287.15,No
5732-ZFBBP,Male,0,No,No,45,Yes,Yes,Fiber optic,No,No,Yes,No,No,Yes,One year,Yes,Bank transfer (automatic),89.45,3745.48,No
0159-FDFCU,Male,0,No,No,22,Yes,No,DSL,Yes,Yes,No,No,Yes,No,Month-to-month,No,Electronic check,64.03,1329.89,Yes
7382-XVTQH,Male,0,Yes,Yes,9,Yes,Yes,Fiber optic,No,No,Yes,No,Yes,Yes,One year,Yes,Credit card (automatic),99.94,944.25,No
8866-VAJGI,Female,1,No,No,12,Yes,No,Fiber optic,No,Yes,Yes,No,No,Yes,Month-to-month,No,Credit card (automatic),90.07,1016.2,Yes
6575-QBTQU,Male,0,Yes,No,63,Yes,No,Fiber optic,No,Yes,No,No,No,No,One year,Yes,Mailed check,72.85,4419.48,No
6096-KNPQA,Female,1,No,No,72,Yes,No,DSL,Yes,No,No,No,Yes,No,Month-to-month,No,Electronic check,57.57,4181.95,No
1585-ZLRJC,Female,0,No,No,3,Yes,Yes,DSL,No,No,Yes,Yes,Yes,No,Month-to-month,Yes,Bank transfer (automatic),67.61,214.99,No
6917-EMSCB,Male,0,No,No,31,Yes,Yes,DSL,No,Yes,Yes,No,Yes,Yes,Month-to-month,Yes,Electronic check,83.65,2758.51,Yes
3611-YSJTT,Male,0,No,No,11,Yes,Yes,DSL,No,No,Yes,No,No,No,One year,No,Mailed check,54.06,640.62,No
5125-MXKZB,Female,0,No,No,41,Yes,No,Fiber optic,Yes,Yes,Yes,No,Yes,No,Two year,No,Credit card (automatic),96.82,3689.74,No
3432-TVJOA,Male,0,No,No,11,Yes,No,Fiber optic,Yes,Yes,No,No,No,No,Month-to-month,Yes,Bank transfer (automatic),81.87,954.63,Yes
0960-LETOS,Male,0,No,No,27,Yes,Yes,No,No internet service,No internet service,No internet service,No internet service,No internet service,No internet service,Month-to-month,Yes,Electronic check,23.75,629.78,No
8319-RFPXF,Male,0,No,No,56,No,No phone service,DSL,No,No,No,Yes,Yes,No,Two year,No,Credit card (automatic),41.04,2146.71,No
0065-HXMOA,Female,0,No,No,55,Yes,No,No,No internet service,No internet service,No internet service,No internet service,No internet service,No internet service,Two year,No,Bank transfer (automatic),20.78,1078.63,No
1357-GZEPH,Female,0,No,No,9,Yes,Yes,Fiber optic,No,No,No,No,No,Yes,Month-to-month,No,Bank transfer (automatic),82.84,779.69,No
9008-QPVZW,Female,0,No,No,66,Yes,Yes,No,No internet service,No internet service,No internet service,No internet service,No internet service,No internet service,One year,Yes,Electronic check,22.97,1526.37,No
8634-IRSPR,Female,0,Yes,No,2,Yes,No,DSL,Yes,No,No,No,No,No,Month-to-month,Yes,Electronic check,50.79,101.77,Yes
0402-LVYDV,Female,0,No,No,53,Yes,No,DSL,No,Yes,No,No,No,No,One year,No,Bank transfer (automatic),49.48,2551.05,No
0039-XLZEP,Male,0,Yes,No,7,Yes,Yes,DSL,Yes,No,Yes,Yes,No,No,One year,Yes,Credit card (automatic),60.11,445.22,Yes
2312-CXWXN,Female,0,Yes,Yes,29,Yes,No,Fiber optic,Yes,Yes,No,No,Yes,Yes,One year,Yes,Electronic check,98.24,2660.04,No
5186-KDDUS,Male,0,No,Yes,10,Yes,No,Fiber optic,No,Yes,Yes,No,Yes,No,Month-to-month,No,Electronic check,87.85,836.89,No
2379-CDNJC,Female,0,No,No,2,Yes,Yes,DSL,No,No,No,No,No,No,Month-to-month,No,Mailed check,48.74,95.92,Yes
1585-XOEGI,Male,0,Yes,Yes,16,Yes,No,No,No internet service,No internet service,No internet service,No internet service,No internet service,No internet service,Month-to-month,Yes,Mailed check,18.25,303.15,No
0861-LQRXH,Male,1,No,No,4,Yes,No,No,No internet service,No internet service,No internet service,No internet service,No internet service,No internet service,Month-to-month,Yes,Electronic check,19.68,81.84,No
7997-EGHFI,Female,0,Yes,No,57,Yes,Yes,DSL,No,Yes,No,Yes,No,Yes,Two year,No,Credit card (automatic),70.04,3806.27,No
1331-SYBVI,Female,1,No,No,22,Yes,Yes,Fiber optic,No,Yes,Yes,No,No,Yes,Month-to-month,Yes,Credit card (automatic),94.23,1915.19,Yes
3160-VYZAT,Male,1,Yes,Yes,36,No,No phone service,DSL,Yes,Yes,No,Yes,No,No,Month-to-month,Yes,Electronic check,39.15,1366.96,No
2968-LDURU,Female,0,No,No,25,No,No phone service,No,No internet service,No internet service,No internet service,No internet service,No internet service,No internet service,One year,Yes,Mailed check,18.25,440.77,No
4287-BBNAQ,Male,0,No,No,3,Yes,No,Fiber optic,Yes,Yes,No,No,Yes,No,Month-to-month,Yes,Electronic check,90.13,278.38,Yes
0680-VQZFZ,Male,0,No,No,25,Yes,Yes,No,No internet service,No internet service,No internet service,No internet service,No internet service,No internet service,Month-to-month,Yes,Mailed check,21.53,520.3,No
0054-FRDOW,Male,0,Yes,No,14,No,No phone service,Fiber optic,Yes,No,Yes,Yes,No,Yes,Month-to-month,Yes,Electronic check,78.7,1089.77,Yes
2202-DPHZY,Male,0,No,No,23,Yes,No,Fiber optic,No,Yes,No,Yes,Yes,No,Two year,No,Bank transfer (automatic),91.77,2209.31,No
4031-QPKZE,Male,0,No,No,68,Yes,Yes,DSL,No,No,Yes,No,No,Yes,Two year,Yes,Electronic check,59.73,4066.43,No
7397-BRDLR,Male,0,Yes,No,3,No,No phone service,DSL,Yes,No,Yes,No,No,No,Month-to-month,Yes,Electronic check,38.05,113.87,No
3721-LAXNA,Female,0,Yes,Yes,25,Yes,No,Fiber optic,No,No,No,No,Yes,Yes,Month-to-month,Yes,Credit card (automatic),90.15,2089.88,No
8927-LHKPK,Male,1,No,No,66,Yes,Yes,Fiber optic,Yes,No,Yes,No,Yes,No,One year,Yes,Bank transfer (automatic),95.06,6381.48,No
2604-TVYUF,Male,0,Yes,No,63,Yes,No,No,No internet service,No internet service,No internet service,No internet service,No internet service,No internet service,One year,Yes,Credit card (automatic),18.74,1129.57,No
6122-SCNWK,Female,0,Yes,No,49,Yes,No,Fiber optic,No,No,Yes,Yes,No,No,Month-to-month,No,Electronic check,80.84,3821.23,No
0949-SZNDB,Female,0,Yes,Yes,6,Yes,No,DSL,Yes,Yes,No,No,Yes,No,Month-to-month,No,Credit card (automatic),63.61,357.07,Yes
0407-LZRQX,Female,0,Yes,Yes,6,Yes,No,Fiber optic,No,Yes,No,No,No,Yes,Month-to-month,No,Credit card (automatic),82.99,510.47,No
2974-OAQDB,Male,0,No,No,49,Yes,Yes,DSL,Yes,No,Yes,Yes,No,Yes,Month-to-month,No,Mailed check,73.59,3614.6,No
3932-NVLJD,Female,0,No,No,12,Yes,Yes,Fiber optic,Yes,No,Yes,No,No,Yes,Month-to-month,No,Bank transfer (automatic),93.53,1161.53,Yes
6252-LGFJO,Female,0,No,No,3,Yes,Yes,DSL,No,No,No,No,Yes,Yes,Month-to-month,No,Mailed check,69.41,211.77,No
0150-EMXTR,Female,0,Yes,No,1,Yes,No,Fiber optic,No,No,No,No,No,Yes,Month-to-month,Yes,Electronic check,79.99,85.07,Yes
7993-SDUNI,Male,0,Yes,Yes,17,Yes,No,DSL,Yes,No,No,Yes,No,No,Month-to-month,Yes,Electronic check,49.75,842.3,No
4188-FIJIK,Female,0,Yes,Yes,5,Yes,Yes,Fiber optic,Yes,Yes,No,No,No,No,Month-to-month,Yes,Electronic check,85.48,436.66,No
5693-VLWUG,Female,1,No,No,22,Yes,Yes,Fiber optic,No,No,No,No,No,Yes,Month-to-month,Yes,Mailed check,84.19,1966.22,Yes
0824-RLIWV,Male,0,No,No,8,Yes,Yes,DSL,Yes,Yes,No,Yes,Yes,Yes,Month-to-month,Yes,Electronic check,85.89,708.41,No
4912-MLLTF,Female,0,No,No,2,Yes,No,DSL,No,Yes,Yes,Yes,No,Yes,Month-to-month,No,Electronic check,69.87,138.93,Yes
2955-YFXAA,Female,1,Yes,No,2,Yes,No,DSL,No,No,No,Yes,Yes,Yes,Month-to-month,Yes,Electronic check,65.47,140.49,No
8797-ALLZC,Male,1,Yes,No,31,Yes,No,No,No internet service,No internet service,No internet service,No internet service,No internet service,No internet service,One year,Yes,Electronic check,19.89,653.17,No
7232-EDZWI,Female,0,No,No,66,Yes,Yes,No,No internet service,No internet service,No internet service,No internet service,No internet service,No internet service,Two year,Yes,Electronic check,23.53,1569.79,No
8574-LFXQP,Female,0,Yes,No,67,Yes,No,Fiber optic,No,Yes,No,No,No,No,Two year,No,Mailed check,70.73,5113.03,No
8959-WVGEE,Male,0,Yes,No,69,Yes,Yes,No,No internet service,No internet service,No internet service,No internet service,No internet service,No internet service,Two year,Yes,Credit card (automatic),23.22,1614.96,No
1916-NWSRC,Female,0,Yes,No,2,No,No phone service,DSL,No,Yes,No,No,No,Yes,Month-to-month,Yes,Electronic check,37.66,71.98,Yes
7225-VLHZL,Female,0,Yes,No,72,Yes,No,DSL,Yes,Yes,No,No,Yes,Yes,Two year,No,Credit card (automatic),75.72,5501.4,No
6630-DARKK,Male,0,Yes,No,68,Yes,Yes,Fiber optic,Yes,No,No,No,No,Yes,Two year,Yes,Mailed check,92.22,6734.79,No
4060-ETNJR,Male,0,No,No,3,Yes,Yes,No,No internet service,No internet service,No internet service,No internet service,No internet service,No internet service,Month-to-month,No,Electronic check,25.12,69.59,Yes
6907-LKHDP,Female,0,No,No,6,Yes,No,DSL,No,No,No,Yes,No,No,Month-to-month,No,Electronic check,50.84,293.61,Yes
9156-UUKIV,Male,0,No,No,72,Yes,No,No,No internet service,No internet service,No internet service,No internet service,No internet service,No internet service,Month-to-month,No,Electronic check,18.25,1359.39,No
4002-YEULQ,Male,0,Yes,Yes,71,Yes,Yes,DSL,No,Yes,No,No,No,Yes,Two year,Yes,Credit card (automatic),65.77,5037.85,No
2696-HTMME,Male,0,Yes,No,27,Yes,Yes,Fiber optic,No,Yes,No,No,No,Yes,Month-to-month,Yes,Bank transfer (automatic),88.5,2513.66,Yes
8911-XEZGB,Male,0,No,Yes,3,Yes,Yes,Fiber optic,Yes,No,Yes,No,No,Yes,Month-to-month,No,Mailed check,90.98,258.29,No
6652-HNNSY,Male,0,No,No,1,Yes,Yes,Fiber optic,No,No,No,Yes,Yes,Yes,Two year,Yes,Electronic check,99.18,91.72,No
8685-OMSZD,Female,0,No,No,31,Yes,Yes,Fiber optic,No,No,Yes,No,Yes,No,Two year,Yes,Electronic check,90.04,2571.04,No
4478-CFCFP,Male,0,No,No,42,Yes,Yes,DSL,Yes,Yes,No,Yes,No,Yes,One year,Yes,Mailed check,76.75,3147.41,No
6138-BSJTO,Female,0,No,No,12,Yes,Yes,Fiber optic,No,No,Yes,No,No,Yes,Month-to-month,No,Electronic check,88.78,1041.06,Yes
3284-NHMLN,Female,0,No,No,3,Yes,Yes,No,No internet service,No internet service,No internet service,No internet service,No internet service,No internet service,Month-to-month,No,Electronic check,22.33,68.96,No
5629-LYZLJ,Male,0,Yes,Yes,1,No,No phone service,DSL,No,No,No,No,No,No,Two year,Yes,Credit card (automatic),25.7,25.03,No
2435-TCUOW,Female,0,Yes,Yes,28,Yes,Yes,DSL,Yes,Yes,No,No,No,Yes,Two year,No,Electronic check,69.31,2077.49,No
1659-WHABU,Male,1,No,No,15,No,No phone service,DSL,No,Yes,Yes,No,Yes,No,Month-to-month,Yes,Electronic check,43.79,645.08,No
1382-VXCPN,Female,0,No,Yes,19,No,No phone service,Fiber optic,No,Yes,No,No,Yes,Yes,One year,Yes,Electronic check,75.41,1360.39,No
2037-ZFALV,Female,0,Yes,No,8,Yes,No,DSL,Yes,No,Yes,Yes,No,No,Month-to-month,No,Electronic check,61.59,513.85,No
7866-HDCWO,Female,0,No,No,18,Yes,No,Fiber optic,Yes,Yes,No,Yes,No,Yes,Month-to-month,Yes,Electronic check,94.21,1560.26,Yes
3634-YOJVU,Male,0,Yes,Yes,5,Yes,Yes,DSL,Yes,No,Yes,No,Yes,Yes,Month-to-month,Yes,Credit card (automatic),85.16,432.42,Yes
3835-NRYWZ,Female,0,No,No,41,Yes,Yes,No,No internet service,No internet service,No internet service,No internet service,No internet service,No internet service,Two year,No,Credit card (automatic),22.11,958.32,No
1365-QQCRX,Female,0,Yes,Yes,43,Yes,No,No,No internet service,No internet service,No internet service,No internet service,No internet service,No internet service,Month-to-month,Yes,Electronic check,19.78,838.57,Yes
8783-PITQT,Male,0,Yes,No,16,Yes,No,Fiber optic,No,No,Yes,No,No,No,Month-to-month,Yes,Electronic check,75.51,1298.28,No
0168-TLNIT,Female,0,Yes,Yes,3,No,No phone service,No,No internet service,No internet service,No internet service,No internet service,No internet service,No internet service,Month-to-month,No,Electronic check,18.25,55.9,No
6528-CWMEI,Female,0,Yes,No,57,Yes,No,No,No internet service,No internet service,No internet service,No internet service,No internet service,No internet service,Two year,No,Electronic check,19.66,1134.91,No
2975-GSDVW,Female,0,No,No,60,Yes,No,Fiber optic,Yes,No,No,No,No,No,Two year,Yes,Credit card (automatic),71.61,4243.37,No
9817-KVEOY,Female,0,No,No,47,Yes,No,Fiber optic,No,No,No,No,No,Yes,Two year,Yes,Bank transfer (automatic),78.1,3485.2,No
7943-KWEKT,Male,0,Yes,No,8,Yes,No,No,No internet service,No internet service,No internet service,No internet service,No internet service,No internet service,Month-to-month,No,Electronic check,18.25,136.41,No
7855-PKQZK,Male,0,Yes,No,17,Yes,Yes,DSL,Yes,Yes,No,No,No,No,One year,Yes,Bank transfer (automatic),57.89,1044.17,No
7617-MZHOA,Female,0,Yes,Yes,23,Yes,No,DSL,Yes,Yes,No,No,No,No,One year,No,Bank transfer (automatic),59.9,1288.59,No
7791-NBWMR,Male,0,Yes,No,3,Yes,Yes,Fiber optic,No,Yes,Yes,No,No,Yes,Month-to-month,No,Electronic check,93.99,285.86,Yes
7455-TLSVT,Female,1,No,No,44,Yes,No,DSL,No,Yes,Yes,Yes,No,Yes,Month-to-month,No,Mailed check,70.77,2871.52,No
1798-JYFUC,Female,0,Yes,Yes,29,No,No phone service,DSL,No,No,Yes,Yes,Yes,Yes,Month-to-month,Yes,Bank transfer (automatic),52.98,1633.89,No
8922-PMXKK,Male,1,Yes,Yes,8,No,No phone service,Fiber optic,No,Yes,No,No,Yes,No,Month-to-month,Yes,Credit card (automatic),65.68,518.03,No
1278-HSMDT,Female,0,No,No,23,Yes,No,DSL,Yes,Yes,Yes,No,Yes,No,Month-to-month,Yes,Electronic check,66.75,1571.94,No
6348-GHQAE,Female,0,No,No,2,Yes,Yes,No,No internet service,No internet service,No internet service,No internet service,No internet service,No internet service,Month-to-month,Yes,Electronic check,28.81,55.48,No
7720-ATZKL,Male,0,Yes,No,36,Yes,Yes,No,No internet service,No internet service,No internet service,No internet service,No internet service,No internet service,One year,Yes,Bank transfer (automatic),25.74,860.19,No
0317-YSFBR,Male,0,No,No,6,Yes,Yes,Fiber optic,No,Yes,Yes,Yes,Yes,Yes,One year,Yes,Bank transfer (automatic),110.38,621.86,Yes
0182-BBNSS,Male,0,Yes,Yes,58,No,No phone service,DSL,Yes,Yes,Yes,No,Yes,Yes,Two year,No,Electronic check,59.21,3667.56,No
7279-RLDME,Male,0,No,Yes,6,No,No phone service,DSL,No,No,No,Yes,Yes,No,Month-to-month,No,Mailed check,40.47,225.05,No
7815-QKVOL,Male,0,Yes,Yes,5,Yes,No,Fiber optic,No,Yes,Yes,No,No,No,Month-to-month,No,Electronic check,83.09,427.05,Yes
5499-WRGHH,Female,1,Yes,Yes,6,Yes,No,DSL,Yes,Yes,No,No,No,No,Month-to-month,No,Electronic check,54.1,344.96,Yes
7638-IMCUQ,Female,0,Yes,No,58,Yes,Yes,Fiber optic,No,No,No,No,Yes,No,One year,Yes,Mailed check,85.1,4788.3,No
8904-MLELN,Female,0,No,Yes,4,Yes,No,DSL,No,No,Yes,Yes,No,No,Month-to-month,Yes,Credit card (automatic),52.02,219.61,No
8550-FHBJB,Female,0,No,Yes,37,Yes,No,Fiber optic,No,No,No,Yes,No,Yes,Two year,Yes,Bank transfer (automatic),87.03,3052,No
2282-SQPUD,Female,0,No,No,7,Yes,No,No,No internet service,No internet service,No internet service,No internet service,No internet service,No internet service,Month-to-month,Yes,Bank transfer (automatic),19.81,127.92,No
0030-ETJDH,Male,0,No,No,57,Yes,Yes,No,No internet service,No internet service,No internet service,No internet service,No internet service,No internet service,One year,No,Credit card (automatic),25.38,1503.34,No
5555-QEIXM,Female,0,No,No,21,Yes,No,DSL,Yes,Yes,Yes,No,Yes,No,Month-to-month,Yes,Electronic check,67.54,1422.35,Yes
3196-KMVOU,Male,0,No,No,12,Yes,No,DSL,No,No,Yes,No,No,No,Month-to-month,No,Mailed check,47.19,578.92,Yes
6302-VNGQZ,Female,0,Yes,No,53,Yes,No,Fiber optic,No,No,Yes,No,Yes,No,Two year,No,Electronic check,83.75,4306.29,No
2084-TQWVI,Male,0,Yes,Yes,8,Yes,Yes,DSL,No,No,Yes,No,No,No,Month-to-month,Yes,Mailed check,55.71,452.78,No
7950-PDZGG,Female,1,No,No,24,Yes,No,Fiber optic,No,No,Yes,Yes,Yes,No,Month-to-month,Yes,Electronic check,90.38,2017.32,No
9130-LRSGM,Female,0,No,No,58,Yes,No,Fiber optic,No,No,Yes,No,Yes,No,One year,Yes,Credit card (automatic),84.89,5001.83,No
0723-PRUOO,Female,0,No,No,1,Yes,No,Fiber optic,No,Yes,No,Yes,No,Yes,Month-to-month,No,Electronic check,86.88,87.72,Yes
6111-BPZAM,Male,0,No,No,55,Yes,Yes,Fiber optic,No,Yes,Yes,No,No,No,One year,Yes,Credit card (automatic),82.12,4517.53,No
6607-CMVHY,Male,0,No,No,63,No,No phone service,Fiber optic,Yes,No,No,No,No,Yes,One year,Yes,Bank transfer (automatic),65.11,3831.53,No
7204-LJVEB,Female,0,Yes,Yes,54,Yes,Yes,DSL,No,No,No,Yes,No,No,Two year,No,Bank transfer (automatic),49.44,2462.46,No
0852-CGNOW,Female,0,No,Yes,53,Yes,No,Fiber optic,No,Yes,No,No,No,Yes,Two year,Yes,Bank transfer (automatic),82.8,4250.48,No
2400-ZDPIX,Male,0,No,No,55,Yes,No,No,No internet service,No internet service,No internet service,No internet service,No internet service,No internet service,Month-to-month,Yes,Mailed check,20.33,1122.92,No
5865-LDZPC,Female,0,No,Yes,14,Yes,No,No,No internet service,No internet service,No internet service,No internet service,No internet service,No internet service,One year,Yes,Bank transfer (automatic),22.67,331.23,No
4243-PNDFJ,Female,0,No,No,7,Yes,No,Fiber optic,Yes,Yes,No,No,Yes,Yes,One year,No,Electronic check,99.56,654.95,No
4055-ZUAIS,Female,0,Yes,Yes,5,No,No phone service,DSL,No,Yes,No,No,Yes,No,Month-to-month,Yes,Bank transfer (automatic),41.77,217.94,No
7482-UDSYF,Female,1,No,No,34,Yes,No,Fiber optic,No,No,No,Yes,Yes,Yes,One year,Yes,Mailed check,96.13,3213.43,No
9591-MZVVF,Female,1,Yes,No,5,Yes,No,Fiber optic,No,No,No,No,No,No,Month-to-month,No,Credit card (automatic),68.1,324.93,No
6518-TNNLI,Female,0,No,No,26,Yes,Yes,Fiber optic,No,No,Yes,No,No,Yes,One year,No,Bank transfer (automatic),93.03,2390.5,No
3770-HKIFL,Male,0,No,No,6,Yes,No,DSL,No,Yes,Yes,No,No,No,Month-to-month,No,Electronic check,55.76,338.67,No
6409-XRNFG,Female,1,Yes,Yes,1,Yes,Yes,Fiber optic,No,No,No,No,No,Yes,Month-to-month,Yes,Electronic check,84.94,87.87,Yes
6731-VIBAQ,Male,1,Yes,No,1,Yes,Yes,DSL,Yes,No,No,No,No,No,Month-to-month,Yes,Electronic check,57.3,56.97,Yes
2682-WYQQN,Female,1,Yes,No,12,Yes,Yes,No,No internet service,No internet service,No internet service,No internet service,No internet service,No internet service,Month-to-month,No,Electronic check,26.5,329.09,No
7841-KRQGG,Female,0,No,No,66,No,No phone service,DSL,No,Yes,No,Yes,Yes,No,Two year,Yes,Bank transfer (automatic),46.48,3159.78,No
2632-AJAYD,Female,0,Yes,No,59,Yes,Yes,DSL,No,No,No,Yes,Yes,Yes,One year,Yes,Credit card (automatic),71.48,4482.69,No
8100-AXRAI,Male,1,No,No,44,Yes,Yes,Fiber optic,No,Yes,No,No,No,No,Month-to-month,No,Electronic check,80.27,3511.93,Yes
3717-UKEJW,Male,0,No,No,40,Yes,No,Fiber optic,Yes,Yes,No,No,No,Yes,Month-to-month,Yes,Mailed check,89.76,3666.34,Yes
3528-SCASD,Female,0,Yes,Yes,63,Yes,Yes,Fiber optic,No,Yes,Yes,No,No,No,Two year,Yes,Electronic check,84.5,5232.54,No
3221-BATJV,Female,0,No,No,26,Yes,No,DSL,No,Yes,Yes,Yes,Yes,Yes,One year,No,Credit card (automatic),81,2148.58,No
7237-ZWEVJ,Male,0,No,No,2,Yes,Yes,Fiber optic,Yes,No,No,No,No,Yes,Month-to-month,Yes,Bank transfer (automatic),88.17,179.35,No
2474-GTIFI,Female,1,No,No,49,Yes,No,Fiber optic,No,Yes,No,No,No,Yes,Month-to-month,Yes,Electronic check,86.41,4004.95,Yes
9960-IZQEP,Female,1,Yes,Yes,9,Yes,Yes,No,No internet service,No internet service,No internet service,No internet service,No internet service,No internet service,Month-to-month,No,Credit card (automatic),24.28,216.49,No
1389-TVHIO,Female,1,No,No,16,No,No phone service,Fiber optic,No,No,Yes,No,No,No,Month-to-month,Yes,Credit card (automatic),56.42,957.18,Yes
9433-AYFMG,Male,0,No,No,20,Yes,No,DSL,Yes,No,Yes,Yes,No,No,Month-to-month,Yes,Mailed check,56.55,1083.9,No
5267-OTHWI,Female,0,No,No,36,Yes,Yes,Fiber optic,No,No,Yes,No,No,No,One year,No,Mailed check,79.93,2919.8,Yes
8743-JZDEI,Female,1,Yes,Yes,28,No,No phone service,Fiber optic,Yes,Yes,Yes,Yes,No,Yes,Month-to-month,Yes,Electronic check,76.01,2114.74,Yes
4149-BDKOQ,Female,0,No,No,2,Yes,No,DSL,Yes,No,Yes,Yes,No,No,Month-to-month,Yes,Electronic check,62.17,130.36,No
2602-OODQK,Female,0,No,No,63,Yes,No,No,No internet service,No internet service,No internet service,No internet service,No internet service,No internet service,Two year,Yes,Electronic check,19.99,1322.61,No
0053-LZLSG,Female,0,No,No,13,Yes,No,DSL,No,No,No,Yes,No,No,Month-to-month,No,Mailed check,48.86,629.73,No
2667-MUBWI,Male,1,No,No,25,Yes,Yes,DSL,Yes,No,No,Yes,Yes,No,Month-to-month,Yes,Mailed check,70.48,1702.13,No
9795-HQIFR,Male,0,Yes,No,6,Yes,No,DSL,No,Yes,No,Yes,No,No,Month-to-month,Yes,Mailed check,54.3,315.66,No
5271-UCZNQ,Female,0,No,No,1,Yes,Yes,DSL,Yes,Yes,Yes,No,No,No,Month-to-month,Yes,Mailed check,62.18,63.95,Yes
8326-BMPOJ,Female,1,Yes,No,23,No,No phone service,No,No internet service,No internet service,No internet service,No internet service,No internet service,No internet service,One year,No,Mailed check,18.25,422.4,No
9093-LPHHB,Male,0,No,No,61,Yes,Yes,Fiber optic,No,No,Yes,No,Yes,No,One year,Yes,Credit card (automatic),88.56,5792.37,No
9637-GUSNI,Female,0,No,No,2,Yes,Yes,DSL,Yes,Yes,Yes,No,No,No,Month-to-month,No,Mailed check,62.81,133.56,Yes
4275-WSTTX,Male,0,No,No,25,Yes,No,No,No internet service,No internet service,No internet service,No internet service,No internet service,No internet service,Month-to-month,Yes,Electronic check,18.27,454.47,No
4816-JSEWP,Female,0,No,No,3,Yes,No,Fiber optic,No,Yes,No,No,No,Yes,Month-to-month,Yes,Mailed check,83.9,233.02,No
1332-FFTXW,Female,0,No,Yes,60,Yes,No,Fiber optic,Yes,No,No,Yes,No,Yes,Two year,Yes,Bank transfer (automatic),91.41,5331.1,No
4090-LNMVT,Male,0,Yes,Yes,9,Yes,Yes,DSL,No,Yes,No,Yes,No,Yes,Month-to-month,No,Credit card (automatic),71.61,650.4,No
9797-THQGN,Male,0,No,Yes,35,Yes,No,No,No internet service,No internet service,No internet service,No internet service,No internet service,No internet service,One year,Yes,Mailed check,20.49,733.46,No
3095-PZYYV,Female,0,No,No,62,Yes,Yes,Fiber optic,Yes,No,No,No,No,Yes,Two year,Yes,Electronic check,92.19,6020.03,No
0139-YJVYP,Female,0,No,Yes,7,Yes,Yes,DSL,Yes,No,No,Yes,No,Yes,Month-to-month,Yes,Electronic check,72.69,513.26,Yes
9959-NDBKB,Female,0,Yes,Yes,50,Yes,Yes,Fiber optic,No,No,No,No,No,Yes,One year,No,Electronic check,89.51,4499.45,No
1048-JMSJA,Male,0,Yes,Yes,33,Yes,No,DSL,Yes,No,Yes,No,No,Yes,One year,Yes,Electronic check,62.48,2183.6,Yes
5686-RRHQF,Male,0,Yes,Yes,17,Yes,No,DSL,Yes,Yes,No,No,Yes,No,Month-to-month,Yes,Electronic check,66.13,1203.47,Yes
6010-EZQRL,Female,0,Yes,No,68,Yes,No,DSL,Yes,Yes,No,No,No,No,Two year,No,Mailed check,56.07,3689.46,No
2671-CIWNB,Male,0,Yes,Yes,63,Yes,Yes,Fiber optic,No,Yes,No,No,No,No,Two year,Yes,Credit card (automatic),80.21,5108.42,No
8412-PHWJI,Female,0,Yes,No,17,Yes,No,No,No internet service,No internet service,No internet service,No internet service,No internet service,No internet service,Month-to-month,Yes,Electronic check,18.37,324.2,No
1855-QEREL,Female,0,No,No,54,No,No phone service,Fiber optic,No,No,Yes,No,No,No,One year,No,Bank transfer (automatic),56.66,3004.94,No
0520-XRJCN,Female,1,No,No,3,Yes,No,Fiber optic,No,No,Yes,Yes,No,Yes,Month-to-month,Yes,Electronic check,93.21,299.38,Yes
6685-CWLSI,Male,1,Yes,No,11,No,No phone service,DSL,No,No,Yes,Yes,Yes,Yes,Month-to-month,No,Credit card (automatic),58.19,627.9,No
4514-RBHWX,Male,1,No,Yes,1,Yes,Yes,DSL,No,Yes,Yes,No,Yes,Yes,Two year,Yes,Electronic check,82.52,83.31,Yes
4948-EBBHM,Male,0,Yes,Yes,32,Yes,No,Fiber optic,No,No,No,No,Yes,No,One year,No,Credit card (automatic),79.77,2356.92,No
1295-FQRRI,Male,0,Yes,Yes,28,Yes,Yes,No,No internet service,No internet service,No internet service,No internet service,No internet service,No internet service,Month-to-month,No,Mailed check,19.88,557.33,No
8312-XJCCI,Male,0,No,No,66,Yes,No,Fiber optic,No,Yes,No,Yes,Yes,Yes,Two year,Yes,Bank transfer (automatic),99.66,6481.32,No
2379-MAZJT,Male,0,No,Yes,1,Yes,No,DSL,No,Yes,No,No,No,No,Month-to-month,No,Electronic check,48.46,44.83,No
9956-PSMAC,Male,0,Yes,No,55,Yes,Yes,DSL,Yes,No,Yes,No,No,No,Month-to-month,No,Credit card (automatic),64.13,3365.17,No
5773-FXOSW,Female,0,No,Yes,6,Yes,Yes,DSL,No,No,Yes,No,No,No,Month-to-month,No,Electronic check,54.79,350.21,Yes
4115-GHEJQ,Male,0,Yes,No,37,Yes,Yes,DSL,Yes,No,No,No,Yes,Yes,Two year,Yes,Credit card (automatic),73.99,2795.4,No
4034-CPEWA,Female,0,Yes,No,2,Yes,Yes,Fiber optic,Yes,No,No,No,No,Yes,Month-to-month,No,Electronic check,89.71,178.93,Yes
1421-QWNWY,Female,0,Yes,Yes,10,Yes,Yes,DSL,No,No,No,No,No,Yes,Month-to-month,No,Electronic check,60.68,634.96,No
6172-TZGTC,Male,0,Yes,Yes,18,Yes,No,DSL,No,No,Yes,Yes,No,Yes,Month-to-month,Yes,Electronic check,64.46,1145.93,No
9675-UUCOK,Female,0,No,No,66,Yes,No,Fiber optic,No,No,Yes,No,Yes,Yes,One year,Yes,Mailed check,94.53,5960.48,No
8325-TUGVV,Male,0,No,No,22,Yes,Yes,DSL,Yes,No,Yes,Yes,No,No,Month-to-month,Yes,Bank transfer (automatic),66.68,1519.22,No
3850-WJLFC,Female,0,Yes,Yes,47,Yes,Yes,DSL,Yes,No,Yes,No,No,No,Two year,Yes,Electronic check,56.2,2623.92,No
6850-TVKRA,Female,0,No,Yes,12,Yes,No,No,No internet service,No internet service,No internet service,No internet service,No internet service,No internet service,Month-to-month,No,Mailed check,20.9,236.76,Yes
2907-MVSHT,Female,0,No,No,30,Yes,No,No,No internet service,No internet service,No internet service,No internet service,No internet service,No internet service,Month-to-month,Yes,Mailed check,18.7,524.7,No
0260-XEAFF,Male,1,Yes,No,62,Yes,Yes,No,No internet service,No internet service,No internet service,No internet service,No internet service,No internet service,Two year,No,Electronic check,26.83,1748.52,No
8560-GGZQA,Female,0,No,Yes,18,Yes,Yes,DSL,Yes,No,No,Yes,No,No,Month-to-month,No,Mailed check,59.35,1080.2,No
4674-RUCTJ,Male,0,No,Yes,70,Yes,No,No,No internet service,No internet service,No internet service,No internet service,No internet service,No internet service,Two year,Yes,Electronic check,18.25,1338.31,No
0344-FKFDZ,Female,0,Yes,Yes,60,No,No phone service,Fiber optic,Yes,Yes,Yes,No,No,No,Two year,Yes,Credit card (automatic),65.54,3742.69,No
8508-KZEEP,Male,0,No,No,26,Yes,No,DSL,No,Yes,Yes,Yes,No,Yes,Two year,No,Mailed check,68.36,1794.43,No
7780-HGHHZ,Female,1,No,No,7,Yes,No,DSL,Yes,No,No,Yes,No,Yes,Month-to-month,Yes,Bank transfer (automatic),67.43,434.88,Yes
4871-DQFQH,Male,1,Yes,Yes,16,Yes,No,DSL,No,Yes,No,Yes,Yes,Yes,Month-to-month,Yes,Electronic check,75.27,1243.61,Yes
3346-TBXRY,Male,0,Yes,Yes,11,No,No phone service,DSL,No,Yes,No,Yes,No,No,Month-to-month,No,Electronic check,32.99,365.93,No
2969-WAYZG,Female,0,No,No,5,Yes,Yes,DSL,No,No,No,No,No,Yes,Month-to-month,Yes,Mailed check,58.26,307.26,No
3182-FXEYM,Female,1,No,No,24,Yes,No,DSL,No,No,Yes,Yes,Yes,Yes,Two year,Yes,Mailed check,74.33,1833.21,No
7390-FIUIQ,Female,1,Yes,Yes,7,Yes,No,DSL,Yes,No,Yes,Yes,No,No,Month-to-month,Yes,Bank transfer (automatic),59.26,444.61,Yes
4189-RQJCZ,Female,0,No,No,33,Yes,No,DSL,No,No,Yes,No,No,Yes,Month-to-month,No,Bank transfer (automatic),59.98,1862.49,No
1512-MQOZY,Male,0,Yes,No,33,Yes,No,Fiber optic,No,No,No,No,No,No,Month-to-month,Yes,Electronic check,66.7,2122.17,No
0891-BPILT,Female,0,No,No,3,Yes,Yes,No,No internet service,No internet service,No internet service,No internet service,No internet service,No internet service,Month-to-month,Yes,Bank transfer (automatic),28.29,82.65,No
5234-UVBRI,Male,1,No,No,4,Yes,Yes,DSL,No,Yes,No,No,No,No,Month-to-month,No,Mailed check,53.52,219.7,No
6435-FCSIA,Female,1,Yes,Yes,35,Yes,No,No,No internet service,No internet service,No internet service,No internet service,No internet service,No internet service,One year,No,Credit card (automatic),18.25,655.16,No
4658-ESBIQ,Male,1,No,No,10,Yes,Yes,No,No internet service,No internet service,No internet service,No internet service,No internet service,No internet service,Month-to-month,Yes,Electronic check,22.42,235.62,Yes
3605-NNFOJ,Male,1,Yes,Yes,22,No,No phone service,Fiber optic,No,Yes,No,No,No,No,Month-to-month,Yes,Electronic check,52.99,1200.9,Yes
0024-SPKAC,Female,0,No,No,69,Yes,No,Fiber optic,No,Yes,Yes,No,No,Yes,Two year,Yes,Mailed check,91.07,6172.01,No
8762-HQDLY,Male,0,No,No,28,No,No phone service,Fiber optic,No,No,Yes,No,No,Yes,One year,Yes,Mailed check,64.1,1678.31,No
0754-HIVJX,Female,0,No,No,29,Yes,No,No,No internet service,No internet service,No internet service,No internet service,No internet service,No internet service,Two year,No,Bank transfer (automatic),18.25,529.18,No
6500-JBROR,Male,0,No,No,1,Yes,No,No,No internet service,No internet service,No internet service,No internet service,No internet service,No internet service,Two year,No,Mailed check,18.52,17.57,No
4147-FCKNE,Female,0,Yes,Yes,18,Yes,Yes,Fiber optic,No,No,No,Yes,No,No,Month-to-month,No,Electronic check,80.11,1370.48,No
1400-JVFEC,Male,0,Yes,No,4,Yes,No,No,No internet service,No internet service,No internet service,No internet service,No internet service,No internet service,Month-to-month,Yes,Electronic check,20.99,90.6,No
5599-HCLGO,Male,0,Yes,No,4,Yes,Yes,No,No internet service,No internet service,No internet service,No internet service,No internet service,No internet service,Two year,No,Bank transfer (automatic),21.86,92.9,No
3235-PMDKF,Female,0,No,No,26,Yes,Yes,Fiber optic,No,No,No,No,No,No,One year,Yes,Credit card (automatic),69.7,1686.73,No
7509-YLEEH,Female,0,No,Yes,41,Yes,No,DSL,Yes,No,No,Yes,No,No,Two year,No,Credit card (automatic),52.19,2239.39,No
5740-BSWFZ,Female,1,No,No,1,Yes,Yes,Fiber optic,No,No,Yes,No,No,Yes,Month-to-month,No,Mailed check,93.41,96.32,Yes
9557-IMXZF,Female,0,Yes,Yes,40,Yes,Yes,DSL,No,No,Yes,Yes,No,No,Two year,Yes,Electronic check,54.88,2082.88,No
5131-OSVNS,Female,0,No,No,48,Yes,Yes,Fiber optic,No,No,No,No,Yes,Yes,Two year,Yes,Mailed check,92.22,4477.61,No
8251-YRIWT,Male,0,Yes,Yes,32,Yes,No,DSL,No,Yes,No,No,No,No,Month-to-month,Yes,Mailed check,49.91,1552.34,No
3592-DWOQR,Female,0,No,No,2,Yes,No,Fiber optic,No,No,Yes,Yes,Yes,Yes,Month-to-month,Yes,Electronic check,104.27,194.22,Yes
4035-HDBPB,Female,1,Yes,Yes,45,Yes,No,DSL,Yes,No,Yes,Yes,Yes,No,Month-to-month,Yes,Electronic check,68.57,2862.25,No
6716-OGKAS,Female,0,Yes,Yes,30,Yes,Yes,DSL,Yes,No,No,No,Yes,No,Month-to-month,Yes,Electronic check,65.13,1846.81,No
7428-CDGBE,Female,0,No,No,10,Yes,Yes,No,No internet service,No internet service,No internet service,No internet service,No internet service,No internet service,Month-to-month,No,Bank transfer (automatic),27.03,259.62,No
7035-BVHSE,Female,0,Yes,Yes,1,Yes,Yes,Fiber optic,Yes,No,Yes,No,Yes,Yes,Month-to-month,No,Credit card (automatic),102.5,102.25,No
0562-NYJGG,Male,1,No,No,63,Yes,No,DSL,Yes,No,No,No,No,Yes,Two year,Yes,Credit card (automatic),62.84,3763.4,No
2078-OBHOM,Female,0,No,No,1,Yes,No,Fiber optic,Yes,No,Yes,No,No,Yes,Month-to-month,Yes,Mailed check,87.66,82.34,Yes
6132-BTTUH,Female,1,Yes,No,69,Yes,No,DSL,No,No,Yes,No,Yes,No,Two year,No,Credit card (automatic),60.94,4529.84,No
1454-BSAWA,Female,0,Yes,No,18,Yes,No,DSL,Yes,No,No,Yes,Yes,No,Month-to-month,No,Electronic check,69.76,1287.87,No
5722-MLGUN,Female,0,Yes,Yes,56,Yes,No,DSL,Yes,No,No,Yes,No,Yes,Two year,No,Credit card (automatic),63.17,3732.53,No
5419-WKRYT,Female,1,No,No,4,Yes,Yes,No,No internet service,No internet service,No internet service,No internet service,No internet service,No internet service,Month-to-month,Yes,Mailed check,24.31,100.62,No
0946-WTVYX,Female,0,Yes,Yes,30,Yes,Yes,No,No internet service,No internet service,No internet service,No internet service,No internet service,No internet service,Month-to-month,No,Electronic check,23.62,740.08,No
1677-JQEWF,Male,0,Yes,No,68,Yes,No,No,No internet service,No internet service,No internet service,No internet service,No internet service,No internet service,Two year,Yes,Mailed check,19.27,1330.63,No
9592-IHNFW,Female,0,Yes,No,33,Yes,Yes,Fiber optic,No,Yes,Yes,No,No,Yes,Month-to-month,No,Electronic check,93.58,3083,Yes
1882-IRDRC,Male,0,No,No,6,Yes,No,Fiber optic,No,No,No,No,Yes,Yes,Month-to-month,Yes,Electronic check,90.93,573.85,Yes
7619-BFHJZ,Male,0,Yes,No,13,No,No phone service,DSL,No,Yes,No,No,Yes,No,Month-to-month,No,Mailed check,40.22,562.73,No
2219-XGDOW,Female,0,Yes,No,59,Yes,Yes,Fiber optic,No,Yes,Yes,No,No,Yes,One year,Yes,Credit card (automatic),95.17,5226.18,No
3396-JEEGM,Male,0,Yes,Yes,71,Yes,Yes,Fiber optic,Yes,No,Yes,No,Yes,No,One year,No,Electronic check,94.34,6985.66,No
4909-AQAIR,Male,0,No,No,40,Yes,Yes,No,No internet service,No internet service,No internet service,No internet service,No internet service,No internet service,Month-to-month,Yes,Mailed check,24.34,926.08,No
6513-ZJNHA,Female,0,No,No,71,Yes,No,No,No internet service,No internet service,No internet service,No internet service,No internet service,No internet service,Two year,No,Credit card (automatic),19.69,1338.96,No
7578-HNZFG,Female,0,Yes,Yes,6,Yes,No,No,No internet service,No internet service,No internet service,No internet service,No internet service,No internet service,Month-to-month,Yes,Bank transfer (automatic),19.59,108.82,No
9867-FLYUA,Female,0,No,No,47,Yes,No,No,No internet service,No internet service,No internet service,No internet service,No internet service,No internet service,Two year,Yes,Bank transfer (automatic),18.82,932.29,No
8356-GTEWR,Female,0,No,No,42,Yes,Yes,No,No internet service,No internet service,No internet service,No internet service,No internet service,No internet service,One year,No,Credit card (automatic),25.97,1176.68,No
6591-AXKTT,Female,1,No,No,10,Yes,Yes,DSL,Yes,Yes,Yes,Yes,No,Yes,Month-to-month,No,Electronic check,79.17,747.35,Yes
7718-IZSAI,Female,0,Yes,No,44,Yes,No,DSL,Yes,No,Yes,No,No,No,One year,Yes,Bank transfer (automatic),55.6,2487.85,No
9407-MXWTX,Male,1,Yes,Yes,9,Yes,No,Fiber optic,Yes,Yes,Yes,No,Yes,Yes,Month-to-month,No,Electronic check,105.28,963.26,Yes
4110-SCMVQ,Female,0,No,No,68,Yes,Yes,DSL,Yes,No,Yes,No,Yes,Yes,One year,No,Credit card (automatic),82.72,5358.7,No
5308-MHZYJ,Male,0,Yes,Yes,37,Yes,No,No,No internet service,No internet service,No internet service,No internet service,No internet service,No internet service,One year,Yes,Credit card (automatic),18.25,629.31,No
2650-QGAFC,Female,1,No,No,16,Yes,No,Fiber optic,No,Yes,Yes,No,Yes,No,Month-to-month,Yes,Electronic check,89.62,1477.67,Yes
3249-QLLUF,Male,0,Yes,No,62,Yes,No,DSL,Yes,Yes,No,Yes,No,Yes,One year,Yes,Credit card (automatic),70.31,4691.2,No
3508-APXOZ,Male,1,Yes,No,1,Yes,No,Fiber optic,No,No,Yes,Yes,No,Yes,Month-to-month,Yes,Electronic check,91.1,85.38,Yes
0454-VYCIL,Female,0,No,Yes,22,Yes,No,Fiber optic,No,Yes,No,No,No,Yes,One year,Yes,Bank transfer (automatic),83.66,1762.73,Yes
0296-ORJHV,Female,0,Yes,No,72,No,No phone service,Fiber optic,Yes,Yes,Yes,No,Yes,Yes,Month-to-month,Yes,Electronic check,87.39,6470.57,No
7581-KHERV,Male,0,Yes,No,49,Yes,No,DSL,Yes,Yes,Yes,No,No,No,Two year,No,Electronic check,55.54,2757.91,No
5645-YTKMS,Male,0,No,No,1,No,No phone service,Fiber optic,Yes,No,Yes,Yes,Yes,No,Two year,Yes,Electronic check,75.28,81.24,No
0389-UFXZC,Male,0,Yes,Yes,55,Yes,Yes,DSL,No,Yes,No,No,No,Yes,Month-to-month,Yes,Bank transfer (automatic),67.75,3612.55,No
4761-XFRLC,Female,0,No,Yes,63,Yes,Yes,Fiber optic,No,Yes,No,No,Yes,No,Two year,Yes,Credit card (automatic),89.48,5416.85,No
7825-KHDIR,Female,0,No,No,14,Yes,No,Fiber optic,No,No,No,Yes,Yes,Yes,One year,No,Mailed check,93.68,1269.65,No
7024-FQSCI,Female,0,No,No,23,Yes,No,No,No internet service,No internet service,No internet service,No internet service,No internet service,No internet service,One year,No,Mailed check,21.59,491.07,No
1504-MCXSY,Female,0,No,No,11,Yes,Yes,DSL,No,No,Yes,No,No,No,Month-to-month,No,Credit card (automatic),54.23,577.75,No
0776-HOIME,Male,0,Yes,Yes,64,Yes,No,No,No internet service,No internet service,No internet service,No internet service,No internet service,No internet service,Two year,Yes,Mailed check,18.25,1151.01,No
6077-VBRTF,Female,0,No,No,15,Yes,No,Fiber optic,No,Yes,No,No,Yes,No,Month-to-month,No,Bank transfer (automatic),85.8,1328.21,Yes
1279-WKBZU,Male,0,No,No,56,Yes,Yes,No,No internet service,No internet service,No internet service,No internet service,No internet service,No internet service,Two year,No,Bank transfer (automatic),22.88,1183.35,No
8671-QMACN,Male,0,Yes,No,49,Yes,No,Fiber optic,No,No,Yes,No,No,Yes,Month-to-month,No,Credit card (automatic),85.9,4286.01,No
3627-KEIVX,Female,0,No,No,9,Yes,No,No,No internet service,No internet service,No internet service,No internet service,No internet service,No internet service,Month-to-month,Yes,Mailed check,21.32,189.47,No
1041-TEWLX,Female,0,Yes,No,13,Yes,No,DSL,No,No,No,No,No,No,One year,No,Credit card (automatic),47.14,614.78,No
9883-JWOBH,Male,0,Yes,No,13,Yes,Yes,DSL,No,Yes,Yes,No,No,Yes,Month-to-month,No,Electronic check,70.59,960.27,Yes
6304-YXRUX,Female,0,Yes,No,7,Yes,Yes,DSL,No,Yes,Yes,No,No,No,Month-to-month,No,Credit card (automatic),61.01,435.63,Yes
7007-GKSYO,Female,0,Yes,Yes,56,Yes,Yes,DSL,No,No,Yes,Yes,No,Yes,One year,No,Bank transfer (automatic),69.24,4006.69,No
7830-HLULT,Male,0,No,No,8,Yes,No,Fiber optic,No,No,No,No,Yes,No,Month-to-month,Yes,Electronic check,81.81,706.7,Yes
3067-TOIID,Female,0,No,No,68,Yes,Yes,Fiber optic,No,No,No,Yes,No,Yes,Month-to-month,Yes,Electronic check,91.65,6550.76,Yes
8381-OBBMK,Male,1,Yes,Yes,15,Yes,No,Fiber optic,No,Yes,No,No,No,No,One year,Yes,Mailed check,76.49,1224.95,No
4343-KJBWY,Male,0,Yes,Yes,4,Yes,No,No,No internet service,No internet service,No internet service,No internet service,No internet service,No internet service,Month-to-month,No,Credit card (automatic),21.18,82.92,No
8468-NFPDA,Female,1,Yes,No,1,Yes,Yes,DSL,No,Yes,No,No,No,No,Month-to-month,Yes,Mailed check,52.97,52.2,No
3063-SVAWE,Male,0,No,No,16,Yes,No,DSL,Yes,No,Yes,No,Yes,No,Month-to-month,Yes,Credit card (automatic),67.14,994.75,No
3485-OEKTH,Female,0,No,No,3,Yes,No,DSL,Yes,No,No,Yes,Yes,Yes,Month-to-month,Yes,Bank transfer (automatic),75.97,221.13,No
7049-HUNBY,Male,0,Yes,Yes,33,Yes,No,Fiber optic,Yes,Yes,Yes,No,No,No,One year,No,Electronic check,79.07,2585.5,No
5167-RGFQJ,Female,0,No,Yes,12,Yes,Yes,DSL,Yes,No,Yes,Yes,No,No,Month-to-month,Yes,Bank transfer (automatic),67.35,752.63,No
7547-CGPMN,Male,1,No,No,45,Yes,Yes,DSL,Yes,Yes,Yes,Yes,Yes,Yes,Two year,No,Bank transfer (automatic),89.22,4075.21,No
7696-LDIPT,Female,1,No,No,15,Yes,Yes,Fiber optic,No,Yes,Yes,No,Yes,No,Month-to-month,Yes,Electronic check,95.01,1373.81,Yes
0850-OTFOS,Female,0,No,No,1,Yes,No,DSL,Yes,Yes,No,Yes,No,Yes,Two year,Yes,Credit card (automatic),69.01,67.44,No
7657-LMIIZ,Male,0,Yes,Yes,9,Yes,Yes,No,No internet service,No internet service,No internet service,No internet service,No internet service,No internet service,Month-to-month,Yes,Bank transfer (automatic),26.07,226.8,No
9917-WMGAT,Female,1,Yes,No,56,Yes,No,No,No internet service,No internet service,No internet service,No internet service,No internet service,No internet service,One year,No,Electronic check,20.23,1193.5,No
3926-GQWBU,Male,1,No,No,71,Yes,Yes,No,No internet service,No internet service,No internet service,No internet service,No internet service,No internet service,Month-to-month,No,Electronic check,24.21,1737.58,Yes
0421-PIXKH,Male,0,No,Yes,3,Yes,Yes,Fiber optic,No,No,Yes,No,No,No,Month-to-month,No,Electronic check,75.93,232.24,Yes
3415-VZFJG,Male,0,Yes,No,18,Yes,No,Fiber optic,No,No,No,No,Yes,No,Month-to-month,No,Credit card (automatic),82.94,1528.89,Yes
3483-SEIZE,Male,0,No,No,27,Yes,Yes,DSL,Yes,Yes,No,No,No,No,One year,Yes,Bank transfer (automatic),59.1,1679.75,No
7545-NTAED,Male,1,No,No,15,Yes,Yes,No,No internet service,No internet service,No internet service,No internet service,No internet service,No internet service,Month-to-month,Yes,Bank transfer (automatic),22.3,312.48,No
3552-TTFYD,Male,0,No,No,8,Yes,No,DSL,No,Yes,No,Yes,No,No,Month-to-month,Yes,Electronic check,59.83,478.81,No
5331-HXOXW,Male,0,No,No,64,Yes,No,Fiber optic,No,No,Yes,No,Yes,Yes,One year,No,Bank transfer (automatic),96.83,5825.26,No
7491-MLGAB,Male,0,Yes,Yes,18,Yes,Yes,DSL,Yes,Yes,No,Yes,No,Yes,One year,No,Credit card (automatic),73.47,1312.14,Yes
4691-UJBJG,Female,0,Yes,No,13,Yes,Yes,No,No internet service,No internet service,No internet service,No internet service,No internet service,No internet service,Month-to-month,No,Mailed check,21.76,265.5,No
4389-EAYHH,Female,0,Yes,No,54,Yes,No,Fiber optic,Yes,No,Yes,Yes,Yes,Yes,One year,Yes,Mailed check,104.36,5751.16,No
8038-FPCEZ,Female,1,Yes,Yes,65,Yes,No,DSL,No,Yes,Yes,Yes,Yes,Yes,Two year,No,Electronic check,82.33,5119.38,No
6425-FJHRW,Male,0,No,No,2,Yes,Yes,DSL,No,Yes,No,Yes,No,No,Month-to-month,Yes,Electronic check,56.94,105.57,Yes
2756-DAYNK,Male,0,Yes,No,72,No,No phone service,DSL,No,No,Yes,No,Yes,Yes,One year,Yes,Electronic check,49.58,3460.77,No
6206-YQBFL,Male,0,Yes,Yes,37,Yes,Yes,No,No internet service,No internet service,No internet service,No internet service,No internet service,No internet service,Month-to-month,No,Credit card (automatic),27.15,1000.05,No
8271-SXTOR,Male,0,Yes,Yes,13,Yes,Yes,DSL,No,Yes,Yes,Yes,No,Yes,Month-to-month,No,Mailed check,70.64,985.96,No
7345-GZTYY,Female,0,No,No,26,Yes,No,Fiber optic,No,No,No,Yes,No,No,One year,No,Credit card (automatic),72.4,1835.08,No
0365-YBXAU,Male,0,Yes,No,30,Yes,Yes,DSL,Yes,No,No,Yes,Yes,Yes,One year,Yes,Mailed check,78.96,2539.46,Yes
6473-ZZGAH,Female,0,Yes,No,32,Yes,No,Fiber optic,No,No,Yes,Yes,No,No,Month-to-month,Yes,Electronic check,78.78,2393.26,No
9676-YVSOJ,Male,1,No,No,54,Yes,Yes,Fiber optic,Yes,Yes,Yes,No,No,Yes,One year,Yes,Mailed check,100.37,5676.03,No
0066-LZKRN,Female,0,No,No,3,Yes,Yes,No,No internet service,No internet service,No internet service,No internet service,No internet service,No internet service,Month-to-month,Yes,Bank transfer (automatic),20.24,57.47,No
9232-KPHXX,Female,0,No,No,3,Yes,No,Fiber optic,No,Yes,No,No,No,Yes,Two year,No,Credit card (automatic),85.62,250.96,No
3427-OFLNQ,Female,0,No,No,21,Yes,No,Fiber optic,No,No,No,No,No,Yes,Month-to-month,No,Credit card (automatic),79.04,1720.81,Yes
5403-BVYIL,Female,0,Yes,Yes,18,Yes,No,DSL,Yes,No,Yes,No,No,Yes,One year,Yes,Credit card (automatic),65.3,1197.09,No
8523-FADGR,Female,0,Yes,No,44,No,No phone service,Fiber optic,No,Yes,Yes,No,Yes,Yes,Two year,No,Bank transfer (automatic),77.82,3664.23,No
6945-AJFPB,Female,0,Yes,Yes,4,Yes,No,No,No internet service,No internet service,No internet service,No internet service,No internet service,No internet service,Month-to-month,No,Mailed check,18.25,71.89,No
9050-BGXPR,Male,0,No,No,13,Yes,Yes,Fiber optic,No,Yes,No,Yes,Yes,Yes,Month-to-month,Yes,Credit card (automatic),103.22,1327.56,Yes
4709-ESCSZ,Male,0,No,No,21,Yes,No,Fiber optic,No,No,No,No,No,Yes,Month-to-month,Yes,Electronic check,79.37,1590.96,Yes
0970-DHJZS,Female,0,No,No,4,Yes,Yes,Fiber optic,No,No,No,No,No,No,Month-to-month,Yes,Bank transfer (automatic),73.66,278.3,Yes
4709-UTHFA,Male,0,No,No,33,No,No phone service,No,No internet service,No internet service,No internet service,No internet service,No internet service,No internet service,Two year,No,Mailed check,18.25,622.02,No
5045-JFGVJ,Male,0,Yes,Yes,33,No,No phone service,Fiber optic,No,No,No,No,No,No,Two year,No,Electronic check,47.85,1665.86,No
1031-ZANDY,Male,0,No,No,62,Yes,Yes,Fiber optic,Yes,Yes,No,No,Yes,No,Two year,No,Bank transfer (automatic),93.28,5896.8,No
6073-UPFZC,Male,0,No,No,31,No,No phone service,Fiber optic,No,No,Yes,No,Yes,Yes,Two year,Yes,Mailed check,79.15,2307.92,No
4028-PAZCZ,Male,1,No,No,2,No,No phone service,DSL,No,No,No,Yes,Yes,Yes,Month-to-month,No,Bank transfer (automatic),52.02,99.85,Yes
9736-KVUUX,Female,0,No,Yes,67,Yes,No,No,No internet service,No internet service,No internet service,No internet service,No internet service,No internet service,Two year,No,Electronic check,19.64,1270.14,No
1969-QJMYQ,Female,0,Yes,Yes,4,Yes,No,DSL,Yes,No,Yes,No,No,Yes,Month-to-month,No,Bank transfer (automatic),64.33,265.03,No
3272-TFNOT,Male,0,Yes,No,48,Yes,No,DSL,Yes,Yes,No,No,Yes,No,One year,No,Bank transfer (automatic),66.88,3381.1,No
2996-SOSQQ,Female,0,Yes,Yes,55,Yes,Yes,Fiber optic,Yes,No,Yes,Yes,Yes,No,One year,Yes,Electronic check,99.58,5692.99,No
7820-FRMUB,Male,0,Yes,No,69,Yes,No,Fiber optic,Yes,Yes,Yes,Yes,No,Yes,One year,Yes,Bank transfer (automatic),99.52,6947.51,No
1532-JGNIF,Female,0,Yes,Yes,10,Yes,No,DSL,Yes,No,Yes,No,Yes,Yes,Month-to-month,No,Electronic check,72.2,719.98,No
4284-EGTVU,Male,0,Yes,Yes,46,Yes,Yes,Fiber optic,No,No,No,No,No,No,Two year,No,Bank transfer (automatic),76.8,3659.99,No
5728-AENYT,Male,0,Yes,Yes,66,Yes,Yes,Fiber optic,No,Yes,No,No,Yes,Yes,One year,Yes,Mailed check,98.48,6318.05,No
9010-HWNFI,Male,0,No,No,52,Yes,Yes,Fiber optic,Yes,Yes,No,No,No,Yes,Two year,Yes,Electronic check,92.84,4865.75,No
7609-YIHZZ,Male,0,Yes,Yes,32,No,No phone service,Fiber optic,Yes,No,Yes,No,Yes,Yes,Month-to-month,No,Mailed check,79.99,2756.39,No
0561-NUQWM,Female,0,No,No,2,Yes,Yes,DSL,No,No,Yes,No,No,No,Month-to-month,Yes,Mailed check,57.88,109.89,Yes
7884-AIIQI,Male,0,No,No,72,Yes,No,No,No internet service,No internet service,No internet service,No internet service,No internet service,No internet service,Two year,Yes,Credit card (automatic),19.94,1472.08,No
9839-TFPQQ,Male,1,Yes,Yes,46,Yes,Yes,No,No internet service,No internet service,No internet service,No internet service,No internet service,No internet service,Two year,No,Bank transfer (automatic),22.53,989.99,No
6416-UCRVD,Male,1,Yes,Yes,5,Yes,Yes,Fiber optic,No,No,Yes,Yes,Yes,Yes,Month-to-month,No,Credit card (automatic),103.95,480.37,Yes
0790-GYZCZ,Female,1,Yes,Yes,1,Yes,No,Fiber optic,No,No,Yes,No,No,Yes,Month-to-month,Yes,Bank transfer (automatic),86.07,90.05,Yes
4622-DMCYN,Female,0,Yes,Yes,5,Yes,Yes,Fiber optic,No,No,Yes,Yes,No,Yes,Month-to-month,Yes,Credit card (automatic),95.95,442.83,Yes
9329-BDFDO,Female,0,Yes,No,55,Yes,Yes,No,No internet service,No internet service,No internet service,No internet service,No internet service,No internet service,Two year,Yes,Electronic check,23.75,1242.3,No
7257-ZLCHD,Male,0,No,No,5,Yes,Yes,DSL,No,No,Yes,No,No,Yes,Month-to-month,No,Bank transfer (automatic),60.93,313.26,No
4290-XEYHO,Male,0,Yes,Yes,3,Yes,Yes,Fiber optic,Yes,No,No,No,Yes,Yes,Month-to-month,Yes,Electronic check,99.76,309.25,Yes
2828-DODRG,Male,1,No,No,7,Yes,Yes,Fiber optic,Yes,Yes,No,No,No,Yes,Month-to-month,No,Bank transfer (automatic),95.48,709.29,Yes
8099-IOHPD,Female,0,No,No,7,No,No phone service,DSL,No,No,No,Yes,No,No,Month-to-month,Yes,Bank transfer (automatic),30.58,208.18,No
9572-YQNEE,Female,0,No,No,7,No,No phone service,Fiber optic,No,No,No,No,Yes,No,Month-to-month,Yes,Bank transfer (automatic),62.96,472.38,Yes
6900-BIQRI,Male,0,No,No,70,Yes,No,No,No internet service,No internet service,No internet service,No internet service,No internet service,No internet service,Two year,Yes,Credit card (automatic),22.89,1600.28,No
7329-LJEGR,Male,0,Yes,Yes,39,Yes,Yes,DSL,No,Yes,Yes,No,Yes,No,Two year,No,Electronic check,72.59,2672.6,No
0062-JSDLK,Female,1,Yes,No,28,Yes,No,DSL,No,Yes,Yes,No,No,Yes,Month-to-month,Yes,Electronic check,62.96,1628.29,Yes
0647-ASFJJ,Female,0,No,No,64,Yes,No,Fiber optic,No,No,Yes,No,Yes,Yes,Two year,Yes,Mailed check,95.11,5836.25,No
4941-RHPGX,Female,1,No,No,41,Yes,Yes,DSL,No,Yes,No,No,Yes,Yes,Two year,Yes,Credit card (automatic),73.21,3028.51,No
4454-QBNKY,Male,0,No,No,72,Yes,Yes,DSL,No,No,Yes,No,No,No,Two year,Yes,Bank transfer (automatic),54.1,4140.39,No
0448-TLBDI,Female,0,No,No,37,Yes,Yes,No,No internet service,No internet service,No internet service,No internet service,No internet service,No internet service,Month-to-month,Yes,Electronic check,25.52,944.49,No
6593-OGVCX,Female,0,Yes,Yes,22,Yes,Yes,Fiber optic,No,Yes,Yes,Yes,Yes,No,One year,Yes,Electronic check,97.58,2226.67,No
0660-HVQKZ,Male,1,No,No,47,Yes,No,DSL,No,No,Yes,No,No,No,Two year,No,Bank transfer (automatic),49.92,2278.3,No
2089-QNOIT,Female,0,Yes,Yes,58,No,No phone service,Fiber optic,Yes,Yes,No,Yes,Yes,No,Two year,No,Bank transfer (automatic),72.47,4392.02,No
2712-PCGRP,Female,1,No,No,15,Yes,Yes,DSL,No,Yes,No,No,No,Yes,Month-to-month,No,Electronic check,64.73,1024.94,Yes
2769-YCKLG,Male,1,No,No,22,Yes,No,DSL,Yes,No,Yes,Yes,No,Yes,Month-to-month,Yes,Electronic check,68.42,1452.88,No
2896-XTTHZ,Female,1,Yes,No,18,Yes,No,Fiber optic,Yes,Yes,No,No,Yes,Yes,Month-to-month,No,Electronic check,98.56,1721.01,Yes
2059-WCPDP,Female,1,No,No,56,Yes,Yes,DSL,Yes,No,Yes,Yes,No,No,One year,Yes,Bank transfer (automatic),64.45,3485.73,No
3580-KZMMY,Male,0,No,No,40,Yes,Yes,No,No internet service,No internet service,No internet service,No internet service,No internet service,No internet service,Month-to-month,No,Credit card (automatic),25.08,925.21,No
9540-ZQZGN,Female,1,Yes,No,13,Yes,No,DSL,No,Yes,Yes,Yes,No,Yes,Month-to-month,No,Electronic check,67.54,926.9,No
2492-DHQYL,Male,0,No,No,58,Yes,Yes,DSL,Yes,No,No,Yes,No,No,One year,Yes,Bank transfer (automatic),60.15,3690.46,Yes
6535-KJIFZ,Male,0,No,No,15,No,No phone service,Fiber optic,No,No,Yes,Yes,Yes,Yes,Two year,No,Bank transfer (automatic),79.67,1129.54,No
9390-IPHQO,Male,1,Yes,Yes,30,Yes,Yes,No,No internet service,No internet service,No internet service,No internet service,No internet service,No internet service,One year,Yes,Mailed check,23.12,693.99,No
8853-WYSON,Female,0,Yes,Yes,65,Yes,No,DSL,No,Yes,Yes,Yes,No,Yes,One year,Yes,Mailed check,70.15,4653.72,No
1326-BOHLD,Female,0,Yes,Yes,6,Yes,No,Fiber optic,Yes,No,Yes,No,Yes,No,Month-to-month,No,Electronic check,91.31,573.73,No
5256-LPQKW,Male,0,Yes,No,55,Yes,Yes,Fiber optic,Yes,No,Yes,No,Yes,Yes,One year,Yes,Mailed check,108.57,5950.41,No
6287-KQIJP,Male,0,Yes,No,40,Yes,No,No,No internet service,No internet service,No internet service,No internet service,No internet service,No internet service,Two year,No,Mailed check,18.25,776.43,No
0990-FHRYY,Male,0,No,No,4,No,No phone service,DSL,No,Yes,Yes,No,Yes,No,Month-to-month,No,Credit card (automatic),47.43,188.32,Yes
4816-HMTXK,Female,0,Yes,No,65,No,No phone service,No,No internet service,No internet service,No internet service,No internet service,No internet service,No internet service,Two year,Yes,Bank transfer (automatic),18.25,1115.95,No
8467-VTUZU,Female,0,No,No,18,Yes,Yes,DSL,No,Yes,No,Yes,Yes,No,Month-to-month,Yes,Mailed check,70.14,1358.78,No
6804-ZWWCA,Female,0,Yes,Yes,34,Yes,No,No,No internet service,No internet service,No internet service,No internet service,No internet service,No internet service,One year,No,Credit card (automatic),18.25,607.89,No
0786-NLXLC,Male,0,No,No,59,Yes,Yes,DSL,No,Yes,No,No,Yes,No,Two year,Yes,Bank transfer (automatic),65.53,3576.32,No
0287-AFGSN,Female,0,Yes,Yes,40,Yes,No,Fiber optic,No,No,No,No,Yes,No,Two year,No,Electronic check,78,3363.33,No
3033-PIGEY,Female,0,No,No,6,Yes,No,Fiber optic,No,No,No,Yes,No,Yes,Month-to-month,Yes,Bank transfer (automatic),84.52,521.34,Yes
8702-JYWEZ,Male,0,Yes,No,9,Yes,Yes,Fiber optic,No,No,No,Yes,No,Yes,Month-to-month,No,Electronic check,88.03,832.77,No
5501-OGMCQ,Female,0,No,No,59,Yes,Yes,Fiber optic,No,Yes,Yes,No,No,No,Two year,Yes,Bank transfer (automatic),83.19,4845.15,No
0036-XXPQN,Female,0,No,No,9,Yes,No,Fiber optic,No,Yes,Yes,No,Yes,Yes,Month-to-month,Yes,Mailed check,97.97,877.09,Yes
8192-ABAKS,Female,1,No,No,8,Yes,Yes,Fiber optic,No,No,Yes,No,No,Yes,Month-to-month,No,Electronic check,93.21,699.86,Yes
1326-PEZSJ,Female,1,Yes,Yes,2,Yes,Yes,No,No internet service,No internet service,No internet service,No internet service,No internet service,No internet service,Month-to-month,No,Electronic check,22.69,43.64,Yes
4587-PXNFT,Male,0,No,No,27,Yes,Yes,DSL,No,Yes,No,Yes,Yes,No,One year,No,Credit card (automatic),71.26,1851.51,No
8503-JGNGQ,Female,0,Yes,No,14,Yes,No,DSL,No,No,Yes,No,No,No,One year,Yes,Credit card (automatic),48.89,648.49,No
2142-VBGLE,Female,0,Yes,Yes,14,Yes,No,DSL,Yes,No,Yes,No,Yes,No,Month-to-month,No,Electronic check,63.09,836.08,No
0874-NULCR,Male,0,No,No,38,No,No phone service,No,No internet service,No internet service,No internet service,No internet service,No internet service,No internet service,One year,Yes,Credit card (automatic),18.25,723.57,No
9940-HNJSL,Female,0,Yes,No,11,No,No phone service,Fiber optic,No,Yes,No,No,Yes,Yes,One year,Yes,Credit card (automatic),76.9,839.32,No
4880-GLTFO,Male,0,No,Yes,12,Yes,Yes,Fiber optic,Yes,No,Yes,No,Yes,Yes,One year,Yes,Mailed check,102.6,1154.13,No
6543-UUMHE,Male,0,Yes,No,33,Yes,No,No,No internet service,No internet service,No internet service,No internet service,No internet service,No internet service,Month-to-month,Yes,Mailed check,24.03,818,No
7548-SNCZB,Female,0,No,No,70,Yes,Yes,Fiber optic,No,No,No,Yes,Yes,Yes,Two year,Yes,Credit card (automatic),103.08,7502.92,No
1952-DUDXG,Male,0,Yes,No,67,Yes,Yes,DSL,Yes,No,No,No,No,No,Two year,Yes,Bank transfer (automatic),54.44,3403.08,No
2018-BRZPB,Female,1,No,No,25,Yes,Yes,DSL,Yes,Yes,No,No,Yes,No,Month-to-month,Yes,Bank transfer (automatic),70.45,1773.04,No
1746-IEHJD,Female,0,No,No,18,Yes,No,DSL,Yes,No,Yes,No,No,No,Two year,Yes,Bank transfer (automatic),55.18,1042.19,No
7341-WMXHW,Male,1,No,No,51,Yes,No,Fiber optic,No,No,No,Yes,Yes,No,One year,Yes,Bank transfer (automatic),84.63,4284.58,Yes
5146-JCOBN,Female,0,No,No,33,Yes,No,DSL,No,No,No,Yes,No,Yes,Month-to-month,No,Electronic check,60.96,2035.88,Yes
8954-WPHVH,Female,0,No,No,38,Yes,Yes,No,No internet service,No internet service,No internet service,No internet service,No internet service,No internet service,Two year,No,Mailed check,23.14,915.03,No
5548-XUCNH,Female,0,No,No,2,Yes,No,Fiber optic,Yes,No,No,No,No,Yes,Month-to-month,Yes,Electronic check,87.02,178.94,Yes
2523-HVMNS,Female,0,No,No,1,Yes,Yes,No,No internet service,No internet service,No internet service,No internet service,No internet service,No internet service,Month-to-month,Yes,Credit card (automatic),23.82,22.76,No
9647-LBCAD,Female,0,Yes,Yes,62,Yes,No,Fiber optic,Yes,Yes,No,Yes,No,Yes,Two year,No,Mailed check,95.67,6373.76,No
0442-QGKQA,Male,0,Yes,No,6,No,No phone service,Fiber optic,Yes,Yes,No,No,Yes,No,Month-to-month,No,Credit card (automatic),69.8,397.88,Yes
9913-LRCYD,Male,0,No,No,70,Yes,Yes,Fiber optic,Yes,Yes,No,Yes,No,No,Two year,No,Bank transfer (automatic),88.17,5929.17,No
3099-PHQEP,Male,0,No,No,25,No,No phone service,Fiber optic,No,Yes,Yes,No,Yes,Yes,One year,No,Electronic check,77.74,1948.15,Yes
8152-OMDBU,Female,0,No,No,29,Yes,No,Fiber optic,Yes,No,Yes,No,No,Yes,Month-to-month,Yes,Bank transfer (automatic),88.92,2598.77,Yes
7267-CKGEW,Male,0,No,No,36,Yes,No,Fiber optic,No,No,Yes,Yes,Yes,No,Month-to-month,Yes,Mailed check,89.08,2954.53,No
6510-BIZIE,Female,1,No,No,62,Yes,Yes,No,No internet service,No internet service,No internet service,No internet service,No internet service,No internet service,Month-to-month,No,Electronic check,26.68,1693.1,No
4924-JQBST,Female,0,No,No,62,Yes,No,Fiber optic,Yes,No,No,No,Yes,Yes,Two year,Yes,Credit card (automatic),93.33,5942.52,No
6177-EQKBL,Female,1,No,No,16,Yes,No,Fiber optic,No,No,No,No,Yes,Yes,Month-to-month,No,Credit card (automatic),91.56,1395.89,Yes
2220-QOMMC,Male,0,Yes,Yes,44,Yes,Yes,No,No internet service,No internet service,No internet service,No internet service,No internet service,No internet service,One year,No,Bank transfer (automatic),21.68,945.78,No
5572-CHWDF,Male,0,Yes,No,18,Yes,Yes,DSL,Yes,No,No,Yes,No,No,Two year,Yes,Electronic check,58.31,1094.95,No
7569-VZDGQ,Female,0,No,No,64,Yes,Yes,DSL,No,Yes,No,Yes,Yes,No,Two year,Yes,Bank transfer (automatic),71.45,4801.76,No
4407-BGCUC,Male,1,No,No,68,Yes,Yes,Fiber optic,Yes,Yes,No,Yes,Yes,Yes,Two year,No,Credit card (automatic),110.73,7420.27,No
5138-OKOJM,Male,0,Yes,Yes,15,Yes,Yes,DSL,No,No,No,Yes,Yes,Yes,Month-to-month,No,Credit card (automatic),74.72,1184.61,No
7482-AYIUM,Female,0,No,No,6,Yes,Yes,Fiber optic,No,No,No,Yes,No,Yes,Month-to-month,Yes,Credit card (automatic),86.47,482.56,Yes
4712-EMALJ,Male,0,No,No,9,Yes,Yes,Fiber optic,No,Yes,Yes,No,No,Yes,Month-to-month,Yes,Mailed check,96.05,907.07,Yes
5398-LKLXF,Male,0,Yes,Yes,12,Yes,Yes,DSL,No,No,Yes,No,No,Yes,Month-to-month,Yes,Bank transfer (automatic),63.38,797.36,Yes
1065-ATYRB,Male,0,Yes,Yes,39,Yes,No,Fiber optic,No,Yes,Yes,No,No,Yes,Two year,No,Electronic check,90.48,3695.85,No
1142-LJLBS,Male,0,No,No,35,Yes,Yes,DSL,Yes,No,Yes,No,Yes,Yes,Two year,Yes,Credit card (automatic),78.82,2922.18,No
9060-ZOAIQ,Female,0,Yes,Yes,35,No,No phone service,DSL,Yes,No,Yes,Yes,No,No,Month-to-month,Yes,Credit card (automatic),39.42,1351.96,No
7061-ZXQCZ,Female,0,Yes,Yes,21,No,No phone service,DSL,Yes,No,Yes,No,No,No,Month-to-month,Yes,Mailed check,34.08,664.11,No
8715-UEPLC,Male,0,No,No,3,Yes,No,DSL,No,No,No,No,Yes,No,Month-to-month,Yes,Mailed check,58.28,187.1,No
9835-HXYRD,Female,0,No,No,29,Yes,No,No,No internet service,No internet service,No internet service,No internet service,No internet service,No internet service,Month-to-month,Yes,Mailed check,18.42,556.3,No
4794-DVKGS,Male,0,No,No,1,Yes,No,Fiber optic,No,Yes,Yes,No,Yes,Yes,Month-to-month,No,Mailed check,97.29,103.08,No
5789-PFKYD,Female,0,No,No,69,Yes,No,DSL,No,No,No,Yes,Yes,No,Two year,No,Bank transfer (automatic),60.45,3924.32,No
6060-GZWZM,Female,0,No,No,22,Yes,Yes,No,No internet service,No internet service,No internet service,No internet service,No internet service,No internet service,Month-to-month,Yes,Electronic check,20.6,482.02,Yes
0406-GUUIF,Male,0,No,No,40,Yes,No,Fiber optic,No,No,Yes,No,Yes,Yes,One year,Yes,Bank transfer (automatic),92.7,3647.4,Yes
5212-VFASP,Female,0,No,No,11,No,No phone service,Fiber optic,No,Yes,No,No,Yes,Yes,Month-to-month,No,Mailed check,77.84,843.51,Yes
5325-IRFCN,Female,0,Yes,Yes,35,Yes,Yes,Fiber optic,No,Yes,No,No,No,No,Month-to-month,Yes,Mailed check,79.03,2755.08,No
1543-AQMGB,Male,0,Yes,No,33,No,No phone service,No,No internet service,No internet service,No internet service,No internet service,No internet service,No internet service,Month-to-month,Yes,Bank transfer (automatic),18.25,646.22,No
9274-SGFXQ,Female,0,Yes,No,21,Yes,Yes,Fiber optic,No,Yes,Yes,No,Yes,No,Month-to-month,Yes,Mailed check,98.57,1919.08,Yes
7952-JNIIE,Male,0,Yes,No,5,Yes,Yes,Fiber optic,No,No,Yes,No,No,No,Month-to-month,No,Credit card (automatic),79.57,404.88,Yes
5988-XJRSV,Male,0,Yes,No,44,Yes,No,DSL,Yes,No,Yes,Yes,No,No,One year,Yes,Bank transfer (automatic),58.04,2352.36,No
6791-UEGKV,Male,0,Yes,Yes,10,Yes,No,DSL,No,No,No,No,No,No,One year,No,Credit card (automatic),45.67,483.73,No
2708-NPKUU,Male,0,Yes,No,43,Yes,Yes,DSL,Yes,Yes,No,No,No,No,One year,Yes,Electronic check,58.73,2461.96,No
1516-THSRE,Female,0,No,No,72,Yes,Yes,Fiber optic,Yes,Yes,Yes,No,Yes,No,Two year,Yes,Credit card (automatic),99.37,7161.16,No
8615-JHNOO,Male,0,Yes,Yes,66,Yes,No,No,No internet service,No internet service,No internet service,No internet service,No internet service,No internet service,Two year,Yes,Credit card (automatic),19.2,1304.37,No
7603-EQHCI,Female,0,Yes,No,70,Yes,No,DSL,No,No,No,No,No,No,Two year,No,Mailed check,40.98,2927.51,No
8223-ASVWF,Female,0,No,No,21,Yes,No,No,No internet service,No internet service,No internet service,No internet service,No internet service,No internet service,Month-to-month,Yes,Electronic check,20.83,438.8,No
1920-EOGZD,Male,1,No,No,9,Yes,No,DSL,No,Yes,Yes,Yes,No,No,Month-to-month,No,Bank transfer (automatic),63.81,560.47,Yes
1768-AZICE,Female,0,No,No,44,Yes,No,No,No internet service,No internet service,No internet service,No internet service,No internet service,No internet service,Two year,Yes,Credit card (automatic),18.25,757.16,No
7062-FHYHS,Female,1,Yes,No,1,Yes,No,DSL,Yes,No,No,No,No,No,Two year,Yes,Credit card (automatic),52.21,53.76,No
9670-XTWUF,Male,0,No,No,67,Yes,No,Fiber optic,No,No,Yes,Yes,Yes,Yes,Two year,Yes,Electronic check,99.1,6771.38,No
2038-KXSWR,Male,1,No,No,55,Yes,No,Fiber optic,No,No,Yes,Yes,Yes,Yes,One year,No,Electronic check,98.09,5504.13,No
8296-AAWDS,Male,0,Yes,No,63,No,No phone service,No,No internet service,No internet service,No internet service,No internet service,No internet service,No internet service,Two year,No,Bank transfer (automatic),18.25,1062.22,No
2180-SXJIO,Female,0,Yes,Yes,14,Yes,No,DSL,Yes,No,No,No,No,No,Month-to-month,No,Credit card (automatic),50.85,679.62,No
1897-PCAWH,Male,1,Yes,No,12,Yes,No,Fiber optic,No,Yes,No,No,Yes,Yes,Month-to-month,Yes,Credit card (automatic),94.87,1102.07,Yes
2620-ZKAUD,Male,0,Yes,No,20,Yes,No,No,No internet service,No internet service,No internet service,No internet service,No internet service,No internet service,Month-to-month,No,Electronic check,18.25,392.63,No
4091-KKVIE,Male,0,Yes,Yes,1,Yes,Yes,Fiber optic,No,No,No,No,Yes,Yes,Month-to-month,Yes,Bank transfer (automatic),93.88,90.74,No
1450-KLIXK,Male,1,Yes,No,71,Yes,Yes,DSL,No,Yes,Yes,Yes,No,Yes,Two year,Yes,Mailed check,74.69,5406.67,No
3017-POLHK,Female,0,No,No,6,Yes,No,Fiber optic,Yes,No,No,No,Yes,Yes,Month-to-month,Yes,Credit card (automatic),95.19,541.39,No
1166-BFBAM,Female,0,No,No,59,Yes,No,DSL,Yes,No,Yes,Yes,Yes,Yes,One year,No,Electronic check,81.67,4734.21,No
1651-TAHED,Female,0,No,No,68,Yes,Yes,DSL,Yes,No,No,Yes,No,Yes,Two year,Yes,Credit card (automatic),66.46,4253.76,No
8077-ILIND,Male,0,No,No,27,Yes,Yes,Fiber optic,Yes,No,Yes,No,No,Yes,Two year,Yes,Bank transfer (automatic),94.89,2509.82,No
7395-YSHEJ,Male,0,Yes,Yes,44,Yes,Yes,Fiber optic,No,No,No,No,No,Yes,Two year,Yes,Bank transfer (automatic),84.25,3512.57,No
6261-CBDYF,Female,0,No,Yes,33,Yes,Yes,DSL,Yes,No,Yes,No,Yes,Yes,One year,No,Bank transfer (automatic),79.52,2446.89,Yes
3322-EIRBI,Male,1,Yes,Yes,36,Yes,No,No,No internet service,No internet service,No internet service,No internet service,No internet service,No internet service,One year,No,Electronic check,21.32,723.19,No
2219-POXRA,Male,0,No,No,65,Yes,Yes,DSL,No,No,No,Yes,No,No,Two year,No,Bank transfer (automatic),53.05,3349.16,No
4471-ADWQU,Female,0,No,No,29,Yes,No,Fiber optic,Yes,Yes,Yes,No,Yes,No,Month-to-month,Yes,Electronic check,92.92,2606.45,Yes
1311-HNIKG,Male,0,No,No,41,Yes,Yes,Fiber optic,No,No,Yes,No,Yes,Yes,One year,No,Mailed check,96.99,4222.79,No
1964-IRENA,Female,0,No,No,26,Yes,Yes,Fiber optic,No,Yes,Yes,No,Yes,No,Two year,Yes,Mailed check,94.68,2614.18,No
0340-BPVVR,Female,1,No,No,7,Yes,Yes,Fiber optic,Yes,No,No,No,Yes,Yes,Month-to-month,Yes,Mailed check,97.65,691.22,No
9503-GAHBP,Male,0,No,Yes,18,Yes,No,No,No internet service,No internet service,No internet service,No internet service,No internet service,No internet service,Month-to-month,Yes,Electronic check,18.25,327.26,Yes
0705-CZUAJ,Male,0,Yes,Yes,18,Yes,No,DSL,Yes,Yes,No,No,No,No,Month-to-month,Yes,Mailed check,55.03,933.87,No
8344-ALQGK,Female,0,Yes,Yes,12,Yes,No,Fiber optic,No,Yes,Yes,Yes,No,Yes,Month-to-month,No,Credit card (automatic),93.53,1180.21,No
0652-FIOGN,Male,0,No,No,48,Yes,No,DSL,No,Yes,No,Yes,No,Yes,One year,No,Credit card (automatic),63.55,3283,No
6757-NLYWZ,Male,0,No,No,27,Yes,Yes,DSL,No,Yes,Yes,No,Yes,Yes,Two year,Yes,Credit card (automatic),80.43,2087.63,No
2093-ZWLUR,Male,0,Yes,No,10,Yes,Yes,Fiber optic,Yes,Yes,Yes,No,No,Yes,Month-to-month,No,Bank transfer (automatic),98,926.52,Yes
0314-MTNEU,Male,0,No,No,12,Yes,No,DSL,No,Yes,Yes,No,No,No,Month-to-month,Yes,Electronic check,55.31,689.6,Yes
6467-HRLHK,Male,0,No,No,36,Yes,No,Fiber optic,No,No,Yes,No,Yes,No,One year,Yes,Credit card (automatic),86.7,3252.51,No
4724-ZTAZY,Female,0,No,No,72,Yes,No,No,No internet service,No internet service,No internet service,No internet service,No internet service,No internet service,Two year,Yes,Mailed check,18.25,1347.76,No
6279-IMYOH,Female,0,No,No,19,Yes,Yes,Fiber optic,Yes,Yes,No,Yes,Yes,Yes,Month-to-month,Yes,Electronic check,111.47,2160.61,Yes
1075-XFGKD,Male,0,Yes,Yes,4,Yes,Yes,Fiber optic,No,No,No,Yes,Yes,No,Month-to-month,No,Electronic check,87.44,336.36,Yes
5729-VCZDB,Female,0,No,No,19,Yes,Yes,Fiber optic,No,No,No,Yes,Yes,Yes,Month-to-month,Yes,Electronic check,103.44,2106.01,No
8059-SEEAY,Male,0,No,No,14,Yes,Yes,DSL,No,No,Yes,No,Yes,No,Month-to-month,Yes,Electronic check,65.41,963.65,Yes
0424-CWZZI,Female,0,Yes,Yes,37,Yes,Yes,Fiber optic,No,Yes,No,No,Yes,Yes,Month-to-month,No,Credit card (automatic),98.42,3722.35,No
5164-TSDRY,Female,1,Yes,No,15,Yes,Yes,No,No internet service,No internet service,No internet service,No internet service,No internet service,No internet service,Month-to-month,Yes,Mailed check,26.57,413.29,No
4167-FUMJC,Female,0,No,No,36,Yes,No,DSL,Yes,Yes,Yes,Yes,Yes,Yes,Month-to-month,No,Electronic check,82.67,3121.14,No
0441-WRHUV,Female,0,Yes,Yes,31,Yes,No,Fiber optic,No,Yes,No,No,No,Yes,Month-to-month,Yes,Electronic check,81.26,2679.24,No
5987-OKORQ,Male,0,No,Yes,2,Yes,No,Fiber optic,No,No,No,No,No,Yes,Month-to-month,Yes,Mailed check,77.48,148.85,Yes
4721-OQIBR,Male,1,Yes,Yes,41,Yes,Yes,Fiber optic,No,No,No,No,Yes,No,Two year,Yes,Bank transfer (automatic),81.8,3305.67,Yes
9966-UYYCG,Female,0,Yes,Yes,67,Yes,No,Fiber optic,Yes,Yes,No,No,Yes,Yes,Two year,No,Bank transfer (automatic),96.67,6907.94,No
5140-RNAAY,Female,0,No,No,61,Yes,Yes,DSL,No,No,Yes,No,No,No,Two year,Yes,Credit card (automatic),55.92,3282.78,No
1066-WJPNT,Male,1,Yes,No,46,Yes,No,Fiber optic,Yes,Yes,No,No,No,Yes,Month-to-month,No,Mailed check,90.88,4198.68,No
7937-ICZEA,Male,0,No,No,11,Yes,Yes,DSL,Yes,No,No,Yes,No,No,Month-to-month,Yes,Electronic check,58.21,653.82,No
6346-PTBXP,Male,0,Yes,Yes,33,Yes,Yes,DSL,No,Yes,No,No,No,No,Month-to-month,Yes,Electronic check,57.39,1878.61,No
4731-HQGLQ,Female,0,No,Yes,4,Yes,No,DSL,No,Yes,No,Yes,Yes,No,Month-to-month,Yes,Electronic check,62.09,248.54,No
8197-DQKQT,Female,0,Yes,No,70,Yes,No,DSL,No,No,Yes,No,Yes,No,Two year,No,Credit card (automatic),61.86,4041.02,No
6351-ZPFSP,Male,0,No,No,49,Yes,Yes,DSL,Yes,No,Yes,Yes,Yes,No,One year,No,Credit card (automatic),72.62,3426.33,No
8537-DZQEL,Female,0,No,No,60,Yes,No,DSL,Yes,Yes,No,No,No,No,Month-to-month,No,Electronic check,54.96,3240.35,No
2516-RLUNB,Male,0,Yes,No,41,Yes,No,Fiber optic,Yes,Yes,Yes,No,Yes,Yes,Month-to-month,No,Electronic check,103.57,4233.04,No
1666-ZKLDH,Male,1,Yes,Yes,53,Yes,Yes,DSL,No,Yes,Yes,Yes,No,No,One year,Yes,Mailed check,64.25,3486.45,No
2260-VYYYC,Female,1,No,No,59,Yes,Yes,Fiber optic,Yes,No,No,No,Yes,Yes,Two year,Yes,Credit card (automatic),99.83,5972.12,No
1087-HGXAV,Male,1,No,No,55,Yes,Yes,DSL,Yes,Yes,No,Yes,No,No,One year,Yes,Electronic check,63.44,3224.72,Yes
2731-ABELR,Male,0,Yes,Yes,14,Yes,No,No,No internet service,No internet service,No internet service,No internet service,No internet service,No internet service,Month-to-month,Yes,Bank transfer (automatic),19.31,277.07,No
0462-BWBUX,Male,0,No,No,48,Yes,Yes,DSL,No,No,No,Yes,No,Yes,One year,Yes,Bank transfer (automatic),62.97,3090.61,No
9522-QXSSE,Female,0,No,No,21,Yes,No,Fiber optic,No,No,No,No,No,Yes,Month-to-month,Yes,Electronic check,76.93,1502.06,Yes
3195-XURQK,Male,0,No,Yes,45,Yes,No,DSL,No,Yes,No,No,No,Yes,Two year,Yes,Electronic check,55.91,2567.94,No
1544-UDVDE,Female,0,Yes,No,60,Yes,No,No,No internet service,No internet service,No internet service,No internet service,No internet service,No internet service,Month-to-month,Yes,Credit card (automatic),19.69,1250.35,No
6407-WANCE,Male,1,No,No,70,Yes,Yes,Fiber optic,Yes,No,Yes,Yes,No,Yes,One year,Yes,Mailed check,103.02,7650.64,No
7075-JSPAH,Female,0,No,No,2,Yes,No,No,No internet service,No internet service,No internet service,No internet service,No internet service,No internet service,Month-to-month,Yes,Bank transfer (automatic),18.25,37.08,No
3396-WAIFN,Male,0,No,No,11,Yes,Yes,DSL,No,No,Yes,Yes,Yes,Yes,Month-to-month,Yes,Electronic check,80.81,884.26,No
3107-BQPUD,Female,0,Yes,No,69,Yes,No,Fiber optic,No,Yes,No,No,Yes,No,Two year,Yes,Credit card (automatic),86.66,6237.84,No
6270-VMYYF,Male,1,No,No,27,No,No phone service,DSL,No,Yes,No,No,No,No,Two year,No,Mailed check,29.2,786.29,No
1231-ENPTU,Female,1,No,No,60,Yes,Yes,Fiber optic,No,Yes,No,No,No,Yes,Two year,Yes,Credit card (automatic),88.11,4927.19,No
9333-IAUBT,Male,0,Yes,No,53,Yes,No,No,No internet service,No internet service,No internet service,No internet service,No internet service,No internet service,One year,Yes,Electronic check,20.19,1105.36,No
5361-FKNRI,Female,0,No,No,70,Yes,No,Fiber optic,No,No,Yes,No,No,Yes,One year,Yes,Bank transfer (automatic),86.05,5906.89,No
2068-AEYDA,Female,0,Yes,Yes,25,Yes,No,Fiber optic,Yes,No,Yes,No,Yes,No,Month-to-month,No,Electronic check,91.07,2355.98,No
1615-LRHNR,Female,0,Yes,Yes,68,No,No phone service,Fiber optic,No,Yes,No,No,No,Yes,Two year,Yes,Bank transfer (automatic),63,4561.29,No
8153-LWTSW,Female,0,Yes,Yes,10,Yes,Yes,DSL,No,Yes,No,Yes,Yes,No,Month-to-month,Yes,Electronic check,73.46,764.32,No
7780-RYYSJ,Female,0,Yes,Yes,21,Yes,No,DSL,Yes,Yes,Yes,Yes,Yes,Yes,One year,Yes,Electronic check,84.2,1908.92,No
5911-DFCFL,Female,0,No,No,49,Yes,No,No,No internet service,No internet service,No internet service,No internet service,No internet service,No internet service,One year,Yes,Bank transfer (automatic),19.28,886.49,No
1780-HKNXO,Female,0,No,No,66,No,No phone service,Fiber optic,No,Yes,No,Yes,No,No,Two year,No,Credit card (automatic),60.38,4149.34,No
5346-YYMQC,Male,0,Yes,Yes,48,Yes,No,No,No internet service,No internet service,No internet service,No internet service,No internet service,No internet service,One year,No,Electronic check,21.71,1034,No
9265-PLTPV,Male,0,Yes,Yes,7,Yes,Yes,Fiber optic,No,No,No,Yes,Yes,Yes,Month-to-month,No,Electronic check,104.42,757.71,No
8419-MLIZJ,Female,0,No,No,67,Yes,No,DSL,No,No,No,No,Yes,Yes,Two year,No,Bank transfer (automatic),64.74,4022.76,No
5248-DPIWG,Female,0,Yes,No,6,Yes,Yes,Fiber optic,No,No,No,No,No,Yes,Month-to-month,Yes,Electronic check,82.63,482.23,Yes
6451-IRKRC,Male,0,No,No,4,Yes,Yes,DSL,Yes,No,No,Yes,No,No,Month-to-month,Yes,Mailed check,60.15,234.65,No
2676-RBEWP,Male,0,No,No,13,Yes,No,No,No internet service,No internet service,No internet service,No internet service,No internet service,No internet service,Month-to-month,Yes,Electronic check,20.73,286.97,No
3996-RVARX,Female,0,No,No,4,No,No phone service,DSL,Yes,No,No,Yes,Yes,No,Month-to-month,Yes,Electronic check,43.95,182.8,No
9788-VOAOL,Female,1,No,No,61,Yes,No,Fiber optic,No,No,Yes,No,No,Yes,Two year,No,Credit card (automatic),82.02,5091.24,No
9026-NEITV,Male,0,No,No,7,Yes,Yes,No,No internet service,No internet service,No internet service,No internet service,No internet service,No internet service,Month-to-month,Yes,Mailed check,27.18,177.05,No
8996-UZKCM,Female,0,No,No,71,Yes,No,DSL,No,Yes,No,No,Yes,No,Two year,Yes,Bank transfer (automatic),62.02,4222.83,No
7157-ERQHL,Male,0,Yes,No,9,Yes,No,Fiber optic,Yes,No,No,No,No,No,Month-to-month,Yes,Mailed check,74.9,702.69,Yes
3827-FDZDS,Female,0,No,No,8,Yes,Yes,Fiber optic,No,No,No,Yes,No,Yes,Month-to-month,Yes,Electronic check,92.2,731.13,Yes
2982-ORDBC,Male,0,Yes,No,65,Yes,Yes,Fiber optic,Yes,No,No,No,No,Yes,Two year,No,Electronic check,89.21,5681.79,No
8163-VKNJG,Female,0,No,No,1,Yes,Yes,DSL,Yes,No,Yes,No,No,No,Month-to-month,No,Mailed check,57.02,60.91,No
0382-DCHIQ,Female,1,Yes,Yes,16,Yes,Yes,No,No internet service,No internet service,No internet service,No internet service,No internet service,No internet service,Month-to-month,No,Credit card (automatic),26.72,415.2,No
9002-WLHFD,Male,0,No,No,1,Yes,Yes,DSL,Yes,No,No,No,Yes,Yes,Month-to-month,No,Electronic check,74.43,74.38,No
1407-KDAMK,Male,0,No,No,35,Yes,Yes,No,No internet service,No internet service,No internet service,No internet service,No internet service,No internet service,Month-to-month,Yes,Credit card (automatic),28.87,1026.62,Yes
6022-JRQON,Male,0,No,No,30,Yes,Yes,Fiber optic,No,No,No,No,Yes,Yes,One year,Yes,Mailed check,91.19,2564.34,Yes
8455-NORFC,Male,0,Yes,No,28,Yes,No,DSL,No,No,No,Yes,No,Yes,Month-to-month,Yes,Mailed check,60.56,1570.23,No
0788-UGLMU,Female,0,No,No,40,Yes,No,Fiber optic,No,Yes,No,No,Yes,Yes,One year,No,Bank transfer (automatic),92.21,3463.9,Yes
8894-QSCCS,Female,0,No,No,59,No,No phone service,Fiber optic,Yes,No,No,No,Yes,No,Two year,Yes,Electronic check,66.92,4002.11,No
1693-UKPLU,Female,0,Yes,Yes,33,Yes,Yes,Fiber optic,No,No,Yes,Yes,Yes,Yes,One year,No,Bank transfer (automatic),106.71,3784.2,No
3078-DEKNX,Female,0,Yes,No,10,Yes,No,No,No internet service,No internet service,No internet service,No internet service,No internet service,No internet service,One year,No,Bank transfer (automatic),18.25,191.43,No
3715-TYNCM,Male,0,Yes,No,11,Yes,No,No,No internet service,No internet service,No internet service,No internet service,No internet service,No internet service,Month-to-month,No,Credit card (automatic),23.07,263.3,No
2985-XORSO,Female,0,Yes,No,69,Yes,No,Fiber optic,No,No,No,No,No,No,Two year,Yes,Electronic check,66,4646.59,No
8638-UHSGE,Female,0,No,No,1,Yes,Yes,DSL,Yes,No,No,Yes,No,Yes,Month-to-month,Yes,Credit card (automatic),70.55,67.2,No
3068-RQMFT,Male,0,Yes,No,31,Yes,No,Fiber optic,Yes,No,Yes,No,Yes,No,One year,Yes,Electronic check,90.44,2892.85,No
8653-BWRVM,Male,0,Yes,Yes,8,Yes,Yes,No,No internet service,No internet service,No internet service,No internet service,No internet service,No internet service,Month-to-month,Yes,Electronic check,25.59,203.23,No
2506-MXLJX,Male,0,No,No,21,Yes,Yes,DSL,Yes,Yes,Yes,No,No,No,Two year,No,Bank transfer (automatic),66.56,1321.94,No
2998-IJRCB,Male,0,Yes,Yes,9,Yes,Yes,DSL,No,No,Yes,Yes,No,No,One year,No,Mailed check,60.19,573.52,No
4742-HBLHW,Male,0,No,No,17,Yes,Yes,DSL,Yes,No,No,No,Yes,No,Month-to-month,Yes,Credit card (automatic),65.37,1092.75,No
5033-XGLGC,Female,0,Yes,No,36,Yes,Yes,No,No internet service,No internet service,No internet service,No internet service,No internet service,No internet service,Two year,Yes,Mailed check,22.3,799.86,No
6234-CYCGZ,Female,0,No,No,41,Yes,No,DSL,No,Yes,Yes,Yes,Yes,No,Month-to-month,No,Mailed check,67.93,2637.84,No
4249-OGOQG,Female,0,No,No,44,Yes,Yes,Fiber optic,No,No,No,Yes,No,Yes,Two year,Yes,Mailed check,88.93,3613.32,No
6996-OWXSL,Female,0,Yes,No,65,Yes,No,Fiber optic,Yes,No,No,No,No,Yes,One year,No,Credit card (automatic),86.77,5750.16,No
6175-AFXZQ,Female,0,Yes,Yes,5,Yes,Yes,No,No internet service,No internet service,No internet service,No internet service,No internet service,No internet service,Month-to-month,Yes,Credit card (automatic),25.59,128.81,No
5251-RJOIL,Female,1,No,No,44,Yes,No,Fiber optic,No,No,No,Yes,Yes,No,One year,Yes,Mailed check,85,3666.66,No
5822-BBXRA,Male,0,No,No,46,Yes,Yes,No,No internet service,No internet service,No internet service,No internet service,No internet service,No internet service,One year,Yes,Bank transfer (automatic),19.4,856.14,No
8131-KCPYS,Male,0,No,No,29,Yes,No,DSL,No,No,No,Yes,Yes,Yes,Month-to-month,No,Credit card (automatic),66.75,1879.72,No
2218-XVHDG,Male,0,No,No,49,Yes,Yes,No,No internet service,No internet service,No internet service,No internet service,No internet service,No internet service,Two year,Yes,Mailed check,25.19,1325.29,No
4170-ISXTN,Male,0,Yes,Yes,5,Yes,Yes,DSL,Yes,No,No,Yes,No,No,Month-to-month,No,Mailed check,58.49,270.13,No
5212-WZSSW,Female,0,No,No,29,Yes,Yes,DSL,Yes,No,No,No,No,No,Month-to-month,Yes,Electronic check,54.01,1609.32,Yes
5286-NREVZ,Male,1,No,No,9,Yes,No,No,No internet service,No internet service,No internet service,No internet service,No internet service,No internet service,Month-to-month,No,Mailed check,21.28,178.22,No
2719-DSKZQ,Male,0,No,No,54,Yes,No,Fiber optic,No,No,Yes,Yes,No,No,Two year,Yes,Bank transfer (automatic),79.73,4429.36,No
2073-MVKSZ,Male,0,No,No,6,Yes,Yes,Fiber optic,No,No,Yes,Yes,No,No,Month-to-month,No,Electronic check,81.51,501.68,No
7333-GPHUL,Female,1,No,Yes,69,Yes,Yes,Fiber optic,No,Yes,No,Yes,No,Yes,Two year,No,Credit card (automatic),93.47,6483.6,No
8543-UVFAX,Male,1,Yes,Yes,51,Yes,No,Fiber optic,No,No,No,No,No,No,Two year,Yes,Electronic check,70.14,3687.51,No
4617-SBRTM,Female,0,No,No,45,Yes,No,Fiber optic,No,Yes,No,Yes,No,Yes,One year,Yes,Bank transfer (automatic),91.13,4020.11,No
2487-BNEWH,Female,1,No,Yes,3,Yes,Yes,No,No internet service,No internet service,No internet service,No internet service,No internet service,No internet service,Month-to-month,Yes,Electronic check,23.12,70.51,No
1079-NPCJM,Male,0,No,No,13,Yes,Yes,Fiber optic,No,No,Yes,No,Yes,Yes,Month-to-month,Yes,Mailed check,101.4,1401.68,Yes
4465-MRVOT,Male,0,Yes,No,6,Yes,No,No,No internet service,No internet service,No internet service,No internet service,No internet service,No internet service,Month-to-month,No,Credit card (automatic),18.25,114.99,No
3325-OHIMB,Male,0,Yes,No,30,Yes,Yes,No,No internet service,No internet service,No internet service,No internet service,No internet service,No internet service,One year,Yes,Mailed check,24.26,781.85,No
8943-PXWFE,Male,0,No,No,70,Yes,Yes,Fiber optic,No,Yes,No,Yes,Yes,Yes,Month-to-month,No,Mailed check,101.3,7181.83,No
0876-BADNV,Female,0,No,No,31,Yes,No,Fiber optic,No,Yes,Yes,No,No,Yes,Month-to-month,No,Mailed check,87.73,2554.78,No
3772-SNBCK,Female,0,Yes,No,22,Yes,No,DSL,No,Yes,No,No,No,No,Month-to-month,Yes,Electronic check,50.97,1174.32,Yes
4504-FCOXB,Male,0,No,No,15,No,No phone service,No,No internet service,No internet service,No internet service,No internet service,No internet service,No internet service,Month-to-month,Yes,Mailed check,18.25,282.71,No
4125-HHTMS,Male,0,No,No,72,Yes,Yes,No,No internet service,No internet service,No internet service,No internet service,No internet service,No internet service,Month-to-month,Yes,Electronic check,22.72,1628.1,No
1522-ZSDIS,Female,1,No,No,1,Yes,Yes,Fiber optic,No,Yes,No,No,Yes,No,Month-to-month,No,Electronic check,87.88,85.7,Yes
2836-CGKDM,Male,0,Yes,No,42,Yes,Yes,Fiber optic,No,Yes,No,No,Yes,No,Two year,Yes,Bank transfer (automatic),92.14,3796.68,No
1677-EDOAO,Male,0,No,No,70,Yes,No,Fiber optic,Yes,No,No,No,Yes,Yes,Two year,Yes,Bank transfer (automatic),96.17,7039.7,No
1949-OUNFZ,Female,0,Yes,Yes,7,Yes,Yes,DSL,Yes,No,No,Yes,No,No,Month-to-month,No,Mailed check,59.44,384.69,No
2424-HNMSA,Male,0,Yes,No,57,Yes,Yes,DSL,No,Yes,Yes,Yes,Yes,Yes,One year,Yes,Bank transfer (automatic),81.21,4869.29,No
3636-JKBAK,Male,0,No,No,1,Yes,No,No,No internet service,No internet service,No internet service,No internet service,No internet service,No internet service,Month-to-month,No,Mailed check,18.25,19.48,No
7071-DOLRA,Male,0,Yes,Yes,33,Yes,No,DSL,No,Yes,No,Yes,Yes,No,One year,No,Credit card (automatic),63.23,2064.17,No
0934-CABHA,Female,0,Yes,No,49,Yes,Yes,Fiber optic,Yes,Yes,No,No,Yes,No,Month-to-month,Yes,Mailed check,93.79,4867.95,No
9984-ROEVQ,Male,0,Yes,Yes,11,Yes,No,DSL,Yes,No,No,Yes,Yes,Yes,Month-to-month,Yes,Electronic check,79.9,923.35,No
6379-YHAGO,Female,0,Yes,Yes,28,Yes,No,DSL,No,No,Yes,No,No,Yes,Month-to-month,No,Mailed check,57.97,1720.22,No
2855-HCLSR,Male,0,Yes,Yes,57,Yes,No,DSL,No,No,No,No,No,No,One year,Yes,Credit card (automatic),43.81,2527.14,No
5094-SGAPZ,Male,0,No,No,27,No,No phone service,No,No internet service,No internet service,No internet service,No internet service,No internet service,No internet service,Month-to-month,Yes,Credit card (automatic),18.25,507.51,No
1109-TAUBF,Male,0,Yes,Yes,38,Yes,No,DSL,Yes,Yes,No,No,No,No,One year,Yes,Electronic check,52.71,1895.58,No
1899-IWBVY,Male,1,No,Yes,8,Yes,Yes,DSL,No,No,Yes,Yes,No,No,Month-to-month,No,Mailed check,63.15,535.73,No
5316-CYRGP,Male,0,Yes,No,72,Yes,No,Fiber optic,Yes,Yes,No,No,Yes,Yes,Month-to-month,No,Credit card (automatic),98.85,7146.16,No
0003-EJBEW,Female,0,No,No,65,Yes,No,No,No internet service,No internet service,No internet service,No internet service,No internet service,No internet service,Two year,No,Electronic check,18.25,1183.77,No
9585-BNBWP,Female,0,No,No,7,Yes,Yes,Fiber optic,Yes,No,Yes,No,No,Yes,Month-to-month,No,Electronic check,95.62,660.24,Yes
7214-CNSXE,Male,1,No,No,33,No,No phone service,Fiber optic,Yes,Yes,No,No,No,No,Month-to-month,No,Electronic check,60.99,2131.02,Yes
0568-CCLOJ,Male,0,Yes,Yes,3,Yes,No,Fiber optic,No,No,No,No,Yes,No,Month-to-month,Yes,Bank transfer (automatic),81.32,245.47,Yes
9610-NYFLD,Male,1,No,No,9,Yes,Yes,Fiber optic,Yes,No,No,Yes,Yes,Yes,Month-to-month,Yes,Credit card (automatic),103.77,953.46,Yes
4102-WLHCK,Male,0,Yes,No,3,Yes,No,DSL,No,Yes,No,Yes,No,No,Month-to-month,Yes,Credit card (automatic),51.84,155.73,No
9423-CRUNM,Female,0,Yes,Yes,36,Yes,Yes,DSL,Yes,No,No,Yes,Yes,Yes,One year,No,Electronic check,79.64,2713.79,No
8384-QAQDK,Male,1,No,No,24,Yes,Yes,Fiber optic,No,Yes,Yes,No,Yes,Yes,One year,No,Electronic check,104.65,2708.62,Yes
8259-QKXKB,Male,1,No,Yes,31,Yes,Yes,No,No internet service,No internet service,No internet service,No internet service,No internet service,No internet service,Month-to-month,No,Bank transfer (automatic),23.31,704.45,No
5606-GOZPP,Male,0,Yes,No,33,Yes,No,No,No internet service,No internet service,No internet service,No internet service,No internet service,No internet service,Month-to-month,No,Credit card (automatic),18.25,648.01,No
4751-MPPID,Female,0,No,Yes,20,No,No phone service,Fiber optic,No,No,Yes,No,No,Yes,Month-to-month,Yes,Mailed check,65.95,1310.29,No
3336-ARFTN,Female,0,No,No,69,Yes,Yes,No,No internet service,No internet service,No internet service,No internet service,No internet service,No internet service,Two year,No,Electronic check,22.99,1503.37,No
2512-XEDPO,Female,0,Yes,No,19,Yes,No,DSL,No,No,No,No,No,Yes,Month-to-month,Yes,Bank transfer (automatic),57.19,1138.6,No
8477-UEOFO,Female,0,No,No,12,Yes,No,DSL,No,Yes,No,No,Yes,Yes,Month-to-month,No,Mailed check,71.13,869.17,No
2907-WOEJA,Female,0,No,No,34,Yes,Yes,Fiber optic,No,No,No,Yes,No,Yes,One year,Yes,Bank transfer (automatic),91.79,3180,No
2371-FBLBW,Female,0,No,No,2,Yes,No,Fiber optic,No,No,Yes,No,No,No,Month-to-month,No,Electronic check,72.56,136.36,Yes
0935-FIFPS,Male,1,No,No,5,Yes,Yes,DSL,No,No,Yes,Yes,No,No,Month-to-month,No,Electronic check,59.5,311.46,No
8372-WJCPQ,Male,0,No,No,18,Yes,No,Fiber optic,No,No,No,No,Yes,No,Month-to-month,No,Mailed check,78.34,1477.87,No
0514-DVHNX,Female,0,Yes,Yes,72,Yes,No,DSL,Yes,Yes,No,Yes,Yes,No,Two year,Yes,Bank transfer (automatic),68.2,5251.61,No
3142-EUMPC,Male,0,No,Yes,70,Yes,No,No,No internet service,No internet service,No internet service,No internet service,No internet service,No internet service,Two year,Yes,Credit card (automatic),22.84,1568.85,No
3527-MFYXW,Male,1,No,No,71,Yes,Yes,Fiber optic,No,Yes,No,No,No,Yes,Two year,No,Bank transfer (automatic),91.67,6916.7,No
5988-ONEKW,Male,0,Yes,No,1,Yes,No,No,No internet service,No internet service,No internet service,No internet service,No internet service,No internet service,Month-to-month,Yes,Credit card (automatic),19.96,21.38,No
3207-FOFUK,Male,1,No,No,43,Yes,No,Fiber optic,No,Yes,Yes,No,No,No,Month-to-month,No,Mailed check,82.57,3769.2,Yes
4397-EASZH,Female,0,No,No,67,Yes,No,No,No internet service,No internet service,No internet service,No internet service,No internet service,No internet service,Two year,Yes,Bank transfer (automatic),21.75,1558.29,No
8397-LNJEY,Female,0,Yes,Yes,70,No,No phone service,No,No internet service,No internet service,No internet service,No internet service,No internet service,No internet service,Two year,No,Credit card (automatic),18.25,1190.21,No
5086-SNRON,Male,0,No,No,5,Yes,No,Fiber optic,No,Yes,No,Yes,No,No,Month-to-month,Yes,Electronic check,76.24,385.37,Yes
8683-KASRJ,Male,0,No,No,1,Yes,No,DSL,Yes,Yes,No,Yes,No,Yes,Month-to-month,Yes,Electronic check,64.58,60.34,No
2435-RQQNI,Female,0,No,No,11,Yes,Yes,DSL,Yes,No,Yes,No,No,Yes,Month-to-month,Yes,Electronic check,67.15,777.66,No
0061-HPDDR,Male,0,Yes,Yes,2,Yes,Yes,Fiber optic,No,Yes,No,No,Yes,Yes,Month-to-month,No,Mailed check,102.45,217.28,No
8078-GVOWB,Female,0,Yes,Yes,15,Yes,No,DSL,Yes,No,No,Yes,No,No,Month-to-month,No,Bank transfer (automatic),54.13,780.2,No
4462-PFQDH,Male,0,Yes,Yes,72,Yes,No,No,No internet service,No internet service,No internet service,No internet service,No internet service,No internet service,Month-to-month,No,Mailed check,20.96,1489.01,No
9632-MWZWM,Male,0,Yes,Yes,3,Yes,Yes,Fiber optic,Yes,Yes,No,No,No,Yes,Month-to-month,No,Electronic check,95.34,273.5,Yes
6091-WCFOC,Male,0,Yes,No,21,Yes,No,Fiber optic,No,No,Yes,Yes,No,No,One year,No,Electronic check,79.21,1637.68,No
7123-WRSAE,Male,0,No,No,5,Yes,Yes,DSL,No,No,No,No,No,Yes,Month-to-month,Yes,Credit card (automatic),58.34,280.31,No
7530-HRRPB,Female,0,No,No,12,Yes,No,No,No internet service,No internet service,No internet service,No internet service,No internet service,No internet service,Month-to-month,No,Mailed check,20.33,227.26,No
6742-RSWWA,Male,0,No,No,56,Yes,No,DSL,No,No,No,Yes,Yes,No,Two year,No,Credit card (automatic),63.37,3489.59,No
0391-ONTXE,Female,1,No,No,12,Yes,No,Fiber optic,Yes,Yes,No,No,Yes,Yes,Month-to-month,Yes,Electronic check,100.09,1184.6,Yes
0626-NUUPX,Male,0,No,Yes,54,Yes,Yes,No,No internet service,No internet service,No internet service,No internet service,No internet service,No internet service,Two year,No,Bank transfer (automatic),21.2,1160.57,No
7389-UNGXY,Male,0,Yes,No,14,Yes,Yes,DSL,Yes,Yes,No,Yes,No,No,Month-to-month,No,Bank transfer (automatic),60.6,822.99,No
6521-OGLOZ,Female,0,Yes,No,32,Yes,No,No,No internet service,No internet service,No internet service,No internet service,No internet service,No internet service,One year,No,Credit card (automatic),19.81,662.12,No
3173-LPYIC,Male,1,Yes,No,3,Yes,No,Fiber optic,No,No,Yes,No,No,No,Month-to-month,Yes,Electronic check,73.73,236.59,Yes
5345-PMTES,Female,0,No,No,69,Yes,No,Fiber optic,Yes,No,Yes,No,Yes,No,Two year,Yes,Bank transfer (automatic),86.64,5575.81,No
4237-ZLLWQ,Female,0,No,No,16,No,No phone service,DSL,No,No,Yes,No,No,No,Month-to-month,Yes,Credit card (automatic),32.25,483.96,No
8235-LKLUA,Male,0,Yes,No,17,No,No phone service,Fiber optic,No,Yes,No,Yes,Yes,Yes,Month-to-month,No,Mailed check,78.9,1428.15,No
6363-GPHDG,Male,0,No,No,10,Yes,No,No,No internet service,No internet service,No internet service,No internet service,No internet service,No internet service,Month-to-month,No,Electronic check,20.57,214.18,No
4519-ZRKMC,Female,0,No,No,61,Yes,Yes,DSL,Yes,No,No,No,Yes,Yes,Two year,No,Credit card (automatic),76.41,4697.86,No
1151-EQCUF,Female,0,Yes,Yes,37,Yes,No,DSL,No,No,Yes,No,No,Yes,Month-to-month,No,Bank transfer (automatic),56.59,1959.35,No
7945-RRQOB,Male,0,No,Yes,10,Yes,Yes,DSL,No,No,No,No,No,No,Month-to-month,Yes,Electronic check,49.21,494.22,Yes
7380-CCUVY,Male,0,Yes,No,30,Yes,Yes,No,No internet service,No internet service,No internet service,No internet service,No internet service,No internet service,One year,Yes,Electronic check,22.78,672.54,No
1720-YFEWY,Female,0,Yes,No,32,Yes,No,Fiber optic,No,Yes,Yes,Yes,No,Yes,Month-to-month,No,Electronic check,95.8,3225.64,Yes
3147-IQVXU,Male,0,No,No,13,Yes,No,Fiber optic,Yes,No,Yes,No,No,Yes,Month-to-month,Yes,Mailed check,92.04,1268.91,Yes
1334-ARUTU,Female,0,Yes,Yes,7,Yes,No,DSL,No,No,No,Yes,No,Yes,Month-to-month,No,Mailed check,59.9,444.88,No
5968-RGWST,Male,0,Yes,No,66,No,No phone service,DSL,Yes,No,Yes,Yes,Yes,Yes,Month-to-month,No,Bank transfer (automatic),60.61,3692.97,No
3499-NENCD,Male,0,No,No,55,Yes,No,Fiber optic,No,No,No,No,Yes,No,Month-to-month,Yes,Bank transfer (automatic),78.95,4396.74,Yes
8267-QGQAG,Male,0,Yes,No,13,No,No phone service,DSL,Yes,No,Yes,Yes,No,Yes,Month-to-month,Yes,Electronic check,51.16,712.75,No
9410-ULCQH,Male,0,No,No,59,Yes,Yes,Fiber optic,No,No,No,No,Yes,No,Two year,Yes,Bank transfer (automatic),82.56,4981.44,No
9797-VXZAU,Female,0,Yes,Yes,69,Yes,No,DSL,Yes,No,Yes,No,Yes,No,One year,Yes,Mailed check,60.57,4081.42,No
8394-IBMQV,Female,0,Yes,Yes,31,Yes,No,Fiber optic,No,Yes,Yes,No,Yes,Yes,One year,No,Mailed check,100.9,3284.65,No
9040-WIUUJ,Female,0,Yes,Yes,26,Yes,No,DSL,No,No,No,No,No,No,Month-to-month,Yes,Bank transfer (automatic),45.46,1140.89,No
3717-PMOHH,Female,0,No,No,41,Yes,Yes,No,No internet service,No internet service,No internet service,No internet service,No internet service,No internet service,Month-to-month,No,Mailed check,26.32,1102.69,No
9296-FKTOJ,Female,0,Yes,No,52,Yes,Yes,No,No internet service,No internet service,No internet service,No internet service,No internet service,No internet service,One year,Yes,Bank transfer (automatic),25.58,1337,No
1663-COADG,Female,0,No,No,48,Yes,No,DSL,Yes,Yes,Yes,Yes,Yes,No,Two year,Yes,Credit card (automatic),72.08,3206.67,No
7260-WELDH,Female,0,Yes,No,3,No,No phone service,Fiber optic,No,No,No,No,No,Yes,Month-to-month,No,Credit card (automatic),57.81,181.16,No
7971-OPBQL,Female,1,No,No,28,Yes,No,DSL,Yes,No,No,Yes,Yes,Yes,One year,No,Credit card (automatic),76.5,2044.26,No
7820-IDYBF,Female,0,No,No,29,Yes,No,Fiber optic,Yes,No,No,No,Yes,No,One year,Yes,Credit card (automatic),82.33,2576.43,No
4671-UBCHM,Male,0,Yes,Yes,30,Yes,Yes,Fiber optic,Yes,No,Yes,No,No,No,One year,No,Mailed check,84.04,2610.89,Yes
0831-WWGNX,Male,0,No,Yes,1,No,No phone service,Fiber optic,Yes,Yes,No,No,No,Yes,Month-to-month,No,Credit card (automatic),67.97,70.88,Yes
8221-PQYLI,Female,0,No,No,67,Yes,Yes,Fiber optic,No,No,No,Yes,Yes,No,Two year,No,Bank transfer (automatic),92.13,6468.25,No
6813-NIIPZ,Male,0,No,No,22,Yes,Yes,DSL,No,Yes,Yes,No,No,No,Month-to-month,No,Electronic check,56.67,1153.14,Yes
0114-XRIAP,Female,0,No,No,1,Yes,Yes,Fiber optic,No,Yes,Yes,No,Yes,Yes,Month-to-month,No,Electronic check,105.64,113.63,Yes
0248-GUWLR,Female,1,Yes,No,13,Yes,Yes,No,No internet service,No internet service,No internet service,No internet service,No internet service,No internet service,Month-to-month,No,Electronic check,22.65,308.7,No
3177-NWDBQ,Male,0,No,No,44,Yes,No,DSL,Yes,No,No,Yes,Yes,Yes,Two year,Yes,Electronic check,75.69,3539.93,No
6306-RDICA,Male,0,No,Yes,53,Yes,Yes,DSL,Yes,No,No,No,No,No,One year,No,Mailed check,55.66,3020.9,No
4680-OBHSB,Male,0,Yes,No,7,Yes,No,DSL,No,No,Yes,Yes,Yes,Yes,Month-to-month,No,Electronic check,75.12,547.67,Yes
9092-PEUDJ,Female,0,No,No,17,Yes,No,Fiber optic,No,No,Yes,No,No,No,Month-to-month,Yes,Mailed check,77.35,1415.72,Yes
8690-MUKQS,Female,0,Yes,No,19,Yes,Yes,No,No internet service,No internet service,No internet service,No internet service,No internet service,No internet service,One year,Yes,Bank transfer (automatic),28.48,524.57,No
0660-WLADW,Male,0,Yes,Yes,54,Yes,No,DSL,Yes,Yes,Yes,Yes,Yes,Yes,Two year,No,Bank transfer (automatic),77,4392.74,No
8171-FFKJT,Male,0,Yes,No,25,Yes,Yes,DSL,No,No,Yes,Yes,Yes,Yes,Month-to-month,No,Mailed check,79.15,1895.07,No
3434-OYVOR,Female,0,No,Yes,42,Yes,No,No,No internet service,No internet service,No internet service,No internet service,No internet service,No internet service,One year,Yes,Credit card (automatic),18.4,763.91,No
4613-JPTPC,Female,0,Yes,Yes,5,Yes,Yes,Fiber optic,Yes,No,No,No,Yes,No,Month-to-month,No,Credit card (automatic),91.41,467.91,Yes
9310-QIYPC,Male,0,Yes,No,2,No,No phone service,DSL,No,Yes,No,No,No,No,Month-to-month,Yes,Electronic check,32.11,59.89,No
5696-QQPOZ,Female,0,No,Yes,9,Yes,Yes,Fiber optic,No,No,Yes,No,Yes,No,Month-to-month,Yes,Bank transfer (automatic),86.38,824.96,Yes
3123-KKLQT,Male,0,No,Yes,26,Yes,Yes,DSL,Yes,No,Yes,No,No,Yes,Month-to-month,Yes,Electronic check,69.43,1751.95,No
2008-VOULD,Male,0,No,No,39,Yes,Yes,Fiber optic,No,No,Yes,No,No,Yes,One year,No,Bank transfer (automatic),88.09,3516.87,No
1088-UXZCO,Female,0,Yes,No,40,Yes,Yes,DSL,No,No,Yes,No,No,Yes,Month-to-month,No,Electronic check,65.62,2537.18,No
5071-ZXVUD,Female,0,No,No,12,Yes,Yes,Fiber optic,No,No,No,No,Yes,Yes,Month-to-month,Yes,Bank transfer (automatic),96.79,1080.25,No
7875-GZHEI,Male,0,Yes,Yes,20,Yes,Yes,Fiber optic,No,No,No,Yes,No,No,Month-to-month,Yes,Electronic check,77.37,1525.63,No
4217-MZZEC,Male,0,Yes,Yes,56,No,No phone service,Fiber optic,Yes,No,No,No,Yes,Yes,Two year,Yes,Electronic check,75.02,4337.7,No
4719-NHNSS,Male,0,No,No,30,Yes,Yes,Fiber optic,Yes,No,No,Yes,Yes,Yes,Month-to-month,Yes,Mailed check,102.52,3254.88,Yes
7708-XXCXC,Male,0,Yes,Yes,44,Yes,No,No,No internet service,No internet service,No internet service,No internet service,No internet service,No internet service,One year,Yes,Bank transfer (automatic),18.25,826.75,No
6151-FGVJF,Female,0,Yes,Yes,36,Yes,No,Fiber optic,No,Yes,No,Yes,No,Yes,Month-to-month,No,Credit card (automatic),91.86,3261.94,Yes
5654-DFVXX,Male,0,No,No,5,No,No phone service,DSL,No,No,No,No,Yes,Yes,Month-to-month,No,Electronic check,47.19,248.88,Yes
2151-VEQTG,Female,0,Yes,No,21,Yes,No,DSL,No,Yes,No,Yes,Yes,Yes,Month-to-month,Yes,Electronic check,72.45,1456.6,No
8543-LFCOR,Female,1,Yes,Yes,17,Yes,Yes,DSL,No,Yes,Yes,Yes,No,No,Month-to-month,Yes,Electronic check,66.75,1068.61,No
6405-GWIPG,Male,0,No,No,2,Yes,No,Fiber optic,No,Yes,Yes,No,Yes,Yes,Month-to-month,No,Electronic check,97.05,180.47,Yes
0352-LUYGQ,Female,0,No,No,7,No,No phone service,DSL,Yes,No,No,Yes,No,No,Month-to-month,Yes,Bank transfer (automatic),36.62,251.63,Yes
8877-MAWRX,Male,0,No,No,12,No,No phone service,DSL,Yes,No,Yes,No,Yes,No,One year,Yes,Electronic check,42.96,545.45,No
2369-IWEUZ,Male,0,Yes,Yes,38,Yes,No,No,No internet service,No internet service,No internet service,No internet service,No internet service,No internet service,Two year,No,Bank transfer (automatic),19.55,768.29,No
3638-ZEEPE,Male,0,No,No,70,Yes,Yes,Fiber optic,No,Yes,No,No,No,No,Two year,Yes,Credit card (automatic),79.26,5504.8,No
8128-BYVJR,Male,0,No,No,11,Yes,No,Fiber optic,No,No,No,No,No,Yes,Month-to-month,Yes,Bank transfer (automatic),74.63,757.9,No
2931-DGYGJ,Male,0,Yes,Yes,56,Yes,Yes,Fiber optic,No,Yes,No,No,No,No,Month-to-month,Yes,Credit card (automatic),78.83,4459.52,Yes
7737-KMPHB,Male,1,Yes,No,67,Yes,Yes,Fiber optic,No,Yes,No,Yes,Yes,No,One year,No,Bank transfer (automatic),94.27,6279.12,No
7183-YHRAO,Male,0,Yes,Yes,8,Yes,Yes,Fiber optic,No,Yes,No,No,Yes,No,Month-to-month,Yes,Electronic check,87.17,739.77,Yes
0487-ICCZG,Female,0,Yes,Yes,23,Yes,Yes,No,No internet service,No internet service,No internet service,No internet service,No internet service,No internet service,One year,Yes,Electronic check,23.46,566.62,No
0145-YVGDV,Female,0,Yes,No,72,Yes,No,No,No internet service,No internet service,No internet service,No internet service,No internet service,No internet service,Two year,No,Bank transfer (automatic),21.62,1465.17,No
8196-WNRXV,Male,0,No,Yes,11,Yes,Yes,Fiber optic,Yes,Yes,No,No,Yes,No,Month-to-month,Yes,Mailed check,94.32,1028.5,Yes
4696-QOSLQ,Male,0,No,No,11,Yes,Yes,DSL,Yes,Yes,Yes,Yes,Yes,Yes,Month-to-month,No,Bank transfer (automatic),88.46,1008.16,No
9823-AHTOQ,Female,0,Yes,No,17,Yes,No,DSL,Yes,Yes,No,No,No,No,Month-to-month,Yes,Credit card (automatic),51.78,946.42,No
9143-AEYWT,Female,0,No,No,8,Yes,Yes,Fiber optic,Yes,Yes,Yes,No,Yes,Yes,Month-to-month,No,Mailed check,107.92,889.02,Yes
8772-QZYKS,Female,0,Yes,No,9,No,No phone service,DSL,Yes,Yes,Yes,Yes,No,No,Month-to-month,Yes,Mailed check,44.79,384.65,No
4831-JQOVA,Male,0,Yes,Yes,64,Yes,Yes,No,No internet service,No internet service,No internet service,No internet service,No internet service,No internet service,Two year,Yes,Electronic check,23.88,1615.06,No
0255-IMROD,Male,1,No,No,20,Yes,Yes,Fiber optic,Yes,No,Yes,No,No,No,Month-to-month,No,Credit card (automatic),82.51,1709.12,No
7296-BQNZT,Female,0,Yes,No,26,No,No phone service,DSL,No,No,Yes,No,No,No,Month-to-month,No,Bank transfer (automatic),28.6,689.73,Yes
8950-HNQZO,Male,0,No,No,9,Yes,No,DSL,No,No,Yes,No,No,No,Month-to-month,Yes,Mailed check,47.66,415,Yes
6301-OFNQX,Male,0,Yes,No,5,Yes,No,DSL,Yes,No,Yes,No,Yes,Yes,Month-to-month,No,Electronic check,77.41,409.31,No
2834-HPBMA,Male,0,Yes,No,46,Yes,No,Fiber optic,Yes,No,Yes,No,No,No,One year,No,Mailed check,82.21,3610.47,Yes
2259-FHTPZ,Male,0,No,No,1,Yes,No,Fiber optic,Yes,No,Yes,No,No,Yes,Month-to-month,Yes,Credit card (automatic),89.52,92.66,Yes
4222-BKUSG,Female,0,Yes,Yes,19,Yes,No,Fiber optic,Yes,Yes,No,No,Yes,Yes,Month-to-month,Yes,Electronic check,100.38,1912.45,Yes
2197-BTRPA,Female,0,Yes,Yes,61,Yes,Yes,Fiber optic,Yes,Yes,Yes,No,No,Yes,Two year,Yes,Electronic check,102.5,6123.61,No
7463-CSPZJ,Male,0,No,Yes,27,Yes,No,Fiber optic,Yes,Yes,Yes,No,No,Yes,One year,Yes,Bank transfer (automatic),96.42,2464.27,No
6817-KOOFG,Male,1,No,No,24,Yes,No,Fiber optic,Yes,Yes,No,No,No,No,Month-to-month,No,Electronic check,77.86,1946.3,No
6473-KIJJH,Male,1,No,No,14,Yes,No,DSL,No,Yes,No,No,Yes,Yes,Month-to-month,Yes,Mailed check,70.22,1023.64,Yes
7821-JJZZM,Male,0,No,No,55,Yes,No,DSL,Yes,No,No,No,Yes,Yes,Two year,Yes,Credit card (automatic),68.89,3658.44,No
6796-NGGJJ,Female,0,Yes,Yes,31,Yes,Yes,No,No internet service,No internet service,No internet service,No internet service,No internet service,No internet service,Month-to-month,Yes,Electronic check,26.28,825.02,No
3970-IUXLT,Female,0,Yes,No,10,Yes,Yes,Fiber optic,No,No,No,No,No,Yes,Month-to-month,No,Credit card (automatic),79.82,837.16,Yes
4682-SOJPI,Male,1,No,No,9,Yes,Yes,DSL,Yes,Yes,No,No,No,No,Month-to-month,No,Bank transfer (automatic),53.94,457.27,Yes
2921-BDILJ,Female,0,Yes,No,5,Yes,No,Fiber optic,No,Yes,Yes,No,Yes,No,Month-to-month,Yes,Electronic check,90.33,486.54,Yes
8631-JVBLR,Male,0,No,No,6,No,No phone service,DSL,No,Yes,No,No,Yes,Yes,Month-to-month,Yes,Bank transfer (automatic),50.47,318.08,No
1867-JFGDV,Female,0,Yes,No,66,Yes,Yes,DSL,Yes,Yes,Yes,Yes,Yes,No,Two year,Yes,Mailed check,80.55,5717.5,No
3107-ARJGM,Female,0,No,No,66,Yes,No,Fiber optic,No,No,No,No,Yes,Yes,One year,No,Bank transfer (automatic),87.74,5766.42,No
0755-EBEFB,Female,0,No,No,58,Yes,No,Fiber optic,Yes,No,No,No,No,Yes,Two year,Yes,Bank transfer (automatic),81.52,4857.7,No
4678-XKUFG,Male,0,Yes,Yes,64,Yes,No,Fiber optic,No,Yes,No,No,No,Yes,Two year,Yes,Credit card (automatic),83.46,5386.13,No
5717-AHIZZ,Female,0,Yes,Yes,1,No,No phone service,Fiber optic,Yes,No,Yes,No,No,Yes,Month-to-month,Yes,Credit card (automatic),66.45,66.86,No
8669-WWHCL,Male,0,No,No,5,Yes,No,Fiber optic,No,No,No,No,No,Yes,Month-to-month,Yes,Electronic check,77.2,369.75,Yes
1461-SHYUQ,Male,0,Yes,Yes,66,Yes,Yes,No,No internet service,No internet service,No internet service,No internet service,No internet service,No internet service,Two year,No,Mailed check,26.18,1796.42,No
5768-SMKID,Male,0,Yes,Yes,58,Yes,Yes,Fiber optic,No,No,No,Yes,No,Yes,Two year,No,Bank transfer (automatic),88.75,5353.23,No
3406-VSQBO,Male,0,Yes,No,71,Yes,No,Fiber optic,No,Yes,Yes,Yes,Yes,No,One year,Yes,Bank transfer (automatic),93.37,7132.73,No
3391-SWSUV,Female,0,Yes,No,15,No,No phone service,Fiber optic,No,Yes,Yes,Yes,Yes,Yes,Month-to-month,Yes,Electronic check,82.93,1173.52,No
3727-BWZGX,Male,0,Yes,No,8,Yes,Yes,DSL,Yes,No,Yes,Yes,Yes,No,Month-to-month,No,Electronic check,73.35,605.76,Yes
8432-PHJLE,Male,0,Yes,No,64,Yes,No,Fiber optic,No,No,Yes,Yes,No,No,Two year,No,Mailed check,79.87,4743.38,No
9631-GHWGB,Female,0,Yes,No,1,Yes,No,DSL,Yes,Yes,No,No,No,Yes,Month-to-month,Yes,Credit card (automatic),65.41,69.8,Yes
3155-PGKGZ,Male,0,No,No,49,Yes,No,DSL,No,No,Yes,Yes,Yes,No,Two year,No,Mailed check,61.89,2894.55,No
2630-DRHVX,Female,0,Yes,No,7,Yes,No,No,No internet service,No internet service,No internet service,No internet service,No internet service,No internet service,Month-to-month,No,Electronic check,19.74,130.1,No
5821-QONID,Male,1,No,No,66,Yes,No,Fiber optic,No,No,No,No,No,Yes,Two year,No,Credit card (automatic),83.22,5463.59,No
0493-JFJLB,Male,0,No,No,1,No,No phone service,Fiber optic,Yes,Yes,Yes,No,Yes,No,Month-to-month,No,Bank transfer (automatic),73.37,68.36,No
2580-HTADG,Female,0,Yes,Yes,65,Yes,Yes,Fiber optic,Yes,No,Yes,Yes,Yes,Yes,Two year,Yes,Bank transfer (automatic),110.27,6874.31,No
7752-KNDDO,Female,0,No,No,9,Yes,No,Fiber optic,No,Yes,Yes,No,Yes,Yes,Month-to-month,Yes,Mailed check,98.9,896.68,No
4308-HBRSM,Female,1,Yes,No,71,Yes,Yes,Fiber optic,No,No,No,Yes,Yes,No,Two year,Yes,Credit card (automatic),89.42,6074.83,No
0715-ITBEH,Male,0,Yes,Yes,16,Yes,Yes,Fiber optic,No,Yes,No,Yes,No,Yes,Month-to-month,Yes,Mailed check,96.12,1485.48,No
7726-XCZPZ,Male,0,No,No,72,Yes,Yes,Fiber optic,No,No,Yes,No,Yes,No,Month-to-month,Yes,Bank transfer (automatic),90.16,6453.32,Yes
4254-UVNFI,Male,0,Yes,No,19,Yes,No,Fiber optic,Yes,No,No,No,Yes,Yes,Month-to-month,Yes,Electronic check,95.62,1897.1,Yes
8827-ZZCLU,Female,0,Yes,No,41,Yes,No,DSL,No,No,Yes,No,No,Yes,One year,Yes,Bank transfer (automatic),57.33,2343.91,No
1887-ICRMB,Female,0,No,No,18,Yes,Yes,No,No internet service,No internet service,No internet service,No internet service,No internet service,No internet service,Month-to-month,Yes,Electronic check,23.4,448.76,No
2001-MHJOO,Male,0,No,No,65,Yes,No,Fiber optic,No,Yes,Yes,No,Yes,Yes,One year,No,Electronic check,101.34,6667.1,No
8338-TENOM,Female,0,Yes,Yes,2,Yes,Yes,Fiber optic,No,No,No,No,No,No,Month-to-month,Yes,Mailed check,72.58,150.83,No
4089-UMANF,Female,0,Yes,No,57,Yes,Yes,Fiber optic,No,Yes,Yes,No,No,Yes,One year,No,Electronic check,95.11,5649.73,No
7978-DLDUQ,Female,0,No,No,26,Yes,Yes,Fiber optic,No,No,No,No,No,Yes,Month-to-month,Yes,Bank transfer (automatic),86.44,2393.82,Yes
9880-QIPRC,Male,0,Yes,Yes,28,Yes,Yes,Fiber optic,Yes,No,Yes,Yes,No,Yes,Two year,No,Mailed check,100.94,2972.08,No
2163-ACBFS,Female,0,Yes,No,20,Yes,Yes,No,No internet service,No internet service,No internet service,No internet service,No internet service,No internet service,Month-to-month,Yes,Mailed check,23.41,472.85,No
1750-JPSMD,Female,0,No,No,67,Yes,Yes,No,No internet service,No internet service,No internet service,No internet service,No internet service,No internet service,Two year,No,Bank transfer (automatic),24.04,1648.88,No
4405-APPIG,Male,0,Yes,Yes,70,Yes,Yes,DSL,No,No,No,No,No,Yes,One year,Yes,Electronic check,60.05,4166.03,No
1781-NGOET,Male,0,Yes,Yes,4,Yes,No,No,No internet service,No internet service,No internet service,No internet service,No internet service,No internet service,Month-to-month,No,Mailed check,18.25,75.96,No
3889-UBVAI,Male,0,No,No,59,Yes,No,Fiber optic,No,Yes,Yes,No,Yes,Yes,Two year,Yes,Electronic check,97.75,6217.18,Yes
8792-FVMYU,Male,0,No,No,16,Yes,Yes,Fiber optic,Yes,No,No,Yes,Yes,Yes,Month-to-month,Yes,Electronic check,103.45,1756.5,Yes
7655-ACBKK,Female,0,Yes,Yes,41,Yes,Yes,Fiber optic,No,No,No,No,Yes,Yes,One year,No,Electronic check,96.92,4190.74,No
8813-ZOLSC,Female,0,No,No,7,Yes,No,Fiber optic,No,Yes,Yes,No,No,No,Month-to-month,No,Mailed check,76.86,579.93,No
4119-SZOPV,Male,0,No,Yes,59,Yes,No,Fiber optic,Yes,Yes,Yes,No,Yes,Yes,Two year,Yes,Credit card (automatic),105.08,5736.03,No
0865-TUNUJ,Female,0,No,No,6,Yes,No,Fiber optic,No,No,No,Yes,Yes,No,Month-to-month,Yes,Credit card (automatic),85.18,528.04,Yes
1307-RZMCB,Male,0,Yes,No,6,Yes,No,Fiber optic,No,No,Yes,No,No,No,Month-to-month,No,Electronic check,77.94,461.48,Yes
4968-HQWGB,Male,0,No,No,71,Yes,Yes,Fiber optic,No,No,No,Yes,Yes,Yes,Two year,Yes,Electronic check,103.63,7140.11,No
7902-MMDEV,Male,0,No,No,8,Yes,Yes,DSL,No,No,No,No,No,No,Month-to-month,No,Electronic check,47.56,366.79,No
0434-KZVMO,Male,0,No,No,48,Yes,No,Fiber optic,No,No,No,No,No,No,One year,No,Bank transfer (automatic),70.8,3455.77,Yes
5064-OGNHR,Male,0,No,No,44,Yes,Yes,Fiber optic,No,No,Yes,No,No,No,Two year,Yes,Bank transfer (automatic),78.37,3469.07,No
8724-WIFDX,Male,0,Yes,Yes,10,Yes,Yes,DSL,No,No,Yes,No,No,No,Month-to-month,Yes,Mailed check,55.51,551.27,Yes
1320-HIRZV,Female,1,Yes,Yes,7,No,No phone service,Fiber optic,No,Yes,No,No,Yes,Yes,Month-to-month,Yes,Mailed check,72.77,519.84,Yes
8756-FSCYU,Female,0,No,No,6,Yes,Yes,No,No internet service,No internet service,No internet service,No internet service,No internet service,No internet service,Month-to-month,No,Bank transfer (automatic),25.21,159.27,Yes
3622-ZRWTQ,Male,0,Yes,Yes,56,Yes,No,Fiber optic,No,Yes,No,No,Yes,No,Two year,Yes,Mailed check,88.1,4562.35,No
8257-SFNFT,Male,1,No,No,59,No,No phone service,DSL,Yes,No,No,Yes,Yes,No,Two year,No,Bank transfer (automatic),42.74,2509.12,No
7862-OMTHB,Female,1,No,No,69,Yes,Yes,DSL,Yes,No,Yes,No,Yes,Yes,Two year,No,Credit card (automatic),81.33,6021.98,No
0037-OWQAH,Male,0,Yes,No,72,Yes,No,DSL,Yes,Yes,Yes,Yes,Yes,No,Month-to-month,Yes,Bank transfer (automatic),75.76,5471.77,No
6585-ETMOQ,Female,0,No,No,36,Yes,No,DSL,No,Yes,No,No,Yes,No,Month-to-month,No,Bank transfer (automatic),62.2,2404.69,No
0147-BLUUV,Female,0,No,No,72,Yes,No,Fiber optic,No,No,No,No,Yes,Yes,Two year,Yes,Bank transfer (automatic),89.98,6029.4,No
3431-MCIRE,Male,0,No,No,60,Yes,Yes,DSL,No,No,No,Yes,No,No,Two year,Yes,Credit card (automatic),54.93,3417.51,No
2170-MCVNX,Female,1,No,No,12,Yes,Yes,Fiber optic,No,No,Yes,No,Yes,Yes,Month-to-month,Yes,Bank transfer (automatic),101.2,1137.1,Yes
7695-LKXLJ,Male,0,No,Yes,45,Yes,No,No,No internet service,No internet service,No internet service,No internet service,No internet service,No internet service,Month-to-month,No,Electronic check,23.7,1011.59,No
9139-KQEDT,Female,0,Yes,No,17,Yes,Yes,Fiber optic,No,Yes,No,No,No,Yes,Month-to-month,Yes,Credit card (automatic),89.5,1406.96,No
1951-CKLNT,Female,0,No,No,43,Yes,No,Fiber optic,No,Yes,No,No,Yes,Yes,One year,Yes,Mailed check,95.25,4041.58,No
6905-IPJWS,Male,0,Yes,Yes,26,Yes,No,Fiber optic,Yes,No,No,Yes,Yes,Yes,Month-to-month,No,Mailed check,100.07,2650.77,No
7316-OSKGY,Male,1,No,Yes,11,Yes,No,No,No internet service,No internet service,No internet service,No internet service,No internet service,No internet service,Month-to-month,No,Mailed check,18.25,210.14,No
8734-HJVNR,Male,0,No,No,62,Yes,Yes,DSL,No,Yes,Yes,Yes,No,Yes,Two year,No,Bank transfer (automatic),73.05,4473.5,No
0013-LGCAL,Male,0,No,No,2,Yes,No,No,No internet service,No internet service,No internet service,No internet service,No internet service,No internet service,Month-to-month,No,Electronic check,18.25,35.35,Yes
6257-FXBQD,Female,0,Yes,Yes,8,Yes,Yes,Fiber optic,No,No,No,No,Yes,No,Month-to-month,Yes,Mailed check,85.68,735.13,No
1461-YWBKU,Female,0,Yes,Yes,54,Yes,Yes,Fiber optic,No,Yes,No,No,Yes,Yes,One year,Yes,Credit card (automatic),99.06,5776.05,No
3044-IMWPX,Female,0,No,No,62,Yes,Yes,No,No internet service,No internet service,No internet service,No internet service,No internet service,No internet service,Two year,Yes,Bank transfer (automatic),23.91,1518.2,No
9568-WNPJD,Male,0,Yes,No,34,Yes,No,No,No internet service,No internet service,No internet service,No internet service,No internet service,No internet service,One year,Yes,Credit card (automatic),20.5,644.87,No
8097-KUAEH,Female,0,No,No,53,Yes,Yes,No,No internet service,No internet service,No internet service,No internet service,No internet service,No internet service,Two year,No,Credit card (automatic),22.81,1223.27,No
1116-BYFGU,Female,0,No,No,56,Yes,Yes,Fiber optic,No,No,No,Yes,No,Yes,Two year,Yes,Mailed check,89.26,4936.64,No
2055-MXYLC,Female,1,Yes,No,45,Yes,Yes,No,No internet service,No internet service,No internet service,No internet service,No internet service,No internet service,Month-to-month,Yes,Bank transfer (automatic),26.21,1150.92,No
8890-FIEOU,Female,0,Yes,Yes,2,No,No phone service,Fiber optic,Yes,No,No,Yes,No,Yes,Month-to-month,No,Electronic check,70.32,129.85,No
7776-CCHVN,Male,0,Yes,Yes,12,Yes,Yes,DSL,Yes,Yes,Yes,Yes,No,No,Month-to-month,Yes,Credit card (automatic),71.27,864.29,No
7334-VMXEL,Female,0,No,No,33,Yes,No,DSL,No,No,Yes,Yes,No,No,One year,Yes,Electronic check,51.01,1760.43,No
3505-LASCR,Male,0,Yes,Yes,50,Yes,No,Fiber optic,No,Yes,No,No,No,No,One year,Yes,Bank transfer (automatic),74.94,3991.87,No
2119-PKCCR,Female,0,Yes,Yes,66,Yes,No,Fiber optic,No,Yes,Yes,No,Yes,No,One year,Yes,Mailed check,89.62,6098.39,No
1942-RRSFS,Female,1,No,No,7,No,No phone service,No,No internet service,No internet service,No internet service,No internet service,No internet service,No internet service,Month-to-month,Yes,Electronic check,18.25,121.09,No
1936-SBPIL,Male,1,No,Yes,19,Yes,Yes,DSL,No,Yes,No,No,No,No,Month-to-month,No,Electronic check,51.89,917.1,Yes
9721-MTNMN,Female,0,No,No,12,Yes,No,DSL,No,Yes,Yes,Yes,No,Yes,Month-to-month,Yes,Mailed check,68.38,854.07,No
4978-MIPFN,Female,0,No,No,72,Yes,No,Fiber optic,No,Yes,No,No,No,No,Month-to-month,No,Bank transfer (automatic),72.14,4849.4,No
1767-NSMKT,Female,0,No,Yes,8,Yes,No,Fiber optic,No,Yes,No,No,Yes,No,Month-to-month,No,Mailed check,83.62,654.6,No
5151-FLANS,Female,0,No,No,2,Yes,Yes,Fiber optic,Yes,No,No,No,No,Yes,Month-to-month,No,Electronic check,93.53,181.27,Yes
3414-HHOPG,Male,0,No,No,70,Yes,No,Fiber optic,No,No,No,No,No,Yes,Two year,No,Mailed check,78.88,5913.41,No
2498-LOVHE,Female,0,No,Yes,1,No,No phone service,DSL,No,No,No,Yes,Yes,Yes,Month-to-month,No,Bank transfer (automatic),48.03,48.3,No
6885-LQQLM,Female,0,No,Yes,10,No,No phone service,DSL,No,No,Yes,Yes,Yes,No,One year,No,Electronic check,42.34,445.72,No
6411-VDUNQ,Male,0,No,No,1,Yes,Yes,Fiber optic,No,No,No,No,Yes,Yes,Month-to-month,Yes,Credit card (automatic),92.89,94.52,Yes
7000-GYZCT,Female,0,No,No,65,Yes,No,DSL,No,Yes,Yes,No,Yes,No,Two year,Yes,Bank transfer (automatic),64.1,4326.46,No
5438-JQJQY,Female,0,No,No,66,No,No phone service,DSL,No,No,No,Yes,Yes,No,Two year,Yes,Electronic check,41.31,2733.42,No
7047-NYFFW,Male,1,Yes,No,1,Yes,Yes,DSL,No,No,Yes,Yes,Yes,Yes,Month-to-month,Yes,Mailed check,80.48,80.87,No
2069-LEPZN,Male,0,No,No,7,Yes,No,No,No internet service,No internet service,No internet service,No internet service,No internet service,No internet service,Month-to-month,No,Credit card (automatic),20.94,138.77,No
2778-SUZOA,Male,0,Yes,Yes,67,Yes,Yes,Fiber optic,Yes,No,No,No,Yes,No,Two year,No,Electronic check,91.71,6032.38,No
5529-OMJCA,Male,1,Yes,No,69,Yes,No,DSL,No,Yes,Yes,No,No,Yes,One year,Yes,Bank transfer (automatic),65.91,4841.5,No
9857-WDGLX,Male,0,Yes,Yes,42,Yes,Yes,Fiber optic,No,Yes,Yes,No,Yes,No,Two year,Yes,Credit card (automatic),96.26,3767.46,No
8598-RUPZR,Male,1,Yes,No,20,No,No phone service,Fiber optic,No,Yes,Yes,Yes,No,Yes,Month-to-month,Yes,Bank transfer (automatic),80.21,1538.9,Yes
4781-UDZMG,Female,0,No,No,72,Yes,No,No,No internet service,No internet service,No internet service,No internet service,No internet service,No internet service,Two year,Yes,Mailed check,20.54,1436.35,No
8454-BRMUU,Female,1,Yes,Yes,51,Yes,No,No,No internet service,No internet service,No internet service,No internet service,No internet service,No internet service,One year,Yes,Mailed check,19.61,1033.37,No
5861-BMXGR,Female,0,No,No,1,Yes,No,Fiber optic,No,No,Yes,No,No,No,Month-to-month,No,Bank transfer (automatic),74.51,79.63,Yes
8261-SGDAH,Female,0,No,No,7,Yes,Yes,Fiber optic,Yes,No,No,Yes,Yes,No,One year,No,Mailed check,93.65,624.75,No
9910-LCHDR,Male,0,Yes,Yes,7,Yes,No,Fiber optic,No,No,No,Yes,No,No,Month-to-month,No,Electronic check,72.75,519.12,No
4937-TNARL,Male,0,Yes,Yes,15,Yes,No,DSL,Yes,No,Yes,Yes,Yes,No,Month-to-month,No,Bank transfer (automatic),66.48,954.55,No
2695-YZZTB,Male,0,Yes,Yes,7,Yes,No,Fiber optic,Yes,Yes,No,No,Yes,No,Month-to-month,Yes,Mailed check,94.85,671.82,No
8081-AULSK,Male,0,No,No,11,No,No phone service,DSL,No,No,No,Yes,Yes,No,Month-to-month,No,Electronic check,38.49,424.06,No
3790-PHJHR,Male,1,Yes,Yes,40,Yes,No,Fiber optic,Yes,No,Yes,No,Yes,Yes,One year,No,Credit card (automatic),101.14,4023.63,No
4347-FKPQJ,Male,0,Yes,Yes,25,Yes,Yes,Fiber optic,No,No,No,No,Yes,Yes,Month-to-month,No,Electronic check,94.72,2225.74,Yes
0381-IGSLU,Male,0,Yes,No,48,Yes,Yes,DSL,No,No,No,No,No,Yes,Month-to-month,Yes,Bank transfer (automatic),59.38,2807.07,No
6076-BLBCJ,Male,0,Yes,Yes,5,Yes,No,Fiber optic,Yes,Yes,Yes,No,No,Yes,Month-to-month,No,Electronic check,95.16,508.46,No
5476-OZIJT,Female,0,No,No,65,Yes,Yes,No,No internet service,No internet service,No internet service,No internet service,No internet service,No internet service,Month-to-month,No,Electronic check,24.79,1697.7,No
6399-ZUFXK,Female,1,No,No,27,Yes,Yes,Fiber optic,No,No,Yes,No,Yes,No,Month-to-month,Yes,Electronic check,85.58,2321.49,Yes
8680-VLSKG,Male,0,Yes,No,67,Yes,Yes,No,No internet service,No internet service,No internet service,No internet service,No internet service,No internet service,One year,Yes,Electronic check,24.94,1607.16,No
9751-FGADO,Male,0,Yes,Yes,54,Yes,No,No,No internet service,No internet service,No internet service,No internet service,No internet service,No internet service,One year,No,Bank transfer (automatic),20.96,1200.12,No
8209-NGKCP,Female,0,No,No,59,No,No phone service,DSL,No,Yes,No,No,No,No,Two year,Yes,Mailed check,31.38,1988.53,No
3590-YKRZJ,Male,0,No,No,43,Yes,No,Fiber optic,No,No,No,Yes,No,Yes,One year,No,Mailed check,82.69,3371.97,No
6984-OXQNN,Female,0,No,No,6,Yes,Yes,No,No internet service,No internet service,No internet service,No internet service,No internet service,No internet service,One year,No,Electronic check,25.79,148.24,No
4886-XDHBE,Male,0,No,No,12,Yes,Yes,DSL,No,Yes,Yes,No,No,No,Month-to-month,No,Mailed check,57.71,687.29,Yes
5560-RMTCR,Male,0,No,No,4,Yes,No,Fiber optic,Yes,No,Yes,No,Yes,Yes,Month-to-month,No,Mailed check,93.64,384.72,No
7897-BMKAB,Female,0,Yes,Yes,58,Yes,No,Fiber optic,No,Yes,Yes,No,Yes,No,Month-to-month,Yes,Credit card (automatic),85.95,4906.69,No
8144-GQJLI,Female,0,Yes,No,17,Yes,No,Fiber optic,No,Yes,No,No,Yes,Yes,Month-to-month,No,Electronic check,91.12,1480.04,Yes
3270-CBDJE,Male,0,No,No,13,Yes,Yes,DSL,No,No,Yes,Yes,No,No,Month-to-month,No,Mailed check,62.76,791.65,No
8260-EABZC,Female,0,Yes,No,9,No,No phone service,DSL,No,Yes,No,Yes,No,Yes,Month-to-month,No,Electronic check,45.26,430.57,No
0124-EDXBO,Female,0,Yes,Yes,4,Yes,No,No,No internet service,No internet service,No internet service,No internet service,No internet service,No internet service,Month-to-month,No,Electronic check,18.25,75.51,No
5104-KYFKG,Female,0,No,No,26,Yes,No,DSL,No,Yes,No,Yes,No,Yes,Month-to-month,Yes,Electronic check,66.17,1743.56,No
8573-MNNCC,Female,0,No,No,44,Yes,Yes,DSL,No,No,Yes,No,Yes,Yes,Month-to-month,No,Mailed check,76.38,3119.53,No
9676-GSUMW,Female,0,Yes,Yes,35,Yes,No,No,No internet service,No internet service,No internet service,No internet service,No internet service,No internet service,One year,Yes,Electronic check,20.8,705.25,No
0013-ZTYUL,Male,0,No,No,25,No,No phone service,DSL,Yes,Yes,No,No,Yes,Yes,One year,Yes,Mailed check,55.13,1472.16,No
8483-IKXJY,Male,0,Yes,No,61,Yes,No,Fiber optic,Yes,No,No,No,Yes,No,One year,Yes,Mailed check,85.28,5548.53,No
7108-FUVOZ,Male,0,Yes,No,43,Yes,No,No,No internet service,No internet service,No internet service,No internet service,No internet service,No internet service,One year,No,Mailed check,18.25,768.07,No
5919-KAPHI,Male,0,Yes,No,23,No,No phone service,No,No internet service,No internet service,No internet service,No internet service,No internet service,No internet service,One year,No,Mailed check,18.25,391.14,No
2028-QSCRV,Male,0,Yes,No,57,Yes,Yes,No,No internet service,No internet service,No internet service,No internet service,No internet service,No internet service,Two year,Yes,Mailed check,24.73,1446.24,No
3405-MNGQI,Female,0,No,No,3,Yes,Yes,No,No internet service,No internet service,No internet service,No internet service,No internet service,No internet service,Month-to-month,No,Credit card (automatic),20.57,62.67,No
8749-ISBPW,Male,0,Yes,No,43,Yes,No,DSL,No,No,No,No,Yes,No,Two year,Yes,Electronic check,53.24,2207.5,No
8662-YPNVZ,Female,0,No,No,24,Yes,No,No,No internet service,No internet service,No internet service,No internet service,No internet service,No internet service,Month-to-month,Yes,Electronic check,19.49,490.56,No
4721-JCDNY,Male,0,No,No,37,Yes,Yes,Fiber optic,No,No,No,No,No,Yes,One year,No,Credit card (automatic),81.26,3101.7,No
4308-XHPDW,Male,0,Yes,Yes,13,No,No phone service,DSL,No,No,Yes,No,Yes,No,Month-to-month,Yes,Electronic check,39.36,542.51,No
5251-LSRXJ,Female,0,Yes,Yes,23,Yes,Yes,No,No internet service,No internet service,No internet service,No internet service,No internet service,No internet service,Month-to-month,No,Bank transfer (automatic),22.71,537.18,No
6503-TJCJR,Female,0,No,No,41,Yes,No,DSL,No,Yes,No,No,Yes,Yes,Two year,No,Credit card (automatic),65.96,2494.62,No
9380-DMSML,Female,0,Yes,Yes,9,Yes,Yes,DSL,No,No,No,Yes,Yes,Yes,Month-to-month,No,Credit card (automatic),76.83,731.28,No
2898-PGZHN,Male,0,No,No,13,Yes,Yes,DSL,Yes,Yes,No,No,No,Yes,Month-to-month,Yes,Electronic check,70.32,979.87,No
7244-BVFJE,Male,0,Yes,No,26,Yes,No,Fiber optic,Yes,No,No,No,Yes,Yes,Month-to-month,Yes,Electronic check,93.43,2270.61,Yes
2765-POAXO,Female,0,No,No,22,Yes,No,Fiber optic,No,No,No,Yes,Yes,No,Month-to-month,No,Credit card (automatic),86.43,1874.72,No
6368-TXQTF,Male,0,No,Yes,38,Yes,Yes,DSL,Yes,No,Yes,No,No,No,Two year,Yes,Credit card (automatic),62.58,2301.94,No
1915-ATSCM,Male,0,No,No,51,Yes,Yes,No,No internet service,No internet service,No internet service,No internet service,No internet service,No internet service,One year,No,Bank transfer (automatic),22.31,1152.79,No
2538-QQLHG,Male,0,Yes,No,13,Yes,No,No,No internet service,No internet service,No internet service,No internet service,No internet service,No internet service,One year,No,Credit card (automatic),22.11,273.76,No
5056-VADFC,Female,0,No,No,4,Yes,No,DSL,Yes,Yes,Yes,No,Yes,No,Month-to-month,No,Electronic check,71.31,280.51,Yes
4903-EAHTI,Female,0,No,No,12,Yes,No,Fiber optic,No,No,No,Yes,Yes,Yes,Month-to-month,No,Credit card (automatic),96.06,1240.68,Yes
9506-KXDJG,Male,0,No,No,38,Yes,Yes,No,No internet service,No internet service,No internet service,No internet service,No internet service,No internet service,One year,No,Credit card (automatic),27.48,985.98,No
4288-NQMUS,Male,0,No,Yes,10,Yes,No,DSL,No,No,Yes,Yes,No,No,Month-to-month,No,Electronic check,59.17,638.48,No
0146-JHYLR,Male,0,Yes,Yes,17,No,No phone service,DSL,Yes,Yes,Yes,Yes,Yes,Yes,Month-to-month,No,Electronic check,66.6,1064.04,No
4330-LBGEE,Male,0,Yes,Yes,7,Yes,Yes,Fiber optic,No,No,No,Yes,Yes,Yes,Month-to-month,Yes,Bank transfer (automatic),101,742.28,Yes
4427-MIKSA,Female,1,Yes,Yes,3,Yes,Yes,DSL,Yes,No,No,No,Yes,No,Month-to-month,Yes,Credit card (automatic),63.94,193.38,No
3173-OXQCK,Female,0,No,No,42,Yes,No,DSL,Yes,Yes,Yes,No,No,No,Two year,Yes,Mailed check,58.47,2389.85,No
2027-ZERQF,Female,0,No,No,9,Yes,Yes,No,No internet service,No internet service,No internet service,No internet service,No internet service,No internet service,One year,Yes,Credit card (automatic),26.33,245.35,No
8025-NJEYU,Male,0,Yes,Yes,2,Yes,No,DSL,No,No,No,No,Yes,No,Month-to-month,No,Electronic check,53.22,106.94,Yes
8572-ZLSXW,Male,0,Yes,No,4,Yes,Yes,Fiber optic,No,Yes,No,Yes,No,No,Month-to-month,Yes,Electronic check,87.28,362.18,No
1526-BZOSN,Male,0,No,No,18,Yes,No,DSL,No,No,Yes,No,Yes,No,One year,No,Credit card (automatic),58.43,1073.49,No
3415-BDWIA,Male,0,Yes,No,12,Yes,No,Fiber optic,No,Yes,Yes,No,Yes,Yes,Month-to-month,No,Electronic check,103.59,1205.22,Yes
2033-EBJRZ,Female,0,No,No,44,Yes,Yes,DSL,No,No,Yes,No,No,Yes,Two year,Yes,Mailed check,65.89,2719.21,No
4564-CCXHQ,Female,0,No,No,7,Yes,Yes,DSL,Yes,No,No,Yes,Yes,No,Month-to-month,Yes,Electronic check,69.43,452.05,No
9273-EZPTB,Male,0,No,No,7,No,No phone service,Fiber optic,Yes,Yes,No,Yes,No,No,Month-to-month,Yes,Electronic check,62.63,446.19,Yes
5406-BYRFB,Female,1,Yes,Yes,11,Yes,No,Fiber optic,No,No,Yes,No,Yes,Yes,Month-to-month,Yes,Electronic check,92,1039.32,Yes
2815-SILQZ,Female,0,No,No,33,No,No phone service,DSL,Yes,No,No,No,Yes,Yes,One year,Yes,Bank transfer (automatic),51.25,1556.24,No
6003-ZTQIL,Male,0,Yes,No,1,Yes,No,No,No internet service,No internet service,No internet service,No internet service,No internet service,No internet service,Month-to-month,Yes,Credit card (automatic),22.42,21.81,No
3703-YKRRV,Female,0,Yes,No,60,Yes,No,No,No internet service,No internet service,No internet service,No internet service,No internet service,No internet service,Two year,No,Bank transfer (automatic),18.25,1040.25,No
6749-RHDEF,Female,0,Yes,Yes,6,Yes,Yes,Fiber optic,No,Yes,No,No,Yes,No,Month-to-month,Yes,Electronic check,91.39,516.7,Yes
8556-AVNYC,Female,1,Yes,Yes,36,Yes,No,DSL,Yes,No,No,No,No,No,Month-to-month,No,Bank transfer (automatic),50.59,1682.31,No
0265-KTCHG,Male,1,No,No,69,Yes,Yes,No,No internet service,No internet service,No internet service,No internet service,No internet service,No internet service,Two year,No,Electronic check,27.35,1843.33,No
0956-WKTZS,Female,0,No,No,18,Yes,Yes,Fiber optic,No,Yes,Yes,No,Yes,No,Month-to-month,Yes,Mailed check,96.23,1749.71,Yes
9808-DXGZZ,Male,0,Yes,Yes,13,No,No phone service,Fiber optic,Yes,No,No,No,No,No,Month-to-month,No,Credit card (automatic),56.61,724.49,Yes
7836-LFZNS,Male,0,No,No,1,Yes,No,Fiber optic,Yes,No,No,No,No,Yes,Month-to-month,No,Electronic check,85.2,79.35,Yes
1180-IQNSR,Female,1,No,No,45,Yes,Yes,Fiber optic,No,Yes,Yes,No,Yes,No,One year,Yes,Bank transfer (automatic),95.41,4293.57,Yes
9612-UKSIX,Male,0,Yes,Yes,1,Yes,Yes,Fiber optic,Yes,No,Yes,No,No,Yes,Month-to-month,Yes,Electronic check,94.14,96.6,Yes
1274-USWCF,Male,0,Yes,Yes,45,Yes,No,Fiber optic,No,Yes,No,Yes,No,Yes,Two year,No,Credit card (automatic),88.27,3929.25,No
9038-OOSFT,Male,1,No,No,33,Yes,Yes,No,No internet service,No internet service,No internet service,No internet service,No internet service,No internet service,One year,Yes,Credit card (automatic),24.27,737.23,No
2027-YFMOG,Male,0,No,No,68,Yes,No,Fiber optic,No,Yes,Yes,No,No,No,One year,No,Electronic check,78.14,5403.33,No
5958-DTFCT,Female,0,Yes,No,30,Yes,Yes,Fiber optic,Yes,Yes,Yes,No,Yes,No,Two year,No,Credit card (automatic),98.68,3098.41,No
7451-MCIAQ,Female,0,No,No,65,Yes,Yes,DSL,No,Yes,Yes,No,Yes,No,Two year,Yes,Electronic check,71.44,4551.76,No
2843-UGZTQ,Male,1,No,Yes,37,Yes,No,Fiber optic,No,Yes,Yes,No,No,No,Month-to-month,No,Electronic check,77.73,2863.9,Yes
5835-UKVXC,Male,0,No,No,66,Yes,Yes,DSL,No,Yes,Yes,No,Yes,Yes,Two year,Yes,Electronic check,79.37,5616.03,No
7539-UFBFV,Female,0,Yes,No,26,Yes,Yes,Fiber optic,No,Yes,Yes,Yes,Yes,No,Month-to-month,No,Electronic check,96.73,2690.11,Yes
0261-OFVTT,Female,0,No,No,71,Yes,No,Fiber optic,No,No,Yes,No,Yes,No,Two year,No,Mailed check,84.04,5682.74,No
7557-EXKAS,Male,0,Yes,No,30,Yes,Yes,Fiber optic,Yes,Yes,Yes,Yes,No,Yes,Month-to-month,Yes,Mailed check,107.22,3202.95,Yes
3214-IPEVW,Female,1,Yes,No,36,Yes,No,DSL,No,No,Yes,No,No,Yes,Month-to-month,Yes,Mailed check,59.66,2221.38,Yes
8306-KBXZJ,Female,1,No,No,31,No,No phone service,DSL,Yes,Yes,Yes,Yes,No,No,One year,No,Mailed check,42.89,1282.78,No
9139-XJWXY,Male,1,Yes,Yes,48,Yes,No,DSL,Yes,No,Yes,Yes,Yes,No,One year,No,Bank transfer (automatic),69.24,3314.55,No
6592-LMGZK,Female,1,Yes,Yes,62,Yes,Yes,Fiber optic,No,No,No,No,Yes,Yes,Two year,No,Bank transfer (automatic),94.01,5705.46,No
5652-YUDDX,Male,0,Yes,No,3,Yes,Yes,DSL,Yes,No,Yes,Yes,Yes,No,Month-to-month,No,Electronic check,73.59,211.45,No
8740-XMRPH,Male,0,Yes,Yes,68,Yes,Yes,Fiber optic,Yes,Yes,Yes,No,Yes,Yes,One year,Yes,Credit card (automatic),110.37,7553.18,No
8082-AQYBU,Male,0,No,No,7,Yes,Yes,No,No internet service,No internet service,No internet service,No internet service,No internet service,No internet service,Month-to-month,No,Mailed check,23.76,157.47,Yes
7820-RARZT,Male,1,Yes,Yes,49,Yes,No,DSL,No,No,No,No,No,Yes,One year,Yes,Bank transfer (automatic),54.87,2840.42,No
2833-WMIHR,Female,0,No,No,72,Yes,Yes,Fiber optic,No,No,Yes,No,No,Yes,Month-to-month,No,Credit card (automatic),88,6564.34,No
3730-YJQNZ,Male,0,No,Yes,28,No,No phone service,Fiber optic,No,No,No,No,No,Yes,Month-to-month,Yes,Mailed check,61.55,1642.01,No
4275-AMEPO,Male,0,Yes,No,47,Yes,Yes,DSL,No,Yes,No,Yes,No,Yes,Two year,No,Credit card (automatic),72.92,3315.48,No
7630-JIURV,Female,0,Yes,Yes,19,Yes,Yes,Fiber optic,No,No,No,No,No,No,One year,Yes,Electronic check,73.71,1495.85,No
7721-JWABW,Female,0,No,No,6,Yes,No,Fiber optic,Yes,No,Yes,No,Yes,Yes,One year,Yes,Mailed check,99.46,624.12,Yes
1486-LSVUU,Male,1,No,No,39,Yes,Yes,No,No internet service,No internet service,No internet service,No internet service,No internet service,No internet service,Two year,Yes,Bank transfer (automatic),25.07,1002.42,No
3269-IORDX,Male,0,No,No,53,No,No phone service,DSL,No,No,No,Yes,No,No,One year,Yes,Mailed check,30.17,1658.77,No
5890-RGVRX,Female,0,Yes,Yes,19,Yes,No,DSL,No,Yes,No,No,No,Yes,One year,Yes,Credit card (automatic),60.67,1190.98,Yes
6075-BFJAA,Female,0,Yes,No,68,Yes,No,No,No internet service,No internet service,No internet service,No internet service,No internet service,No internet service,Two year,Yes,Credit card (automatic),21.3,1349.8,No
5346-UCBOX,Male,0,Yes,No,43,Yes,Yes,No,No internet service,No internet service,No internet service,No internet service,No internet service,No internet service,Month-to-month,No,Mailed check,21.75,875.17,No
4980-RMAPU,Male,0,Yes,Yes,44,Yes,No,DSL,No,No,Yes,Yes,No,No,Month-to-month,No,Electronic check,55.25,2382.58,No
6185-OEBBQ,Male,0,No,No,20,Yes,No,DSL,Yes,No,Yes,Yes,No,No,Two year,Yes,Bank transfer (automatic),60,1254.43,No
3590-ISNAI,Female,1,Yes,Yes,18,Yes,No,Fiber optic,Yes,Yes,No,No,No,Yes,One year,Yes,Bank transfer (automatic),92.61,1587.5,No
7811-TERHH,Male,1,Yes,No,20,Yes,No,Fiber optic,Yes,No,No,Yes,Yes,No,Month-to-month,No,Electronic check,89.75,1827.93,No
1992-IDUYC,Female,0,No,No,27,Yes,No,Fiber optic,No,Yes,No,No,Yes,No,Month-to-month,Yes,Electronic check,82.87,2247.63,Yes
3986-EATUG,Male,1,Yes,No,72,Yes,No,DSL,No,Yes,No,No,No,Yes,Month-to-month,Yes,Mailed check,62.4,4847.1,No
8516-WJBJD,Female,0,No,No,1,Yes,No,Fiber optic,No,No,Yes,No,Yes,Yes,Two year,Yes,Bank transfer (automatic),97.07,99.13,No
0077-CZYIN,Female,0,Yes,Yes,62,Yes,Yes,DSL,No,No,No,No,No,No,Two year,Yes,Bank transfer (automatic),51.77,3095.91,No
8124-LZCIS,Male,0,No,No,1,Yes,Yes,Fiber optic,Yes,Yes,Yes,No,Yes,No,Two year,Yes,Mailed check,102.33,102.8,No
8096-PJFNA,Male,0,Yes,Yes,41,Yes,No,Fiber optic,No,No,No,Yes,No,Yes,Two year,No,Mailed check,82.9,3583.25,No
6080-XSUPY,Female,1,No,No,66,Yes,Yes,No,No internet service,No internet service,No internet service,No internet service,No internet service,No internet service,Two year,Yes,Electronic check,22.77,1442.25,No
5373-CTFIV,Male,0,No,No,26,Yes,No,Fiber optic,No,No,No,No,Yes,Yes,Month-to-month,Yes,Electronic check,90.6,2302.96,No
1806-UOKPZ,Female,1,Yes,No,30,Yes,No,DSL,No,Yes,Yes,No,Yes,No,Month-to-month,No,Mailed check,64.41,2016.7,No
1638-AJQAZ,Female,0,Yes,No,61,No,No phone service,No,No internet service,No internet service,No internet service,No internet service,No internet service,No internet service,One year,Yes,Credit card (automatic),18.25,1123.09,No
8461-PBTXR,Female,0,No,No,52,Yes,No,Fiber optic,No,No,No,Yes,Yes,Yes,Two year,Yes,Credit card (automatic),94.31,4701.16,No
6382-HNWIK,Male,0,No,Yes,47,Yes,Yes,No,No internet service,No internet service,No internet service,No internet service,No internet service,No internet service,Month-to-month,Yes,Bank transfer (automatic),26.53,1259.05,No
0294-XLCNO,Male,0,Yes,No,44,Yes,No,No,No internet service,No internet service,No internet service,No internet service,No internet service,No internet service,Two year,Yes,Mailed check,18.25,772.87,No
3560-GEITN,Male,0,No,No,68,Yes,Yes,Fiber optic,Yes,Yes,No,Yes,Yes,Yes,Two year,Yes,Credit card (automatic),110.89,6952.36,No
7665-PGLCY,Male,0,No,No,2,Yes,No,DSL,No,No,Yes,No,Yes,Yes,Month-to-month,Yes,Electronic check,66.14,126.49,No
7574-KUBEM,Female,1,Yes,Yes,15,No,No phone service,DSL,No,No,No,Yes,Yes,Yes,Month-to-month,No,Electronic check,49.82,733.84,No
3354-TCBWP,Male,0,No,No,28,Yes,Yes,Fiber optic,No,No,Yes,No,No,No,Month-to-month,No,Electronic check,79.24,2256.69,Yes
4823-DGLPM,Female,0,Yes,No,20,Yes,No,Fiber optic,No,Yes,No,No,No,Yes,Month-to-month,No,Bank transfer (automatic),83.38,1565.45,No
6163-QIYGM,Male,0,No,Yes,45,Yes,Yes,DSL,No,No,Yes,Yes,No,Yes,Month-to-month,No,Mailed check,69.65,3104.19,No
7604-UIIKG,Male,0,No,No,28,Yes,Yes,Fiber optic,No,Yes,No,No,No,No,Month-to-month,No,Credit card (automatic),82.76,2316.81,Yes
0755-LLGOG,Male,0,No,No,8,No,No phone service,DSL,Yes,No,No,Yes,No,No,One year,No,Bank transfer (automatic),34.32,290.78,No
7581-TGHIX,Female,0,No,No,27,Yes,Yes,DSL,Yes,Yes,Yes,Yes,Yes,No,One year,No,Mailed check,79.87,2118.06,No
6035-WJMPV,Female,1,No,No,21,Yes,Yes,DSL,No,No,No,No,No,No,Two year,Yes,Credit card (automatic),49.63,972.27,No
8464-EYUKY,Male,0,Yes,Yes,47,No,No phone service,DSL,Yes,No,Yes,No,No,No,One year,Yes,Bank transfer (automatic),35.12,1757.18,No
4401-DKUPE,Female,0,Yes,No,67,Yes,Yes,DSL,No,No,Yes,Yes,Yes,Yes,One year,Yes,Bank transfer (automatic),78.82,5234.64,No
9868-CEAUC,Female,0,Yes,Yes,44,Yes,No,Fiber optic,No,No,Yes,Yes,Yes,Yes,Month-to-month,No,Mailed check,97.3,4096,No
5531-OLVBC,Female,0,Yes,Yes,24,Yes,Yes,No,No internet service,No internet service,No internet service,No internet service,No internet service,No internet service,Month-to-month,Yes,Mailed check,23.7,532.19,No
2651-FZRHQ,Female,0,Yes,Yes,13,Yes,No,No,No internet service,No internet service,No internet service,No internet service,No internet service,No internet service,Month-to-month,Yes,Electronic check,23.21,284.66,Yes
8984-JTQSQ,Female,0,No,No,35,No,No phone service,Fiber optic,No,No,No,No,No,Yes,Two year,No,Bank transfer (automatic),61.97,2315.32,No
8672-TNKXW,Female,0,Yes,Yes,11,Yes,No,No,No internet service,No internet service,No internet service,No internet service,No internet service,No internet service,Month-to-month,Yes,Mailed check,18.51,214.6,No
1345-JHBTA,Male,0,No,No,60,Yes,No,DSL,Yes,No,Yes,No,Yes,No,Two year,Yes,Credit card (automatic),67.8,3986.45,No
3513-WIGVM,Female,1,Yes,Yes,62,Yes,No,Fiber optic,No,Yes,No,Yes,Yes,No,One year,No,Mailed check,86.12,5626.02,No
0353-NKOLX,Male,0,Yes,Yes,11,No,No phone service,Fiber optic,No,Yes,No,Yes,No,Yes,Month-to-month,Yes,Electronic check,70.21,794.97,No
7137-USMQH,Female,0,No,No,26,No,No phone service,Fiber optic,No,Yes,Yes,No,Yes,Yes,Month-to-month,No,Bank transfer (automatic),76.62,1865.09,Yes
5769-JWDXF,Male,0,Yes,No,50,Yes,No,DSL,No,No,Yes,Yes,No,No,One year,Yes,Bank transfer (automatic),57.56,2726.17,No
1546-DJTKL,Female,1,No,No,28,Yes,No,DSL,No,No,No,Yes,No,No,One year,Yes,Bank transfer (automatic),47.68,1365.55,No
7713-QXJGL,Male,0,Yes,Yes,3,Yes,No,DSL,No,Yes,Yes,No,Yes,Yes,Month-to-month,No,Electronic check,76.33,227.97,Yes
0393-VOJCT,Female,0,Yes,No,21,Yes,Yes,No,No internet service,No internet service,No internet service,No internet service,No internet service,No internet service,One year,Yes,Credit card (automatic),26.43,578.81,No
6225-WBNVV,Male,0,No,No,5,Yes,No,No,No internet service,No internet service,No internet service,No internet service,No internet service,No internet service,Month-to-month,No,Bank transfer (automatic),21.57,115.47,No
8435-OXISS,Male,0,No,No,62,Yes,Yes,DSL,No,No,No,No,No,No,Month-to-month,Yes,Mailed check,49.29,3055,No
5032-LUOMK,Female,0,Yes,No,53,Yes,No,Fiber optic,Yes,Yes,No,No,No,No,Two year,No,Electronic check,74.89,3721.72,No
5038-FNCIY,Female,0,Yes,Yes,1,No,No phone service,No,No internet service,No internet service,No internet service,No internet service,No internet service,No internet service,Month-to-month,No,Electronic check,18.25,18.95,No
2454-HSLDV,Female,0,Yes,Yes,12,Yes,No,DSL,Yes,No,Yes,Yes,No,No,Month-to-month,Yes,Bank transfer (automatic),58.81,730.2,No
6458-UWUUW,Male,1,Yes,No,57,Yes,Yes,Fiber optic,Yes,No,Yes,No,Yes,Yes,Two year,No,Bank transfer (automatic),104.11,6071.34,No
1151-CBNBP,Male,0,No,No,9,No,No phone service,DSL,No,Yes,No,No,Yes,Yes,Month-to-month,No,Electronic check,48.6,412.69,No
0831-RCKTO,Female,1,No,No,15,Yes,No,DSL,Yes,No,Yes,No,No,No,Month-to-month,No,Electronic check,52.51,835.88,No
8879-CYEOZ,Male,0,Yes,No,42,Yes,No,Fiber optic,No,Yes,No,Yes,Yes,Yes,One year,Yes,Bank transfer (automatic),97.01,4334.17,No
0677-IGPNW,Male,1,Yes,No,62,Yes,Yes,DSL,Yes,Yes,No,No,No,No,Two year,Yes,Electronic check,60.05,3476.02,No
2270-ARBVP,Female,0,Yes,No,3,Yes,No,No,No internet service,No internet service,No internet service,No internet service,No internet service,No internet service,Two year,No,Bank transfer (automatic),18.89,59.63,No
1598-VATHY,Female,0,Yes,Yes,29,Yes,No,No,No internet service,No internet service,No internet service,No internet service,No internet service,No internet service,Month-to-month,No,Mailed check,18.25,563.43,No
4412-YFNRA,Female,0,No,No,51,Yes,Yes,DSL,No,Yes,No,No,No,No,Two year,Yes,Credit card (automatic),52.65,2866.27,No
6133-MYVBX,Male,0,Yes,No,13,Yes,No,DSL,Yes,Yes,No,No,Yes,No,Month-to-month,No,Electronic check,63.07,788.67,Yes
1356-YMILG,Male,0,No,Yes,28,Yes,Yes,DSL,Yes,Yes,Yes,Yes,Yes,No,Month-to-month,Yes,Bank transfer (automatic),75.91,2246.23,No
1713-DEJBV,Female,0,No,No,46,Yes,Yes,Fiber optic,No,No,No,No,No,Yes,One year,No,Bank transfer (automatic),84.14,3832.76,No
5234-AHNDD,Male,1,No,No,59,Yes,Yes,DSL,No,No,Yes,No,Yes,Yes,Two year,No,Mailed check,73.8,4136.51,No
5117-NHWJP,Male,0,No,No,34,Yes,No,Fiber optic,No,Yes,No,Yes,No,Yes,Month-to-month,Yes,Mailed check,86.66,2837.81,Yes
3164-EGAPY,Male,1,Yes,No,34,No,No phone service,Fiber optic,Yes,No,Yes,Yes,No,Yes,Month-to-month,Yes,Bank transfer (automatic),75.41,2671.31,Yes
7083-RFWSH,Female,0,No,No,1,Yes,Yes,DSL,No,Yes,Yes,Yes,No,Yes,Month-to-month,No,Credit card (automatic),73.55,75.52,Yes
9837-VMKKJ,Male,0,No,Yes,44,Yes,No,Fiber optic,No,No,No,No,Yes,Yes,Month-to-month,Yes,Electronic check,90.47,4057.07,Yes
9359-KUUPT,Male,1,No,Yes,18,Yes,No,Fiber optic,Yes,Yes,No,No,Yes,No,Month-to-month,Yes,Electronic check,92.04,1710.32,No
2702-KPLKZ,Female,0,Yes,Yes,48,Yes,Yes,Fiber optic,Yes,No,Yes,Yes,No,No,One year,Yes,Bank transfer (automatic),88.55,4474.49,No
4054-OMNBZ,Female,1,Yes,Yes,26,Yes,No,No,No internet service,No internet service,No internet service,No internet service,No internet service,No internet service,Month-to-month,No,Bank transfer (automatic),22.21,549.31,Yes
7742-ZOLXD,Male,0,Yes,Yes,12,Yes,Yes,DSL,Yes,Yes,No,No,Yes,No,Month-to-month,Yes,Credit card (automatic),69.06,802.76,No
3267-TDHIQ,Male,0,Yes,Yes,71,Yes,No,Fiber optic,Yes,No,No,No,No,Yes,One year,No,Electronic check,85.99,6070.97,No
2928-UWJCG,Male,0,No,No,68,Yes,No,No,No internet service,No internet service,No internet service,No internet service,No internet service,No internet service,Month-to-month,Yes,Bank transfer (automatic),20.71,1414.53,No
1987-BFPPE,Male,0,No,No,32,Yes,No,DSL,No,Yes,Yes,Yes,No,No,Month-to-month,Yes,Electronic check,57.23,1906.62,Yes
5840-WRFDL,Male,1,No,No,2,Yes,Yes,Fiber optic,No,No,Yes,Yes,Yes,Yes,Month-to-month,Yes,Electronic check,104.77,219.14,Yes
3267-JBFDE,Female,0,No,No,50,Yes,No,DSL,No,No,Yes,Yes,No,No,One year,No,Mailed check,55.04,2695.67,No
5870-AQLJU,Male,1,No,No,69,Yes,Yes,Fiber optic,Yes,Yes,No,Yes,No,Yes,Two year,No,Bank transfer (automatic),101.09,7110.74,No
6040-JXUWX,Female,0,No,No,21,Yes,Yes,Fiber optic,No,No,No,No,Yes,Yes,Month-to-month,Yes,Credit card (automatic),94.54,1942.12,No
6358-MWMXU,Male,1,Yes,Yes,18,Yes,No,No,No internet service,No internet service,No internet service,No internet service,No internet service,No internet service,Month-to-month,No,Credit card (automatic),19.54,344.49,No
7506-UVZUN,Male,1,No,No,57,Yes,No,No,No internet service,No internet service,No internet service,No internet service,No internet service,No internet service,Two year,No,Bank transfer (automatic),18.25,981.83,No
6606-TVJWM,Female,1,Yes,No,17,Yes,No,No,No internet service,No internet service,No internet service,No internet service,No internet service,No internet service,One year,Yes,Mailed check,20.02,349.63,No
2661-AITPC,Male,0,No,No,46,Yes,Yes,No,No internet service,No internet service,No internet service,No internet service,No internet service,No internet service,One year,Yes,Credit card (automatic),22.17,949.48,No
7267-IIQIA,Male,0,Yes,Yes,3,Yes,No,DSL,No,No,Yes,Yes,Yes,No,Month-to-month,No,Mailed check,64.37,188.16,No
7330-YDLGX,Female,0,No,No,8,Yes,No,Fiber optic,Yes,No,Yes,No,Yes,Yes,Month-to-month,No,Mailed check,99.93,862.41,Yes
6013-DOITO,Male,0,No,No,50,Yes,No,Fiber optic,Yes,Yes,No,No,Yes,No,Two year,No,Credit card (automatic),92.54,4840.39,No
7252-WLNLJ,Male,0,Yes,Yes,60,Yes,Yes,DSL,Yes,Yes,Yes,Yes,No,No,One year,No,Credit card (automatic),65.72,3823.62,No
5124-LPUEU,Female,0,Yes,Yes,2,No,No phone service,DSL,No,No,Yes,Yes,Yes,Yes,Two year,Yes,Credit card (automatic),57.03,109.87,No
7255-HJGRG,Male,0,Yes,No,3,Yes,No,Fiber optic,No,Yes,No,No,Yes,Yes,Month-to-month,No,Mailed check,97.05,306.8,Yes
8223-GGWWA,Male,0,No,No,12,Yes,Yes,Fiber optic,No,Yes,No,No,No,Yes,Month-to-month,No,Electronic check,89.37,1071.58,No
6124-ZDAXP,Male,0,Yes,Yes,3,Yes,No,Fiber optic,No,No,No,No,Yes,Yes,Month-to-month,Yes,Electronic check,90.73,259.04,No
2255-QIZGW,Female,1,Yes,No,71,No,No phone service,No,No internet service,No internet service,No internet service,No internet service,No internet service,No internet service,Two year,Yes,Bank transfer (automatic),18.25,1317.31,No
4865-JUWLN,Male,0,No,No,15,Yes,No,DSL,No,No,No,No,No,No,Month-to-month,No,Bank transfer (automatic),41.9,601.95,No
9091-AXEWI,Male,0,No,No,64,Yes,No,Fiber optic,No,Yes,No,Yes,No,No,Month-to-month,Yes,Electronic check,82.14,5090.58,No
8046-XUVCJ,Male,0,No,No,66,Yes,No,DSL,No,Yes,Yes,Yes,No,No,One year,Yes,Bank transfer (automatic),59.69,3930.06,No
0846-WEKNW,Female,0,Yes,Yes,64,Yes,Yes,No,No internet service,No internet service,No internet service,No internet service,No internet service,No internet service,Two year,No,Bank transfer (automatic),25.51,1621.17,No
0242-KBHWK,Female,1,Yes,Yes,21,Yes,No,Fiber optic,No,No,Yes,No,No,No,Month-to-month,Yes,Mailed check,70.43,1586.14,Yes
5343-YGSZF,Female,0,Yes,Yes,15,Yes,Yes,DSL,Yes,No,No,No,No,Yes,Month-to-month,Yes,Bank transfer (automatic),64.74,998.4,No
5405-MCQSY,Male,0,No,Yes,31,Yes,No,DSL,Yes,No,Yes,Yes,Yes,No,One year,Yes,Bank transfer (automatic),67.01,1986.43,No
4287-RMOIV,Female,0,No,No,9,Yes,No,DSL,No,Yes,Yes,No,Yes,Yes,Month-to-month,Yes,Bank transfer (automatic),77.94,754.16,No
8880-EZOKG,Female,0,No,No,18,Yes,No,DSL,No,Yes,No,Yes,Yes,Yes,One year,No,Bank transfer (automatic),75.36,1295.38,No
3487-AKHTT,Male,1,No,No,53,Yes,Yes,Fiber optic,No,No,No,No,Yes,No,Two year,Yes,Bank transfer (automatic),85.8,4391.45,No
7709-QPEDD,Female,0,Yes,No,18,No,No phone service,DSL,No,No,Yes,Yes,No,Yes,Month-to-month,Yes,Credit card (automatic),42.11,767.63,No
3649-MQQAW,Female,0,Yes,No,43,Yes,Yes,Fiber optic,No,Yes,No,Yes,Yes,Yes,Month-to-month,Yes,Electronic check,106.25,4891.07,No
1952-CIPFD,Male,1,No,No,66,Yes,Yes,DSL,No,No,Yes,No,Yes,Yes,Two year,Yes,Credit card (automatic),74.77,5268.86,No
9012-YWXYZ,Male,0,Yes,No,31,No,No phone service,Fiber optic,Yes,Yes,No,No,Yes,No,One year,Yes,Bank transfer (automatic),72.02,2100.21,No
3262-PULLI,Female,0,No,No,16,Yes,No,DSL,Yes,Yes,Yes,Yes,No,No,Month-to-month,No,Credit card (automatic),66.01,1118.68,No
3002-OKOZX,Male,0,No,No,57,Yes,No,DSL,Yes,No,No,Yes,No,Yes,Month-to-month,Yes,Electronic check,67.7,3585.3,No
4119-BKURD,Male,0,Yes,No,55,Yes,No,No,No internet service,No internet service,No internet service,No internet service,No internet service,No internet service,One year,Yes,Credit card (automatic),19.14,1093.58,No
4597-NDBRE,Female,1,No,No,20,Yes,Yes,No,No internet service,No internet service,No internet service,No internet service,No internet service,No internet service,Month-to-month,No,Electronic check,26.3,494.26,Yes
9602-KECYK,Female,0,No,Yes,29,Yes,No,Fiber optic,Yes,Yes,Yes,Yes,No,No,Two year,Yes,Mailed check,89.56,2645.45,No
3834-EJKFZ,Female,0,Yes,No,40,Yes,No,Fiber optic,No,Yes,No,No,No,No,Month-to-month,Yes,Mailed check,72.22,3084.67,Yes
9290-STEOT,Male,0,Yes,No,8,Yes,No,Fiber optic,No,No,No,Yes,Yes,Yes,Month-to-month,Yes,Mailed check,95.26,812.31,No
4706-HPVID,Female,0,No,No,14,Yes,No,Fiber optic,Yes,No,Yes,No,No,Yes,Month-to-month,No,Credit card (automatic),87.35,1254.21,Yes
6114-DBNUM,Male,0,No,No,71,Yes,Yes,DSL,Yes,No,Yes,No,Yes,No,Two year,Yes,Credit card (automatic),70.11,4730.31,No
9968-SMHED,Male,0,Yes,Yes,4,Yes,Yes,Fiber optic,No,No,Yes,No,Yes,Yes,Month-to-month,Yes,Bank transfer (automatic),98.04,379.38,Yes
7533-PHKDJ,Female,1,Yes,Yes,19,Yes,No,DSL,Yes,No,Yes,No,No,Yes,One year,No,Bank transfer (automatic),63.92,1246.39,No
0324-YEZHJ,Male,0,Yes,No,60,Yes,No,Fiber optic,No,Yes,Yes,No,No,Yes,Two year,Yes,Credit card (automatic),87.35,5549.37,No
5277-QWJNR,Female,0,No,No,18,Yes,No,Fiber optic,No,No,No,No,No,Yes,Month-to-month,No,Electronic check,82.99,1382.37,No
6012-LSWRK,Female,1,Yes,No,71,Yes,No,Fiber optic,No,No,No,No,Yes,No,Two year,Yes,Mailed check,77.99,5210.61,Yes
2804-DDELN,Female,0,No,Yes,69,Yes,No,No,No internet service,No internet service,No internet service,No internet service,No internet service,No internet service,One year,No,Electronic check,19.18,1228.53,No
4695-IAUIR,Female,0,Yes,No,8,Yes,No,DSL,No,No,No,No,No,No,Month-to-month,Yes,Mailed check,43.98,335.4,Yes
4244-HFOMF,Male,0,No,No,71,Yes,No,Fiber optic,No,No,No,No,No,Yes,Two year,No,Mailed check,79.51,5316.47,No
9269-HEFGF,Male,0,Yes,Yes,1,No,No phone service,DSL,No,No,No,Yes,No,No,Two year,Yes,Credit card (automatic),28.04,27.04,Yes
6900-ZPURJ,Male,1,Yes,No,6,Yes,No,DSL,Yes,No,No,Yes,No,No,Month-to-month,Yes,Credit card (automatic),54.33,344.8,No
0584-UZRJW,Female,0,No,No,41,Yes,Yes,DSL,No,Yes,No,Yes,No,Yes,Two year,Yes,Bank transfer (automatic),69.84,2804.81,No
2700-KXEGB,Male,0,No,No,61,No,No phone service,DSL,Yes,No,Yes,No,No,Yes,One year,No,Credit card (automatic),45.39,2964.46,No
4046-JHUIS,Female,0,No,No,1,Yes,No,No,No internet service,No internet service,No internet service,No internet service,No internet service,No internet service,Two year,No,Bank transfer (automatic),22.26,21.92,No
3664-LYOND,Male,1,No,No,29,Yes,Yes,Fiber optic,No,Yes,Yes,No,No,No,One year,Yes,Electronic check,85.79,2652.58,No
6570-PNCIC,Female,0,Yes,Yes,60,No,No phone service,Fiber optic,No,No,Yes,No,Yes,Yes,Two year,Yes,Credit card (automatic),78.81,4467.57,No
6989-NELGM,Female,0,No,No,71,Yes,Yes,DSL,No,No,Yes,No,Yes,No,Two year,Yes,Bank transfer (automatic),64.55,4472.81,No
9431-TIYHG,Male,0,No,No,70,Yes,Yes,No,No internet service,No internet service,No internet service,No internet service,No internet service,No internet service,Two year,No,Credit card (automatic),24.36,1581.49,No
8508-UHOQY,Male,1,No,No,21,Yes,No,DSL,No,No,Yes,No,Yes,Yes,Month-to-month,Yes,Bank transfer (automatic),67.56,1430.62,No
3984-HMRWA,Female,0,Yes,No,35,Yes,Yes,DSL,No,No,No,No,Yes,No,One year,No,Mailed check,58.49,2154.58,No
3726-TGGVQ,Female,0,No,No,42,Yes,No,No,No internet service,No internet service,No internet service,No internet service,No internet service,No internet service,Two year,No,Electronic check,19.9,772.69,No
9615-FINNZ,Male,0,No,No,70,No,No phone service,Fiber optic,No,Yes,Yes,No,Yes,No,Two year,Yes,Bank transfer (automatic),69.67,5084.68,No
2610-KJMFK,Female,0,Yes,Yes,50,Yes,No,Fiber optic,Yes,No,Yes,No,Yes,Yes,Two year,Yes,Credit card (automatic),102.35,5264.3,No
9141-MWRIF,Female,0,Yes,No,14,Yes,No,No,No internet service,No internet service,No internet service,No internet service,No internet service,No internet service,Month-to-month,Yes,Bank transfer (automatic),19.43,253.95,No
6760-XQGVD,Female,1,Yes,No,45,Yes,Yes,Fiber optic,No,Yes,Yes,No,No,No,Two year,No,Mailed check,82.54,3761.41,No
6113-OBBXE,Female,0,Yes,No,52,Yes,Yes,DSL,Yes,Yes,Yes,Yes,Yes,Yes,Month-to-month,Yes,Mailed check,87.24,4766.99,No
9349-JDKDD,Female,0,Yes,Yes,69,Yes,No,DSL,Yes,Yes,No,Yes,Yes,No,Two year,Yes,Bank transfer (automatic),73.37,5210.63,No
2695-TWXTT,Male,0,Yes,Yes,23,Yes,No,DSL,No,No,Yes,No,No,No,Month-to-month,Yes,Bank transfer (automatic),50.38,1148.89,No
7736-ACXUQ,Female,0,Yes,Yes,64,Yes,No,No,No internet service,No internet service,No internet service,No internet service,No internet service,No internet service,Two year,Yes,Electronic check,18.25,1145.59,No
1751-UKGAC,Female,0,No,No,5,Yes,No,DSL,Yes,Yes,Yes,No,No,Yes,Month-to-month,No,Mailed check,73.12,365.6,No
8179-CVGAX,Male,0,Yes,No,8,No,No phone service,DSL,No,No,No,Yes,No,No,Month-to-month,Yes,Credit card (automatic),29.39,221.89,Yes
9915-GPHFK,Female,0,No,No,69,Yes,Yes,Fiber optic,No,No,No,No,Yes,Yes,Two year,Yes,Bank transfer (automatic),91.21,5944.2,No
5169-CAKZX,Male,0,No,No,16,No,No phone service,No,No internet service,No internet service,No internet service,No internet service,No internet service,No internet service,Month-to-month,Yes,Electronic check,18.25,289.52,No
2420-QRXAK,Female,0,No,No,29,Yes,Yes,Fiber optic,No,No,No,No,Yes,No,Month-to-month,Yes,Mailed check,84.11,2550.28,No
5718-IGAPZ,Male,0,Yes,Yes,48,No,No phone service,DSL,No,No,No,Yes,No,No,Two year,Yes,Electronic check,29.42,1410.09,No
5077-XIFJE,Male,0,No,No,13,Yes,No,DSL,No,No,No,No,Yes,No,Month-to-month,Yes,Credit card (automatic),55.07,772.64,Yes
3468-IJILT,Male,0,Yes,No,24,Yes,Yes,No,No internet service,No internet service,No internet service,No internet service,No internet service,No internet service,Month-to-month,No,Mailed check,28.58,721.09,No
3112-SHGHI,Male,0,Yes,Yes,36,No,No phone service,Fiber optic,Yes,No,No,No,Yes,No,Two year,Yes,Electronic check,64.3,2254.67,No
2612-ZPXLM,Male,0,Yes,Yes,66,Yes,No,DSL,No,No,No,Yes,No,No,Two year,Yes,Mailed check,49.51,3114.67,No
3740-TQSNG,Male,0,No,No,28,Yes,No,No,No internet service,No internet service,No internet service,No internet service,No internet service,No internet service,Month-to-month,No,Credit card (automatic),18.25,487.34,Yes
3799-GAYYG,Male,0,Yes,No,7,Yes,No,Fiber optic,No,Yes,Yes,No,Yes,No,Month-to-month,Yes,Electronic check,89.68,675.99,Yes
6741-PFIGQ,Female,0,Yes,Yes,2,Yes,Yes,Fiber optic,No,No,Yes,No,Yes,Yes,Month-to-month,Yes,Bank transfer (automatic),104.62,214.36,Yes
5075-WODGT,Female,0,No,No,54,Yes,Yes,Fiber optic,No,No,No,No,No,Yes,Two year,No,Bank transfer (automatic),81.71,4757.01,No
6672-KSLTZ,Female,0,No,No,58,Yes,Yes,DSL,Yes,Yes,No,Yes,Yes,Yes,One year,Yes,Credit card (automatic),80.28,4737.33,No
2312-BEJGN,Male,1,No,No,48,Yes,No,Fiber optic,No,No,No,No,No,Yes,Month-to-month,No,Bank transfer (automatic),77.23,3964.89,Yes
8729-AVQPR,Female,0,Yes,Yes,42,No,No phone service,Fiber optic,No,No,No,Yes,No,No,Two year,No,Bank transfer (automatic),52.46,2154.92,No
3396-TUZIJ,Female,0,No,No,47,Yes,Yes,DSL,Yes,No,No,Yes,No,No,One year,Yes,Mailed check,59.9,2598.47,No
0568-WGACT,Female,0,Yes,Yes,47,Yes,No,DSL,Yes,Yes,No,No,Yes,No,One year,Yes,Bank transfer (automatic),66.78,3124.11,No
7652-YCZCD,Male,0,Yes,No,17,Yes,No,No,No internet service,No internet service,No internet service,No internet service,No internet service,No internet service,One year,Yes,Credit card (automatic),19.89,350.15,No
7676-CDKIT,Female,0,Yes,Yes,9,Yes,No,No,No internet service,No internet service,No internet service,No internet service,No internet service,No internet service,Month-to-month,Yes,Mailed check,20.76,201.53,No
6362-CQSPC,Female,1,Yes,No,9,Yes,No,DSL,Yes,No,Yes,Yes,No,No,Month-to-month,Yes,Electronic check,59.71,578.66,Yes
3764-TLHFP,Male,1,Yes,No,24,Yes,No,DSL,Yes,No,No,No,No,No,One year,Yes,Credit card (automatic),48.78,1210.68,No
2403-REIUZ,Male,0,No,No,17,No,No phone service,Fiber optic,No,No,No,No,No,No,Month-to-month,No,Credit card (automatic),50.47,813.78,No
5316-UFJZA,Male,0,Yes,Yes,5,Yes,No,Fiber optic,No,No,No,Yes,No,No,Month-to-month,Yes,Mailed check,71.74,373.46,No
1137-VRELB,Male,0,Yes,No,71,Yes,Yes,Fiber optic,No,No,No,Yes,No,Yes,Two year,No,Mailed check,94.17,6400.07,No
5801-FHTQG,Male,1,Yes,No,18,No,No phone service,DSL,Yes,No,No,Yes,No,No,One year,Yes,Bank transfer (automatic),34.62,647.28,No
6582-CHNFG,Male,0,Yes,No,67,No,No phone service,No,No internet service,No internet service,No internet service,No internet service,No internet service,No internet service,Two year,Yes,Credit card (automatic),18.25,1132.17,No
7618-GYVFP,Male,0,No,No,69,Yes,Yes,DSL,Yes,No,Yes,No,Yes,Yes,Two year,Yes,Bank transfer (automatic),77.81,5523.12,No
8256-ZKHVK,Male,0,Yes,No,6,Yes,Yes,No,No internet service,No internet service,No internet service,No internet service,No internet service,No internet service,Month-to-month,Yes,Electronic check,24.45,143.07,No
5390-ZWPZK,Male,0,No,No,33,No,No phone service,Fiber optic,Yes,Yes,No,Yes,Yes,No,One year,Yes,Electronic check,75.81,2432.51,No
2805-BNBFA,Female,0,Yes,No,24,Yes,No,DSL,Yes,Yes,Yes,Yes,Yes,No,Month-to-month,No,Electronic check,74.75,1882.68,Yes
4885-TLSNH,Female,0,Yes,No,16,Yes,Yes,No,No internet service,No internet service,No internet service,No internet service,No internet service,No internet service,Month-to-month,No,Credit card (automatic),24.58,395.5,No
6446-PVUAC,Female,0,Yes,No,46,Yes,Yes,No,No internet service,No internet service,No internet service,No internet service,No internet service,No internet service,One year,Yes,Bank transfer (automatic),23.29,1144.8,Yes
0600-IYJGQ,Male,0,Yes,No,5,Yes,Yes,No,No internet service,No internet service,No internet service,No internet service,No internet service,No internet service,Month-to-month,No,Credit card (automatic),24.68,126.7,No
9909-ODPHP,Male,0,No,No,20,Yes,Yes,Fiber optic,No,No,Yes,No,Yes,No,Month-to-month,No,Mailed check,93.34,1730.55,No
6849-TTOQN,Female,0,Yes,No,51,Yes,Yes,Fiber optic,No,Yes,No,Yes,No,Yes,Two year,Yes,Electronic check,93.68,4777.96,No
4222-TFIHN,Male,0,No,Yes,1,Yes,Yes,DSL,No,Yes,Yes,No,No,No,Month-to-month,Yes,Electronic check,61.79,61.74,No
7662-XZKMN,Male,1,No,No,4,Yes,Yes,DSL,No,No,Yes,No,No,Yes,Month-to-month,No,Credit card (automatic),63.76,270.55,No
3799-KACTJ,Male,0,Yes,Yes,64,Yes,No,No,No internet service,No internet service,No internet service,No internet service,No internet service,No internet service,One year,No,Credit card (automatic),19.4,1184.09,No
7851-YXIHH,Female,0,No,No,4,Yes,Yes,Fiber optic,No,Yes,No,Yes,Yes,Yes,Month-to-month,Yes,Electronic check,106.56,395.49,Yes
5061-JEETF,Male,0,Yes,Yes,63,Yes,No,Fiber optic,No,Yes,No,Yes,Yes,Yes,Two year,No,Bank transfer (automatic),94.61,6109.44,No
8518-GWMZS,Male,0,No,No,32,Yes,No,Fiber optic,No,No,Yes,No,Yes,No,Month-to-month,Yes,Electronic check,85.9,2823.82,No
2313-ORBSG,Female,0,Yes,No,59,Yes,Yes,Fiber optic,Yes,Yes,No,Yes,No,Yes,Two year,No,Credit card (automatic),97.77,5926.65,No
9386-BQLQU,Male,0,No,No,32,Yes,Yes,No,No internet service,No internet service,No internet service,No internet service,No internet service,No internet service,Month-to-month,No,Mailed check,24.41,741.41,No
6882-EJISG,Female,1,Yes,Yes,32,Yes,No,DSL,Yes,No,No,Yes,No,Yes,Month-to-month,Yes,Electronic check,65.01,2187.76,No
5335-EFTWJ,Female,0,No,No,5,Yes,No,DSL,Yes,Yes,No,No,Yes,No,Month-to-month,No,Credit card (automatic),67.05,308.78,No
4754-WWKZV,Female,1,Yes,Yes,5,Yes,No,DSL,No,No,Yes,Yes,Yes,Yes,Month-to-month,No,Electronic check,74.81,352.74,Yes
0133-VBQLD,Female,0,No,No,66,Yes,Yes,No,No internet service,No internet service,No internet service,No internet service,No internet service,No internet service,Two year,No,Credit card (automatic),25.16,1761.93,Yes
5871-QQIGU,Female,1,No,No,4,Yes,Yes,DSL,Yes,Yes,No,Yes,No,No,Month-to-month,No,Electronic check,62.36,242.4,Yes
9861-VPBZL,Male,0,Yes,No,4,No,No phone service,No,No internet service,No internet service,No internet service,No internet service,No internet service,No internet service,Month-to-month,Yes,Mailed check,18.25,76.58,No
3084-BRSMS,Male,0,No,No,14,Yes,Yes,DSL,No,No,No,No,No,No,Month-to-month,Yes,Mailed check,49.94,658.07,Yes
3134-TBKLD,Female,1,No,Yes,4,Yes,Yes,DSL,Yes,Yes,No,Yes,Yes,No,Month-to-month,No,Mailed check,75.65,279.9,No
0029-WICQY,Female,1,No,No,10,Yes,Yes,No,No internet service,No internet service,No internet service,No internet service,No internet service,No internet service,Month-to-month,Yes,Electronic check,26.77,255.42,Yes
5060-MKCVK,Female,0,Yes,No,67,Yes,No,Fiber optic,No,No,No,Yes,Yes,Yes,Two year,No,Mailed check,95.32,6486.88,No
3848-NFDXP,Male,1,No,No,71,Yes,Yes,Fiber optic,No,No,No,Yes,Yes,Yes,One year,Yes,Credit card (automatic),98.19,7344.72,No
1500-WGNRO,Female,0,No,No,10,Yes,No,Fiber optic,Yes,Yes,No,No,Yes,Yes,Month-to-month,Yes,Mailed check,99.69,937.55,Yes
1604-TPXFK,Female,0,Yes,Yes,49,Yes,Yes,Fiber optic,No,Yes,No,Yes,No,No,Month-to-month,Yes,Electronic check,83.46,4330.69,No
7131-SVTZO,Female,0,No,No,13,Yes,No,Fiber optic,No,No,No,No,Yes,No,Month-to-month,Yes,Mailed check,77.64,1010.44,Yes
5690-JNYVK,Male,0,No,No,59,Yes,No,Fiber optic,No,Yes,No,Yes,No,No,Month-to-month,Yes,Mailed check,78.06,4290.01,No
8684-ZVGFO,Male,1,No,No,10,Yes,No,Fiber optic,No,No,Yes,Yes,No,Yes,Month-to-month,Yes,Mailed check,86.67,867.89,Yes
1378-NXJBZ,Female,0,No,No,3,Yes,Yes,Fiber optic,No,No,Yes,No,Yes,No,Month-to-month,Yes,Electronic check,87.48,279.33,No
6901-UMVBP,Male,0,No,No,35,Yes,No,Fiber optic,No,Yes,Yes,No,Yes,Yes,Month-to-month,No,Electronic check,96.41,3429.06,Yes
5120-YFKFV,Male,0,Yes,No,28,Yes,No,DSL,No,No,No,Yes,Yes,No,Two year,No,Bank transfer (automatic),61.04,1617.57,No
4210-GLWIA,Male,0,No,No,2,Yes,No,DSL,No,No,No,Yes,No,No,Month-to-month,Yes,Electronic check,46.81,98.37,Yes
6781-AQMGG,Male,0,No,No,15,Yes,No,DSL,No,No,No,No,No,No,Month-to-month,Yes,Mailed check,43.05,601.07,No
3043-TPKVL,Male,0,Yes,No,38,Yes,No,No,No internet service,No internet service,No internet service,No internet service,No internet service,No internet service,One year,Yes,Bank transfer (automatic),18.29,672.16,No
0680-YMCYZ,Male,0,Yes,Yes,34,Yes,Yes,Fiber optic,No,No,No,No,Yes,Yes,Month-to-month,No,Electronic check,95.52,2989.27,No
4631-EAWUN,Male,0,Yes,Yes,34,Yes,Yes,DSL,No,Yes,No,No,Yes,Yes,One year,Yes,Credit card (automatic),74.99,2679.4,No
9084-PZRBX,Male,0,No,No,7,Yes,No,No,No internet service,No internet service,No internet service,No internet service,No internet service,No internet service,Month-to-month,Yes,Credit card (automatic),19.91,142.01,No
0260-OSPKA,Male,0,No,No,3,Yes,No,DSL,No,Yes,No,Yes,No,Yes,Month-to-month,Yes,Electronic check,61.1,176.54,No
1568-UMAEA,Male,1,No,No,25,Yes,Yes,DSL,No,Yes,Yes,No,No,Yes,One year,Yes,Bank transfer (automatic),69.83,1684.99,Yes
2372-NXUMZ,Female,1,Yes,Yes,2,Yes,No,DSL,No,No,No,Yes,Yes,No,Month-to-month,Yes,Electronic check,58.56,120.66,Yes
6704-TPBFD,Female,0,Yes,Yes,59,Yes,Yes,Fiber optic,No,No,No,No,No,Yes,Two year,No,Credit card (automatic),82.48,4591.94,No
8351-PCAIE,Male,1,Yes,Yes,63,No,No phone service,DSL,No,No,No,Yes,No,Yes,One year,Yes,Bank transfer (automatic),39.35,2418.78,No
1283-WHIPC,Female,0,No,No,25,Yes,Yes,Fiber optic,No,No,Yes,No,Yes,Yes,Month-to-month,Yes,Mailed check,98.09,2261.64,Yes
4629-PVVLP,Female,0,No,No,1,Yes,No,No,No internet service,No internet service,No internet service,No internet service,No internet service,No internet service,Month-to-month,Yes,Bank transfer (automatic),18.25,18.43,No
6075-KBBJN,Female,1,No,No,18,Yes,No,Fiber optic,Yes,Yes,No,No,No,Yes,Month-to-month,No,Credit card (automatic),90.41,1562.85,Yes
2170-DCAHT,Female,0,Yes,No,26,Yes,No,No,No internet service,No internet service,No internet service,No internet service,No internet service,No internet service,Month-to-month,No,Bank transfer (automatic),18.25,504.76,No
3223-VCXUM,Female,0,No,No,2,Yes,Yes,DSL,No,Yes,Yes,No,No,No,Month-to-month,Yes,Mailed check,62.62,124.89,Yes
9307-RXZZT,Male,0,No,No,57,Yes,Yes,Fiber optic,No,No,No,Yes,Yes,No,Two year,No,Electronic check,85.71,4586.18,Yes
3416-IICPA,Female,0,No,No,1,Yes,No,No,No internet service,No internet service,No internet service,No internet service,No internet service,No internet service,Month-to-month,Yes,Electronic check,21.05,20.9,No
9405-GAGPV,Male,0,No,No,2,Yes,No,Fiber optic,No,No,No,No,Yes,Yes,Month-to-month,Yes,Credit card (automatic),89.2,191.42,Yes
1705-NMRQR,Male,0,No,No,11,Yes,No,No,No internet service,No internet service,No internet service,No internet service,No internet service,No internet service,Month-to-month,No,Mailed check,22.94,243.24,No
1045-NDBVS,Male,0,No,No,20,Yes,No,Fiber optic,No,Yes,Yes,No,No,No,Month-to-month,No,Mailed check,76.33,1598.41,No
7985-QYNAP,Male,0,Yes,No,49,Yes,Yes,DSL,No,No,No,Yes,No,Yes,Month-to-month,Yes,Bank transfer (automatic),66.8,3095.54,No
5397-CRBHS,Female,0,No,Yes,63,Yes,Yes,No,No internet service,No internet service,No internet service,No internet service,No internet service,No internet service,Two year,No,Bank transfer (automatic),26.43,1533.17,No
0809-SVWPQ,Female,0,No,No,11,Yes,No,DSL,Yes,No,Yes,Yes,No,No,Month-to-month,No,Electronic check,59.26,617.74,No
0780-KKUSB,Female,0,No,No,3,Yes,No,No,No internet service,No internet service,No internet service,No internet service,No internet service,No internet service,Month-to-month,No,Electronic check,21.77,67.51,No
7461-MRKEV,Male,1,Yes,Yes,7,Yes,Yes,DSL,Yes,Yes,Yes,No,No,No,Month-to-month,No,Bank transfer (automatic),62.53,414,No
8535-BMRKL,Female,0,No,No,72,No,No phone service,Fiber optic,No,No,No,No,Yes,Yes,One year,Yes,Electronic check,70.88,5131.86,No
7021-GIVJD,Female,0,Yes,No,52,Yes,No,Fiber optic,Yes,No,No,No,No,No,Two year,Yes,Bank transfer (automatic),73.14,4011.41,No
3534-NLHEY,Female,0,No,No,32,Yes,No,Fiber optic,Yes,Yes,No,No,Yes,No,One year,Yes,Mailed check,89.32,2706.31,No
1892-IEOAC,Female,0,No,No,26,Yes,No,Fiber optic,No,No,No,No,Yes,Yes,One year,No,Bank transfer (automatic),90.99,2266.77,No
3751-VXAMG,Female,0,Yes,No,25,Yes,Yes,DSL,No,No,No,Yes,Yes,No,Two year,Yes,Credit card (automatic),63.9,1533.23,No
7544-TDHNI,Female,0,No,Yes,63,Yes,No,DSL,Yes,Yes,No,No,Yes,Yes,Two year,No,Credit card (automatic),73.28,4945.03,No
1673-XLCSI,Male,1,No,No,13,Yes,No,Fiber optic,Yes,No,No,No,Yes,Yes,Month-to-month,Yes,Credit card (automatic),93.78,1212.19,Yes
1412-HGKIO,Male,0,No,Yes,72,Yes,No,Fiber optic,No,No,No,Yes,Yes,Yes,One year,Yes,Mailed check,93.93,6917.67,No
8053-NSJJA,Male,0,Yes,Yes,8,Yes,No,Fiber optic,No,No,No,Yes,No,No,One year,Yes,Mailed check,74.35,619.93,No
2988-CDBVB,Male,0,No,No,16,Yes,No,DSL,Yes,No,No,No,No,No,Month-to-month,No,Electronic check,50.55,785.51,Yes
4258-HJBAJ,Female,0,No,Yes,37,Yes,No,Fiber optic,Yes,No,No,Yes,Yes,Yes,One year,No,Bank transfer (automatic),99.76,3767.8,No
0756-WJVAB,Female,0,No,No,19,Yes,Yes,DSL,Yes,No,Yes,Yes,No,No,One year,No,Mailed check,66.01,1313.45,No
5464-CQWPU,Female,0,Yes,Yes,8,Yes,No,DSL,No,No,Yes,No,No,No,Month-to-month,Yes,Electronic check,49.54,374.86,Yes
7461-GNWCJ,Male,1,No,No,11,Yes,Yes,Fiber optic,No,No,No,Yes,Yes,No,Month-to-month,No,Electronic check,85.66,952.26,Yes
2917-GTVBT,Female,0,Yes,Yes,45,No,No phone service,Fiber optic,No,Yes,Yes,No,No,No,One year,No,Bank transfer (automatic),59.73,2889.16,No
8794-DKNCE,Male,0,No,No,25,No,No phone service,Fiber optic,No,Yes,Yes,No,Yes,No,Month-to-month,No,Mailed check,71.56,1816.18,No
2498-IGSUE,Male,0,Yes,No,12,Yes,No,DSL,No,Yes,No,No,No,Yes,Month-to-month,Yes,Bank transfer (automatic),63.4,707.78,Yes
4778-VJIVM,Male,0,Yes,Yes,18,Yes,Yes,DSL,Yes,No,Yes,Yes,No,No,Month-to-month,Yes,Bank transfer (automatic),59.99,999.74,Yes
9260-PJZOM,Female,0,Yes,Yes,67,Yes,Yes,Fiber optic,No,Yes,No,No,No,Yes,Two year,Yes,Mailed check,89.03,6006.91,No
5525-KAVXE,Female,0,No,No,70,Yes,No,No,No internet service,No internet service,No internet service,No internet service,No internet service,No internet service,One year,No,Mailed check,20.93,1398.45,No
2787-VYNYZ,Female,0,No,No,10,Yes,Yes,DSL,No,No,Yes,No,No,No,Month-to-month,Yes,Electronic check,53.78,573.74,Yes
9132-REDWH,Male,0,No,No,64,Yes,Yes,DSL,No,Yes,Yes,No,No,No,Two year,Yes,Mailed check,56.6,3538.25,No
0418-GJMHP,Female,0,Yes,No,11,Yes,No,No,No internet service,No internet service,No internet service,No internet service,No internet service,No internet service,Month-to-month,No,Electronic check,18.92,214.9,No
7648-QPOAY,Female,0,Yes,Yes,71,No,No phone service,Fiber optic,No,No,Yes,No,No,Yes,Two year,Yes,Bank transfer (automatic),65.33,4647.85,No
0674-SDWHE,Female,0,Yes,No,65,Yes,Yes,Fiber optic,Yes,Yes,Yes,No,Yes,No,Two year,Yes,Mailed check,100.43,6509.1,No
4378-RRJYB,Female,1,No,No,11,Yes,No,No,No internet service,No internet service,No internet service,No internet service,No internet service,No internet service,One year,Yes,Electronic check,18.25,185.3,No
8548-TUYUI,Female,0,Yes,No,42,Yes,No,Fiber optic,Yes,Yes,No,No,Yes,No,Two year,No,Credit card (automatic),90.8,3700.82,No
4403-XDSZC,Male,0,No,No,15,No,No phone service,DSL,No,Yes,Yes,Yes,No,No,Two year,Yes,Electronic check,41.37,653.93,No
3818-BXGCQ,Male,0,Yes,No,2,Yes,No,Fiber optic,No,Yes,No,No,No,Yes,Month-to-month,Yes,Bank transfer (automatic),84.54,171.78,Yes
2327-NIRKE,Female,1,No,No,12,Yes,Yes,DSL,Yes,No,Yes,Yes,No,No,Month-to-month,Yes,Electronic check,62.86,727.88,No
6513-KNCWD,Female,0,Yes,Yes,33,Yes,No,Fiber optic,No,No,Yes,Yes,Yes,Yes,Month-to-month,No,Electronic check,102.6,3310.15,Yes
0878-EVHQJ,Female,0,Yes,Yes,10,Yes,No,Fiber optic,No,Yes,Yes,No,Yes,Yes,Month-to-month,Yes,Electronic check,98.79,921.67,Yes
4038-NUUAQ,Female,0,Yes,No,7,Yes,No,Fiber optic,No,Yes,Yes,No,No,No,Month-to-month,No,Bank transfer (automatic),79.81,590.84,Yes
7370-WSBQK,Female,0,Yes,No,20,Yes,No,No,No internet service,No internet service,No internet service,No internet service,No internet service,No internet service,Month-to-month,Yes,Mailed check,20.07,379.04,No
6827-GWEXS,Female,1,Yes,Yes,1,Yes,Yes,No,No internet service,No internet service,No internet service,No internet service,No internet service,No internet service,Month-to-month,Yes,Credit card (automatic),25.96,26.54,No
4595-TAHYL,Female,0,No,No,11,Yes,Yes,Fiber optic,No,Yes,No,No,Yes,Yes,Month-to-month,Yes,Electronic check,99.51,1099,Yes
1193-NUGPH,Female,0,No,No,36,Yes,Yes,DSL,No,Yes,Yes,Yes,Yes,No,Two year,Yes,Bank transfer (automatic),74.72,2699.42,No
7218-PBCNQ,Female,0,Yes,No,42,Yes,No,DSL,No,No,Yes,No,No,No,Month-to-month,Yes,Electronic check,49.38,2073.74,Yes
6797-HURIT,Male,0,No,No,26,Yes,No,Fiber optic,Yes,No,No,No,Yes,Yes,One year,Yes,Mailed check,91.79,2532.43,No
6644-HNSNK,Female,0,Yes,No,6,Yes,Yes,No,No internet service,No internet service,No internet service,No internet service,No internet service,No internet service,Month-to-month,Yes,Mailed check,21.44,126.87,Yes
2450-OMSFQ,Male,1,No,No,9,Yes,No,DSL,Yes,Yes,No,Yes,Yes,No,Month-to-month,Yes,Mailed check,71,616.31,No
0397-WITYN,Female,1,Yes,Yes,32,Yes,Yes,No,No internet service,No internet service,No internet service,No internet service,No internet service,No internet service,Month-to-month,Yes,Mailed check,24.55,776.97,No
1993-XENRR,Female,0,Yes,Yes,8,Yes,Yes,Fiber optic,No,No,Yes,No,No,No,Month-to-month,No,Electronic check,79.62,648.34,Yes
7948-IYHNP,Male,1,No,No,29,Yes,Yes,Fiber optic,No,No,Yes,No,No,No,Month-to-month,Yes,Electronic check,81.47,2417.06,Yes
3114-FUFEI,Male,0,Yes,No,7,Yes,Yes,Fiber optic,No,No,Yes,No,Yes,Yes,Month-to-month,Yes,Electronic check,99.14,648.65,Yes
4948-XSTCF,Male,0,Yes,Yes,4,Yes,No,No,No internet service,No internet service,No internet service,No internet service,No internet service,No internet service,Month-to-month,Yes,Mailed check,21.29,78.44,No
8050-RAOQN,Female,0,No,No,59,Yes,Yes,DSL,Yes,Yes,Yes,No,Yes,No,Two year,Yes,Bank transfer (automatic),72.63,3994.94,No
9345-HVKFC,Male,0,No,No,30,Yes,No,No,No internet service,No internet service,No internet service,No internet service,No internet service,No internet service,Month-to-month,Yes,Electronic check,23.33,753,No
4346-CLMUL,Female,0,No,No,51,Yes,No,DSL,No,No,No,Yes,No,Yes,Month-to-month,No,Electronic check,64.13,3207.67,No
1805-NTFGR,Female,0,No,No,71,Yes,No,No,No internet service,No internet service,No internet service,No internet service,No internet service,No internet service,Two year,No,Credit card (automatic),21.54,1420.76,No
1388-JLWSD,Female,1,Yes,No,18,Yes,Yes,Fiber optic,No,Yes,No,Yes,No,Yes,Month-to-month,No,Bank transfer (automatic),97.01,1877.41,Yes
6676-YIXPE,Male,0,No,No,8,Yes,Yes,Fiber optic,Yes,Yes,No,No,Yes,Yes,One year,No,Electronic check,104.55,892.01,Yes
1035-YPZRA,Male,0,No,Yes,30,No,No phone service,Fiber optic,No,No,No,No,No,Yes,Month-to-month,No,Mailed check,62.24,2003.5,No
4941-YLTER,Female,0,Yes,Yes,63,Yes,No,No,No internet service,No internet service,No internet service,No internet service,No internet service,No internet service,One year,Yes,Bank transfer (automatic),18.81,1243.97,No
2688-IJXNS,Male,0,Yes,No,4,Yes,Yes,Fiber optic,Yes,No,Yes,No,No,No,Month-to-month,No,Electronic check,87.17,349,No
9833-QBSAC,Male,0,No,No,71,Yes,No,No,No internet service,No internet service,No internet service,No internet service,No internet service,No internet service,Two year,No,Bank transfer (automatic),18.25,1281.42,No
4781-QWBNV,Female,0,No,No,24,No,No phone service,DSL,No,Yes,No,No,No,Yes,Month-to-month,No,Credit card (automatic),37.98,895.04,No
3422-GYPKF,Female,1,Yes,Yes,14,Yes,No,Fiber optic,No,Yes,No,No,No,Yes,One year,No,Bank transfer (automatic),87.25,1191.59,No
9599-PFDBM,Male,0,No,No,13,Yes,No,DSL,Yes,No,No,No,No,No,Month-to-month,Yes,Electronic check,48.38,613.29,No
8048-WITOQ,Female,0,Yes,No,28,Yes,No,DSL,No,Yes,No,Yes,No,Yes,Month-to-month,Yes,Mailed check,64.74,1889.4,No
0211-YBKIS,Female,0,Yes,No,16,No,No phone service,No,No internet service,No internet service,No internet service,No internet service,No internet service,No internet service,Month-to-month,No,Credit card (automatic),18.25,271.72,No
9945-TVVYC,Male,0,No,No,64,Yes,No,Fiber optic,No,Yes,Yes,No,Yes,Yes,One year,Yes,Bank transfer (automatic),100.22,6234.36,No
5023-MTRXU,Female,0,Yes,No,21,No,No phone service,No,No internet service,No internet service,No internet service,No internet service,No internet service,No internet service,Month-to-month,No,Electronic check,18.25,407.53,No
7946-ZTNMV,Male,0,Yes,No,29,Yes,No,DSL,No,No,Yes,No,Yes,No,One year,No,Credit card (automatic),57.67,1747.74,No
0905-OUHPA,Female,0,No,No,57,Yes,Yes,Fiber optic,Yes,No,No,No,Yes,No,Two year,Yes,Credit card (automatic),88.24,4640.59,No
7672-LTVAW,Female,0,Yes,Yes,5,Yes,No,No,No internet service,No internet service,No internet service,No internet service,No internet service,No internet service,Month-to-month,No,Electronic check,18.25,85.78,No
2759-ABIRL,Female,0,No,No,36,Yes,No,Fiber optic,No,No,No,Yes,Yes,No,Two year,Yes,Bank transfer (automatic),84.37,2808.55,No
9355-DBAJF,Male,0,No,No,65,Yes,Yes,Fiber optic,Yes,Yes,No,No,Yes,Yes,Two year,No,Bank transfer (automatic),104.12,6303.72,No
5889-ELFDC,Female,0,No,Yes,7,Yes,Yes,DSL,Yes,Yes,No,No,No,No,One year,No,Bank transfer (automatic),56.82,393.88,No
7488-KAZEP,Female,0,No,No,39,Yes,No,Fiber optic,Yes,No,No,No,No,Yes,One year,No,Credit card (automatic),85.87,3486.55,No
1614-MMHZM,Male,0,No,No,54,No,No phone service,DSL,Yes,No,No,Yes,Yes,No,Two year,No,Mailed check,43.59,2180.82,Yes
6771-INYGH,Male,0,No,No,60,Yes,No,Fiber optic,No,Yes,Yes,Yes,No,No,Two year,No,Credit card (automatic),84.67,5260.05,No
9805-HJXKG,Female,0,No,No,12,Yes,Yes,DSL,No,No,Yes,No,No,Yes,Month-to-month,Yes,Mailed check,67.06,829.63,No
6773-SBUJT,Male,1,Yes,Yes,55,Yes,No,Fiber optic,No,Yes,No,No,Yes,Yes,One year,Yes,Bank transfer (automatic),92.92,5352.74,No
6174-MHPZA,Female,0,No,No,19,Yes,No,Fiber optic,No,Yes,Yes,Yes,No,Yes,Month-to-month,No,Electronic check,96.3,1829.78,Yes
9450-BHMCX,Female,0,Yes,Yes,4,Yes,Yes,Fiber optic,No,No,Yes,Yes,Yes,Yes,Month-to-month,No,Mailed check,103.07,444.58,Yes
5357-GMMKJ,Female,0,Yes,Yes,5,Yes,Yes,DSL,Yes,Yes,No,Yes,Yes,No,Month-to-month,Yes,Electronic check,75.92,386.56,Yes
1986-HSNBU,Male,0,No,No,15,Yes,Yes,Fiber optic,No,No,No,No,No,Yes,Month-to-month,Yes,Electronic check,81.97,1277.98,Yes
3827-RKKEM,Female,0,Yes,No,11,Yes,No,DSL,Yes,Yes,Yes,No,No,Yes,Month-to-month,Yes,Mailed check,70.14,793.69,No
0791-YUEHF,Female,0,Yes,No,21,Yes,No,Fiber optic,Yes,Yes,No,No,Yes,No,One year,Yes,Credit card (automatic),86.4,1722.21,No
6099-TDNOH,Female,0,No,No,49,Yes,No,DSL,Yes,Yes,No,No,No,No,Two year,No,Mailed check,53.56,2618.05,No
9939-BVEFP,Male,0,Yes,Yes,66,Yes,Yes,DSL,No,No,No,Yes,No,Yes,Two year,Yes,Credit card (automatic),62.88,4180.8,No
1233-AGMDD,Female,0,No,Yes,4,Yes,Yes,Fiber optic,No,Yes,No,No,No,Yes,Month-to-month,No,Electronic check,90.18,380.43,Yes
3313-QHKSY,Male,1,No,No,6,Yes,Yes,No,No internet service,No internet service,No internet service,No internet service,No internet service,No internet service,Month-to-month,No,Electronic check,24.67,143.11,Yes
4831-BGBAE,Female,0,No,No,42,Yes,Yes,No,No internet service,No internet service,No internet service,No internet service,No internet service,No internet service,One year,Yes,Mailed check,24.92,1052.13,No
6736-MLVNV,Male,0,Yes,No,4,Yes,Yes,DSL,No,No,Yes,No,No,No,Month-to-month,Yes,Credit card (automatic),55.5,230.58,No
3245-QYVMP,Female,0,No,No,34,No,No phone service,Fiber optic,Yes,Yes,Yes,No,Yes,Yes,Two year,No,Bank transfer (automatic),84.62,2721.98,No
3462-RJUEC,Female,0,Yes,No,31,No,No phone service,No,No internet service,No internet service,No internet service,No internet service,No internet service,No internet service,One year,Yes,Electronic check,18.25,597.51,No
5038-MLFCK,Female,0,No,Yes,45,Yes,Yes,Fiber optic,Yes,No,Yes,No,Yes,Yes,Month-to-month,No,Electronic check,102.24,4690.08,No
5387-TSAFO,Male,0,Yes,Yes,15,No,No phone service,No,No internet service,No internet service,No internet service,No internet service,No internet service,No internet service,Month-to-month,No,Bank transfer (automatic),18.25,261.15,No
7504-AVKKY,Male,0,Yes,No,47,No,No phone service,DSL,Yes,Yes,Yes,No,No,Yes,One year,No,Bank transfer (automatic),50.25,2304.52,No
5466-MFVTR,Male,0,Yes,No,7,Yes,Yes,No,No internet service,No internet service,No internet service,No internet service,No internet service,No internet service,Month-to-month,Yes,Credit card (automatic),25.57,191.99,No
8453-MQDKU,Male,0,No,Yes,9,Yes,Yes,Fiber optic,Yes,No,No,No,Yes,No,Month-to-month,Yes,Electronic check,90.13,834.02,Yes
0008-ENSZV,Male,0,Yes,Yes,17,Yes,Yes,Fiber optic,No,Yes,No,No,Yes,No,Month-to-month,No,Credit card (automatic),89.33,1551.33,No
8606-QPWHU,Female,0,Yes,No,19,Yes,No,Fiber optic,No,No,No,Yes,Yes,No,One year,No,Credit card (automatic),84.65,1719.94,No
4789-XZGBA,Male,0,Yes,Yes,35,Yes,No,No,No internet service,No internet service,No internet service,No internet service,No internet service,No internet service,One year,Yes,Credit card (automatic),19.78,641.68,No
1502-ZCVKB,Male,0,No,Yes,16,Yes,Yes,DSL,No,No,No,Yes,No,No,Month-to-month,Yes,Mailed check,55.2,870.53,No
4216-RIIWA,Male,0,No,No,66,Yes,No,DSL,No,No,Yes,Yes,No,Yes,One year,Yes,Credit card (automatic),64.54,4359.39,No
4356-XLOBF,Male,1,Yes,Yes,14,Yes,No,Fiber optic,No,No,No,No,Yes,Yes,One year,Yes,Electronic check,89.47,1162.06,No
6983-STTDR,Male,0,Yes,Yes,66,Yes,No,No,No internet service,No internet service,No internet service,No internet service,No internet service,No internet service,Two year,Yes,Mailed check,18.64,1182.72,No
7900-UYMBE,Male,0,Yes,No,10,Yes,Yes,No,No internet service,No internet service,No internet service,No internet service,No internet service,No internet service,Month-to-month,No,Electronic check,25.36,245.74,No
5829-JVKIR,Male,0,No,No,23,Yes,No,DSL,No,Yes,No,Yes,Yes,No,Month-to-month,Yes,Credit card (automatic),66.11,1468.74,No
9439-QFHXQ,Male,1,No,No,67,Yes,No,DSL,Yes,No,Yes,Yes,Yes,No,Two year,Yes,Credit card (automatic),66.37,4583.01,No
5999-HKGFL,Female,0,No,No,7,Yes,No,No,No internet service,No internet service,No internet service,No internet service,No internet service,No internet service,Month-to-month,Yes,Electronic check,21.54,160.5,No
4743-BLJVW,Male,0,No,No,65,Yes,Yes,Fiber optic,No,Yes,No,No,Yes,Yes,Two year,Yes,Bank transfer (automatic),99.7,6854.62,No
7388-NDBHE,Female,0,Yes,Yes,23,Yes,Yes,Fiber optic,No,Yes,Yes,No,No,Yes,One year,Yes,Bank transfer (automatic),94.43,2236.65,No
5743-WTINN,Male,0,No,No,3,Yes,Yes,Fiber optic,No,No,No,No,Yes,Yes,Month-to-month,No,Electronic check,96.35,311.88,Yes
2644-ZRQEX,Male,0,No,No,10,Yes,No,DSL,No,No,No,No,Yes,Yes,Month-to-month,No,Electronic check,66.67,682.78,Yes
2873-QSTZR,Female,0,No,No,15,Yes,No,Fiber optic,Yes,Yes,Yes,No,Yes,Yes,Month-to-month,No,Credit card (automatic),103.46,1662.55,Yes
6626-ZASBP,Male,0,Yes,No,71,Yes,No,Fiber optic,No,No,No,No,No,Yes,Two year,Yes,Credit card (automatic),81.76,5853.16,No
7994-EBNGS,Female,0,No,No,40,Yes,Yes,Fiber optic,No,Yes,No,No,Yes,Yes,Month-to-month,Yes,Credit card (automatic),99.84,3988.22,Yes
5099-MARJT,Male,0,No,No,59,Yes,No,Fiber optic,No,No,No,No,No,No,Two year,No,Bank transfer (automatic),67.42,3788.05,No
9221-DWFDH,Male,0,Yes,Yes,15,Yes,No,Fiber optic,No,No,No,No,Yes,Yes,One year,Yes,Mailed check,88.12,1338.53,No
4467-FDIQM,Female,0,Yes,Yes,33,Yes,No,Fiber optic,No,Yes,Yes,No,Yes,No,One year,Yes,Bank transfer (automatic),91.08,2777.98,No
0350-SNVCC,Male,0,No,No,7,Yes,Yes,Fiber optic,No,Yes,No,No,No,No,One year,Yes,Bank transfer (automatic),79.59,601.53,No
4648-PVFXE,Male,0,No,No,62,Yes,Yes,DSL,Yes,Yes,Yes,Yes,No,Yes,Two year,No,Mailed check,76.2,4750.46,No
6781-ELHTI,Female,0,Yes,No,72,Yes,No,Fiber optic,No,Yes,No,No,Yes,Yes,Two year,No,Credit card (automatic),97.33,6511.04,No
9528-STSLY,Male,0,No,No,70,Yes,Yes,Fiber optic,No,Yes,No,No,Yes,No,Two year,No,Electronic check,91.52,6587.54,No
4561-HBMLU,Male,1,Yes,Yes,70,Yes,No,Fiber optic,Yes,Yes,No,No,Yes,Yes,Two year,Yes,Bank transfer (automatic),100.92,6554.86,No
5004-QECUT,Male,1,Yes,Yes,5,Yes,No,Fiber optic,No,Yes,No,No,No,No,Month-to-month,Yes,Bank transfer (automatic),74.01,380.57,No
7883-LICYS,Male,0,Yes,Yes,12,Yes,No,DSL,Yes,Yes,No,Yes,Yes,No,Month-to-month,No,Electronic check,71.28,799.76,Yes
3350-ZKOUB,Male,0,No,No,30,Yes,No,Fiber optic,No,No,No,No,No,Yes,Month-to-month,No,Bank transfer (automatic),76.66,2371.05,No
8611-XXLTI,Male,0,Yes,Yes,59,Yes,Yes,No,No internet service,No internet service,No internet service,No internet service,No internet service,No internet service,Two year,No,Mailed check,21.84,1361.14,No
1515-XKPRC,Female,0,No,Yes,59,Yes,No,DSL,No,Yes,Yes,No,No,No,Two year,Yes,Electronic check,54.25,3403.34,No
5581-FFSIV,Male,0,Yes,No,11,Yes,No,Fiber optic,Yes,No,No,Yes,Yes,Yes,Month-to-month,Yes,Mailed check,99.31,1091.77,Yes
2816-RXSME,Male,0,Yes,Yes,32,Yes,Yes,No,No internet service,No internet service,No internet service,No internet service,No internet service,No internet service,Month-to-month,Yes,Bank transfer (automatic),24.67,778.81,No
9578-UZOTE,Male,1,Yes,Yes,7,Yes,No,DSL,No,Yes,Yes,No,No,Yes,One year,Yes,Bank transfer (automatic),59.95,451.98,No
5232-YSDYY,Female,0,Yes,Yes,23,Yes,Yes,DSL,Yes,No,No,Yes,No,No,One year,Yes,Bank transfer (automatic),59.69,1309.69,No
4125-ITSVW,Male,0,Yes,Yes,56,Yes,No,No,No internet service,No internet service,No internet service,No internet service,No internet service,No internet service,One year,No,Credit card (automatic),18.25,953.04,No
8674-WFZTC,Female,1,Yes,Yes,47,Yes,No,Fiber optic,No,No,No,No,Yes,No,Two year,Yes,Electronic check,80.36,3568.31,No
2448-QEEKU,Male,0,Yes,Yes,49,Yes,No,DSL,Yes,No,Yes,No,No,Yes,One year,No,Mailed check,60.25,3081.22,No
0459-QBVNA,Male,0,No,Yes,44,Yes,Yes,Fiber optic,No,Yes,No,No,No,Yes,One year,Yes,Electronic check,91.76,3829.53,No
3675-OHHDI,Female,0,No,No,24,Yes,No,No,No internet service,No internet service,No internet service,No internet service,No internet service,No internet service,One year,Yes,Credit card (automatic),20.36,478.24,No
5109-PBJFH,Female,0,No,Yes,14,Yes,Yes,DSL,No,No,No,No,Yes,Yes,Month-to-month,No,Mailed check,70.43,925.02,No
9972-MDSQY,Male,0,Yes,Yes,67,Yes,Yes,Fiber optic,Yes,Yes,No,No,Yes,No,One year,Yes,Credit card (automatic),94.59,6777.24,No
8283-EAQPW,Male,0,Yes,No,31,Yes,Yes,Fiber optic,No,Yes,Yes,Yes,Yes,Yes,One year,Yes,Credit card (automatic),111.07,3411.92,No
5039-NVCRT,Male,1,Yes,Yes,66,Yes,Yes,No,No internet service,No internet service,No internet service,No internet service,No internet service,No internet service,Two year,No,Bank transfer (automatic),26.7,1770.28,No
0536-SJOOU,Female,0,No,No,3,Yes,No,DSL,No,No,No,Yes,No,Yes,Two year,Yes,Mailed check,56.49,161.55,No
9607-FSXUU,Male,0,Yes,No,45,Yes,No,No,No internet service,No internet service,No internet service,No internet service,No internet service,No internet service,One year,No,Electronic check,18.25,816.84,No
6380-ZSPXL,Male,1,No,No,5,Yes,Yes,Fiber optic,No,No,No,No,Yes,Yes,Month-to-month,No,Electronic check,96.35,489.43,Yes
2379-QXWNY,Female,1,No,No,44,Yes,Yes,Fiber optic,No,No,Yes,Yes,Yes,No,Two year,Yes,Credit card (automatic),93.33,3800.28,No
3939-KUIGT,Female,0,No,No,45,Yes,Yes,Fiber optic,No,No,Yes,Yes,No,Yes,One year,Yes,Credit card (automatic),93.99,3996.27,Yes
3387-PJUWO,Female,0,No,No,12,Yes,Yes,Fiber optic,No,No,No,No,No,Yes,Month-to-month,No,Credit card (automatic),85.61,1057.02,No
6553-MGGBW,Male,0,Yes,No,67,Yes,Yes,DSL,Yes,No,No,Yes,No,Yes,One year,No,Mailed check,72.23,4795.15,No
4019-YIFJN,Female,0,Yes,Yes,35,Yes,No,No,No internet service,No internet service,No internet service,No internet service,No internet service,No internet service,Month-to-month,Yes,Electronic check,20.77,742.89,No
3231-KXFPH,Female,0,Yes,Yes,59,Yes,No,DSL,No,Yes,No,Yes,No,Yes,Two year,Yes,Credit card (automatic),66.84,3827.46,No
0555-RVQGT,Female,1,No,No,14,Yes,Yes,No,No internet service,No internet service,No internet service,No internet service,No internet service,No internet service,Month-to-month,No,Bank transfer (automatic),25.23,365.33,No
9226-UGJRK,Female,0,No,No,24,Yes,No,No,No internet service,No internet service,No internet service,No internet service,No internet service,No internet service,Month-to-month,Yes,Mailed check,18.25,438.49,No
3170-UBBHZ,Male,0,Yes,Yes,69,Yes,No,Fiber optic,No,Yes,No,No,No,No,Two year,Yes,Bank transfer (automatic),76.19,5554.67,No
0524-VRFOW,Male,0,No,No,3,Yes,Yes,DSL,No,No,No,Yes,Yes,No,Month-to-month,Yes,Electronic check,60.63,192.04,Yes
0541-KQASV,Male,0,Yes,No,48,Yes,Yes,DSL,Yes,Yes,No,Yes,No,No,One year,No,Electronic check,67.01,3285.6,No
1182-ZIIHL,Male,0,Yes,No,2,Yes,Yes,No,No internet service,No internet service,No internet service,No internet service,No internet service,No internet service,Month-to-month,Yes,Electronic check,23.54,46.21,Yes
6033-YKDGX,Male,0,No,No,1,Yes,No,DSL,No,No,No,Yes,No,No,Month-to-month,Yes,Electronic check,51.13,50.53,Yes
2548-OKPGQ,Female,0,Yes,Yes,70,Yes,Yes,Fiber optic,No,Yes,Yes,No,Yes,No,Month-to-month,Yes,Credit card (automatic),93.9,6863.17,No
6488-DSQZZ,Female,0,Yes,No,14,Yes,No,No,No internet service,No internet service,No internet service,No internet service,No internet service,No internet service,Month-to-month,Yes,Electronic check,18.25,252.03,No
7080-BYLOA,Female,1,No,No,35,Yes,Yes,DSL,Yes,Yes,No,Yes,Yes,Yes,One year,No,Electronic check,85.45,3064.25,No
3822-ZRROL,Male,0,Yes,No,63,Yes,No,Fiber optic,Yes,No,Yes,No,No,Yes,One year,Yes,Mailed check,90.44,5868.99,No
1133-QHLZG,Female,1,Yes,No,69,Yes,No,Fiber optic,No,Yes,No,No,Yes,Yes,Two year,No,Credit card (automatic),92.97,6758.65,No
9110-YFKKO,Male,0,Yes,Yes,6,Yes,No,Fiber optic,Yes,Yes,Yes,Yes,No,No,Month-to-month,No,Electronic check,91.07,564.45,Yes
5264-QTRDZ,Female,0,No,No,1,Yes,Yes,Fiber optic,No,No,No,No,Yes,No,Month-to-month,No,Electronic check,85.04,86.33,Yes
3456-OWWAU,Male,1,No,No,11,Yes,No,Fiber optic,Yes,Yes,No,Yes,No,Yes,Month-to-month,Yes,Mailed check,93.57,1086.1,Yes
1425-VVTJM,Female,0,No,No,2,Yes,No,DSL,Yes,No,No,No,Yes,Yes,Month-to-month,Yes,Bank transfer (automatic),70.39,131.18,No
0103-KPDUR,Female,0,No,No,5,Yes,No,Fiber optic,No,No,No,Yes,No,Yes,Month-to-month,Yes,Electronic check,84.62,422.2,Yes
8382-ILWJG,Male,0,No,No,49,Yes,No,DSL,No,No,No,No,No,Yes,One year,Yes,Bank transfer (automatic),53.69,2553.81,No
2514-XFTLT,Male,0,No,No,5,Yes,Yes,Fiber optic,No,No,Yes,No,Yes,Yes,Month-to-month,Yes,Credit card (automatic),99.99,537.76,Yes
6810-GJSPR,Female,0,No,Yes,7,No,No phone service,DSL,Yes,No,Yes,No,No,No,Month-to-month,No,Mailed check,34.4,240.63,No
4193-XEUSI,Female,0,Yes,No,49,Yes,Yes,DSL,Yes,No,No,Yes,No,No,Two year,No,Electronic check,58.33,2670.6,No
1852-GWSDW,Male,0,Yes,Yes,13,Yes,Yes,Fiber optic,No,No,Yes,No,Yes,No,Month-to-month,No,Electronic check,86.93,1051.01,No
6698-NJIDX,Female,0,Yes,Yes,2,Yes,Yes,DSL,No,Yes,No,No,No,No,Month-to-month,No,Electronic check,55.18,111.48,Yes
5046-MTEAH,Male,0,No,No,2,Yes,No,Fiber optic,No,No,Yes,Yes,Yes,No,Month-to-month,Yes,Electronic check,88.24,187.5,Yes
7592-QTHED,Male,0,No,No,58,Yes,Yes,DSL,No,No,Yes,Yes,No,Yes,Two year,Yes,Mailed check,70.43,4156.26,No
4818-IMYFR,Female,1,No,No,6,Yes,Yes,No,No internet service,No internet service,No internet service,No internet service,No internet service,No internet service,Month-to-month,Yes,Mailed check,24.61,136.54,Yes
3980-UVQVG,Male,0,Yes,No,7,No,No phone service,DSL,No,No,No,Yes,No,No,Month-to-month,No,Credit card (automatic),30.25,216.79,Yes
2669-FLDNE,Male,0,Yes,No,11,Yes,Yes,DSL,No,No,No,Yes,Yes,Yes,Month-to-month,Yes,Credit card (automatic),76.4,818.96,Yes
6857-BGPQC,Female,0,No,No,30,Yes,Yes,Fiber optic,Yes,Yes,No,No,Yes,No,One year,Yes,Credit card (automatic),94.44,2943.46,Yes
5203-RGTQE,Female,1,Yes,No,5,Yes,No,No,No internet service,No internet service,No internet service,No internet service,No internet service,No internet service,Month-to-month,No,Electronic check,18.38,97.58,No
8457-TJQUM,Male,1,No,No,6,Yes,No,DSL,Yes,Yes,Yes,No,Yes,No,Month-to-month,Yes,Mailed check,69.78,396.59,Yes
8145-GYDWK,Female,1,Yes,Yes,8,Yes,No,DSL,Yes,Yes,No,Yes,No,No,One year,No,Electronic check,60.61,451.43,No
2699-LYBEF,Male,0,No,No,70,Yes,No,Fiber optic,Yes,Yes,Yes,No,No,No,Two year,No,Bank transfer (automatic),85.84,6025.16,No
5334-KMTVH,Male,0,Yes,No,54,Yes,Yes,Fiber optic,No,Yes,Yes,Yes,Yes,Yes,One year,Yes,Electronic check,108.73,6276.66,Yes
8220-XWNZM,Male,0,No,No,5,Yes,No,DSL,Yes,No,Yes,No,No,No,Month-to-month,Yes,Credit card (automatic),59.44,313.5,Yes
4570-LLFOW,Female,1,Yes,No,72,Yes,Yes,DSL,No,Yes,Yes,No,Yes,No,Two year,No,Mailed check,67.39,4850.78,No
5430-FIJAY,Female,0,Yes,No,1,Yes,No,No,No internet service,No internet service,No internet service,No internet service,No internet service,No internet service,Month-to-month,Yes,Mailed check,18.92,17.75,No
2925-QUNWO,Female,0,No,No,28,Yes,Yes,DSL,Yes,No,Yes,No,No,Yes,Month-to-month,No,Electronic check,69.41,1869.52,Yes
4158-SRZMI,Female,1,Yes,No,9,Yes,No,Fiber optic,No,No,No,No,No,Yes,Month-to-month,Yes,Credit card (automatic),80.99,697.91,Yes
1993-ATVQG,Male,0,Yes,Yes,7,No,No phone service,No,No internet service,No internet service,No internet service,No internet service,No internet service,No internet service,Month-to-month,Yes,Electronic check,18.25,118.14,No
2566-BOKUW,Male,0,No,No,7,Yes,Yes,DSL,No,Yes,No,No,No,Yes,Month-to-month,Yes,Electronic check,68.01,496.1,Yes
7220-DGTUD,Female,0,Yes,Yes,65,Yes,Yes,Fiber optic,No,No,No,No,Yes,No,Two year,Yes,Electronic check,86.39,5184.39,No
6718-THJGK,Male,0,Yes,No,27,Yes,Yes,Fiber optic,No,No,No,No,Yes,No,Month-to-month,No,Electronic check,84.54,2257.2,Yes
6393-RVBJA,Female,0,Yes,Yes,19,Yes,No,Fiber optic,Yes,Yes,Yes,Yes,Yes,Yes,Month-to-month,Yes,Credit card (automatic),111.82,2061.96,No
3130-ITRMP,Male,0,No,No,57,No,No phone service,DSL,No,No,Yes,Yes,Yes,No,Two year,Yes,Bank transfer (automatic),44.92,2678.01,No
3289-IRITT,Female,0,Yes,Yes,7,No,No phone service,No,No internet service,No internet service,No internet service,No internet service,No internet service,No internet service,Month-to-month,No,Bank transfer (automatic),18.25,136.07,Yes
5450-NWLHA,Female,0,No,No,5,Yes,No,No,No internet service,No internet service,No internet service,No internet service,No internet service,No internet service,Month-to-month,Yes,Electronic check,22.84,122.08,No
2957-KYAFC,Female,0,No,No,68,Yes,No,Fiber optic,No,Yes,No,Yes,No,No,Two year,Yes,Bank transfer (automatic),79.52,5721.92,No
0125-KLQIX,Female,0,Yes,Yes,58,Yes,Yes,DSL,Yes,No,Yes,Yes,No,Yes,One year,Yes,Electronic check,72.58,4104.89,No
2003-IFPDQ,Female,0,No,No,45,Yes,Yes,Fiber optic,No,No,Yes,No,No,No,Two year,Yes,Electronic check,83.32,3589.12,Yes
8091-GKXYY,Female,0,No,No,4,Yes,No,No,No internet service,No internet service,No internet service,No internet service,No internet service,No internet service,Month-to-month,Yes,Bank transfer (automatic),20.67,78.33,No
8012-ILIKN,Female,0,No,No,16,Yes,No,No,No internet service,No internet service,No internet service,No internet service,No internet service,No internet service,Month-to-month,No,Bank transfer (automatic),20.78,340.12,No
3783-VZMMB,Male,0,Yes,No,1,Yes,Yes,DSL,No,No,Yes,No,No,No,Month-to-month,No,Credit card (automatic),51.59,54.93,Yes
5177-EQBMV,Male,0,No,No,5,No,No phone service,Fiber optic,No,Yes,No,No,Yes,Yes,Month-to-month,Yes,Electronic check,77.88,407.44,Yes
9453-HHWJG,Female,0,Yes,Yes,29,Yes,Yes,Fiber optic,No,No,No,No,No,No,One year,Yes,Mailed check,71.68,2108.63,No
3201-AGHDT,Male,0,Yes,Yes,7,Yes,Yes,DSL,No,Yes,Yes,No,Yes,No,Month-to-month,Yes,Electronic check,72.97,505.1,Yes
9964-VJGZY,Female,0,Yes,No,9,Yes,No,DSL,Yes,No,No,Yes,No,Yes,Month-to-month,No,Electronic check,63.21,608.76,No
8020-RGMNB,Male,0,No,No,32,Yes,No,DSL,No,Yes,No,No,No,No,Month-to-month,Yes,Electronic check,47.05,1517.03,Yes
2354-ZJUFY,Male,0,Yes,Yes,12,Yes,Yes,DSL,Yes,Yes,No,No,Yes,No,Month-to-month,Yes,Electronic check,72.55,912.18,No
2073-RXQDE,Female,0,No,No,32,Yes,Yes,Fiber optic,No,No,Yes,No,Yes,Yes,Month-to-month,No,Electronic check,95.66,3093.57,No
9622-BKLFI,Male,1,No,No,1,Yes,Yes,Fiber optic,Yes,No,Yes,No,Yes,Yes,Month-to-month,No,Electronic check,105.54,108.18,Yes
4415-NENPZ,Female,1,Yes,Yes,8,Yes,No,No,No internet service,No internet service,No internet service,No internet service,No internet service,No internet service,Month-to-month,Yes,Mailed check,18.25,138.24,No
6016-FCKPF,Female,0,Yes,Yes,25,No,No phone service,Fiber optic,No,Yes,No,Yes,No,Yes,Month-to-month,Yes,Mailed check,73.12,1685.99,No
0881-HGPFH,Male,0,Yes,No,46,Yes,No,DSL,No,No,No,No,Yes,No,One year,Yes,Credit card (automatic),53.57,2289.02,No
6881-AJZJP,Female,0,No,No,5,Yes,No,Fiber optic,No,No,No,Yes,Yes,No,Month-to-month,Yes,Electronic check,84.99,424.83,Yes
5611-DMYCU,Male,0,No,No,53,No,No phone service,DSL,Yes,No,No,No,Yes,No,One year,Yes,Credit card (automatic),36.44,2052.93,No
6381-QFPYQ,Male,0,Yes,No,11,Yes,No,DSL,Yes,No,No,Yes,Yes,No,Month-to-month,No,Electronic check,64.85,664.6,Yes
4776-SPBPB,Male,0,No,No,20,Yes,No,No,No internet service,No internet service,No internet service,No internet service,No internet service,No internet service,Month-to-month,Yes,Electronic check,22.43,437.86,No
9857-YSUPF,Male,1,Yes,No,61,No,No phone service,DSL,Yes,Yes,No,Yes,No,No,Two year,No,Bank transfer (automatic),44.12,2774.74,No
7908-UZVNJ,Female,0,No,No,7,Yes,No,Fiber optic,No,No,Yes,No,No,No,Month-to-month,No,Electronic check,77.48,547.86,Yes
5755-HVIZC,Female,0,Yes,No,31,No,No phone service,No,No internet service,No internet service,No internet service,No internet service,No internet service,No internet service,Two year,Yes,Mailed check,18.25,574.43,No
1094-YRIJS,Female,0,No,No,34,Yes,Yes,Fiber optic,Yes,No,No,No,Yes,Yes,Month-to-month,Yes,Mailed check,99.92,3554.85,No
6412-LDYOG,Female,0,Yes,No,57,Yes,No,Fiber optic,No,Yes,No,Yes,Yes,Yes,One year,Yes,Credit card (automatic),99.37,6116.56,No
6635-MOJIR,Male,0,Yes,No,68,Yes,No,DSL,Yes,Yes,No,No,No,Yes,One year,Yes,Mailed check,63.54,4644.69,No
7241-YABRO,Male,0,No,No,13,Yes,No,DSL,Yes,Yes,No,No,Yes,Yes,Month-to-month,Yes,Credit card (automatic),72.25,916.46,No
6545-IFFZC,Male,0,No,No,30,Yes,Yes,No,No internet service,No internet service,No internet service,No internet service,No internet service,No internet service,Month-to-month,Yes,Mailed check,25.66,784.37,No
0412-LMMXD,Female,0,Yes,Yes,72,Yes,No,No,No internet service,No internet service,No internet service,No internet service,No internet service,No internet service,Two year,No,Bank transfer (automatic),20.57,1479.23,No
6686-MNXIM,Male,0,Yes,Yes,45,Yes,No,No,No internet service,No internet service,No internet service,No internet service,No internet service,No internet service,One year,Yes,Bank transfer (automatic),20.07,863.81,No
7634-OQVZC,Male,0,Yes,No,28,Yes,No,Fiber optic,Yes,No,No,No,No,Yes,One year,Yes,Bank transfer (automatic),86.16,2297.5,No
9624-PJLEY,Male,1,Yes,Yes,55,Yes,No,Fiber optic,No,Yes,No,No,Yes,No,Two year,Yes,Mailed check,82.24,4456,No
0790-HYADV,Male,0,No,No,1,Yes,No,DSL,Yes,Yes,Yes,Yes,No,Yes,Month-to-month,No,Credit card (automatic),74.17,73.14,No
7636-BNOTR,Female,0,No,Yes,36,Yes,No,No,No internet service,No internet service,No internet service,No internet service,No internet service,No internet service,One year,Yes,Credit card (automatic),21.48,711.69,No
4062-EIPJJ,Female,1,Yes,No,40,Yes,No,DSL,No,Yes,Yes,Yes,No,Yes,Two year,Yes,Mailed check,66.78,2686.93,No
7927-CLXRF,Male,0,Yes,No,68,Yes,No,Fiber optic,No,Yes,No,No,No,Yes,Two year,Yes,Bank transfer (automatic),83.13,6032.72,No
3826-XNGJX,Male,1,No,No,11,Yes,No,Fiber optic,No,No,No,Yes,Yes,Yes,Month-to-month,No,Mailed check,96.27,982.53,Yes
2256-KZHYN,Male,0,No,No,46,Yes,No,No,No internet service,No internet service,No internet service,No internet service,No internet service,No internet service,Two year,No,Bank transfer (automatic),18.25,904.62,No
2730-DCPRH,Male,0,No,No,25,No,No phone service,No,No internet service,No internet service,No internet service,No internet service,No internet service,No internet service,Month-to-month,Yes,Electronic check,18.25,487.02,No
3171-GVCTO,Male,1,No,No,39,Yes,Yes,Fiber optic,No,No,Yes,No,Yes,Yes,One year,Yes,Credit card (automatic),96.73,3776.27,No
8039-AXJAP,Female,0,Yes,No,18,Yes,No,DSL,Yes,Yes,No,Yes,Yes,Yes,One year,No,Mailed check,77.98,1360.92,No
9798-ZIFNJ,Female,1,No,No,4,Yes,Yes,Fiber optic,No,Yes,No,No,Yes,No,Month-to-month,Yes,Credit card (automatic),94.58,362.23,Yes
3118-ZCBPK,Female,0,No,No,13,No,No phone service,No,No internet service,No internet service,No internet service,No internet service,No internet service,No internet service,Month-to-month,Yes,Electronic check,18.25,250.33,No
4667-ESEKV,Male,0,No,No,5,Yes,No,DSL,No,Yes,No,No,No,Yes,Month-to-month,No,Bank transfer (automatic),60.5,308.54,No
3490-LPIUA,Male,0,Yes,No,3,Yes,No,Fiber optic,No,Yes,Yes,No,Yes,Yes,Month-to-month,Yes,Mailed check,100.29,282.01,Yes
1562-JGEEF,Male,1,No,No,3,No,No phone service,DSL,No,No,Yes,No,No,Yes,Month-to-month,Yes,Bank transfer (automatic),38.83,117.02,Yes
7445-FTSGJ,Male,0,Yes,Yes,37,Yes,No,Fiber optic,Yes,Yes,Yes,No,Yes,No,Month-to-month,Yes,Electronic check,95.51,3582.91,No
0256-HQGYZ,Male,1,Yes,Yes,41,Yes,No,Fiber optic,No,Yes,No,No,Yes,Yes,Month-to-month,Yes,Bank transfer (automatic),89.74,3525.34,Yes
8430-BLDKL,Female,0,Yes,Yes,4,Yes,Yes,Fiber optic,Yes,Yes,Yes,Yes,No,No,Month-to-month,Yes,Electronic check,98.25,404.04,Yes
0363-SFSMA,Female,0,No,No,22,Yes,Yes,DSL,Yes,No,No,Yes,No,No,One year,Yes,Mailed check,58.25,1291.9,No
2954-TEZHB,Female,0,No,No,19,Yes,No,Fiber optic,No,No,No,Yes,Yes,Yes,One year,No,Bank transfer (automatic),92.19,1690.8,No
3072-QIKGI,Female,0,Yes,Yes,6,Yes,No,DSL,Yes,Yes,No,Yes,Yes,Yes,Month-to-month,Yes,Credit card (automatic),77.68,442.06,Yes
1294-FHVHJ,Male,0,Yes,Yes,69,Yes,No,Fiber optic,Yes,Yes,Yes,Yes,No,No,Two year,No,Mailed check,86.7,5755.3,No
2178-YKXVI,Female,0,Yes,Yes,21,Yes,Yes,No,No internet service,No internet service,No internet service,No internet service,No internet service,No internet service,Month-to-month,No,Mailed check,24.11,510.9,No
3628-FGSMR,Female,0,No,No,2,Yes,Yes,Fiber optic,No,Yes,Yes,Yes,No,No,Month-to-month,Yes,Credit card (automatic),90.44,179.18,Yes
6214-SEQHU,Male,0,No,No,18,Yes,No,No,No internet service,No internet service,No internet service,No internet service,No internet service,No internet service,Month-to-month,Yes,Mailed check,18.25,334.55,No
7378-VVFRA,Female,0,No,No,54,Yes,Yes,No,No internet service,No internet service,No internet service,No internet service,No internet service,No internet service,Two year,Yes,Credit card (automatic),23.77,1300.67,No
8366-XOTSF,Male,1,No,No,69,Yes,No,Fiber optic,No,Yes,Yes,No,No,No,Month-to-month,No,Electronic check,82.39,5784.09,Yes
7954-OJAVY,Female,0,No,No,1,Yes,Yes,Fiber optic,No,Yes,Yes,No,Yes,Yes,Month-to-month,Yes,Electronic check,103.7,98.31,Yes
1194-CURDI,Male,0,Yes,No,67,Yes,Yes,Fiber optic,No,Yes,No,No,No,No,Two year,Yes,Credit card (automatic),80.74,5502.75,No
9659-VYCMV,Male,0,No,No,41,Yes,Yes,Fiber optic,No,Yes,No,Yes,Yes,Yes,One year,No,Credit card (automatic),100.72,4183.05,No
8692-VVKBZ,Female,0,Yes,No,34,Yes,Yes,Fiber optic,Yes,No,No,No,Yes,Yes,One year,Yes,Bank transfer (automatic),100.45,3223.16,No
9653-XEEVI,Male,0,No,No,44,No,No phone service,DSL,Yes,Yes,No,No,Yes,No,Month-to-month,Yes,Mailed check,44.82,2122.69,No
2323-BVVKW,Female,0,No,No,39,Yes,No,DSL,Yes,Yes,Yes,No,Yes,No,Month-to-month,Yes,Mailed check,69.43,2639.01,No
3173-UFSZG,Female,0,No,No,2,Yes,No,Fiber optic,No,No,Yes,No,No,Yes,Month-to-month,No,Bank transfer (automatic),81.26,150.04,Yes
6570-WCGLX,Female,0,Yes,No,20,Yes,Yes,No,No internet service,No internet service,No internet service,No internet service,No internet service,No internet service,Month-to-month,Yes,Credit card (automatic),25.09,523.73,No
2775-GQIOT,Female,0,No,No,3,Yes,Yes,Fiber optic,No,No,No,Yes,Yes,Yes,Two year,No,Bank transfer (automatic),99.9,314.38,No
6264-KPSKX,Male,0,No,Yes,3,Yes,Yes,Fiber optic,No,No,Yes,No,Yes,Yes,Month-to-month,Yes,Bank transfer (automatic),100.7,322.37,Yes
6071-JYCID,Male,0,No,No,3,Yes,Yes,DSL,No,No,No,Yes,No,No,Month-to-month,Yes,Electronic check,57.24,181.97,No
0268-AUVZQ,Female,0,Yes,Yes,7,Yes,Yes,DSL,No,Yes,Yes,Yes,No,Yes,Month-to-month,Yes,Electronic check,71.61,461.67,No
6243-AZKRN,Male,0,No,No,40,Yes,Yes,No,No internet service,No internet service,No internet service,No internet service,No internet service,No internet service,One year,Yes,Bank transfer (automatic),24.74,946.47,No
9964-TEULW,Female,1,Yes,No,15,Yes,Yes,DSL,No,No,Yes,Yes,Yes,No,Month-to-month,Yes,Electronic check,68.11,961.44,No
5212-SGPSN,Female,0,No,No,10,Yes,Yes,Fiber optic,Yes,No,Yes,No,Yes,Yes,Month-to-month,No,Electronic check,108.13,1122.73,Yes
3651-HOBFA,Male,0,No,No,29,Yes,No,Fiber optic,Yes,Yes,No,No,No,No,Month-to-month,No,Mailed check,79.1,2384.76,No
7221-FJAPL,Female,1,No,No,43,Yes,Yes,Fiber optic,No,No,No,No,No,No,Two year,No,Credit card (automatic),76.92,3075.61,No
6368-OCOEN,Male,0,Yes,Yes,11,No,No phone service,DSL,Yes,No,No,Yes,No,Yes,One year,No,Bank transfer (automatic),43.48,508.23,No
5024-YONBK,Male,0,No,No,60,No,No phone service,DSL,No,Yes,No,Yes,No,No,One year,Yes,Electronic check,34.46,2177.37,No
6872-QVSVK,Female,0,No,No,65,Yes,No,No,No internet service,No internet service,No internet service,No internet service,No internet service,No internet service,One year,Yes,Electronic check,18.25,1154.54,No
5083-JNYBZ,Female,1,Yes,No,17,Yes,Yes,Fiber optic,Yes,No,No,No,Yes,No,Two year,Yes,Electronic check,91.09,1442.93,Yes
3750-JJYAQ,Female,1,No,No,4,No,No phone service,No,No internet service,No internet service,No internet service,No internet service,No internet service,No internet service,Month-to-month,No,Credit card (automatic),18.25,76.27,Yes
8574-KOQWK,Female,0,No,No,62,Yes,Yes,DSL,No,Yes,Yes,Yes,Yes,Yes,Two year,No,Bank transfer (automatic),84.5,5509.29,No
9181-ZPAKS,Female,0,Yes,Yes,2,Yes,No,DSL,Yes,Yes,No,Yes,No,No,Month-to-month,Yes,Mailed check,61.17,131.09,No
8506-CJQOM,Male,0,No,No,70,Yes,No,Fiber optic,Yes,Yes,Yes,No,Yes,Yes,Two year,No,Electronic check,104.97,6933.15,No
5166-DLADK,Male,0,Yes,Yes,58,Yes,Yes,DSL,Yes,No,No,No,No,Yes,One year,No,Credit card (automatic),60.27,3357.43,No
4779-RIBDW,Male,0,No,No,52,Yes,No,Fiber optic,No,No,No,Yes,No,Yes,Two year,Yes,Electronic check,83.82,4159.57,No
6970-YJFTO,Female,0,Yes,No,7,Yes,No,Fiber optic,No,No,No,No,Yes,Yes,Month-to-month,Yes,Electronic check,91.98,664.39,Yes
5923-GXUNI,Female,0,No,No,4,Yes,No,DSL,Yes,No,No,Yes,No,Yes,Month-to-month,Yes,Mailed check,65.6,274.27,No
1225-YOXAT,Female,0,Yes,No,52,Yes,No,DSL,Yes,No,No,Yes,No,Yes,One year,Yes,Bank transfer (automatic),64.01,3274.11,No
8793-QLGHB,Male,0,No,No,28,Yes,Yes,Fiber optic,No,Yes,Yes,Yes,Yes,Yes,Month-to-month,Yes,Bank transfer (automatic),107.43,2906.12,No
0696-DQYOD,Female,0,No,No,33,No,No phone service,DSL,Yes,Yes,No,Yes,No,No,One year,No,Electronic check,40.87,1372.32,No
3820-BGPQZ,Male,0,No,No,6,Yes,No,Fiber optic,No,Yes,Yes,No,No,Yes,Month-to-month,No,Credit card (automatic),88.63,551.07,Yes
7040-FSHVP,Female,0,Yes,No,48,Yes,No,DSL,Yes,Yes,No,Yes,Yes,Yes,Two year,Yes,Electronic check,77.65,3965.37,No
5548-AINFH,Male,0,No,No,4,Yes,No,DSL,Yes,Yes,Yes,No,No,Yes,Month-to-month,No,Electronic check,69.02,259.98,Yes
0842-VYCUE,Male,0,No,No,13,Yes,Yes,No,No internet service,No internet service,No internet service,No internet service,No internet service,No internet service,One year,Yes,Electronic check,25.86,356.97,No
3180-RHMVJ,Male,0,Yes,No,62,Yes,Yes,No,No internet service,No internet service,No internet service,No internet service,No internet service,No internet service,Two year,No,Credit card (automatic),23.19,1490.38,No
1110-ONVTS,Female,0,Yes,No,17,Yes,Yes,DSL,Yes,No,No,Yes,No,No,One year,Yes,Bank transfer (automatic),59.45,1021.34,No
7577-ZVCFU,Male,0,Yes,Yes,7,Yes,No,No,No internet service,No internet service,No internet service,No internet service,No internet service,No internet service,Month-to-month,No,Electronic check,18.91,141.46,No
7324-IKUFA,Female,0,No,No,2,Yes,Yes,Fiber optic,No,Yes,No,No,No,Yes,Month-to-month,No,Electronic check,87.09,173.62,Yes
1877-XTKBV,Female,0,Yes,Yes,1,Yes,Yes,DSL,Yes,Yes,Yes,Yes,Yes,Yes,Month-to-month,No,Electronic check,88.88,86.44,Yes
2361-BLNMG,Female,0,No,No,7,Yes,No,Fiber optic,No,Yes,No,Yes,Yes,Yes,Month-to-month,No,Electronic check,99.63,671.3,Yes
0381-FFQGK,Female,0,No,No,1,Yes,Yes,Fiber optic,No,Yes,No,Yes,Yes,Yes,Two year,No,Mailed check,104.76,106.46,No
0303-YRVMA,Female,0,Yes,Yes,67,Yes,No,DSL,No,No,No,No,No,Yes,Two year,No,Credit card (automatic),56.69,3565.16,No
6403-JUSUP,Male,0,Yes,No,27,Yes,No,No,No internet service,No internet service,No internet service,No internet service,No internet service,No internet service,One year,Yes,Electronic check,19.94,531.95,No
2543-JOEOD,Female,0,Yes,No,68,Yes,Yes,DSL,No,No,Yes,No,No,No,Two year,Yes,Credit card (automatic),52.44,3282.39,No
5654-PETIF,Female,0,Yes,Yes,67,Yes,No,No,No internet service,No internet service,No internet service,No internet service,No internet service,No internet service,Two year,No,Credit card (automatic),20.74,1485.63,No
3018-WAGHP,Female,0,Yes,No,12,Yes,No,Fiber optic,No,Yes,Yes,Yes,No,No,Month-to-month,Yes,Bank transfer (automatic),83.28,930.47,Yes
4119-SIPLI,Male,0,No,No,2,Yes,Yes,No,No internet service,No internet service,No internet service,No internet service,No internet service,No internet service,Month-to-month,Yes,Electronic check,22.67,42.69,No
8714-WGOTM,Female,1,No,No,2,Yes,No,Fiber optic,Yes,Yes,No,Yes,No,Yes,Month-to-month,No,Mailed check,97.83,188.27,Yes
5601-LHPQX,Female,0,Yes,No,2,Yes,No,DSL,Yes,No,Yes,No,No,Yes,Month-to-month,Yes,Electronic check,65.14,135.14,Yes
1607-MPDIS,Male,0,Yes,Yes,12,Yes,No,Fiber optic,No,No,No,No,Yes,No,Month-to-month,No,Electronic check,79.1,974.71,Yes
2641-TWUMS,Male,0,No,No,11,Yes,No,Fiber optic,No,No,No,No,No,Yes,Month-to-month,No,Electronic check,78.44,828.27,Yes
8591-DKWJM,Male,0,No,No,35,Yes,Yes,Fiber optic,No,No,No,No,Yes,No,Month-to-month,Yes,Electronic check,86.3,3170.88,Yes
5713-SFUUD,Male,0,No,No,7,No,No phone service,Fiber optic,No,No,Yes,No,No,Yes,Month-to-month,Yes,Electronic check,67.93,485.64,Yes
1061-XKGZB,Female,1,No,No,5,No,No phone service,Fiber optic,No,Yes,No,No,No,Yes,Month-to-month,Yes,Credit card (automatic),67.09,352.45,Yes
4638-LIJHX,Female,0,Yes,No,21,Yes,No,No,No internet service,No internet service,No internet service,No internet service,No internet service,No internet service,Month-to-month,No,Electronic check,21.34,470.53,No
8330-LVPWC,Male,1,No,No,22,No,No phone service,Fiber optic,No,No,No,Yes,No,No,One year,Yes,Mailed check,55.86,1323.02,No
4969-YZYDD,Male,0,Yes,No,2,Yes,No,Fiber optic,No,No,No,No,No,Yes,Month-to-month,Yes,Electronic check,76.47,142.49,Yes
4452-PEQYD,Male,0,Yes,No,69,Yes,Yes,DSL,No,No,No,Yes,Yes,No,Two year,No,Credit card (automatic),63.66,4635.15,No
0208-NWEUK,Male,0,No,No,9,Yes,No,Fiber optic,Yes,No,No,No,Yes,No,Month-to-month,Yes,Electronic check,85.65,763.26,Yes
2994-RZVKG,Female,0,No,No,27,Yes,No,Fiber optic,Yes,No,No,No,Yes,Yes,One year,Yes,Credit card (automatic),93.58,2480.56,Yes
1492-RBXCC,Male,0,No,No,4,Yes,Yes,DSL,No,No,Yes,Yes,No,Yes,Month-to-month,Yes,Mailed check,67.97,277.84,Yes
5834-VJFSQ,Male,0,No,No,33,Yes,Yes,DSL,No,Yes,No,Yes,No,No,Two year,No,Credit card (automatic),59.04,2004.83,No
2052-KIKTS,Male,1,No,No,63,Yes,Yes,DSL,Yes,Yes,No,No,Yes,No,Two year,Yes,Credit card (automatic),67.13,4365.26,No
8820-XBHDD,Female,0,Yes,Yes,17,Yes,Yes,Fiber optic,No,No,Yes,No,No,Yes,Month-to-month,No,Credit card (automatic),85.84,1506.07,No
1945-FJOFX,Male,0,Yes,Yes,2,Yes,Yes,Fiber optic,No,Yes,No,No,No,Yes,Month-to-month,Yes,Mailed check,89.15,190.44,No
4116-INTHY,Male,1,No,No,11,Yes,Yes,Fiber optic,No,No,No,No,Yes,Yes,Month-to-month,No,Electronic check,95.51,1057.84,Yes
2759-UCCVI,Female,0,No,No,32,Yes,Yes,DSL,No,No,Yes,No,No,Yes,Month-to-month,Yes,Mailed check,64.73,2165.02,Yes
9467-KIWUG,Female,0,Yes,No,39,Yes,No,DSL,Yes,No,Yes,No,No,No,One year,Yes,Mailed check,58.36,2451.13,No
9545-WEGOK,Female,0,Yes,No,23,Yes,No,DSL,Yes,No,No,No,Yes,Yes,Month-to-month,Yes,Electronic check,71.27,1704.66,No
4736-RSGIN,Male,0,No,No,9,Yes,Yes,Fiber optic,Yes,Yes,Yes,Yes,No,Yes,Month-to-month,Yes,Electronic check,105.38,965.62,Yes
2773-GTFET,Female,0,No,No,31,Yes,No,Fiber optic,No,No,No,No,No,No,Month-to-month,Yes,Electronic check,71.35,2108.42,Yes
4365-GBSUH,Male,0,No,No,59,Yes,No,No,No internet service,No internet service,No internet service,No internet service,No internet service,No internet service,Two year,Yes,Bank transfer (automatic),18.25,1082.85,No
7142-XQDRI,Female,0,No,No,16,Yes,Yes,Fiber optic,Yes,No,Yes,Yes,No,Yes,Month-to-month,No,Credit card (automatic),96,1486.52,No
0255-VTNIV,Female,0,No,No,61,Yes,No,Fiber optic,No,Yes,No,No,No,No,Month-to-month,No,Bank transfer (automatic),75.27,4833.45,No
8162-RKSIN,Male,0,Yes,Yes,9,Yes,No,Fiber optic,No,Yes,Yes,Yes,No,No,Month-to-month,Yes,Electronic check,87.24,775.06,Yes
5798-NCTWY,Male,0,No,No,43,Yes,Yes,Fiber optic,Yes,Yes,No,Yes,Yes,Yes,Month-to-month,Yes,Electronic check,106.06,4263.93,Yes
6118-PFURT,Male,1,No,No,9,Yes,Yes,Fiber optic,No,No,Yes,No,No,Yes,Month-to-month,Yes,Electronic check,86.17,733.33,Yes
0868-LWUCA,Female,0,No,No,72,Yes,No,Fiber optic,No,Yes,No,Yes,No,No,Two year,Yes,Credit card (automatic),80.97,5625.72,No
3284-LZZAS,Female,0,Yes,Yes,70,Yes,Yes,DSL,No,Yes,No,Yes,Yes,No,Two year,Yes,Electronic check,69.52,5063.29,No
8827-SGWSV,Female,0,No,No,20,No,No phone service,No,No internet service,No internet service,No internet service,No internet service,No internet service,No internet service,Month-to-month,Yes,Mailed check,18.25,369.38,No
9045-RSYMD,Female,0,No,No,25,No,No phone service,No,No internet service,No internet service,No internet service,No internet service,No internet service,No internet service,Month-to-month,No,Mailed check,18.25,461.95,No
0085-MCYGQ,Female,0,Yes,Yes,24,No,No phone service,No,No internet service,No internet service,No internet service,No internet service,No internet service,No internet service,Month-to-month,No,Credit card (automatic),18.25,472.8,No
2879-VGUMG,Female,0,No,Yes,3,Yes,No,No,No internet service,No internet service,No internet service,No internet service,No internet service,No internet service,Month-to-month,No,Electronic check,18.49,57.84,Yes
2590-TIQMX,Female,0,Yes,No,69,Yes,No,DSL,Yes,Yes,No,No,Yes,No,Two year,Yes,Bank transfer (automatic),64.18,4760.39,No
5908-MBHAJ,Female,1,No,No,24,Yes,No,Fiber optic,No,No,Yes,Yes,No,Yes,Month-to-month,No,Credit card (automatic),86.62,2241.12,Yes
1425-GHAZI,Female,0,Yes,No,2,Yes,No,DSL,Yes,No,No,No,No,No,Month-to-month,No,Electronic check,46.61,98.07,Yes
5888-MNNAN,Male,0,No,No,1,Yes,No,Fiber optic,No,Yes,No,No,Yes,Yes,Month-to-month,Yes,Electronic check,93.65,86.31,Yes
8817-IQSVQ,Male,0,No,No,44,Yes,Yes,No,No internet service,No internet service,No internet service,No internet service,No internet service,No internet service,Month-to-month,Yes,Electronic check,27.97,1324.39,No
7550-ZJESB,Female,0,No,No,34,Yes,No,Fiber optic,No,No,Yes,No,No,No,Month-to-month,Yes,Credit card (automatic),72.24,2534.37,No
6728-MFRIP,Female,0,Yes,No,34,Yes,No,DSL,No,Yes,Yes,Yes,No,No,One year,Yes,Credit card (automatic),59.83,2097.05,No
7469-MRLLK,Male,1,No,No,70,Yes,No,Fiber optic,No,Yes,No,Yes,No,Yes,One year,Yes,Bank transfer (automatic),89.03,6236.66,No
4521-TVPMK,Female,0,No,No,11,Yes,No,DSL,No,No,Yes,No,No,Yes,Month-to-month,Yes,Credit card (automatic),57.32,592.24,Yes
6640-IZHYV,Male,0,No,No,9,Yes,No,DSL,Yes,No,No,Yes,No,No,Month-to-month,No,Electronic check,53.78,464.77,No
4371-OUKEZ,Male,0,Yes,Yes,69,No,No phone service,DSL,No,No,No,No,No,No,Two year,No,Bank transfer (automatic),25,1720.01,No
6908-ASUSN,Male,0,No,No,11,Yes,Yes,DSL,Yes,Yes,No,Yes,Yes,Yes,Month-to-month,Yes,Electronic check,85.05,885.92,Yes
8619-HJJSQ,Female,0,No,No,35,Yes,No,No,No internet service,No internet service,No internet service,No internet service,No internet service,No internet service,Month-to-month,Yes,Electronic check,18.58,681.23,Yes
7450-IEFOE,Male,0,No,No,13,Yes,Yes,DSL,Yes,No,No,No,No,Yes,One year,Yes,Credit card (automatic),66.32,856.01,No
0760-BYMCR,Male,0,Yes,No,71,Yes,No,DSL,Yes,No,Yes,Yes,No,No,Two year,No,Bank transfer (automatic),58.44,4157.25,No
0552-HKZNJ,Male,0,No,No,22,Yes,Yes,DSL,No,No,Yes,Yes,Yes,No,Month-to-month,No,Mailed check,67.31,1567.85,No
1458-CZMQF,Female,1,Yes,No,71,No,No phone service,Fiber optic,Yes,No,Yes,Yes,Yes,Yes,Two year,Yes,Mailed check,88.85,6277.81,No
5175-PYFZH,Female,0,No,No,70,Yes,Yes,DSL,No,No,Yes,No,No,No,Two year,No,Mailed check,54.6,3778.01,No
3096-DCPJJ,Female,0,No,No,20,Yes,Yes,DSL,No,Yes,No,No,No,Yes,Month-to-month,Yes,Electronic check,62.64,1257.45,No
6701-VVXVY,Female,1,Yes,Yes,65,Yes,Yes,No,No internet service,No internet service,No internet service,No internet service,No internet service,No internet service,Two year,Yes,Mailed check,27.21,1629.5,No
0919-UBQKH,Male,0,Yes,Yes,11,Yes,No,Fiber optic,No,No,No,Yes,Yes,Yes,Month-to-month,Yes,Mailed check,91.22,1043.79,No
5555-TPOJP,Female,0,No,No,1,Yes,No,DSL,Yes,No,No,Yes,No,Yes,Month-to-month,Yes,Mailed check,65.07,68.47,No
1810-AJPSI,Female,0,Yes,No,51,Yes,Yes,DSL,Yes,No,No,Yes,No,No,One year,No,Credit card (automatic),56.03,2765.78,No
9871-LBDBJ,Female,1,No,No,25,Yes,Yes,Fiber optic,No,No,Yes,Yes,No,Yes,Month-to-month,Yes,Mailed check,90.06,2161.54,No
0748-TFSMZ,Female,0,Yes,Yes,8,Yes,Yes,Fiber optic,No,Yes,Yes,No,Yes,Yes,Month-to-month,No,Mailed check,103.24,883.8,Yes
7179-TAYNI,Female,0,Yes,No,20,Yes,No,DSL,Yes,No,No,Yes,No,No,One year,Yes,Credit card (automatic),51.65,1031.61,No
9418-FLNXP,Male,0,No,No,14,Yes,No,Fiber optic,No,No,Yes,Yes,No,Yes,Month-to-month,Yes,Electronic check,93.33,1221.71,No
7125-HWURG,Male,0,No,No,9,Yes,Yes,No,No internet service,No internet service,No internet service,No internet service,No internet service,No internet service,Month-to-month,Yes,Electronic check,23.33,224.93,Yes
8970-YLGMC,Male,0,No,No,62,Yes,No,Fiber optic,No,No,No,Yes,Yes,No,Two year,No,Bank transfer (automatic),83.63,4814.36,No
3261-CMABB,Female,0,Yes,No,53,Yes,Yes,DSL,Yes,Yes,No,No,Yes,Yes,Month-to-month,No,Mailed check,79.32,4378.19,No
2558-ACEUQ,Male,1,No,Yes,14,No,No phone service,No,No internet service,No internet service,No internet service,No internet service,No internet service,No internet service,Month-to-month,Yes,Credit card (automatic),18.25,248.21,No
9599-HCFTF,Female,0,No,No,23,Yes,No,Fiber optic,No,Yes,Yes,No,Yes,Yes,One year,Yes,Mailed check,99.64,2460.58,Yes
5809-ZPYZF,Female,1,No,No,58,Yes,Yes,Fiber optic,Yes,Yes,No,No,No,No,Two year,No,Bank transfer (automatic),86.13,4707.34,No
5875-IYGEF,Female,0,No,No,18,Yes,No,Fiber optic,No,Yes,No,Yes,Yes,Yes,Month-to-month,Yes,Electronic check,101.44,1903.86,Yes
3333-BUZNA,Female,0,Yes,Yes,6,Yes,Yes,Fiber optic,No,Yes,No,No,No,Yes,Month-to-month,No,Credit card (automatic),89.18,577.7,Yes
0515-XRSNK,Female,0,No,No,60,Yes,No,Fiber optic,Yes,No,No,No,Yes,Yes,Two year,Yes,Bank transfer (automatic),95.03,5671.67,No
3136-ONJJE,Female,0,No,No,10,Yes,No,Fiber optic,Yes,No,No,Yes,Yes,Yes,Month-to-month,No,Credit card (automatic),101.87,988.2,No
7288-NLXIO,Male,0,No,No,6,Yes,No,No,No internet service,No internet service,No internet service,No internet service,No internet service,No internet service,Month-to-month,Yes,Mailed check,19.07,107.68,No
2862-CQXWY,Female,0,Yes,Yes,35,Yes,No,No,No internet service,No internet service,No internet service,No internet service,No internet service,No internet service,One year,Yes,Electronic check,18.68,654.35,No
0595-PUKEI,Female,0,Yes,No,70,Yes,No,Fiber optic,No,Yes,Yes,No,No,Yes,Two year,No,Electronic check,88.38,5822.91,No
1183-DVEFP,Female,0,No,No,1,Yes,No,Fiber optic,Yes,No,Yes,No,Yes,No,Two year,No,Electronic check,87.78,93.87,No
3400-FMPMF,Female,0,No,No,6,Yes,Yes,Fiber optic,Yes,No,No,Yes,No,No,Month-to-month,Yes,Mailed check,85.19,498.54,No
4528-NTREH,Male,0,No,No,68,Yes,No,Fiber optic,No,Yes,No,No,Yes,Yes,Two year,Yes,Mailed check,97.27,6800.43,No
9449-SGUKQ,Female,0,Yes,Yes,72,Yes,Yes,DSL,Yes,No,No,Yes,Yes,No,One year,Yes,Electronic check,68.71,4917.47,No
2146-XEUZX,Male,0,No,Yes,1,Yes,No,Fiber optic,Yes,No,Yes,No,No,Yes,Two year,No,Bank transfer (automatic),90.76,90.82,No
2701-AYYXH,Male,0,Yes,No,11,Yes,Yes,No,No internet service,No internet service,No internet service,No internet service,No internet service,No internet service,Month-to-month,Yes,Electronic check,26.57,274.99,No
5943-ODILW,Female,0,Yes,No,52,Yes,No,Fiber optic,Yes,Yes,No,No,Yes,Yes,Two year,No,Credit card (automatic),102.32,5390.03,No
9384-DPUGH,Female,0,Yes,Yes,71,Yes,No,Fiber optic,No,Yes,No,No,No,Yes,Two year,Yes,Bank transfer (automatic),86.13,6488.76,No
1298-ZQDYO,Female,0,Yes,No,63,Yes,Yes,DSL,No,Yes,No,No,No,No,Two year,No,Bank transfer (automatic),55.19,3538.27,No
6978-HYFRA,Male,1,No,No,60,Yes,No,No,No internet service,No internet service,No internet service,No internet service,No internet service,No internet service,Two year,No,Credit card (automatic),18.56,1063.14,No
0611-DLMEK,Female,0,Yes,Yes,21,Yes,No,Fiber optic,No,Yes,No,No,No,Yes,Month-to-month,No,Electronic check,83.04,1754.88,Yes
1793-BZMUG,Male,0,No,Yes,61,Yes,Yes,Fiber optic,No,Yes,Yes,No,No,Yes,Two year,Yes,Mailed check,94.89,5963.69,No
3005-ANWPJ,Female,0,Yes,No,70,No,No phone service,DSL,Yes,No,Yes,No,Yes,No,One year,Yes,Bank transfer (automatic),45.95,3164.76,No
4652-MVTWJ,Female,0,Yes,No,61,Yes,Yes,DSL,No,Yes,Yes,Yes,Yes,No,One year,Yes,Mailed check,71.16,4200.59,No
5401-PERBT,Male,0,No,No,6,Yes,Yes,DSL,No,No,No,No,No,Yes,Month-to-month,No,Mailed check,60.95,360.9,No
2291-FZKWO,Female,0,No,Yes,2,Yes,Yes,Fiber optic,No,No,No,No,Yes,Yes,Month-to-month,Yes,Electronic check,92.24,184.92,Yes
6368-ANXAU,Male,1,Yes,No,9,Yes,Yes,DSL,Yes,Yes,Yes,No,No,No,One year,No,Electronic check,66.19,559.13,No
6720-ELUDM,Male,0,No,No,28,Yes,Yes,Fiber optic,No,Yes,Yes,Yes,No,Yes,Month-to-month,No,Bank transfer (automatic),99.14,2799.15,No
5349-KCYZJ,Female,0,Yes,No,60,Yes,No,DSL,No,No,Yes,No,Yes,Yes,Two year,Yes,Credit card (automatic),70.39,4514.15,No
7102-ZJDWQ,Female,0,Yes,Yes,35,Yes,No,Fiber optic,No,Yes,Yes,Yes,No,No,One year,Yes,Bank transfer (automatic),86.23,3251.34,No
9196-DWXVQ,Female,1,Yes,No,1,No,No phone service,Fiber optic,Yes,Yes,Yes,Yes,Yes,Yes,Month-to-month,No,Electronic check,90.96,91.5,Yes
3274-SQROR,Male,0,No,Yes,2,Yes,Yes,DSL,Yes,No,No,Yes,Yes,No,Month-to-month,No,Mailed check,68.38,145.75,Yes
2223-SNYHG,Female,0,Yes,Yes,6,Yes,No,Fiber optic,No,Yes,Yes,Yes,No,Yes,Month-to-month,Yes,Mailed check,97.47,595.49,Yes
6775-YIRWL,Male,1,No,No,6,Yes,Yes,Fiber optic,No,No,Yes,No,No,No,Month-to-month,Yes,Electronic check,79.09,438.61,Yes
8566-QOOZF,Male,1,No,No,5,Yes,No,DSL,No,No,No,No,Yes,No,Month-to-month,Yes,Mailed check,52.98,264.18,Yes
8061-VJTIU,Female,0,Yes,No,1,Yes,Yes,Fiber optic,No,Yes,No,No,Yes,No,Month-to-month,Yes,Bank transfer (automatic),90.43,90.06,Yes
1562-WGJGV,Female,0,No,No,60,Yes,Yes,Fiber optic,Yes,Yes,No,No,Yes,Yes,One year,No,Credit card (automatic),102.93,6346.34,No
4020-QLOYQ,Female,0,Yes,Yes,52,No,No phone service,Fiber optic,Yes,No,No,No,No,Yes,Two year,No,Bank transfer (automatic),62.42,3101.85,No
3806-BQCIQ,Male,0,No,No,51,Yes,No,No,No internet service,No internet service,No internet service,No internet service,No internet service,No internet service,One year,Yes,Credit card (automatic),18.25,973.01,No
8273-FFYNL,Male,1,No,No,30,Yes,No,Fiber optic,No,No,Yes,Yes,Yes,Yes,One year,Yes,Bank transfer (automatic),99.51,2888.65,Yes
1217-UEYCS,Female,0,Yes,No,6,No,No phone service,Fiber optic,No,Yes,Yes,No,Yes,Yes,Month-to-month,Yes,Electronic check,78.61,462.78,Yes
9656-QAELA,Male,1,Yes,No,61,Yes,Yes,DSL,No,No,No,No,Yes,No,Two year,Yes,Bank transfer (automatic),58.87,3457.94,No
0705-HRGSE,Male,0,No,No,10,Yes,No,Fiber optic,No,Yes,No,No,No,No,Month-to-month,No,Electronic check,70.1,668.06,No
4200-KUOAP,Female,0,Yes,No,13,No,No phone service,No,No internet service,No internet service,No internet service,No internet service,No internet service,No internet service,One year,No,Electronic check,18.25,255.53,No
5605-MNYYH,Male,0,No,No,38,Yes,Yes,No,No internet service,No internet service,No internet service,No internet service,No internet service,No internet service,One year,No,Credit card (automatic),24.66,982.19,No
1212-XJKHT,Male,0,Yes,Yes,5,Yes,Yes,Fiber optic,No,No,Yes,Yes,Yes,Yes,Month-to-month,Yes,Electronic check,102.94,507.41,No
2554-KVWGN,Male,1,Yes,No,71,No,No phone service,DSL,No,Yes,No,Yes,No,Yes,One year,Yes,Bank transfer (automatic),47.64,3480.54,No
7803-QCPXB,Female,0,Yes,No,40,Yes,Yes,DSL,No,No,No,Yes,No,Yes,Two year,Yes,Credit card (automatic),61.65,2331.83,No
5591-BYIBU,Female,0,Yes,Yes,25,Yes,No,No,No internet service,No internet service,No internet service,No internet service,No internet service,No internet service,One year,Yes,Electronic check,18.25,427.54,No
7891-EAFYT,Male,0,No,No,6,No,No phone service,No,No internet service,No internet service,No internet service,No internet service,No internet service,No internet service,Month-to-month,Yes,Electronic check,18.25,102.96,No
3893-UHYPD,Male,0,Yes,Yes,11,Yes,No,Fiber optic,No,No,No,No,No,No,Month-to-month,No,Electronic check,68.08,722.18,No
6330-BNUWH,Male,0,No,No,11,No,No phone service,Fiber optic,No,No,Yes,Yes,Yes,No,Month-to-month,No,Electronic check,69.05,793.22,Yes
4763-RPMDH,Female,0,Yes,No,20,Yes,No,DSL,Yes,No,No,Yes,Yes,No,Month-to-month,Yes,Electronic check,65.71,1283.07,Yes
0885-AKJYJ,Female,1,Yes,No,60,Yes,No,Fiber optic,Yes,No,No,No,No,Yes,Two year,Yes,Mailed check,86.35,5214.7,No
8992-TVURV,Male,0,Yes,Yes,15,No,No phone service,Fiber optic,No,Yes,No,No,Yes,Yes,Month-to-month,No,Mailed check,77.02,1211.31,No
4771-ENVSV,Female,0,No,No,12,Yes,Yes,DSL,No,Yes,Yes,No,No,No,Month-to-month,No,Credit card (automatic),62.28,802.74,Yes
7157-PZXET,Male,0,No,No,44,Yes,Yes,Fiber optic,Yes,No,No,No,Yes,Yes,Month-to-month,Yes,Bank transfer (automatic),98.05,4636.47,Yes
6228-ZFRDP,Female,0,Yes,No,8,Yes,No,Fiber optic,No,Yes,Yes,No,Yes,Yes,Month-to-month,Yes,Electronic check,100.35,797.08,Yes
0091-IMKXW,Female,0,No,Yes,72,Yes,Yes,No,No internet service,No internet service,No internet service,No internet service,No internet service,No internet service,Month-to-month,Yes,Electronic check,23.04,1567.37,No
2959-QPBNR,Male,0,Yes,Yes,21,Yes,Yes,Fiber optic,No,Yes,Yes,No,Yes,No,Month-to-month,No,Credit card (automatic),93,2074.27,Yes
4112-PNHPY,Female,0,No,No,16,Yes,Yes,No,No internet service,No internet service,No internet service,No internet service,No internet service,No internet service,Month-to-month,Yes,Credit card (automatic),21.48,344.51,No
3173-GLNSL,Female,0,Yes,Yes,71,Yes,No,Fiber optic,No,No,Yes,No,Yes,Yes,Two year,Yes,Electronic check,97.59,6853.03,No
3008-AXBOW,Male,1,No,No,3,No,No phone service,DSL,No,Yes,No,No,No,Yes,Month-to-month,No,Electronic check,42.54,131.75,Yes
6574-KERMD,Female,1,Yes,No,7,Yes,No,No,No internet service,No internet service,No internet service,No internet service,No internet service,No internet service,Month-to-month,No,Mailed check,24.09,176.14,No
3687-PKPUB,Male,0,No,No,16,Yes,Yes,Fiber optic,No,Yes,No,No,Yes,No,One year,Yes,Bank transfer (automatic),91.14,1348.58,Yes
7291-WMEXH,Male,1,No,No,39,Yes,No,Fiber optic,Yes,Yes,No,No,No,Yes,Month-to-month,Yes,Mailed check,90.41,3552.51,No
4405-HGVLO,Female,0,No,No,71,Yes,No,Fiber optic,No,Yes,Yes,No,No,Yes,Two year,Yes,Bank transfer (automatic),88.58,6493.31,No
9091-MJTNK,Female,1,Yes,No,7,Yes,Yes,Fiber optic,Yes,Yes,Yes,No,Yes,No,Month-to-month,Yes,Mailed check,101.81,669.33,Yes
6592-MBZFC,Male,0,No,No,7,Yes,Yes,No,No internet service,No internet service,No internet service,No internet service,No internet service,No internet service,Month-to-month,Yes,Mailed check,25.38,181.76,No
0434-DILZX,Female,0,Yes,Yes,18,Yes,No,DSL,No,Yes,No,No,No,No,Month-to-month,Yes,Electronic check,46.97,806.88,No
3182-UZRVQ,Female,0,Yes,Yes,9,Yes,Yes,DSL,No,Yes,Yes,Yes,No,No,Month-to-month,No,Credit card (automatic),64.75,548.15,No
3275-LOGVO,Male,0,No,No,61,Yes,No,DSL,Yes,No,Yes,Yes,No,Yes,Two year,Yes,Mailed check,66.83,4202.73,No
5873-BBTSJ,Female,0,No,No,29,Yes,Yes,Fiber optic,Yes,Yes,No,No,Yes,Yes,Month-to-month,Yes,Electronic check,105.24,2856.5,No
7926-WNBME,Male,0,Yes,Yes,6,Yes,No,Fiber optic,No,No,No,Yes,No,No,Month-to-month,Yes,Electronic check,76.39,427.77,Yes
6520-NUPGN,Female,1,No,Yes,4,No,No phone service,No,No internet service,No internet service,No internet service,No internet service,No internet service,No internet service,Month-to-month,Yes,Mailed check,18.25,75.43,Yes
7025-QKWDH,Male,0,No,No,8,Yes,Yes,Fiber optic,Yes,Yes,Yes,Yes,No,No,Month-to-month,Yes,Electronic check,93.01,798.93,No
8609-VAOOF,Male,1,No,No,60,Yes,Yes,Fiber optic,No,No,No,No,No,Yes,One year,No,Electronic check,88.42,5379.44,Yes
5262-LHYAH,Female,0,No,No,11,Yes,No,Fiber optic,No,No,No,No,Yes,No,Month-to-month,No,Mailed check,80.09,840.92,Yes
1761-FLGLA,Female,0,Yes,Yes,64,Yes,No,DSL,Yes,Yes,No,Yes,No,Yes,Two year,No,Electronic check,70.7,4885.86,No
2566-URLDO,Male,0,Yes,Yes,28,Yes,Yes,Fiber optic,No,No,No,No,Yes,Yes,Month-to-month,No,Mailed check,95.23,2854.2,No
8417-OJFHY,Male,0,Yes,No,9,No,No phone service,Fiber optic,No,Yes,No,No,Yes,No,Month-to-month,Yes,Mailed check,67.02,636.89,Yes
9706-YEPCR,Male,0,No,No,4,Yes,No,Fiber optic,No,Yes,Yes,No,Yes,No,Month-to-month,Yes,Electronic check,90.99,348.08,Yes
3011-RAFXC,Male,1,Yes,No,23,Yes,No,No,No internet service,No internet service,No internet service,No internet service,No internet service,No internet service,Month-to-month,No,Credit card (automatic),19.11,415.15,No
2987-EYPYK,Female,0,No,No,11,Yes,No,DSL,No,No,Yes,Yes,Yes,Yes,Two year,Yes,Credit card (automatic),71.23,831.18,No
4522-ZKDHY,Female,1,No,No,63,Yes,No,DSL,No,No,Yes,Yes,No,No,One year,No,Bank transfer (automatic),53.4,3119.25,No
7146-ULBBR,Male,0,Yes,No,4,Yes,No,Fiber optic,No,No,Yes,No,Yes,Yes,Month-to-month,No,Electronic check,94.72,382.9,Yes
2011-LVTXV,Male,0,No,No,68,Yes,No,DSL,Yes,No,No,Yes,No,Yes,Month-to-month,Yes,Electronic check,66.7,4220.35,No
8365-RNLST,Female,0,No,No,35,Yes,Yes,DSL,Yes,Yes,No,No,Yes,No,Month-to-month,Yes,Bank transfer (automatic),72.65,2403.68,Yes
7883-QQYGU,Female,0,No,No,50,Yes,No,No,No internet service,No internet service,No internet service,No internet service,No internet service,No internet service,Month-to-month,Yes,Bank transfer (automatic),19.05,933.31,No
6943-UUVOQ,Female,0,Yes,No,40,Yes,No,No,No internet service,No internet service,No internet service,No internet service,No internet service,No internet service,Month-to-month,Yes,Electronic check,23.4,932.37,No
2851-ESLFA,Female,0,Yes,Yes,59,Yes,No,Fiber optic,Yes,Yes,No,No,Yes,No,One year,Yes,Electronic check,90.61,5490.83,No
1409-SFPYY,Male,1,No,No,37,Yes,No,DSL,No,No,No,Yes,No,No,One year,Yes,Bank transfer (automatic),50.04,1999.31,No
2235-OTZJM,Female,0,No,No,14,No,No phone service,No,No internet service,No internet service,No internet service,No internet service,No internet service,No internet service,Month-to-month,Yes,Mailed check,18.25,268.1,No
9713-VUVZM,Female,0,No,No,12,Yes,Yes,No,No internet service,No internet service,No internet service,No internet service,No internet service,No internet service,Month-to-month,No,Electronic check,26.13,324.11,Yes
7864-ZGQBQ,Female,1,No,No,37,Yes,No,Fiber optic,No,Yes,No,No,Yes,No,One year,No,Electronic check,84.73,2937.02,No
7478-WJXSA,Male,0,Yes,Yes,56,Yes,Yes,Fiber optic,No,Yes,Yes,No,Yes,Yes,One year,No,Bank transfer (automatic),104.7,6271.47,No
2036-BSAMK,Female,0,No,No,13,No,No phone service,DSL,Yes,Yes,Yes,Yes,No,No,Month-to-month,Yes,Mailed check,46.98,593.12,No
7877-PBEZH,Female,0,Yes,Yes,61,Yes,Yes,Fiber optic,No,Yes,Yes,No,Yes,No,Two year,No,Mailed check,96.91,5704.42,No
6833-RUTAQ,Male,0,Yes,No,2,Yes,No,DSL,Yes,No,No,No,No,Yes,Month-to-month,No,Electronic check,59.65,120.23,No
3597-DEYCM,Female,0,Yes,Yes,4,Yes,Yes,No,No internet service,No internet service,No internet service,No internet service,No internet service,No internet service,Month-to-month,Yes,Bank transfer (automatic),24.46,92.69,No
9597-CJCJP,Female,0,No,No,7,Yes,No,Fiber optic,No,Yes,Yes,No,Yes,Yes,Month-to-month,No,Electronic check,97.96,666.12,Yes
6394-QWYIY,Female,0,No,No,24,Yes,Yes,DSL,No,No,Yes,No,No,Yes,Month-to-month,Yes,Electronic check,63.88,1425.45,Yes
6324-NTIWK,Female,0,No,Yes,46,No,No phone service,DSL,No,No,No,Yes,Yes,No,Two year,No,Credit card (automatic),42.41,2059.75,No
2015-TOODE,Female,0,No,No,10,Yes,Yes,DSL,No,No,No,Yes,No,No,One year,Yes,Bank transfer (automatic),54.72,555.82,No
6148-KNSHF,Male,0,No,No,2,No,No phone service,DSL,Yes,No,Yes,No,Yes,No,Month-to-month,Yes,Electronic check,46.93,91.82,Yes
2919-OUFOR,Male,0,No,No,14,Yes,Yes,Fiber optic,No,Yes,No,No,Yes,Yes,Month-to-month,No,Bank transfer (automatic),98.22,1431.45,Yes
1349-WOTKQ,Male,0,No,No,18,No,No phone service,DSL,Yes,No,Yes,Yes,Yes,No,Month-to-month,Yes,Mailed check,50.67,965.41,Yes
3951-DOGVN,Male,0,Yes,Yes,18,Yes,No,Fiber optic,No,Yes,Yes,Yes,No,No,Month-to-month,Yes,Bank transfer (automatic),85.73,1515.59,Yes
2553-MFQGD,Female,0,No,No,28,Yes,No,Fiber optic,Yes,No,No,No,Yes,Yes,One year,No,Mailed check,97.92,2635.41,No
7502-BURKM,Male,0,No,No,11,No,No phone service,No,No internet service,No internet service,No internet service,No internet service,No internet service,No internet service,One year,Yes,Electronic check,18.25,203.37,No
9490-OFOUF,Female,0,Yes,Yes,18,Yes,Yes,No,No internet service,No internet service,No internet service,No internet service,No internet service,No internet service,Month-to-month,Yes,Bank transfer (automatic),26.57,498.37,Yes
6065-PCISI,Female,0,Yes,Yes,30,Yes,Yes,Fiber optic,Yes,No,No,No,No,No,Two year,Yes,Bank transfer (automatic),79.81,2495,No
2019-SEREI,Male,0,Yes,Yes,60,Yes,No,DSL,Yes,Yes,No,Yes,Yes,Yes,Two year,No,Bank transfer (automatic),79.71,4771,No
4604-KDKOO,Female,0,Yes,Yes,28,Yes,Yes,Fiber optic,No,No,Yes,No,No,Yes,Month-to-month,No,Electronic check,85.74,2536.31,No
5468-JIVLV,Male,0,No,No,6,No,No phone service,No,No internet service,No internet service,No internet service,No internet service,No internet service,No internet service,Month-to-month,Yes,Mailed check,18.25,100.99,No
1532-XYSCB,Female,1,No,No,1,Yes,No,Fiber optic,No,Yes,No,Yes,Yes,Yes,Month-to-month,Yes,Credit card (automatic),100.6,95.62,Yes
9226-QTFRO,Female,0,No,No,36,Yes,Yes,Fiber optic,Yes,Yes,Yes,Yes,Yes,Yes,Two year,No,Bank transfer (automatic),117.54,4550.21,No
6530-MECRT,Female,0,No,No,15,Yes,No,Fiber optic,Yes,Yes,No,No,No,Yes,Month-to-month,Yes,Bank transfer (automatic),90.02,1358.64,Yes
8909-SOWCQ,Female,1,No,No,40,Yes,Yes,Fiber optic,Yes,No,No,No,No,Yes,One year,No,Electronic check,92.59,3535.29,No
2641-WDKWZ,Female,0,No,No,67,Yes,No,No,No internet service,No internet service,No internet service,No internet service,No internet service,No internet service,One year,Yes,Electronic check,18.25,1276.49,No
0554-VEOCY,Male,1,No,No,28,Yes,Yes,No,No internet service,No internet service,No internet service,No internet service,No internet service,No internet service,Month-to-month,No,Electronic check,21.24,596.47,Yes
4423-LWYRQ,Female,0,Yes,Yes,4,Yes,No,Fiber optic,No,No,Yes,No,Yes,Yes,Month-to-month,Yes,Mailed check,91.04,336.87,Yes
3034-SLMQJ,Female,0,Yes,Yes,45,Yes,No,No,No internet service,No internet service,No internet service,No internet service,No internet service,No internet service,One year,Yes,Electronic check,21.68,924.37,No
7784-IIAIP,Female,0,Yes,Yes,4,Yes,Yes,No,No internet service,No internet service,No internet service,No internet service,No internet service,No internet service,Month-to-month,No,Mailed check,25.63,98.41,No
7881-ZBEHW,Male,0,No,No,44,Yes,No,No,No internet service,No internet service,No internet service,No internet service,No internet service,No internet service,Month-to-month,Yes,Bank transfer (automatic),19.55,855.55,No
3089-UZHVI,Male,0,Yes,No,67,Yes,No,Fiber optic,No,Yes,No,No,Yes,Yes,Two year,Yes,Credit card (automatic),96.47,6768.21,No
8028-PNWJC,Male,0,No,No,33,Yes,No,Fiber optic,No,Yes,No,No,Yes,Yes,Month-to-month,No,Credit card (automatic),94.02,3062.42,No
8576-IIBKM,Female,0,No,No,8,Yes,Yes,Fiber optic,No,No,Yes,Yes,Yes,Yes,One year,No,Credit card (automatic),107.14,842.01,No
1673-JIHHS,Female,0,No,No,19,Yes,Yes,Fiber optic,Yes,No,No,Yes,Yes,No,Month-to-month,Yes,Mailed check,97.78,1978.56,Yes
4635-VWXDD,Female,0,Yes,Yes,17,Yes,No,Fiber optic,No,Yes,Yes,Yes,Yes,Yes,Month-to-month,Yes,Electronic check,101.05,1693.7,No
8685-OBECT,Male,0,No,No,21,Yes,Yes,Fiber optic,Yes,No,No,No,Yes,Yes,Month-to-month,Yes,Electronic check,101,2173,No
7374-JDSEO,Female,0,No,No,29,Yes,No,DSL,No,No,Yes,No,No,No,Month-to-month,Yes,Electronic check,50.95,1561.13,No
7563-OHCIO,Male,0,No,No,6,Yes,No,Fiber optic,No,Yes,Yes,No,Yes,Yes,Month-to-month,Yes,Electronic check,97.27,597.94,Yes
9033-LLQFW,Male,1,No,No,10,Yes,Yes,Fiber optic,No,No,No,No,No,Yes,Two year,Yes,Credit card (automatic),81.58,863.33,No
7469-HHAFM,Female,0,Yes,No,15,Yes,Yes,Fiber optic,Yes,No,Yes,No,No,No,Month-to-month,Yes,Electronic check,84.32,1352.77,Yes
4544-JUGBM,Male,0,No,No,1,Yes,Yes,DSL,Yes,No,No,No,Yes,Yes,Month-to-month,Yes,Electronic check,75.14,70.51,No
7482-OXPNF,Male,0,Yes,Yes,65,Yes,Yes,Fiber optic,No,No,Yes,Yes,No,No,Two year,No,Electronic check,85.88,5465.42,No
7814-GKDTG,Female,0,Yes,No,54,Yes,No,No,No internet service,No internet service,No internet service,No internet service,No internet service,No internet service,Two year,Yes,Electronic check,22.26,1225.47,No
8691-QTTUY,Male,0,Yes,No,55,Yes,No,DSL,Yes,Yes,No,Yes,Yes,No,Two year,No,Credit card (automatic),69.7,3935.45,No
4883-KAEXI,Male,0,Yes,Yes,3,Yes,Yes,No,No internet service,No internet service,No internet service,No internet service,No internet service,No internet service,Month-to-month,Yes,Mailed check,24.96,74.96,No
3569-BXFCI,Male,0,Yes,Yes,1,Yes,No,DSL,No,Yes,Yes,No,Yes,No,Month-to-month,Yes,Electronic check,69.4,73.43,Yes
1141-WYMIN,Male,0,Yes,Yes,33,Yes,No,DSL,Yes,Yes,Yes,Yes,No,Yes,One year,Yes,Credit card (automatic),75.19,2528.55,No
8715-LSNUE,Male,0,Yes,Yes,66,Yes,Yes,Fiber optic,No,No,No,No,Yes,No,Two year,No,Mailed check,83.41,5898.83,No
0630-ZEUVN,Female,0,Yes,Yes,5,Yes,Yes,No,No internet service,No internet service,No internet service,No internet service,No internet service,No internet service,Month-to-month,No,Electronic check,25.96,125.04,Yes
6097-NITIG,Male,0,No,No,71,Yes,No,No,No internet service,No internet service,No internet service,No internet service,No internet service,No internet service,Two year,Yes,Mailed check,18.6,1403.9,No
8078-YOVVP,Female,0,No,No,65,Yes,Yes,DSL,Yes,Yes,No,No,No,Yes,Two year,No,Credit card (automatic),68.63,4184.5,No
6737-UQWMO,Female,0,No,No,59,Yes,Yes,DSL,No,No,Yes,Yes,No,Yes,Month-to-month,No,Bank transfer (automatic),67.45,4276.74,No
1494-JSUKY,Male,0,No,No,45,Yes,Yes,No,No internet service,No internet service,No internet service,No internet service,No internet service,No internet service,One year,Yes,Electronic check,25.16,1195.32,No
8473-WVGQP,Female,0,No,No,10,Yes,No,DSL,No,No,Yes,No,No,No,Month-to-month,No,Mailed check,52.38,499.14,Yes
2828-DHDER,Female,0,Yes,Yes,7,Yes,No,DSL,No,Yes,Yes,No,Yes,Yes,Month-to-month,Yes,Mailed check,75.5,527.92,No
7480-OHKVG,Male,1,No,No,4,Yes,No,No,No internet service,No internet service,No internet service,No internet service,No internet service,No internet service,Month-to-month,No,Bank transfer (automatic),20.98,83.94,No
9588-NUIHF,Female,1,Yes,No,6,Yes,No,DSL,Yes,No,Yes,No,Yes,No,Month-to-month,No,Electronic check,66.06,409.58,Yes
1279-IXAOR,Male,0,Yes,No,6,Yes,Yes,Fiber optic,No,Yes,No,No,No,Yes,Month-to-month,No,Electronic check,92.53,576.37,Yes
3456-POZYR,Male,0,No,No,37,Yes,Yes,No,No internet service,No internet service,No internet service,No internet service,No internet service,No internet service,One year,Yes,Bank transfer (automatic),23.08,803.19,No
4889-LMCTH,Female,0,Yes,No,67,Yes,No,Fiber optic,Yes,No,No,No,Yes,No,Two year,Yes,Credit card (automatic),83.36,5360.5,No
0950-KQBZW,Female,0,Yes,Yes,11,Yes,Yes,Fiber optic,No,No,Yes,Yes,Yes,No,Month-to-month,Yes,Electronic check,95.3,982.46,Yes
8119-UIUDE,Female,0,No,No,2,Yes,Yes,Fiber optic,No,Yes,Yes,Yes,No,Yes,Month-to-month,Yes,Electronic check,99.6,187.18,No
9423-NPZPF,Male,0,No,No,36,Yes,Yes,DSL,No,Yes,No,No,No,No,One year,Yes,Electronic check,53.02,1955.74,No
7143-RMENR,Male,0,Yes,No,19,Yes,Yes,No,No internet service,No internet service,No internet service,No internet service,No internet service,No internet service,Month-to-month,Yes,Electronic check,25.01,472.83,No
8548-YBHLN,Male,0,No,No,43,Yes,No,Fiber optic,No,Yes,Yes,No,Yes,Yes,Month-to-month,Yes,Electronic check,95.36,4137.44,No
1637-MPSNZ,Male,0,No,No,7,Yes,Yes,No,No internet service,No internet service,No internet service,No internet service,No internet service,No internet service,Month-to-month,No,Credit card (automatic),26.58,194.2,Yes
5513-AURXC,Male,1,No,No,71,Yes,Yes,No,No internet service,No internet service,No internet service,No internet service,No internet service,No internet service,One year,Yes,Mailed check,22.95,1595.48,No
9856-NVSSJ,Male,0,Yes,Yes,15,Yes,No,Fiber optic,No,No,Yes,No,No,Yes,Two year,Yes,Bank transfer (automatic),80.57,1262.28,No
2265-DQGYU,Male,0,No,No,15,No,No phone service,DSL,Yes,No,Yes,Yes,No,Yes,Month-to-month,Yes,Credit card (automatic),52.1,764.21,No
5713-PKKAP,Female,0,No,No,19,Yes,Yes,No,No internet service,No internet service,No internet service,No internet service,No internet service,No internet service,One year,No,Credit card (automatic),24.78,503.47,No
9282-MEYIC,Male,0,No,Yes,36,Yes,Yes,DSL,Yes,No,Yes,No,No,No,One year,Yes,Mailed check,60.59,2315.15,No
6728-IJHQW,Male,0,Yes,Yes,67,Yes,No,DSL,Yes,Yes,No,Yes,Yes,No,Two year,No,Mailed check,73.24,5039.56,No
1897-CPWBO,Female,0,No,No,31,Yes,No,DSL,Yes,No,Yes,No,No,No,One year,No,Bank transfer (automatic),56.54,1889.74,No
9466-KPBCK,Female,0,Yes,No,28,Yes,No,No,No internet service,No internet service,No internet service,No internet service,No internet service,No internet service,Month-to-month,No,Electronic check,22.14,661.16,No
0691-VOSCW,Male,0,No,No,10,Yes,Yes,Fiber optic,Yes,Yes,Yes,No,Yes,Yes,Month-to-month,Yes,Electronic check,110.33,1139.78,No
1948-YNDYJ,Male,1,No,No,32,Yes,Yes,Fiber optic,No,No,Yes,No,No,No,Month-to-month,Yes,Electronic check,83.95,2615.31,No
9976-DONNB,Female,0,No,No,21,Yes,No,DSL,No,No,Yes,Yes,No,Yes,Month-to-month,Yes,Electronic check,65.54,1324.78,No
2183-MOIZN,Female,0,Yes,Yes,18,No,No phone service,Fiber optic,No,Yes,No,Yes,Yes,No,Month-to-month,Yes,Credit card (automatic),67.32,1222.66,No
5342-UBOKU,Female,0,Yes,No,29,Yes,Yes,DSL,Yes,No,No,No,No,No,Month-to-month,Yes,Electronic check,51.43,1489.81,Yes
1241-GCSQZ,Female,0,No,No,16,Yes,No,DSL,No,No,No,No,No,No,One year,Yes,Bank transfer (automatic),46.29,738.02,No
5353-KYDLE,Male,0,No,Yes,13,Yes,No,Fiber optic,No,No,Yes,Yes,No,No,Month-to-month,Yes,Electronic check,77.79,1031.08,Yes
5197-FZQIP,Male,1,No,No,70,Yes,Yes,DSL,Yes,Yes,No,No,Yes,No,Two year,No,Credit card (automatic),69.94,4828.51,No
8281-JYKYL,Male,0,Yes,No,15,Yes,No,No,No internet service,No internet service,No internet service,No internet service,No internet service,No internet service,Month-to-month,Yes,Bank transfer (automatic),20.82,320.4,No
4924-ESEWE,Male,0,Yes,Yes,72,Yes,No,Fiber optic,Yes,Yes,No,No,No,Yes,One year,Yes,Credit card (automatic),88.88,6089.25,No
0683-KNAAU,Male,1,Yes,No,38,Yes,Yes,Fiber optic,Yes,Yes,No,Yes,Yes,No,One year,No,Credit card (automatic),97.32,3915.83,No
7633-FMXKT,Male,0,No,No,39,Yes,No,Fiber optic,No,Yes,Yes,No,No,No,One year,Yes,Bank transfer (automatic),77.33,3160.1,No
9154-JHZSO,Female,0,Yes,Yes,18,Yes,Yes,Fiber optic,No,Yes,No,No,No,Yes,Month-to-month,No,Electronic check,88.93,1574.4,No
9222-BFAMP,Female,0,Yes,Yes,66,Yes,No,DSL,No,No,Yes,Yes,Yes,No,One year,Yes,Mailed check,65.53,4384.53,No
8355-LOWVV,Female,0,Yes,Yes,70,Yes,Yes,Fiber optic,Yes,Yes,Yes,Yes,Yes,No,Two year,No,Bank transfer (automatic),102.08,7110.74,No
0816-XVJLW,Male,0,No,No,41,Yes,No,Fiber optic,Yes,No,No,No,Yes,No,Two year,Yes,Electronic check,88.73,3570.01,No
8976-QTELO,Male,0,No,No,2,Yes,Yes,DSL,No,No,No,No,No,Yes,Month-to-month,Yes,Mailed check,60.65,127.08,No
0678-OIZUL,Female,0,Yes,Yes,16,Yes,Yes,No,No internet service,No internet service,No internet service,No internet service,No internet service,No internet service,Month-to-month,Yes,Mailed check,25.36,415.58,No
1531-VFQCK,Female,0,No,No,68,Yes,Yes,Fiber optic,No,No,No,No,No,Yes,Two year,Yes,Credit card (automatic),84.44,5733.61,No
7720-YRMEZ,Female,0,No,No,14,No,No phone service,Fiber optic,No,Yes,Yes,No,No,Yes,Month-to-month,No,Bank transfer (automatic),70.27,1047.25,No
8778-ZQFYG,Female,0,Yes,No,24,Yes,No,Fiber optic,No,No,Yes,No,Yes,Yes,One year,No,Electronic check,95.34,2200.74,No
6340-FVCGY,Male,1,Yes,No,58,Yes,No,DSL,No,No,No,No,Yes,Yes,Two year,Yes,Mailed check,64.86,3975.03,No
4921-MIRRL,Female,0,Yes,No,39,Yes,No,No,No internet service,No internet service,No internet service,No internet service,No internet service,No internet service,Month-to-month,Yes,Electronic check,22.33,888.42,No
2911-KGOKB,Male,1,No,No,11,Yes,No,No,No internet service,No internet service,No internet service,No internet service,No internet service,No internet service,Month-to-month,Yes,Mailed check,22.18,236.86,No
5125-TESHI,Male,0,Yes,Yes,22,Yes,Yes,DSL,No,No,Yes,Yes,No,Yes,Month-to-month,No,Mailed check,70.04,1508.55,No
8945-ZDAOG,Male,0,No,No,2,Yes,No,Fiber optic,Yes,No,No,No,Yes,Yes,Month-to-month,No,Mailed check,93.17,186.36,No
0301-OOPGH,Male,0,No,No,17,Yes,No,No,No internet service,No internet service,No internet service,No internet service,No internet service,No internet service,Month-to-month,Yes,Mailed check,18.25,327.06,No
4186-BRFHW,Female,0,No,No,12,Yes,No,Fiber optic,No,Yes,No,Yes,No,No,Month-to-month,No,Bank transfer (automatic),79.61,930.2,Yes
7403-QWKHE,Male,1,No,No,10,Yes,No,Fiber optic,Yes,No,No,No,No,No,Month-to-month,Yes,Electronic check,74.14,765.83,Yes
7788-TNAPH,Male,0,Yes,Yes,13,Yes,No,No,No internet service,No internet service,No internet service,No internet service,No internet service,No internet service,Month-to-month,Yes,Electronic check,20.81,260.86,Yes
0065-QOQZK,Male,0,No,No,16,Yes,No,DSL,No,No,Yes,No,Yes,Yes,Month-to-month,No,Electronic check,73.04,1129.28,Yes
2035-TMSPL,Female,0,Yes,No,37,Yes,Yes,No,No internet service,No internet service,No internet service,No internet service,No internet service,No internet service,Month-to-month,Yes,Bank transfer (automatic),25.26,911.25,No
4590-JDOZQ,Female,0,Yes,Yes,36,No,No phone service,No,No internet service,No internet service,No internet service,No internet service,No internet service,No internet service,Month-to-month,No,Electronic check,18.25,655.61,No
3902-ZDMXB,Male,0,No,No,33,Yes,No,DSL,Yes,No,Yes,No,No,Yes,Two year,Yes,Credit card (automatic),62.09,1886.31,No
7530-NAARX,Female,1,Yes,No,16,Yes,Yes,No,No internet service,No internet service,No internet service,No internet service,No internet service,No internet service,Month-to-month,Yes,Electronic check,24.33,412.97,No
7923-GJOAT,Male,0,No,No,2,Yes,No,No,No internet service,No internet service,No internet service,No internet service,No internet service,No internet service,Month-to-month,No,Electronic check,20.13,37.96,No
0148-PAKHV,Female,0,No,No,22,Yes,Yes,Fiber optic,No,No,Yes,No,Yes,No,One year,Yes,Credit card (automatic),87.65,1914.02,No
0886-WWXZI,Female,0,No,No,36,Yes,Yes,No,No internet service,No internet service,No internet service,No internet service,No internet service,No internet service,Month-to-month,Yes,Electronic check,24.58,914.42,No
1620-XXWZZ,Female,0,No,No,61,Yes,No,DSL,No,Yes,No,Yes,Yes,No,Two year,Yes,Bank transfer (automatic),67.11,4059.28,No
5557-QZQEB,Female,1,No,No,3,Yes,Yes,Fiber optic,No,Yes,No,No,Yes,Yes,Month-to-month,Yes,Electronic check,98.7,275.41,Yes
6681-VFHYL,Male,0,Yes,No,56,Yes,No,Fiber optic,No,Yes,Yes,No,Yes,No,Month-to-month,Yes,Mailed check,89.26,4877.35,No
7624-RYLOD,Male,0,No,No,1,Yes,No,Fiber optic,No,No,Yes,No,Yes,Yes,Month-to-month,No,Electronic check,96.17,98.07,Yes
7524-PWBSD,Female,0,Yes,Yes,64,Yes,No,No,No internet service,No internet service,No internet service,No internet service,No internet service,No internet service,One year,Yes,Mailed check,22.74,1557.84,No
1369-MMLYQ,Male,0,Yes,Yes,2,Yes,No,Fiber optic,Yes,Yes,Yes,No,Yes,Yes,Month-to-month,No,Electronic check,106,199.62,Yes
4691-ZANIO,Male,0,Yes,No,2,No,No phone service,No,No internet service,No internet service,No internet service,No internet service,No internet service,No internet service,Month-to-month,No,Electronic check,18.25,35.04,Yes
8969-AJVRI,Female,0,Yes,Yes,1,Yes,Yes,DSL,No,No,Yes,No,No,No,Month-to-month,No,Bank transfer (automatic),57.49,61.68,No
4519-SZWCG,Female,0,Yes,Yes,71,Yes,No,Fiber optic,No,No,No,Yes,No,Yes,Two year,Yes,Credit card (automatic),83.27,5504.19,No
9491-FSZIC,Female,0,No,No,66,Yes,No,DSL,No,No,No,Yes,No,No,Two year,No,Electronic check,48.61,3464.03,No
5591-RECNI,Female,0,No,No,4,Yes,Yes,DSL,No,Yes,No,No,No,No,Month-to-month,No,Mailed check,51.94,213.66,No
9785-NIZOR,Female,1,No,Yes,9,Yes,No,No,No internet service,No internet service,No internet service,No internet service,No internet service,No internet service,Month-to-month,Yes,Electronic check,18.56,159.36,No
9447-CTGIH,Male,1,No,Yes,26,Yes,Yes,Fiber optic,No,No,Yes,Yes,Yes,No,One year,No,Credit card (automatic),95.19,2554.5,No
3073-ATIMD,Female,0,No,No,8,Yes,Yes,DSL,Yes,No,No,No,No,No,Month-to-month,Yes,Bank transfer (automatic),52.24,403.19,No
2363-ZSEAJ,Male,0,No,No,34,Yes,No,Fiber optic,No,No,No,No,No,No,One year,No,Credit card (automatic),69.23,2435.6,No
2314-HHADY,Male,0,No,No,63,Yes,Yes,Fiber optic,Yes,Yes,No,No,Yes,Yes,Two year,No,Credit card (automatic),101.42,6128.58,No
7028-ZHIRG,Female,1,Yes,Yes,3,Yes,Yes,No,No internet service,No internet service,No internet service,No internet service,No internet service,No internet service,Month-to-month,Yes,Electronic check,25.71,72.99,No
5469-EMWAT,Female,0,Yes,Yes,12,Yes,No,DSL,Yes,No,Yes,Yes,No,Yes,Month-to-month,Yes,Electronic check,68.67,787.01,No
2317-TCKJR,Male,0,Yes,No,34,Yes,No,DSL,No,Yes,No,No,No,No,Month-to-month,Yes,Mailed check,50,1674.25,No
6019-JRZGI,Male,0,Yes,No,24,Yes,Yes,Fiber optic,No,Yes,Yes,No,No,Yes,One year,Yes,Electronic check,93.41,2158.63,Yes
7403-TKYXT,Male,0,No,No,1,Yes,No,Fiber optic,Yes,No,Yes,No,Yes,Yes,Month-to-month,No,Credit card (automatic),99.92,106.02,Yes
6513-YNPRY,Male,0,No,No,1,Yes,No,Fiber optic,No,No,No,No,Yes,No,Two year,Yes,Credit card (automatic),77.94,82.63,No
9675-STFBH,Female,0,No,No,18,Yes,Yes,DSL,No,Yes,No,No,No,Yes,Month-to-month,Yes,Electronic check,62.28,1164.86,Yes
5827-SXUIV,Female,0,Yes,Yes,24,Yes,No,Fiber optic,Yes,No,No,Yes,No,Yes,One year,Yes,Electronic check,89.74,1993.74,No
4185-BAORO,Female,0,No,Yes,30,Yes,Yes,DSL,No,Yes,No,Yes,Yes,Yes,One year,No,Credit card (automatic),82.08,2329.51,No
2651-LOILD,Male,0,Yes,No,23,Yes,No,Fiber optic,No,Yes,No,No,No,Yes,One year,No,Mailed check,81.08,1949.54,No
6781-TDZCH,Male,0,Yes,Yes,7,Yes,No,No,No internet service,No internet service,No internet service,No internet service,No internet service,No internet service,Month-to-month,Yes,Mailed check,18.25,136.54,No
7729-IHLZO,Male,0,No,No,14,Yes,No,DSL,No,Yes,Yes,Yes,No,No,Month-to-month,No,Electronic check,61.51,806.01,Yes
1776-KFGZS,Female,0,Yes,Yes,3,Yes,Yes,DSL,No,No,No,No,No,Yes,Month-to-month,No,Electronic check,59.58,166.99,No
6839-RYRDN,Male,0,No,No,37,Yes,Yes,Fiber optic,Yes,Yes,Yes,No,No,No,One year,No,Electronic check,89.82,3448.59,No
2074-IGPHR,Female,0,Yes,No,60,Yes,No,DSL,No,Yes,No,Yes,Yes,No,One year,No,Electronic check,68.75,4011.29,No
9071-MHPWL,Male,0,No,No,28,Yes,Yes,Fiber optic,Yes,Yes,No,No,Yes,No,One year,Yes,Credit card (automatic),93.74,2620.4,No
0625-QWCQA,Female,1,No,No,67,Yes,Yes,Fiber optic,No,No,Yes,No,No,Yes,Two year,Yes,Electronic check,87.54,5509.03,No
7658-DHHHR,Male,0,No,Yes,30,Yes,Yes,No,No internet service,No internet service,No internet service,No internet service,No internet service,No internet service,Month-to-month,Yes,Electronic check,22.8,718.88,No
5086-WKQVD,Male,0,No,Yes,14,Yes,No,DSL,Yes,Yes,Yes,Yes,Yes,No,Month-to-month,No,Electronic check,76.69,1134.64,No
1773-EJWAH,Male,0,No,No,5,Yes,Yes,No,No internet service,No internet service,No internet service,No internet service,No internet service,No internet service,Month-to-month,Yes,Credit card (automatic),20.99,101.5,No
7627-PANVW,Male,0,No,No,35,Yes,Yes,Fiber optic,No,Yes,Yes,No,Yes,No,Month-to-month,No,Mailed check,92.45,3019.03,No
9445-PYSXF,Female,1,No,No,6,Yes,No,No,No internet service,No internet service,No internet service,No internet service,No internet service,No internet service,Month-to-month,Yes,Electronic check,18.57,115.7,Yes
1927-FRSYS,Female,0,No,No,29,Yes,No,Fiber optic,No,Yes,Yes,No,Yes,No,Month-to-month,Yes,Mailed check,86.39,2616.5,Yes
7475-PGKBG,Female,1,Yes,Yes,58,Yes,No,DSL,Yes,Yes,No,Yes,Yes,Yes,Two year,No,Mailed check,77.65,4503.49,No
7599-KGOPC,Male,1,No,No,20,Yes,No,No,No internet service,No internet service,No internet service,No internet service,No internet service,No internet service,Month-to-month,No,Mailed check,21.78,461.68,No
3445-CNVKU,Male,1,Yes,Yes,45,Yes,Yes,Fiber optic,No,No,No,No,No,No,Two year,No,Bank transfer (automatic),72.46,3385.68,No
4469-OFUST,Male,0,Yes,Yes,15,Yes,No,Fiber optic,No,No,Yes,No,Yes,No,Month-to-month,Yes,Mailed check,80.76,1253.72,No
0437-GFBTJ,Female,0,No,No,37,Yes,No,Fiber optic,Yes,Yes,No,Yes,Yes,Yes,Month-to-month,Yes,Credit card (automatic),104.42,3912.9,No
9299-FKWQK,Female,0,No,No,24,Yes,Yes,DSL,Yes,Yes,No,No,No,No,One year,Yes,Electronic check,55.11,1411.42,No
8362-MRXDI,Female,1,No,No,37,Yes,No,DSL,Yes,No,No,No,No,No,Month-to-month,No,Mailed check,52,1947.42,No
8036-SLHJW,Male,0,No,No,44,Yes,Yes,No,No internet service,No internet service,No internet service,No internet service,No internet service,No internet service,Month-to-month,Yes,Mailed check,23.4,1069.45,No
4077-MELRK,Male,0,Yes,No,18,No,No phone service,Fiber optic,Yes,Yes,No,No,No,Yes,One year,Yes,Bank transfer (automatic),68.81,1271.41,No
2479-URXVV,Male,0,No,No,65,Yes,Yes,Fiber optic,Yes,Yes,Yes,No,No,No,Two year,Yes,Bank transfer (automatic),89.14,5698.58,No
5056-OADGC,Male,0,No,No,34,Yes,No,DSL,Yes,No,Yes,No,Yes,Yes,One year,No,Mailed check,75.96,2604.65,No
3568-GMYVC,Male,0,Yes,No,8,Yes,Yes,No,No internet service,No internet service,No internet service,No internet service,No internet service,No internet service,Month-to-month,Yes,Mailed check,23.38,178.44,No
9142-VDMYG,Female,1,No,No,66,Yes,No,No,No internet service,No internet service,No internet service,No internet service,No internet service,No internet service,Two year,No,Electronic check,18.25,1293.75,No
1326-EKPZG,Male,0,Yes,No,28,Yes,No,DSL,No,No,No,No,Yes,Yes,One year,Yes,Credit card (automatic),62.69,1650.62,No
7241-UYSXZ,Male,0,No,No,9,Yes,No,Fiber optic,Yes,No,Yes,No,Yes,Yes,Month-to-month,Yes,Mailed check,100.74,898.75,Yes
5515-QYRCN,Female,0,Yes,No,37,Yes,No,No,No internet service,No internet service,No internet service,No internet service,No internet service,No internet service,Two year,No,Bank transfer (automatic),18.25,626.58,No
3751-RXEZV,Male,1,Yes,No,9,Yes,Yes,No,No internet service,No internet service,No internet service,No internet service,No internet service,No internet service,Month-to-month,No,Electronic check,23.47,199.87,Yes
9562-UGAZL,Female,0,No,No,32,Yes,No,Fiber optic,No,No,Yes,No,Yes,Yes,Month-to-month,Yes,Credit card (automatic),94.47,3033.8,No
1141-KEBLB,Male,0,Yes,Yes,32,Yes,Yes,Fiber optic,No,Yes,Yes,Yes,No,No,One year,Yes,Credit card (automatic),87.79,2793.15,No
5255-IOECR,Female,1,Yes,Yes,39,Yes,No,DSL,No,No,No,No,Yes,No,Month-to-month,No,Credit card (automatic),55.18,2299.03,Yes
4631-TGQOT,Female,0,Yes,Yes,18,Yes,No,Fiber optic,No,No,Yes,No,No,No,Month-to-month,Yes,Bank transfer (automatic),73.02,1330.11,No
4817-IIURD,Male,0,No,No,13,Yes,No,No,No internet service,No internet service,No internet service,No internet service,No internet service,No internet service,Month-to-month,Yes,Electronic check,22.71,295.59,No
4793-IEZPK,Female,0,Yes,No,68,Yes,No,DSL,No,No,No,No,Yes,No,Two year,No,Electronic check,56.48,3707.34,No
2028-GPNCF,Female,0,No,No,18,Yes,Yes,DSL,Yes,Yes,Yes,Yes,No,Yes,Month-to-month,Yes,Electronic check,79.31,1443.18,No
8796-GYRYJ,Male,1,No,No,40,Yes,Yes,No,No internet service,No internet service,No internet service,No internet service,No internet service,No internet service,Two year,Yes,Bank transfer (automatic),27.5,1112.92,No
3303-BUDJF,Male,0,No,Yes,1,Yes,No,No,No internet service,No internet service,No internet service,No internet service,No internet service,No internet service,Two year,No,Credit card (automatic),19.99,21.23,No
2235-KPRBD,Male,1,No,Yes,8,No,No phone service,DSL,No,No,Yes,Yes,Yes,Yes,Month-to-month,Yes,Bank transfer (automatic),55.59,472.84,Yes
0178-DROCG,Male,0,No,No,27,Yes,No,DSL,No,No,No,Yes,Yes,No,Month-to-month,Yes,Mailed check,60.61,1614.24,No
4415-ASJYW,Male,0,Yes,No,33,Yes,No,Fiber optic,No,Yes,Yes,No,Yes,No,One year,Yes,Bank transfer (automatic),89.95,2906.5,Yes
2975-GTSEF,Female,1,Yes,No,51,Yes,Yes,No,No internet service,No internet service,No internet service,No internet service,No internet service,No internet service,Two year,Yes,Credit card (automatic),25.87,1374.61,No
4838-WEPTQ,Female,0,No,No,30,Yes,Yes,DSL,No,No,Yes,No,No,Yes,Month-to-month,Yes,Electronic check,65.02,1818.73,No
1215-MUVST,Male,0,Yes,Yes,33,Yes,No,DSL,No,No,No,Yes,Yes,No,Month-to-month,No,Electronic check,60.17,1898.6,No
8649-ZKDFI,Male,0,Yes,No,7,Yes,Yes,No,No internet service,No internet service,No internet service,No internet service,No internet service,No internet service,Month-to-month,No,Electronic check,28.04,189.52,No
0443-EOTPF,Female,0,No,No,41,Yes,No,Fiber optic,Yes,No,No,No,No,Yes,Month-to-month,No,Electronic check,87.55,3612.02,No
5177-XFHGQ,Female,1,Yes,Yes,21,Yes,No,Fiber optic,No,No,No,No,No,Yes,Month-to-month,Yes,Electronic check,77.16,1537.37,Yes
3166-TTFNE,Female,0,Yes,Yes,17,Yes,No,Fiber optic,No,No,No,Yes,Yes,Yes,Month-to-month,Yes,Mailed check,94.4,1536.12,No
5918-OWCCY,Male,0,Yes,No,6,No,No phone service,Fiber optic,No,Yes,Yes,No,Yes,No,Month-to-month,No,Mailed check,69.7,392.57,Yes
8687-USGKW,Male,1,Yes,Yes,43,No,No phone service,Fiber optic,Yes,No,No,No,No,No,One year,Yes,Bank transfer (automatic),51.32,2200.51,No
8395-UFEOQ,Female,0,No,No,1,Yes,Yes,DSL,No,Yes,No,No,No,No,Month-to-month,Yes,Bank transfer (automatic),57.88,58.47,Yes
6236-ZMPLX,Female,0,Yes,Yes,9,Yes,No,DSL,No,Yes,Yes,No,No,No,Month-to-month,Yes,Mailed check,52.57,437.74,No
1402-IGPUC,Male,0,Yes,Yes,17,Yes,Yes,DSL,No,No,No,No,Yes,Yes,Month-to-month,Yes,Credit card (automatic),71.28,1133.76,Yes
8340-EHLJE,Female,1,Yes,No,5,Yes,No,DSL,Yes,No,No,Yes,Yes,Yes,Month-to-month,No,Credit card (automatic),71.44,378.38,No
0842-JFZKA,Male,1,No,No,21,Yes,Yes,DSL,Yes,No,No,No,Yes,No,Month-to-month,Yes,Mailed check,63.97,1374.87,Yes
8688-BXRXS,Male,0,No,No,38,Yes,Yes,No,No internet service,No internet service,No internet service,No internet service,No internet service,No internet service,One year,Yes,Mailed check,23.82,976.84,No
1139-DDMQT,Male,0,No,No,19,Yes,No,DSL,No,No,No,No,No,No,One year,Yes,Credit card (automatic),46.1,868.07,No
8722-DEXIA,Male,0,No,No,18,Yes,Yes,No,No internet service,No internet service,No internet service,No internet service,No internet service,No internet service,Month-to-month,Yes,Electronic check,24.72,423.34,No
4986-VAMNI,Male,0,No,No,49,Yes,No,No,No internet service,No internet service,No internet service,No internet service,No internet service,No internet service,One year,Yes,Bank transfer (automatic),21.15,1082.85,No
8888-BCWBE,Male,0,Yes,Yes,69,Yes,Yes,Fiber optic,No,No,No,Yes,No,Yes,Two year,No,Electronic check,89.76,5938.1,No
3552-PJVRD,Male,0,Yes,No,65,Yes,Yes,DSL,No,No,Yes,No,No,Yes,Two year,Yes,Mailed check,63.33,4095.07,No
0742-FGWCH,Female,0,No,No,69,Yes,No,No,No internet service,No internet service,No internet service,No internet service,No internet service,No internet service,Two year,Yes,Credit card (automatic),18.25,1253.02,No
9541-LTLXF,Male,0,No,No,43,Yes,No,Fiber optic,No,Yes,Yes,Yes,No,No,One year,Yes,Credit card (automatic),86.1,3922.92,No
2509-EESSQ,Female,0,Yes,Yes,9,Yes,No,DSL,No,Yes,Yes,Yes,No,Yes,Month-to-month,Yes,Bank transfer (automatic),67.48,597.04,No
8812-MREYG,Female,0,No,Yes,66,Yes,Yes,DSL,Yes,Yes,No,No,No,Yes,Two year,Yes,Credit card (automatic),69.19,4768.17,No
8278-SFUJQ,Female,1,No,No,17,Yes,No,No,No internet service,No internet service,No internet service,No internet service,No internet service,No internet service,Month-to-month,Yes,Electronic check,18.25,321.48,No
7679-TAUHR,Female,1,No,No,33,Yes,No,No,No internet service,No internet service,No internet service,No internet service,No internet service,No internet service,Month-to-month,Yes,Electronic check,19.62,685.21,No
8502-WINRG,Female,0,No,No,10,Yes,Yes,DSL,Yes,Yes,No,Yes,No,No,Month-to-month,Yes,Bank transfer (automatic),65.53,659.92,No
3253-ASABE,Female,0,No,Yes,6,Yes,Yes,DSL,Yes,Yes,Yes,Yes,Yes,No,Month-to-month,No,Mailed check,79.05,470.92,No
7241-DPXCM,Male,0,Yes,Yes,55,Yes,No,No,No internet service,No internet service,No internet service,No internet service,No internet service,No internet service,One year,No,Credit card (automatic),18.25,990.73,No
1568-QFHKD,Female,0,Yes,No,19,Yes,No,No,No internet service,No internet service,No internet service,No internet service,No internet service,No internet service,Month-to-month,No,Electronic check,21.07,387.8,No
1009-QJJPS,Female,0,No,No,39,Yes,No,Fiber optic,No,No,No,No,No,Yes,Two year,No,Electronic check,78.6,3265.01,No
8050-JEVTN,Female,1,No,No,59,Yes,No,DSL,Yes,Yes,Yes,No,Yes,No,One year,Yes,Bank transfer (automatic),73.32,4439.96,No
2281-RITXU,Male,0,No,No,65,Yes,Yes,DSL,No,No,Yes,No,Yes,Yes,Two year,No,Credit card (automatic),75.38,4870.72,No
9511-QNHWA,Male,1,Yes,No,61,Yes,No,Fiber optic,No,Yes,Yes,No,Yes,No,One year,Yes,Mailed check,91.35,5309.12,No
1331-WCTUI,Female,0,Yes,Yes,54,Yes,Yes,DSL,Yes,Yes,Yes,No,Yes,No,One year,Yes,Credit card (automatic),70.38,3695.53,No
0782-NABCE,Female,1,No,No,38,Yes,No,DSL,No,Yes,No,No,No,Yes,Two year,No,Electronic check,58.28,2317.99,No
2691-TWYHQ,Male,1,Yes,No,34,Yes,No,DSL,No,No,No,Yes,Yes,No,Two year,No,Bank transfer (automatic),60.71,2154.26,No
4033-WGSUS,Male,0,No,Yes,22,Yes,Yes,Fiber optic,No,Yes,Yes,No,Yes,Yes,One year,Yes,Credit card (automatic),104.44,2383.43,Yes
1984-ONUZE,Female,1,Yes,Yes,1,Yes,Yes,Fiber optic,No,No,Yes,No,No,No,Month-to-month,Yes,Electronic check,76.34,81.48,Yes
8875-KGQOO,Male,1,No,No,15,Yes,Yes,No,No internet service,No internet service,No internet service,No internet service,No internet service,No internet service,Month-to-month,Yes,Electronic check,22.17,323.94,No
5135-DBMQO,Female,0,Yes,Yes,19,No,No phone service,DSL,Yes,Yes,No,No,No,No,Month-to-month,No,Bank transfer (automatic),35.08,683.58,Yes
7523-QBMFS,Female,0,No,No,21,Yes,Yes,No,No internet service,No internet service,No internet service,No internet service,No internet service,No internet service,Month-to-month,Yes,Electronic check,24.28,494.84,No
5503-IFEIG,Female,0,Yes,No,35,Yes,Yes,Fiber optic,No,No,No,No,Yes,Yes,Month-to-month,Yes,Mailed check,90.48,3394.62,No
4905-KFKDA,Female,0,No,No,40,Yes,Yes,No,No internet service,No internet service,No internet service,No internet service,No internet service,No internet service,Month-to-month,No,Electronic check,27.67,1130.45,No
5228-HFPQZ,Male,0,Yes,Yes,13,Yes,No,DSL,No,No,Yes,Yes,No,No,One year,No,Electronic check,54.49,744.89,No
0354-GLQXD,Female,1,No,No,15,Yes,Yes,DSL,Yes,Yes,Yes,Yes,No,No,Two year,Yes,Bank transfer (automatic),71.3,993.75,No
5471-DLXUL,Male,0,No,No,12,Yes,Yes,Fiber optic,Yes,Yes,No,No,Yes,Yes,Month-to-month,No,Electronic check,107.04,1343,Yes
9203-NIESH,Female,0,Yes,No,53,Yes,Yes,DSL,No,Yes,Yes,Yes,No,No,Two year,Yes,Credit card (automatic),63.11,3463.63,No
8377-GHYQE,Male,0,Yes,No,71,Yes,No,DSL,No,No,No,Yes,Yes,Yes,Two year,No,Bank transfer (automatic),69.8,4600.77,No
3942-XXSJB,Female,0,No,No,47,Yes,No,Fiber optic,No,Yes,Yes,Yes,No,Yes,One year,Yes,Bank transfer (automatic),93.54,4454.35,No
8202-BWHQX,Female,0,No,No,50,Yes,Yes,Fiber optic,No,No,No,No,No,Yes,Two year,No,Mailed check,86.12,4125.94,No
4472-NQSQC,Male,0,Yes,Yes,58,Yes,No,Fiber optic,Yes,Yes,Yes,No,No,Yes,Two year,Yes,Bank transfer (automatic),96.21,6004.43,No
3110-IYWKG,Male,0,Yes,No,12,Yes,No,DSL,No,No,No,Yes,No,Yes,Month-to-month,Yes,Electronic check,58.09,743.69,No
9187-JXLJI,Male,0,No,No,4,Yes,Yes,No,No internet service,No internet service,No internet service,No internet service,No internet service,No internet service,Month-to-month,Yes,Mailed check,23.04,89.21,No
3176-RSPCN,Male,0,No,No,8,Yes,Yes,DSL,Yes,Yes,Yes,Yes,No,No,Month-to-month,No,Electronic check,67.52,529.36,No
9370-ARQDX,Female,1,No,No,13,No,No phone service,Fiber optic,No,Yes,No,Yes,No,Yes,Month-to-month,Yes,Electronic check,71.19,887.9,No
5555-KKGDZ,Female,0,Yes,Yes,67,Yes,No,DSL,Yes,Yes,No,No,Yes,No,Two year,Yes,Bank transfer (automatic),63.72,4266.92,No
0893-ARLGM,Male,0,Yes,No,7,Yes,No,DSL,No,Yes,No,No,No,Yes,Month-to-month,Yes,Credit card (automatic),57.07,431.24,No
1831-MOUKX,Male,0,Yes,Yes,2,Yes,Yes,Fiber optic,No,Yes,Yes,No,Yes,Yes,Month-to-month,Yes,Mailed check,105.34,200.11,Yes
6413-NJTUT,Male,0,Yes,No,45,Yes,Yes,DSL,No,Yes,Yes,No,Yes,No,Two year,Yes,Electronic check,67.15,3241.83,No
5325-JBVXL,Male,0,No,Yes,69,Yes,Yes,DSL,No,Yes,No,Yes,Yes,No,Two year,No,Electronic check,67.66,4323.11,No
0007-QMZHM,Female,0,Yes,No,6,No,No phone service,No,No internet service,No internet service,No internet service,No internet service,No internet service,No internet service,Month-to-month,Yes,Electronic check,18.25,114.32,No
9653-LQAXX,Male,0,Yes,Yes,18,Yes,No,Fiber optic,No,Yes,Yes,No,Yes,Yes,One year,Yes,Credit card (automatic),99.88,1892.35,Yes
4030-YIAUK,Female,0,Yes,No,15,Yes,Yes,No,No internet service,No internet service,No internet service,No internet service,No internet service,No internet service,Month-to-month,Yes,Bank transfer (automatic),24.94,360.5,No
8150-IWNWD,Male,1,Yes,No,4,Yes,No,No,No internet service,No internet service,No internet service,No internet service,No internet service,No internet service,Month-to-month,Yes,Bank transfer (automatic),20.34,84.24,Yes
4822-RRZMX,Male,0,No,No,57,Yes,No,DSL,No,No,Yes,No,No,No,Two year,No,Credit card (automatic),47.48,2726.83,No
5900-ODYJN,Female,0,No,No,18,Yes,No,Fiber optic,No,Yes,No,No,No,No,One year,Yes,Electronic check,76.26,1426.64,Yes
1645-WWYKL,Female,0,No,No,69,Yes,No,Fiber optic,No,No,No,Yes,No,No,Two year,No,Electronic check,74.22,5060.99,No
5940-QSEKC,Female,1,Yes,Yes,22,Yes,No,No,No internet service,No internet service,No internet service,No internet service,No internet service,No internet service,Month-to-month,Yes,Mailed check,20.89,493.85,No
4767-XVDDB,Female,0,No,Yes,19,Yes,Yes,No,No internet service,No internet service,No internet service,No internet service,No internet service,No internet service,Month-to-month,No,Mailed check,23.55,451.88,No
9380-DGLHP,Female,1,No,No,50,Yes,No,DSL,No,No,No,No,No,No,One year,No,Electronic check,41.05,2204.31,No
8777-YHZQB,Male,0,No,No,5,Yes,No,Fiber optic,No,No,No,Yes,Yes,Yes,Month-to-month,Yes,Mailed check,97.41,523.83,No
9034-HMNHB,Female,0,Yes,No,71,Yes,No,Fiber optic,Yes,No,No,No,No,No,Two year,No,Mailed check,71.95,5157.93,No
6971-DXJUR,Male,0,No,No,1,No,No phone service,Fiber optic,Yes,No,No,Yes,Yes,No,Month-to-month,Yes,Electronic check,68.41,72.06,Yes
9694-SFGBU,Female,0,No,No,37,Yes,Yes,DSL,No,No,Yes,No,Yes,Yes,Two year,Yes,Bank transfer (automatic),76.18,2964.34,No
3458-MHEIM,Male,0,No,No,11,No,No phone service,No,No internet service,No internet service,No internet service,No internet service,No internet service,No internet service,Month-to-month,Yes,Credit card (automatic),18.25,194.38,Yes
8153-ATHYY,Female,0,Yes,Yes,68,Yes,Yes,Fiber optic,No,No,No,Yes,No,No,Two year,No,Electronic check,80.57,5506.32,No
0925-MRBKG,Male,0,No,No,56,Yes,Yes,Fiber optic,No,No,No,Yes,No,Yes,Two year,Yes,Credit card (automatic),85.01,4390.85,No
9086-UNSCZ,Male,0,No,No,69,Yes,No,No,No internet service,No internet service,No internet service,No internet service,No internet service,No internet service,Two year,No,Mailed check,18.25,1223.19,No
5317-VCGKO,Male,0,No,No,47,Yes,Yes,DSL,No,No,No,No,No,Yes,One year,Yes,Credit card (automatic),58.84,2738.99,No
3596-ZGERF,Male,0,Yes,Yes,4,Yes,Yes,Fiber optic,No,No,No,No,No,Yes,Month-to-month,Yes,Electronic check,82.92,346.43,Yes
9906-CGLQZ,Female,0,No,No,29,Yes,Yes,Fiber optic,Yes,No,No,Yes,Yes,Yes,Month-to-month,Yes,Credit card (automatic),102.65,2973.53,No
0555-RNUDX,Male,1,No,No,17,Yes,No,Fiber optic,Yes,No,No,No,Yes,Yes,One year,No,Bank transfer (automatic),96.58,1711.73,No
3368-OMRSL,Female,0,Yes,Yes,15,Yes,Yes,No,No internet service,No internet service,No internet service,No internet service,No internet service,No internet service,Month-to-month,No,Credit card (automatic),26.42,377.59,No
7657-GWJBD,Male,0,No,Yes,5,Yes,No,DSL,Yes,No,No,Yes,No,No,Month-to-month,No,Electronic check,52.83,273.55,No
3068-PFOCT,Male,1,Yes,No,27,Yes,Yes,No,No internet service,No internet service,No internet service,No internet service,No internet service,No internet service,Month-to-month,Yes,Mailed check,24.72,704.89,Yes
5862-JLRXF,Female,0,Yes,Yes,14,Yes,No,Fiber optic,No,Yes,Yes,No,No,Yes,Month-to-month,Yes,Credit card (automatic),87.13,1169.3,Yes
9674-XMBFA,Female,0,No,No,47,Yes,Yes,Fiber optic,No,Yes,No,No,Yes,No,Two year,Yes,Mailed check,91.88,4541.35,No
6656-CPQJJ,Female,0,Yes,No,67,Yes,No,Fiber optic,No,No,No,No,Yes,Yes,One year,Yes,Bank transfer (automatic),87.85,5987.25,No
0455-MOUIA,Male,1,Yes,No,12,Yes,Yes,DSL,Yes,No,Yes,Yes,No,No,One year,Yes,Electronic check,62.7,748.55,No
1193-IIDMM,Male,0,No,No,64,Yes,Yes,Fiber optic,Yes,Yes,No,Yes,Yes,Yes,One year,Yes,Credit card (automatic),112.67,7424.35,No
6526-BQQNR,Female,0,No,No,58,Yes,Yes,Fiber optic,No,Yes,No,Yes,No,No,Two year,Yes,Bank transfer (automatic),85.55,5135.32,No
6604-NPXNR,Male,0,No,Yes,42,Yes,No,DSL,No,Yes,Yes,Yes,No,Yes,Month-to-month,No,Mailed check,65.96,2835.6,No
3892-PHWKL,Female,0,Yes,Yes,60,Yes,Yes,DSL,Yes,No,Yes,Yes,No,Yes,One year,No,Credit card (automatic),73.76,4515.48,No
3708-YNMUG,Female,0,No,No,6,Yes,No,No,No internet service,No internet service,No internet service,No internet service,No internet service,No internet service,Month-to-month,No,Bank transfer (automatic),19.05,112.64,No
9429-UMKZS,Male,1,Yes,Yes,4,Yes,No,Fiber optic,No,Yes,No,No,Yes,No,Month-to-month,No,Mailed check,80.75,333.87,No
4570-SECCU,Male,0,Yes,No,1,Yes,No,Fiber optic,No,Yes,No,No,No,Yes,Month-to-month,Yes,Electronic check,81.21,77.8,Yes
2119-WRLUE,Male,0,Yes,No,13,Yes,No,Fiber optic,No,Yes,No,No,No,Yes,Month-to-month,Yes,Electronic check,84.1,1023.71,Yes
3196-XMKUJ,Female,0,No,No,46,Yes,Yes,DSL,No,Yes,Yes,No,No,No,One year,Yes,Bank transfer (automatic),61.41,3014.52,No
4175-ZHXKC,Male,0,No,No,44,Yes,No,Fiber optic,No,Yes,Yes,Yes,No,No,Two year,Yes,Mailed check,86.98,3998.28,No
7205-IHAWH,Male,0,Yes,No,52,Yes,No,DSL,No,Yes,Yes,Yes,No,No,Two year,Yes,Credit card (automatic),63.58,3329.95,No
3647-FBIIX,Female,1,No,No,28,Yes,No,Fiber optic,No,No,Yes,Yes,Yes,No,One year,Yes,Bank transfer (automatic),89.95,2632.24,No
6142-WGWBF,Male,0,No,No,20,Yes,No,Fiber optic,No,Yes,No,Yes,Yes,No,Month-to-month,Yes,Bank transfer (automatic),88.88,1658.78,No
9367-AIPNF,Female,0,Yes,No,4,Yes,No,Fiber optic,No,No,No,No,Yes,Yes,Month-to-month,No,Electronic check,90.59,356.88,Yes
5939-ZOWVM,Female,0,No,No,15,Yes,Yes,Fiber optic,Yes,No,No,No,Yes,No,Month-to-month,Yes,Bank transfer (automatic),90.16,1282.48,No
2352-TSUEM,Male,0,No,No,6,Yes,No,Fiber optic,No,Yes,No,No,Yes,No,Month-to-month,Yes,Electronic check,82.86,509.76,Yes
9927-SRHWE,Male,0,No,No,9,Yes,No,No,No internet service,No internet service,No internet service,No internet service,No internet service,No internet service,Month-to-month,Yes,Mailed check,20.14,188.84,No
3331-ZWPAP,Female,1,No,No,27,Yes,No,DSL,Yes,Yes,Yes,No,Yes,No,Month-to-month,Yes,Electronic check,69.82,1852.02,Yes
1055-JWISJ,Female,0,No,No,4,No,No phone service,DSL,No,No,Yes,No,No,No,Month-to-month,No,Electronic check,33.59,128.73,No
0222-SFBWD,Male,0,Yes,No,3,Yes,No,DSL,No,Yes,Yes,No,No,No,Month-to-month,No,Mailed check,53.67,156.15,No
4404-SLAEZ,Female,0,No,No,20,Yes,No,Fiber optic,No,No,No,No,No,Yes,Month-to-month,Yes,Mailed check,79.18,1600.27,Yes
4097-JUNSS,Female,0,Yes,No,1,Yes,Yes,DSL,Yes,No,No,Yes,Yes,Yes,Month-to-month,Yes,Mailed check,76.95,71.35,No
2869-QISZQ,Female,0,Yes,Yes,13,Yes,Yes,Fiber optic,Yes,No,No,Yes,Yes,No,Month-to-month,Yes,Mailed check,91.06,1110.74,Yes
4942-AKUWG,Male,0,No,No,72,Yes,No,Fiber optic,Yes,No,Yes,No,Yes,No,Month-to-month,No,Bank transfer (automatic),89.01,6902.79,No
3027-EORJN,Male,0,Yes,Yes,22,Yes,No,Fiber optic,Yes,No,Yes,No,Yes,No,Month-to-month,Yes,Bank transfer (automatic),92.45,1935.8,No
4405-EJYMZ,Male,1,No,Yes,24,Yes,Yes,Fiber optic,Yes,Yes,Yes,Yes,Yes,No,One year,Yes,Mailed check,103.85,2507.88,No
4686-MMKLO,Male,0,No,No,7,Yes,Yes,Fiber optic,No,No,No,Yes,Yes,Yes,Month-to-month,No,Electronic check,99.24,738.64,Yes
3260-AQDUO,Female,0,Yes,Yes,7,Yes,Yes,DSL,No,No,No,Yes,No,No,Month-to-month,Yes,Mailed check,56.07,416.2,No
3879-GNULL,Male,0,No,No,42,No,No phone service,Fiber optic,No,No,Yes,No,No,Yes,One year,No,Bank transfer (automatic),67.07,2602.27,No
6028-FIEIX,Male,0,Yes,Yes,15,Yes,No,No,No internet service,No internet service,No internet service,No internet service,No internet service,No internet service,One year,No,Credit card (automatic),18.6,267.48,No
1351-NKZEK,Male,0,No,No,58,Yes,Yes,Fiber optic,No,Yes,Yes,No,No,Yes,One year,Yes,Bank transfer (automatic),95.09,5262.18,Yes
2394-MFMLA,Male,0,Yes,Yes,1,Yes,No,DSL,No,Yes,No,Yes,No,No,Month-to-month,Yes,Electronic check,53.9,56.1,No
0329-YLEFV,Female,0,Yes,No,59,No,No phone service,No,No internet service,No internet service,No internet service,No internet service,No internet service,No internet service,Two year,No,Bank transfer (automatic),18.25,996.2,No
6647-GSOFC,Female,0,No,No,16,Yes,No,No,No internet service,No internet service,No internet service,No internet service,No internet service,No internet service,Month-to-month,No,Mailed check,18.25,272.57,No
5055-LCRBV,Male,0,No,No,62,Yes,Yes,Fiber optic,No,No,No,Yes,Yes,No,Two year,Yes,Electronic check,90.94,5546.92,No
5203-TAXWZ,Female,0,Yes,Yes,35,Yes,Yes,Fiber optic,Yes,Yes,No,Yes,Yes,No,One year,No,Mailed check,101.31,3683.07,No
9271-YQKZK,Female,0,Yes,Yes,42,Yes,Yes,No,No internet service,No internet service,No internet service,No internet service,No internet service,No internet service,Month-to-month,Yes,Electronic check,21.39,949.48,No
2095-BUSBC,Female,0,No,No,15,Yes,Yes,DSL,Yes,No,No,Yes,No,No,Month-to-month,Yes,Electronic check,60.35,845.52,No
6357-IVCWA,Male,0,Yes,No,5,Yes,Yes,Fiber optic,No,Yes,No,No,Yes,No,Month-to-month,Yes,Mailed check,91.99,482.41,Yes
6390-ACEUF,Male,0,No,No,41,No,No phone service,Fiber optic,No,No,No,No,Yes,No,One year,No,Credit card (automatic),61.72,2330.12,No
7090-ASMUY,Female,0,Yes,No,32,Yes,Yes,Fiber optic,No,No,No,No,Yes,Yes,Two year,No,Credit card (automatic),93.08,3135.25,No
4248-UNZQH,Male,0,Yes,No,45,No,No phone service,DSL,No,No,Yes,Yes,Yes,Yes,Two year,No,Mailed check,55.54,2361.26,No
9282-QYXAU,Male,0,Yes,Yes,29,Yes,Yes,DSL,No,Yes,Yes,Yes,Yes,No,Two year,Yes,Credit card (automatic),74.83,2143.72,No
5232-GRRFM,Male,0,Yes,No,9,Yes,Yes,Fiber optic,Yes,No,No,Yes,Yes,No,Month-to-month,No,Mailed check,92.93,786.89,No
5485-MMCKB,Male,1,No,Yes,2,Yes,Yes,Fiber optic,No,Yes,No,No,Yes,Yes,Month-to-month,Yes,Credit card (automatic),102.21,194.7,Yes
9926-WAGVB,Female,0,No,No,32,Yes,Yes,Fiber optic,No,No,Yes,No,No,Yes,One year,No,Credit card (automatic),90.56,3005.89,No
3227-FZHML,Female,0,Yes,No,16,Yes,No,Fiber optic,Yes,Yes,Yes,Yes,Yes,Yes,Month-to-month,Yes,Electronic check,113.85,1927.41,No
8705-ZCSIB,Male,0,Yes,No,12,Yes,No,DSL,No,No,No,No,No,No,Month-to-month,No,Mailed check,42.77,531.75,Yes
1664-XHAIR,Male,0,Yes,Yes,5,Yes,Yes,Fiber optic,Yes,Yes,No,Yes,No,Yes,Month-to-month,Yes,Mailed check,99.8,459.49,Yes
0097-WQFVO,Female,0,No,No,4,Yes,No,DSL,Yes,No,No,No,Yes,Yes,Month-to-month,Yes,Mailed check,71.73,270.34,No
6048-HZIIK,Male,0,No,No,28,Yes,No,Fiber optic,No,Yes,No,No,Yes,No,Two year,Yes,Electronic check,80.24,2141.54,No
0792-CLXDL,Male,1,Yes,Yes,4,Yes,No,Fiber optic,No,Yes,No,Yes,No,Yes,Month-to-month,No,Mailed check,90.08,337.19,No
7195-XQIQP,Female,0,No,No,7,Yes,No,Fiber optic,No,Yes,No,No,No,No,Month-to-month,No,Electronic check,70.71,466.82,Yes
9543-DAQBU,Female,0,No,No,5,Yes,No,Fiber optic,No,Yes,Yes,No,No,No,Month-to-month,No,Bank transfer (automatic),76.02,409.94,Yes
9626-XBXYV,Female,0,No,No,14,Yes,Yes,Fiber optic,Yes,Yes,Yes,No,No,Yes,One year,No,Credit card (automatic),98.62,1436.48,Yes
4171-RTRJY,Female,1,No,Yes,14,Yes,No,Fiber optic,No,No,No,Yes,Yes,No,Month-to-month,Yes,Mailed check,86.38,1244.56,Yes
0502-LOGZQ,Male,0,Yes,Yes,9,Yes,No,No,No internet service,No internet service,No internet service,No internet service,No internet service,No internet service,Month-to-month,No,Electronic check,18.77,172.43,No
1369-BWYTD,Female,0,Yes,No,52,Yes,No,DSL,No,No,Yes,No,No,Yes,Month-to-month,Yes,Mailed check,57.65,3136.46,No
9546-IWECE,Female,1,No,No,8,Yes,No,Fiber optic,No,No,Yes,No,No,No,Month-to-month,Yes,Bank transfer (automatic),75.17,564.4,Yes
3068-KLEWA,Male,0,Yes,No,54,Yes,Yes,DSL,No,No,No,Yes,Yes,No,Two year,Yes,Bank transfer (automatic),65.72,3776.84,No
5183-YNAWT,Female,0,Yes,No,17,Yes,Yes,No,No internet service,No internet service,No internet service,No internet service,No internet service,No internet service,Month-to-month,No,Electronic check,25.47,451.5,No
7206-GHWPX,Male,0,No,No,51,Yes,No,DSL,Yes,Yes,No,Yes,Yes,No,One year,Yes,Credit card (automatic),66.16,3243.35,No
1655-QONRW,Male,1,No,Yes,51,Yes,No,No,No internet service,No internet service,No internet service,No internet service,No internet service,No internet service,One year,No,Mailed check,20.19,1020.71,No
1650-QACQD,Female,0,No,No,72,Yes,No,DSL,No,Yes,Yes,No,Yes,No,Month-to-month,Yes,Credit card (automatic),66.58,4494.8,No
5407-VDZQV,Male,0,No,No,13,Yes,No,No,No internet service,No internet service,No internet service,No internet service,No internet service,No internet service,One year,No,Mailed check,19.67,258.84,No
6532-WGXKC,Female,0,Yes,Yes,34,Yes,Yes,No,No internet service,No internet service,No internet service,No internet service,No internet service,No internet service,Month-to-month,No,Electronic check,25.51,872.88,No
5529-UQRVZ,Female,0,No,No,8,Yes,No,DSL,Yes,Yes,No,Yes,No,Yes,Month-to-month,No,Mailed check,72.11,597.14,No
5333-QUFWU,Female,0,No,No,28,Yes,Yes,Fiber optic,Yes,Yes,Yes,No,No,No,One year,No,Bank transfer (automatic),87.36,2638.75,No
6071-NZCYG,Male,0,Yes,No,2,Yes,No,DSL,Yes,No,Yes,Yes,Yes,No,Month-to-month,No,Credit card (automatic),69.24,132.42,No
6321-NOEMQ,Male,1,Yes,Yes,9,Yes,No,DSL,Yes,No,No,Yes,No,No,One year,No,Bank transfer (automatic),52.33,476.29,No
6258-TEASM,Male,0,No,No,19,Yes,Yes,Fiber optic,Yes,Yes,Yes,No,Yes,No,Month-to-month,Yes,Electronic check,98.86,1759.78,Yes
1050-UPMFD,Female,0,Yes,No,31,Yes,Yes,Fiber optic,Yes,Yes,Yes,No,Yes,No,Month-to-month,No,Electronic check,97.5,3032.96,No
4473-JBDTW,Male,0,Yes,No,11,Yes,No,DSL,Yes,Yes,Yes,Yes,No,Yes,Month-to-month,Yes,Mailed check,74.61,811.71,No
0693-MZEGE,Male,0,Yes,No,10,No,No phone service,No,No internet service,No internet service,No internet service,No internet service,No internet service,No internet service,Month-to-month,Yes,Mailed check,18.25,178.08,No
0170-NZNLR,Male,0,No,No,4,Yes,Yes,Fiber optic,No,Yes,Yes,No,Yes,No,Month-to-month,No,Electronic check,93.95,404.96,Yes
6351-ICUDE,Female,0,No,No,37,No,No phone service,Fiber optic,No,No,No,Yes,Yes,Yes,Month-to-month,No,Bank transfer (automatic),75.3,2816.03,No
7437-RSJMV,Female,1,No,No,61,No,No phone service,Fiber optic,Yes,No,Yes,No,Yes,Yes,Two year,No,Bank transfer (automatic),82.99,4980.32,No
2795-JYGSD,Female,0,Yes,Yes,32,Yes,Yes,Fiber optic,No,Yes,No,No,No,Yes,Two year,Yes,Electronic check,88.03,2690.97,Yes
7255-WMCAD,Female,1,Yes,No,63,Yes,No,DSL,No,No,No,Yes,No,No,Two year,No,Credit card (automatic),48.72,3105.06,No
0660-LGCOO,Male,0,No,No,3,Yes,No,Fiber optic,No,Yes,Yes,No,No,Yes,Two year,Yes,Credit card (automatic),89.4,267.08,No
7569-FWSAO,Male,0,Yes,Yes,28,Yes,Yes,No,No internet service,No internet service,No internet service,No internet service,No internet service,No internet service,One year,Yes,Mailed check,23.68,657.54,Yes
3395-HGAAL,Male,0,No,No,54,Yes,Yes,No,No internet service,No internet service,No internet service,No internet service,No internet service,No internet service,One year,Yes,Bank transfer (automatic),27.15,1578,No
9661-NEIMC,Male,0,No,Yes,33,Yes,Yes,DSL,Yes,No,Yes,No,Yes,No,Month-to-month,No,Mailed check,67.5,2299.37,No
2966-OOIAY,Female,0,No,No,37,No,No phone service,Fiber optic,Yes,Yes,No,Yes,No,Yes,Two year,No,Bank transfer (automatic),74.5,2884.57,No
1781-ABOUX,Male,0,Yes,Yes,16,Yes,Yes,DSL,Yes,Yes,Yes,No,No,Yes,Month-to-month,No,Electronic check,76.85,1195.31,Yes
5926-FKQLU,Male,1,Yes,Yes,44,Yes,Yes,DSL,Yes,Yes,Yes,No,No,No,One year,Yes,Credit card (automatic),64.8,2849.76,No
6565-YMCBK,Male,0,No,Yes,70,Yes,No,DSL,No,No,No,No,No,No,Two year,No,Credit card (automatic),43.02,3183.89,No
4264-KIRQR,Male,0,No,No,55,Yes,No,No,No internet service,No internet service,No internet service,No internet service,No internet service,No internet service,Two year,No,Electronic check,18.57,1041.99,No
7120-DKZTS,Female,0,Yes,No,1,Yes,Yes,Fiber optic,No,No,No,No,Yes,Yes,Month-to-month,Yes,Electronic check,95.32,91.69,Yes
4233-EANZQ,Male,0,No,No,6,Yes,No,DSL,No,Yes,No,Yes,No,No,Month-to-month,Yes,Bank transfer (automatic),51.32,287.36,No
8190-MLKGS,Male,0,No,No,65,Yes,No,No,No internet service,No internet service,No internet service,No internet service,No internet service,No internet service,Month-to-month,No,Mailed check,22.09,1540.25,No
1429-CQNAG,Male,1,No,No,70,Yes,No,DSL,No,No,Yes,No,Yes,Yes,Two year,Yes,Bank transfer (automatic),69.6,4766.74,No
6421-SGNAG,Female,0,No,No,46,Yes,No,Fiber optic,No,No,No,Yes,Yes,No,One year,No,Mailed check,85.52,4015.51,No
9943-JSKRI,Male,1,No,No,15,Yes,No,DSL,Yes,Yes,No,Yes,No,No,Month-to-month,Yes,Bank transfer (automatic),58.91,864.64,No
4271-ASTYN,Male,1,Yes,Yes,36,Yes,Yes,Fiber optic,No,No,Yes,No,No,No,Two year,No,Electronic check,79.26,2696.84,No
8161-DTSXJ,Male,0,Yes,No,2,Yes,Yes,DSL,Yes,No,No,No,Yes,No,Month-to-month,No,Mailed check,64.95,120.61,Yes
6680-KMQKU,Male,0,Yes,Yes,72,Yes,Yes,No,No internet service,No internet service,No internet service,No internet service,No internet service,No internet service,Two year,No,Electronic check,25.33,1703,No
3634-KPAYF,Male,1,Yes,No,36,Yes,No,DSL,Yes,No,Yes,Yes,Yes,No,Two year,No,Mailed check,72.79,2678.19,No
3097-XVXTQ,Male,0,No,No,66,Yes,Yes,DSL,No,Yes,No,No,No,No,Two year,No,Bank transfer (automatic),55.53,3556.77,No
2503-BRPXO,Female,1,Yes,No,59,Yes,No,DSL,Yes,Yes,No,Yes,No,Yes,Two year,No,Credit card (automatic),70.37,4394.71,No
0291-ZVPXV,Female,0,Yes,Yes,45,No,No phone service,Fiber optic,No,No,Yes,Yes,Yes,Yes,One year,Yes,Credit card (automatic),79.6,3631.97,No
3568-CFZQE,Female,0,No,No,8,Yes,Yes,DSL,No,Yes,Yes,No,No,Yes,Month-to-month,Yes,Electronic check,71.07,558.25,Yes
2354-IHTNK,Male,0,Yes,No,29,Yes,Yes,Fiber optic,Yes,No,No,Yes,Yes,Yes,One year,Yes,Electronic check,103.76,3228.22,No
8165-XWEUK,Female,0,No,No,6,Yes,No,Fiber optic,No,Yes,Yes,No,Yes,Yes,Month-to-month,No,Electronic check,100.45,619.03,Yes
6299-YYUPA,Female,1,No,No,17,Yes,Yes,No,No internet service,No internet service,No internet service,No internet service,No internet service,No internet service,Month-to-month,Yes,Electronic check,24.68,438.79,Yes
1141-RQZNV,Male,0,No,No,3,Yes,Yes,DSL,No,No,No,No,No,Yes,Month-to-month,No,Credit card (automatic),57.25,166.32,No
5645-MODYG,Female,1,Yes,Yes,1,Yes,Yes,Fiber optic,No,No,Yes,No,No,No,Month-to-month,Yes,Electronic check,80.87,82.88,Yes
5214-MSYOU,Female,0,Yes,Yes,10,Yes,No,No,No internet service,No internet service,No internet service,No internet service,No internet service,No internet service,Month-to-month,Yes,Electronic check,18.25,168.96,Yes
1437-ZEHHA,Female,1,No,No,32,Yes,No,Fiber optic,Yes,Yes,No,No,No,No,One year,No,Bank transfer (automatic),84.44,2557.51,No
1668-IKBST,Male,0,Yes,Yes,11,No,No phone service,Fiber optic,No,No,Yes,No,No,Yes,Month-to-month,Yes,Electronic check,65.88,726.21,Yes
1395-BEQAR,Female,1,No,No,37,Yes,No,DSL,Yes,No,No,Yes,No,No,Month-to-month,Yes,Bank transfer (automatic),55.52,1963.22,No
6073-BTOKM,Male,0,Yes,Yes,43,Yes,Yes,Fiber optic,Yes,No,Yes,No,Yes,No,Two year,Yes,Bank transfer (automatic),91.16,3923.09,No
9300-OCNAC,Female,0,No,No,65,Yes,Yes,DSL,Yes,No,No,No,No,No,Two year,Yes,Electronic check,58.4,3624.87,No
9901-WCIBB,Male,0,Yes,No,22,Yes,No,Fiber optic,No,No,Yes,No,No,Yes,Month-to-month,Yes,Mailed check,82.37,1812.66,Yes
8125-BHDHJ,Female,0,Yes,Yes,45,Yes,No,No,No internet service,No internet service,No internet service,No internet service,No internet service,No internet service,Two year,Yes,Mailed check,18.25,845.66,No
9400-NNMLR,Male,0,Yes,No,19,Yes,No,Fiber optic,No,Yes,Yes,Yes,No,No,Month-to-month,Yes,Bank transfer (automatic),84.85,1505.82,Yes
6407-YYIHT,Female,0,No,Yes,55,Yes,No,DSL,Yes,No,Yes,No,No,No,One year,No,Bank transfer (automatic),50.53,2870.58,No
1381-JAAES,Female,0,Yes,No,61,No,No phone service,Fiber optic,No,No,No,No,No,No,Two year,Yes,Mailed check,50.26,3231.69,No
1749-TWMRT,Female,0,No,No,3,Yes,No,Fiber optic,Yes,No,No,No,No,Yes,Month-to-month,Yes,Electronic check,83.91,267.54,No
5713-VJRKT,Female,0,No,No,63,Yes,Yes,Fiber optic,Yes,Yes,No,No,Yes,Yes,Two year,No,Electronic check,100.87,6087.03,No
5687-JMNQF,Female,0,No,No,54,Yes,No,DSL,No,Yes,No,No,Yes,Yes,One year,Yes,Bank transfer (automatic),68.79,3585.56,No
7390-ZFTDZ,Female,0,No,No,52,Yes,No,Fiber optic,No,No,Yes,Yes,No,No,Two year,Yes,Credit card (automatic),79.87,3856.38,No
2116-MLYMR,Male,0,Yes,Yes,16,Yes,No,Fiber optic,No,Yes,No,Yes,Yes,No,Month-to-month,No,Credit card (automatic),91.98,1576.29,Yes
5166-YCLCL,Male,0,Yes,No,6,Yes,Yes,Fiber optic,No,No,Yes,No,No,Yes,Month-to-month,Yes,Electronic check,87.85,562.36,Yes
8004-LACLO,Female,0,Yes,Yes,35,No,No phone service,No,No internet service,No internet service,No internet service,No internet service,No internet service,No internet service,One year,Yes,Mailed check,18.25,674.4,Yes
4748-NXGPR,Male,1,No,Yes,10,Yes,Yes,No,No internet service,No internet service,No internet service,No internet service,No internet service,No internet service,Month-to-month,Yes,Electronic check,26.4,271.36,No
3016-ZGIXW,Female,0,Yes,Yes,63,Yes,Yes,Fiber optic,No,No,No,No,No,No,Two year,No,Electronic check,73.73,4545.78,No
9289-WKMEB,Female,1,Yes,Yes,32,Yes,No,No,No internet service,No internet service,No internet service,No internet service,No internet service,No internet service,Month-to-month,Yes,Bank transfer (automatic),18.25,596.21,No
6993-TGIYV,Female,0,Yes,Yes,9,Yes,Yes,No,No internet service,No internet service,No internet service,No internet service,No internet service,No internet service,Month-to-month,No,Credit card (automatic),22.37,205.27,No
6645-KEFSG,Female,1,No,No,5,Yes,Yes,Fiber optic,No,No,No,Yes,No,Yes,Month-to-month,No,Electronic check,89.85,463.07,Yes
5896-BGSKZ,Female,0,Yes,No,55,No,No phone service,Fiber optic,No,Yes,Yes,No,Yes,Yes,One year,Yes,Credit card (automatic),78.84,4553.48,Yes
9258-NXCCV,Female,0,No,No,30,Yes,Yes,DSL,Yes,No,Yes,Yes,No,No,Month-to-month,Yes,Electronic check,64.07,1861.87,No
5068-LVBNL,Male,0,Yes,No,18,Yes,Yes,DSL,Yes,Yes,Yes,No,No,No,Month-to-month,No,Electronic check,65.39,1115.56,No
3324-KKOHF,Female,0,No,No,59,Yes,Yes,DSL,No,No,No,No,No,Yes,One year,Yes,Bank transfer (automatic),61.28,3582.66,No
8192-TOIYF,Male,0,No,No,33,Yes,Yes,DSL,No,No,No,No,No,No,One year,No,Credit card (automatic),49.8,1535.46,No
7425-WIYGL,Male,0,Yes,No,63,Yes,No,DSL,Yes,No,Yes,No,No,Yes,Month-to-month,No,Electronic check,62.77,3821.38,No
2718-YVBVB,Female,0,No,No,24,Yes,Yes,DSL,No,No,No,No,Yes,Yes,Month-to-month,Yes,Electronic check,67.71,1725.58,Yes
2947-ADYKM,Male,0,No,No,62,Yes,No,Fiber optic,Yes,Yes,Yes,No,Yes,Yes,One year,Yes,Bank transfer (automatic),102.02,6365.51,No
9869-CEEPL,Female,0,Yes,Yes,5,Yes,No,No,No internet service,No internet service,No internet service,No internet service,No internet service,No internet service,Month-to-month,Yes,Electronic check,22.06,111.76,No
0469-SAPNT,Female,0,No,No,16,No,No phone service,DSL,Yes,No,Yes,No,No,No,One year,Yes,Credit card (automatic),34.79,568.06,No
3860-QQKPT,Female,1,No,No,7,Yes,No,Fiber optic,No,No,No,No,Yes,No,Month-to-month,Yes,Electronic check,81.52,580.68,Yes
6635-OAPLP,Male,0,No,No,56,No,No phone service,Fiber optic,No,Yes,No,No,No,Yes,One year,Yes,Credit card (automatic),67.95,3750.46,No
1681-JGSAQ,Female,0,No,Yes,2,Yes,No,Fiber optic,No,No,Yes,Yes,No,Yes,Month-to-month,No,Bank transfer (automatic),87,176.14,No
9250-RAOJD,Male,1,No,No,3,Yes,Yes,DSL,No,Yes,Yes,No,No,No,Month-to-month,Yes,Credit card (automatic),63.23,197.67,Yes
8670-OBMVR,Male,0,Yes,Yes,13,No,No phone service,No,No internet service,No internet service,No internet service,No internet service,No internet service,No internet service,Month-to-month,No,Electronic check,18.25,219.9,No
7339-PGFSQ,Female,0,No,No,24,Yes,Yes,Fiber optic,Yes,No,No,Yes,Yes,Yes,Month-to-month,Yes,Mailed check,106.12,2425.53,Yes
5719-QYWBD,Male,1,Yes,No,43,Yes,No,No,No internet service,No internet service,No internet service,No internet service,No internet service,No internet service,One year,No,Credit card (automatic),21.07,860.02,No
5604-IXXHN,Male,0,No,No,4,Yes,Yes,Fiber optic,Yes,No,No,Yes,Yes,No,Month-to-month,Yes,Electronic check,96.43,356.1,Yes
3670-PKJII,Male,1,Yes,No,3,Yes,Yes,No,No internet service,No internet service,No internet service,No internet service,No internet service,No internet service,Month-to-month,No,Electronic check,24.69,74.34,Yes
3031-PTMSD,Female,0,No,No,49,Yes,No,Fiber optic,No,No,No,Yes,Yes,Yes,Two year,Yes,Electronic check,92.36,4388.15,No
8551-CPNJQ,Male,0,No,No,20,Yes,Yes,No,No internet service,No internet service,No internet service,No internet service,No internet service,No internet service,Month-to-month,Yes,Electronic check,24.7,478.01,No
8445-VGQXU,Female,1,Yes,No,68,Yes,Yes,Fiber optic,No,No,No,Yes,Yes,No,One year,No,Credit card (automatic),86.34,6180.6,No
1665-ACVUN,Male,1,No,No,19,No,No phone service,DSL,No,No,Yes,No,No,No,One year,Yes,Credit card (automatic),28.08,554.88,No
8857-EWVEG,Female,0,No,No,70,Yes,Yes,Fiber optic,No,Yes,No,No,No,No,Two year,Yes,Credit card (automatic),77.39,5517.95,No
3773-QBSOW,Female,1,Yes,Yes,1,Yes,Yes,DSL,Yes,No,No,No,Yes,No,Two year,No,Credit card (automatic),63.4,60.67,No
7876-AJXKC,Male,0,Yes,Yes,16,Yes,Yes,DSL,No,Yes,No,No,No,Yes,Month-to-month,Yes,Electronic check,63.66,972.46,Yes
9937-CUJVP,Male,0,Yes,No,68,Yes,Yes,Fiber optic,Yes,No,Yes,Yes,No,No,Two year,Yes,Bank transfer (automatic),85.66,5765.74,No
7212-YLCXQ,Male,0,Yes,No,7,Yes,No,DSL,Yes,No,Yes,Yes,No,No,Month-to-month,Yes,Bank transfer (automatic),57.99,430.99,No
0400-MLHJL,Male,0,No,No,10,Yes,Yes,DSL,Yes,Yes,No,No,Yes,Yes,One year,No,Mailed check,79.57,764.61,No
4931-KIUMJ,Female,0,Yes,No,3,Yes,No,DSL,No,Yes,Yes,No,No,No,Month-to-month,Yes,Credit card (automatic),51.44,159.52,No
6538-ZXPUN,Female,0,No,No,4,No,No phone service,Fiber optic,Yes,Yes,Yes,No,Yes,Yes,Month-to-month,No,Credit card (automatic),83.79,360.32,Yes
1703-CXUCQ,Female,0,Yes,No,48,Yes,No,No,No internet service,No internet service,No internet service,No internet service,No internet service,No internet service,Two year,No,Credit card (automatic),20.17,1039.03,No
4324-WNGCJ,Male,1,Yes,Yes,30,Yes,No,DSL,Yes,No,No,No,No,Yes,Two year,Yes,Mailed check,55.65,1603.45,No
7050-ACRMI,Male,1,No,No,19,Yes,No,DSL,No,Yes,No,Yes,Yes,No,Month-to-month,No,Electronic check,63.37,1141.37,No
3404-EZDXD,Female,0,Yes,Yes,19,Yes,No,Fiber optic,Yes,No,No,No,No,Yes,Month-to-month,No,Credit card (automatic),84.62,1602.87,No
7252-EZKDB,Female,0,No,No,28,Yes,Yes,Fiber optic,No,No,No,No,No,Yes,Two year,No,Electronic check,86.59,2553.74,No
5122-KSXEO,Female,0,Yes,Yes,9,Yes,Yes,No,No internet service,No internet service,No internet service,No internet service,No internet service,No internet service,One year,Yes,Credit card (automatic),27.62,231.93,No
4561-FCDSN,Male,0,No,No,59,Yes,Yes,DSL,No,Yes,Yes,No,No,No,Two year,Yes,Bank transfer (automatic),60.6,3660.63,No
7570-JHLFU,Male,1,No,No,2,Yes,Yes,No,No internet service,No internet service,No internet service,No internet service,No internet service,No internet service,Month-to-month,Yes,Electronic check,27.99,55.41,No
1250-TJPPV,Female,0,No,No,3,Yes,Yes,DSL,Yes,Yes,Yes,No,No,No,Month-to-month,Yes,Electronic check,68.65,191.29,No
7745-FWJAM,Female,0,No,No,6,Yes,No,DSL,No,Yes,Yes,Yes,Yes,No,Month-to-month,No,Bank transfer (automatic),70.44,401.79,Yes
0674-YMHSA,Female,0,Yes,No,57,Yes,No,Fiber optic,No,No,No,Yes,Yes,No,Month-to-month,Yes,Bank transfer (automatic),83.19,4901.2,No
2910-NXJDP,Female,0,No,No,31,Yes,Yes,No,No internet service,No internet service,No internet service,No internet service,No internet service,No internet service,Two year,No,Credit card (automatic),24.03,750.59,No
1385-NUGQA,Female,0,No,No,1,Yes,No,DSL,No,Yes,No,No,No,No,Month-to-month,Yes,Credit card (automatic),49.51,48.31,No
9749-ZWIUL,Female,0,No,No,13,No,No phone service,Fiber optic,No,Yes,Yes,No,No,No,Month-to-month,Yes,Electronic check,61.22,757.98,Yes
7744-XCMKT,Male,1,Yes,No,7,Yes,Yes,No,No internet service,No internet service,No internet service,No internet service,No internet service,No internet service,Month-to-month,Yes,Credit card (automatic),21.15,158.14,Yes
1998-ZSIFX,Male,0,Yes,Yes,14,Yes,No,No,No internet service,No internet service,No internet service,No internet service,No internet service,No internet service,One year,Yes,Bank transfer (automatic),18.9,262.76,No
7645-ZSJZH,Female,0,Yes,Yes,14,Yes,Yes,Fiber optic,No,No,No,No,Yes,Yes,Month-to-month,No,Credit card (automatic),95.08,1350.71,Yes
4907-NAPBH,Male,0,Yes,Yes,18,Yes,Yes,DSL,Yes,No,No,No,No,No,Month-to-month,Yes,Credit card (automatic),55.21,979.09,Yes
4177-DSMCD,Female,0,Yes,No,27,Yes,No,No,No internet service,No internet service,No internet service,No internet service,No internet service,No internet service,Two year,No,Credit card (automatic),19.49,494.95,No
6126-SWDNN,Male,0,Yes,No,59,Yes,No,Fiber optic,No,No,Yes,No,Yes,Yes,Two year,Yes,Mailed check,92.21,5799.77,No
8337-NEMUQ,Male,0,Yes,No,72,Yes,Yes,No,No internet service,No internet service,No internet service,No internet service,No internet service,No internet service,Two year,Yes,Electronic check,24.43,1748.54,No
1093-NIQSW,Male,1,Yes,No,8,Yes,No,DSL,No,No,No,No,No,Yes,Month-to-month,Yes,Credit card (automatic),52.64,437.65,No
3396-JSVCV,Male,0,Yes,No,11,Yes,No,Fiber optic,No,No,No,No,Yes,No,Month-to-month,Yes,Electronic check,77.23,832.78,Yes
8434-OLAUM,Female,1,No,No,41,Yes,Yes,Fiber optic,No,No,Yes,Yes,Yes,Yes,One year,Yes,Credit card (automatic),108.06,4461.88,No
7409-QAWME,Male,0,No,No,40,Yes,Yes,Fiber optic,No,Yes,Yes,No,Yes,Yes,Month-to-month,Yes,Mailed check,100.77,3950.63,Yes
0129-FPJDQ,Male,0,Yes,No,67,Yes,Yes,DSL,No,No,No,No,No,No,Two year,Yes,Credit card (automatic),49.62,3145.5,No
1396-VOYLF,Female,0,Yes,No,45,No,No phone service,DSL,No,Yes,Yes,No,Yes,No,Two year,No,Credit card (automatic),46.47,2055.82,No
5608-ITYGI,Female,0,Yes,Yes,72,Yes,Yes,DSL,Yes,Yes,No,No,No,No,Month-to-month,Yes,Electronic check,61.4,4682.23,No
0244-JALVR,Male,0,No,Yes,35,Yes,Yes,Fiber optic,Yes,No,No,Yes,Yes,No,Two year,No,Credit card (automatic),94.99,3315.52,No
4313-IOFJV,Female,0,No,No,44,Yes,Yes,Fiber optic,Yes,No,Yes,No,No,No,Two year,Yes,Credit card (automatic),84.34,3853.53,No
7551-WMVYO,Female,0,Yes,No,59,Yes,No,DSL,No,No,No,No,No,Yes,One year,No,Credit card (automatic),56.77,3250.06,No
8988-ASHFO,Male,0,Yes,No,20,Yes,Yes,Fiber optic,Yes,No,Yes,Yes,No,Yes,Month-to-month,Yes,Mailed check,99.53,1937.3,Yes
1170-ZAOAR,Male,1,Yes,Yes,7,Yes,Yes,Fiber optic,Yes,No,Yes,No,Yes,No,Month-to-month,Yes,Electronic check,96.84,630,Yes
3647-ARSRO,Female,0,Yes,No,36,Yes,No,DSL,No,No,Yes,Yes,No,No,Month-to-month,Yes,Electronic check,56.97,1964.8,No
5443-OFSQM,Female,0,Yes,Yes,31,Yes,No,DSL,Yes,No,No,No,No,Yes,Two year,Yes,Electronic check,59.1,1809.27,No
9556-RERQR,Male,0,No,No,4,Yes,Yes,Fiber optic,No,No,No,No,Yes,Yes,Month-to-month,No,Credit card (automatic),97.04,369.57,Yes
2843-YWCLT,Male,0,Yes,No,40,Yes,No,DSL,No,Yes,No,No,Yes,No,Two year,Yes,Credit card (automatic),56.92,2422.53,No
4949-EXXMO,Female,0,Yes,No,61,Yes,Yes,Fiber optic,No,Yes,No,Yes,No,No,One year,Yes,Electronic check,86.17,5398.08,No
4334-UEFKX,Male,0,No,No,35,Yes,Yes,DSL,No,Yes,Yes,Yes,No,No,Two year,No,Electronic check,60.7,2091.15,No
1843-UYBUJ,Male,0,No,No,3,Yes,No,DSL,No,No,No,Yes,Yes,Yes,Month-to-month,Yes,Electronic check,71.72,218.04,No
9907-WWQJL,Male,0,Yes,Yes,54,Yes,No,DSL,No,No,No,No,No,Yes,One year,No,Electronic check,59.32,3384.71,No
1987-QWPLH,Female,0,No,No,6,Yes,Yes,Fiber optic,No,Yes,No,No,Yes,Yes,Month-to-month,Yes,Electronic check,99.89,583.82,Yes
1193-XBLJK,Female,0,Yes,Yes,25,Yes,Yes,DSL,No,Yes,No,No,No,Yes,One year,Yes,Electronic check,65.02,1577.99,No
5672-WKUXW,Male,0,Yes,No,72,Yes,Yes,Fiber optic,No,Yes,Yes,Yes,No,Yes,Month-to-month,No,Mailed check,102.88,7391.7,No
0009-CUYVX,Male,0,Yes,Yes,6,Yes,No,Fiber optic,No,Yes,No,No,Yes,No,Month-to-month,No,Electronic check,84.33,530.05,No
7969-JMAVH,Male,0,Yes,Yes,34,Yes,No,No,No internet service,No internet service,No internet service,No internet service,No internet service,No internet service,One year,Yes,Credit card (automatic),18.25,650.46,No
7263-SNZCS,Female,0,Yes,No,72,Yes,No,Fiber optic,No,No,No,No,Yes,No,Month-to-month,No,Credit card (automatic),80.06,5711.86,No
1059-AQBHU,Female,0,No,No,27,Yes,No,DSL,No,No,Yes,Yes,No,Yes,Two year,No,Credit card (automatic),62.71,1577.32,No
4430-IWQMF,Female,0,No,No,12,Yes,Yes,Fiber optic,No,No,Yes,No,Yes,Yes,Month-to-month,No,Mailed check,99.25,1238.34,Yes
7383-RRLRH,Male,0,Yes,No,14,Yes,No,DSL,No,No,Yes,No,No,No,Month-to-month,Yes,Mailed check,47.34,691.35,No
9055-JBMUE,Female,0,Yes,Yes,14,Yes,No,DSL,No,No,Yes,Yes,Yes,No,Month-to-month,Yes,Electronic check,67.59,871.4,Yes
8880-AUHBB,Male,0,Yes,Yes,18,Yes,No,Fiber optic,Yes,Yes,Yes,No,Yes,No,Month-to-month,Yes,Electronic check,95.49,1727.46,No
6031-DERLD,Male,1,Yes,Yes,9,Yes,Yes,DSL,Yes,Yes,No,No,No,No,One year,No,Bank transfer (automatic),58.75,507.77,No
8439-FMAZG,Female,0,No,No,8,Yes,No,Fiber optic,No,Yes,No,Yes,No,Yes,Month-to-month,No,Electronic check,90.7,673.87,Yes
3643-XGNRQ,Male,0,Yes,No,65,Yes,Yes,Fiber optic,Yes,No,No,No,No,No,Two year,Yes,Credit card (automatic),79.38,5418.66,No
5066-MHCWS,Male,0,No,No,65,Yes,Yes,DSL,Yes,No,Yes,Yes,Yes,Yes,Two year,Yes,Electronic check,87.62,5932.11,No
7815-PBVFD,Male,1,No,No,53,Yes,Yes,Fiber optic,No,No,Yes,No,No,Yes,Two year,No,Credit card (automatic),90.52,4434.19,No
6240-BYIKU,Female,1,No,No,41,Yes,Yes,Fiber optic,No,Yes,No,No,Yes,Yes,One year,No,Bank transfer (automatic),102.41,3958.9,Yes
1354-HITHW,Male,0,Yes,Yes,1,Yes,No,DSL,Yes,No,No,Yes,No,No,Month-to-month,No,Bank transfer (automatic),53.34,55.49,Yes
7623-OVOAW,Male,0,Yes,No,31,Yes,Yes,Fiber optic,No,No,No,No,Yes,No,Month-to-month,Yes,Electronic check,84.94,2600.55,No
2239-ZVWCP,Male,0,Yes,No,57,Yes,No,Fiber optic,No,Yes,No,No,No,No,One year,Yes,Credit card (automatic),76.66,4154.31,No
3342-NTPYW,Female,0,No,No,19,Yes,Yes,Fiber optic,Yes,No,No,No,No,No,One year,Yes,Credit card (automatic),79.97,1582.11,Yes
4139-SSLHR,Female,0,No,No,40,Yes,Yes,Fiber optic,No,Yes,Yes,No,Yes,No,One year,Yes,Bank transfer (automatic),90,3317.9,No
5709-LENLB,Male,0,No,No,3,Yes,Yes,DSL,No,Yes,Yes,No,No,No,Month-to-month,Yes,Bank transfer (automatic),59.01,165.37,Yes
1652-QNSTU,Male,0,Yes,Yes,28,Yes,Yes,DSL,Yes,Yes,No,Yes,No,Yes,One year,No,Mailed check,72.54,1982.8,No
2228-AMNUK,Female,0,Yes,Yes,66,Yes,No,Fiber optic,No,No,No,Yes,Yes,No,One year,Yes,Bank transfer (automatic),86.99,5718.26,No
0308-PDPSO,Female,0,No,No,5,No,No phone service,Fiber optic,No,No,Yes,Yes,No,Yes,Month-to-month,Yes,Mailed check,71.42,358.2,Yes
8504-LBWEH,Male,0,Yes,Yes,11,No,No phone service,Fiber optic,No,No,Yes,No,No,Yes,One year,No,Credit card (automatic),67.02,768.98,No
4149-XAEUE,Male,0,No,No,21,Yes,No,Fiber optic,No,No,No,Yes,Yes,Yes,Month-to-month,No,Electronic check,92.84,2077.46,Yes
6803-ZUTOG,Male,0,No,No,57,Yes,No,No,No internet service,No internet service,No internet service,No internet service,No internet service,No internet service,Month-to-month,Yes,Electronic check,18.25,1121.25,Yes
7241-FHEIY,Male,0,Yes,Yes,9,Yes,No,Fiber optic,No,No,No,Yes,Yes,Yes,Month-to-month,No,Electronic check,91.91,877.22,No
1432-DXZKF,Male,0,No,No,67,Yes,No,DSL,No,Yes,No,Yes,Yes,No,Two year,Yes,Bank transfer (automatic),63.87,4174.6,No
8324-JOOQB,Female,0,Yes,Yes,62,Yes,No,DSL,Yes,Yes,No,Yes,No,Yes,Two year,Yes,Mailed check,69.32,4120.23,No
0063-NIBUN,Male,0,No,No,2,Yes,No,Fiber optic,No,No,No,No,No,No,Month-to-month,Yes,Mailed check,71.46,137.56,Yes
4574-GTZGU,Female,0,No,No,67,Yes,Yes,Fiber optic,No,No,No,No,Yes,Yes,Two year,Yes,Mailed check,93.95,6429.65,No
3166-CPXNP,Male,0,Yes,No,71,Yes,Yes,DSL,No,No,No,No,Yes,No,Two year,No,Mailed check,57.6,3879.18,No
0022-MXXEQ,Female,0,No,No,32,No,No phone service,Fiber optic,Yes,No,Yes,No,Yes,Yes,Two year,Yes,Mailed check,81.92,2687.53,No
0022-DBSLA,Male,0,Yes,Yes,46,Yes,Yes,No,No internet service,No internet service,No internet service,No internet service,No internet service,No internet service,Two year,Yes,Electronic check,22.57,988,No
9981-JHVJQ,Male,0,Yes,Yes,54,Yes,No,Fiber optic,No,No,Yes,No,Yes,Yes,One year,No,Bank transfer (automatic),96.85,5462.29,No
1066-KMUPD,Female,0,Yes,Yes,7,Yes,No,No,No internet service,No internet service,No internet service,No internet service,No internet service,No internet service,Month-to-month,No,Mailed check,24.77,178.4,Yes
4557-QDFKA,Female,0,Yes,Yes,4,Yes,No,DSL,No,Yes,Yes,Yes,No,No,Month-to-month,No,Electronic check,58.54,220.81,No
1039-MGHNU,Male,1,Yes,Yes,14,Yes,No,Fiber optic,No,Yes,No,No,Yes,Yes,Month-to-month,Yes,Electronic check,89.39,1187.19,Yes
7875-UGKYB,Female,0,No,No,32,Yes,No,DSL,Yes,Yes,No,No,No,Yes,Month-to-month,Yes,Electronic check,64.9,2059.1,Yes
6204-UNXVP,Male,1,Yes,No,26,Yes,Yes,Fiber optic,No,Yes,No,No,Yes,Yes,Month-to-month,No,Credit card (automatic),100.33,2564.62,Yes
6918-ZPYKZ,Female,0,No,No,16,Yes,No,DSL,No,Yes,No,No,Yes,Yes,Month-to-month,No,Credit card (automatic),69.42,1118.5,Yes
4277-QJAAQ,Female,0,Yes,Yes,18,Yes,Yes,No,No internet service,No internet service,No internet service,No internet service,No internet service,No internet service,Month-to-month,No,Electronic check,26.36,480.71,No
6367-OFFVM,Male,0,No,No,6,Yes,No,DSL,Yes,No,No,No,No,No,Month-to-month,Yes,Bank transfer (automatic),49.42,289.44,No
0935-XYHAQ,Male,0,No,Yes,12,Yes,No,Fiber optic,No,Yes,Yes,Yes,Yes,Yes,Month-to-month,Yes,Electronic check,102.49,1201.25,Yes
2355-BIVJF,Male,1,No,Yes,8,Yes,No,Fiber optic,No,No,Yes,Yes,No,Yes,One year,Yes,Mailed check,87.68,752.78,Yes
3836-VCVRN,Female,0,No,No,36,Yes,Yes,Fiber optic,No,No,No,No,No,Yes,One year,No,Bank transfer (automatic),83.63,2947.06,No
8611-IFHKR,Female,0,No,No,50,Yes,No,No,No internet service,No internet service,No internet service,No internet service,No internet service,No internet service,One year,Yes,Bank transfer (automatic),18.99,1004.94,No
0747-IARJB,Male,0,No,No,6,Yes,Yes,DSL,No,No,No,No,No,No,Month-to-month,No,Electronic check,48.54,296.85,Yes
9761-SVXZP,Female,0,No,No,36,Yes,No,DSL,No,Yes,No,Yes,No,Yes,One year,No,Credit card (automatic),64.36,2338.15,No
5045-NQHSA,Female,0,Yes,No,8,Yes,Yes,Fiber optic,Yes,Yes,Yes,No,Yes,No,Month-to-month,Yes,Electronic check,97.22,783.09,Yes
3953-LOKUL,Male,0,Yes,Yes,28,No,No phone service,Fiber optic,No,No,Yes,No,No,No,Month-to-month,No,Bank transfer (automatic),58.57,1554.78,No
0383-ZNYDH,Male,1,No,No,2,Yes,Yes,Fiber optic,No,Yes,Yes,Yes,Yes,Yes,Month-to-month,No,Electronic check,108.59,218.84,Yes
2948-BXCFD,Male,0,No,No,70,Yes,Yes,Fiber optic,No,No,No,No,Yes,Yes,Two year,No,Bank transfer (automatic),92.44,6861.61,No
1457-JIFDR,Female,0,No,No,18,Yes,No,Fiber optic,Yes,No,No,No,No,No,Month-to-month,Yes,Credit card (automatic),75.05,1375.01,Yes
2093-XWPFF,Female,0,No,Yes,61,No,No phone service,Fiber optic,No,No,No,Yes,Yes,Yes,Two year,No,Mailed check,73.92,4598.24,Yes
9038-HUUNQ,Female,0,No,No,39,Yes,Yes,DSL,No,No,No,Yes,No,Yes,Month-to-month,No,Credit card (automatic),63.79,2343.54,No
2550-GGSIT,Female,0,Yes,No,1,Yes,No,DSL,No,Yes,Yes,Yes,Yes,No,Month-to-month,No,Credit card (automatic),69.97,72.98,No
2697-EQAKD,Male,0,Yes,Yes,45,Yes,Yes,DSL,Yes,No,Yes,No,Yes,No,One year,No,Electronic check,69.78,2916.16,No
1092-XNPGA,Male,0,Yes,No,7,Yes,Yes,No,No internet service,No internet service,No internet service,No internet service,No internet service,No internet service,Month-to-month,Yes,Credit card (automatic),22.01,160.86,Yes
0345-TQGWE,Female,0,Yes,No,58,Yes,No,No,No internet service,No internet service,No internet service,No internet service,No internet service,No internet service,Two year,No,Mailed check,20.83,1133.67,No
1601-DDUNF,Male,0,Yes,No,50,Yes,No,Fiber optic,No,Yes,Yes,No,Yes,Yes,One year,Yes,Mailed check,99.25,5098.2,No
2164-EXYPP,Female,0,No,No,52,No,No phone service,Fiber optic,No,No,Yes,No,No,Yes,One year,Yes,Bank transfer (automatic),63.9,3176.23,No
2723-GLWTH,Female,0,No,No,63,No,No phone service,DSL,No,No,Yes,Yes,No,No,Two year,No,Mailed check,38.04,2538.2,No
8812-UFVBH,Male,0,No,Yes,72,Yes,No,Fiber optic,No,Yes,No,No,Yes,No,Month-to-month,Yes,Mailed check,85.55,5982.22,No
8492-FRMIS,Female,0,No,No,40,Yes,No,Fiber optic,Yes,No,Yes,Yes,No,Yes,Month-to-month,Yes,Electronic check,92.4,3930.95,Yes
1588-OKUAX,Male,0,Yes,Yes,38,Yes,No,Fiber optic,No,Yes,Yes,Yes,Yes,No,Month-to-month,No,Credit card (automatic),93.35,3291,No
5584-HDKSQ,Male,0,No,No,7,No,No phone service,DSL,Yes,No,No,No,No,No,One year,Yes,Credit card (automatic),28.97,194.72,No
9063-KDKND,Male,1,No,Yes,59,Yes,Yes,Fiber optic,No,Yes,No,No,No,Yes,Two year,Yes,Bank transfer (automatic),91.33,5071.29,No
4920-WJZUF,Male,0,No,No,16,Yes,No,DSL,No,Yes,No,No,Yes,No,Month-to-month,No,Electronic check,58.12,975.54,No
0098-ZDQRQ,Female,0,Yes,No,8,Yes,No,DSL,Yes,No,Yes,No,Yes,Yes,Month-to-month,No,Mailed check,73.32,556.09,Yes
5584-QUZBG,Female,0,No,No,67,Yes,No,Fiber optic,No,Yes,Yes,No,Yes,Yes,Two year,No,Electronic check,97.36,6068.85,No
9702-JPMPL,Female,0,Yes,No,66,Yes,Yes,DSL,Yes,No,Yes,Yes,No,No,Two year,Yes,Mailed check,66.02,4233,No
6331-YTQVN,Female,0,Yes,No,21,Yes,Yes,DSL,No,No,No,No,No,Yes,Month-to-month,Yes,Electronic check,59,1201.6,No
9231-PJDUR,Male,0,No,No,3,Yes,Yes,DSL,Yes,No,No,Yes,Yes,No,Month-to-month,Yes,Mailed check,67.43,211.32,No
6068-RXFOK,Male,0,No,No,21,Yes,Yes,Fiber optic,Yes,No,No,No,Yes,Yes,Month-to-month,Yes,Credit card (automatic),95.54,1866.3,Yes
5734-SRUCO,Male,0,Yes,Yes,1,Yes,Yes,DSL,Yes,Yes,No,No,Yes,No,Month-to-month,Yes,Electronic check,68.87,72.52,Yes
4939-AHWNQ,Male,0,Yes,No,6,No,No phone service,No,No internet service,No internet service,No internet service,No internet service,No internet service,No internet service,Month-to-month,Yes,Bank transfer (automatic),18.25,103.21,No
8779-QDDMP,Male,0,No,No,31,Yes,No,No,No internet service,No internet service,No internet service,No internet service,No internet service,No internet service,One year,Yes,Bank transfer (automatic),18.78,563.74,No
7542-NTIAU,Male,0,No,No,18,Yes,Yes,DSL,No,No,No,Yes,Yes,No,Month-to-month,Yes,Mailed check,66.76,1250.75,No
0343-BSFCU,Female,1,Yes,Yes,62,Yes,No,Fiber optic,No,Yes,Yes,No,No,No,Two year,Yes,Electronic check,82.49,5298.54,No
4480-ORPXE,Male,0,No,No,46,Yes,Yes,Fiber optic,No,Yes,Yes,No,No,Yes,Month-to-month,Yes,Bank transfer (automatic),92.59,4492.03,No
9048-XANJX,Male,0,No,No,39,Yes,Yes,DSL,Yes,Yes,Yes,Yes,Yes,No,One year,Yes,Bank transfer (automatic),77.52,2926.06,No
8166-NTWTJ,Male,0,Yes,No,17,Yes,Yes,Fiber optic,No,Yes,Yes,No,No,Yes,Month-to-month,No,Mailed check,94.53,1719.05,No
5415-SZJYL,Male,0,No,No,18,Yes,No,Fiber optic,No,No,Yes,No,Yes,Yes,Month-to-month,Yes,Electronic check,95.74,1720.73,Yes
6705-WEBKI,Male,0,Yes,Yes,15,No,No phone service,DSL,No,No,Yes,No,No,No,Month-to-month,No,Mailed check,31.66,443.86,No
8257-RCVMO,Female,1,No,No,59,Yes,Yes,DSL,Yes,Yes,No,Yes,No,No,One year,Yes,Mailed check,67.76,3770.51,No
7533-EUCMQ,Male,0,Yes,Yes,47,Yes,No,DSL,No,Yes,Yes,Yes,No,Yes,One year,Yes,Bank transfer (automatic),69.75,3091.06,No
9143-XTFYO,Male,0,No,No,31,Yes,Yes,No,No internet service,No internet service,No internet service,No internet service,No internet service,No internet service,One year,Yes,Credit card (automatic),24.23,748.54,No
5979-TJDKF,Female,0,No,No,13,Yes,Yes,Fiber optic,No,No,No,No,Yes,Yes,Month-to-month,Yes,Electronic check,93.5,1211.35,Yes
6429-XADMK,Female,0,Yes,No,60,Yes,No,DSL,No,Yes,No,No,Yes,Yes,One year,Yes,Mailed check,67.75,4103.91,No
5990-KLBSS,Female,0,No,No,50,No,No phone service,Fiber optic,Yes,No,Yes,No,Yes,Yes,Two year,Yes,Mailed check,80.85,3861.39,No
1034-VRNDZ,Male,1,Yes,Yes,14,Yes,No,Fiber optic,Yes,Yes,Yes,No,No,No,Month-to-month,Yes,Mailed check,88.7,1216.27,Yes
0915-SXFET,Female,1,Yes,No,31,Yes,Yes,Fiber optic,No,Yes,No,Yes,Yes,No,Month-to-month,Yes,Credit card (automatic),94.64,2857.23,No
2148-NGZBZ,Female,0,No,No,16,Yes,Yes,DSL,Yes,No,No,No,No,Yes,Month-to-month,No,Electronic check,68.54,1109.82,Yes
2169-ZAHNH,Male,1,No,No,11,Yes,Yes,Fiber optic,No,No,Yes,No,No,No,Two year,Yes,Electronic check,82.03,924.6,No
5250-YWKCA,Male,0,No,No,62,Yes,Yes,No,No internet service,No internet service,No internet service,No internet service,No internet service,No internet service,Two year,No,Bank transfer (automatic),20.13,1170.71,No
0371-CROOX,Female,1,No,No,26,Yes,No,Fiber optic,No,No,No,No,Yes,Yes,One year,No,Mailed check,90.84,2468.78,No
3711-GYNOA,Male,1,Yes,No,2,Yes,Yes,DSL,Yes,Yes,Yes,Yes,No,No,Month-to-month,No,Mailed check,65.47,127.97,Yes
4889-OUDOV,Female,0,No,Yes,61,Yes,No,DSL,No,No,Yes,No,No,No,One year,No,Bank transfer (automatic),50.96,3012.44,No
7014-ORYMY,Female,0,No,No,13,Yes,Yes,DSL,Yes,Yes,Yes,Yes,No,Yes,Month-to-month,No,Electronic check,78.44,1012.88,No
0431-JYPQC,Female,0,No,No,44,Yes,No,No,No internet service,No internet service,No internet service,No internet service,No internet service,No internet service,Month-to-month,No,Mailed check,19.66,802.91,No
7156-BLPRC,Male,0,Yes,No,17,No,No phone service,Fiber optic,Yes,No,No,No,No,Yes,Month-to-month,No,Electronic check,63.39,1020.42,No
0788-WTSEU,Female,0,Yes,No,41,Yes,Yes,No,No internet service,No internet service,No internet service,No internet service,No internet service,No internet service,Two year,Yes,Bank transfer (automatic),25.65,1070.14,No
3365-EJBPN,Female,0,No,No,46,Yes,Yes,DSL,No,Yes,Yes,Yes,Yes,Yes,One year,Yes,Bank transfer (automatic),88.88,4333.14,No
5323-JXMDH,Male,1,Yes,Yes,14,Yes,No,No,No internet service,No internet service,No internet service,No internet service,No internet service,No internet service,Month-to-month,No,Credit card (automatic),24.46,336.68,No
0031-UUONS,Female,0,No,No,1,Yes,Yes,No,No internet service,No internet service,No internet service,No internet service,No internet service,No internet service,Month-to-month,No,Bank transfer (automatic),22.84,21.8,No
2993-MIADY,Male,0,Yes,No,58,Yes,Yes,No,No internet service,No internet service,No internet service,No internet service,No internet service,No internet service,Two year,Yes,Mailed check,24.36,1489.9,No
0783-JWETI,Male,0,No,No,58,No,No phone service,DSL,No,Yes,Yes,Yes,No,No,One year,Yes,Credit card (automatic),42.06,2355.96,No
8889-TQIZS,Female,1,Yes,Yes,1,Yes,Yes,No,No internet service,No internet service,No internet service,No internet service,No internet service,No internet service,Month-to-month,Yes,Mailed check,24.86,23.45,Yes
1654-ZWYHL,Male,0,No,Yes,66,Yes,No,Fiber optic,Yes,Yes,Yes,No,Yes,Yes,Two year,No,Mailed check,103.51,7075.76,No
3343-YNUBH,Male,0,No,No,42,Yes,No,Fiber optic,No,Yes,Yes,No,Yes,No,One year,No,Mailed check,91.47,3633.39,No
1460-IDEWM,Female,0,No,No,12,Yes,Yes,DSL,No,Yes,No,Yes,No,No,Month-to-month,No,Mailed check,58.69,708.67,No
7324-HOCCY,Male,0,No,No,58,Yes,No,DSL,Yes,No,No,Yes,No,No,One year,No,Bank transfer (automatic),55.29,2998.19,No
9280-VDIXO,Female,0,Yes,Yes,54,Yes,Yes,No,No internet service,No internet service,No internet service,No internet service,No internet service,No internet service,One year,Yes,Credit card (automatic),25.93,1330.6,No
7193-DJSXF,Female,0,Yes,No,0,Yes,Yes,No,No internet service,No internet service,No internet service,No internet service,No internet service,No internet service,Month-to-month,Yes,Mailed check,24.99, ,No
5968-LBFLE,Female,0,No,No,1,No,No phone service,No,No internet service,No internet service,No internet service,No internet service,No internet service,No internet service,Month-to-month,No,Electronic check,18.25,17.34,No
2083-ZODBN,Female,0,Yes,No,40,Yes,No,DSL,No,No,Yes,Yes,No,No,One year,No,Credit card (automatic),54.54,2042.02,No
2529-NUEIU,Female,0,Yes,Yes,1,Yes,Yes,Fiber optic,No,No,Yes,No,No,No,Month-to-month,Yes,Electronic check,80.87,77.29,No
3632-XRLAO,Male,0,No,No,1,Yes,No,Fiber optic,No,Yes,No,Yes,Yes,Yes,Two year,No,Credit card (automatic),98.98,106.89,No
5241-JJQVB,Female,0,Yes,Yes,51,Yes,No,DSL,Yes,No,Yes,No,No,No,Two year,Yes,Bank transfer (automatic),55.13,2891.83,No
5707-BZCPP,Male,0,No,Yes,36,Yes,Yes,DSL,Yes,Yes,Yes,Yes,Yes,Yes,One year,No,Credit card (automatic),90.77,3026.28,No
1597-RAGDZ,Female,0,Yes,Yes,36,Yes,Yes,DSL,Yes,Yes,Yes,Yes,No,Yes,One year,No,Bank transfer (automatic),81.29,3062.6,No
3750-RKAGE,Female,1,Yes,Yes,69,Yes,No,DSL,No,No,Yes,Yes,No,Yes,One year,Yes,Credit card (automatic),64.35,4614.25,No
8161-VBOJX,Male,0,Yes,No,17,Yes,No,Fiber optic,No,No,No,Yes,No,No,Month-to-month,Yes,Mailed check,73.01,1275.14,Yes
0808-KNUZK,Male,0,Yes,No,7,Yes,No,DSL,Yes,Yes,Yes,Yes,No,Yes,Month-to-month,No,Mailed check,75.3,519.98,No
6315-UNVFS,Female,0,No,No,46,Yes,Yes,Fiber optic,No,No,Yes,No,No,Yes,One year,No,Credit card (automatic),88.9,4224.69,No
1574-JLAEP,Male,0,Yes,No,20,Yes,No,Fiber optic,No,No,No,No,No,No,Month-to-month,No,Electronic check,67.31,1336.5,Yes
4038-CIGUB,Male,0,No,No,71,No,No phone service,Fiber optic,No,No,Yes,No,Yes,No,Two year,Yes,Bank transfer (automatic),62.11,4219.87,No
2222-PTUEZ,Female,0,Yes,No,5,Yes,No,Fiber optic,No,Yes,Yes,Yes,Yes,Yes,Month-to-month,Yes,Bank transfer (automatic),105.27,556.11,Yes
4216-OZRNB,Female,0,Yes,No,38,Yes,No,DSL,No,No,Yes,No,Yes,Yes,One year,No,Bank transfer (automatic),66.77,2595.8,No
4514-BIZBX,Male,0,No,No,65,Yes,No,No,No internet service,No internet service,No internet service,No internet service,No internet service,No internet service,Two year,No,Mailed check,22.29,1353.07,No
4497-RURMX,Female,1,Yes,Yes,28,Yes,Yes,DSL,Yes,Yes,Yes,No,No,No,One year,Yes,Bank transfer (automatic),63.36,1816.67,No
0218-SDGSQ,Male,0,No,No,30,Yes,No,Fiber optic,Yes,Yes,No,Yes,Yes,Yes,Month-to-month,Yes,Electronic check,101.21,2839.98,No
9367-LHZCM,Female,1,No,Yes,7,Yes,No,No,No internet service,No internet service,No internet service,No internet service,No internet service,No internet service,One year,Yes,Mailed check,22.65,164.5,No
9179-HNMRX,Male,0,Yes,No,55,Yes,Yes,Fiber optic,Yes,No,No,No,Yes,No,Two year,No,Bank transfer (automatic),89.19,5108.75,No
9789-IKMSO,Female,0,No,No,6,Yes,Yes,Fiber optic,Yes,Yes,No,No,No,No,Month-to-month,Yes,Bank transfer (automatic),84.86,518.51,Yes
8561-LHQUY,Female,0,No,No,17,Yes,No,No,No internet service,No internet service,No internet service,No internet service,No internet service,No internet service,One year,Yes,Bank transfer (automatic),18.25,292.53,No
8440-YDVBJ,Male,0,Yes,Yes,28,Yes,Yes,No,No internet service,No internet service,No internet service,No internet service,No internet service,No internet service,Month-to-month,Yes,Mailed check,26.84,793,No
0715-GZSCT,Male,1,No,Yes,7,Yes,No,DSL,No,Yes,Yes,Yes,No,Yes,Month-to-month,Yes,Electronic check,69.07,470.21,Yes
5945-WUZXT,Female,1,Yes,No,1,Yes,Yes,No,No internet service,No internet service,No internet service,No internet service,No internet service,No internet service,Month-to-month,No,Credit card (automatic),20.47,18.86,No
9652-EGFTR,Male,1,No,No,2,Yes,Yes,No,No internet service,No internet service,No internet service,No internet service,No internet service,No internet service,Month-to-month,Yes,Bank transfer (automatic),23.93,50.9,Yes
7503-KJCZB,Female,0,Yes,Yes,44,Yes,Yes,DSL,No,No,Yes,No,No,No,One year,No,Credit card (automatic),55.75,2482.79,No
5480-LQXZF,Male,0,Yes,No,9,Yes,Yes,DSL,Yes,Yes,No,No,Yes,Yes,One year,Yes,Bank transfer (automatic),77.92,721.78,Yes
9008-WCTCJ,Female,0,Yes,Yes,22,Yes,No,Fiber optic,Yes,No,Yes,Yes,Yes,No,Month-to-month,Yes,Credit card (automatic),91.59,2063.94,Yes
3298-FKOSG,Female,0,No,No,6,Yes,No,No,No internet service,No internet service,No internet service,No internet service,No internet service,No internet service,Month-to-month,No,Electronic check,18.97,119.36,No
8842-ZFSHZ,Male,0,Yes,No,57,Yes,Yes,Fiber optic,No,Yes,No,No,Yes,No,One year,No,Mailed check,93.42,5215.27,No
7476-KULZG,Female,1,No,No,37,Yes,Yes,Fiber optic,Yes,No,No,No,No,Yes,Month-to-month,Yes,Mailed check,92.31,3624.75,Yes
8889-KRWNB,Female,0,Yes,Yes,29,Yes,Yes,DSL,Yes,Yes,No,No,No,No,One year,Yes,Mailed check,62.07,1925.45,No
4184-SSNYW,Male,0,No,No,39,No,No phone service,Fiber optic,No,Yes,Yes,No,Yes,No,One year,No,Mailed check,72.07,2637.61,No
6063-VYPAQ,Female,0,No,No,12,Yes,Yes,Fiber optic,No,No,Yes,No,Yes,No,Month-to-month,Yes,Bank transfer (automatic),89.16,1134.06,No
4309-NQERP,Female,0,No,No,16,Yes,No,DSL,No,No,Yes,No,Yes,Yes,Two year,Yes,Credit card (automatic),68.41,1034.38,No
9007-GOTBY,Female,0,No,No,2,Yes,No,No,No internet service,No internet service,No internet service,No internet service,No internet service,No internet service,Month-to-month,Yes,Mailed check,20.05,39.92,Yes
2539-PLYHX,Female,0,No,No,1,Yes,No,DSL,No,No,Yes,Yes,Yes,No,Two year,No,Credit card (automatic),66.12,70.34,No
2799-PNPGN,Male,0,No,Yes,22,Yes,Yes,Fiber optic,Yes,Yes,No,No,Yes,Yes,Month-to-month,Yes,Credit card (automatic),102.03,2344.52,No
2591-FFWNR,Female,0,Yes,Yes,48,Yes,No,No,No internet service,No internet service,No internet service,No internet service,No internet service,No internet service,Two year,Yes,Credit card (automatic),19.08,946.9,No
4613-XEHTF,Male,1,No,Yes,44,Yes,No,Fiber optic,No,Yes,Yes,Yes,Yes,No,One year,Yes,Credit card (automatic),97.3,4134.62,No
0101-BYPUA,Male,0,No,No,60,Yes,Yes,DSL,Yes,Yes,No,No,No,Yes,Two year,Yes,Bank transfer (automatic),70.93,4259.63,No
7041-LQOHD,Female,1,No,No,26,Yes,No,No,No internet service,No internet service,No internet service,No internet service,No internet service,No internet service,One year,Yes,Bank transfer (automatic),21.48,529.32,No
0749-IVHOV,Male,0,No,No,62,Yes,Yes,DSL,Yes,Yes,Yes,No,Yes,Yes,Two year,Yes,Bank transfer (automatic),79.53,5321.08,No
7476-UKPEN,Female,0,No,No,4,Yes,Yes,No,No internet service,No internet service,No internet service,No internet service,No internet service,No internet service,Month-to-month,Yes,Electronic check,25.04,93.26,No
7489-YVHVK,Male,0,Yes,No,46,Yes,Yes,Fiber optic,Yes,Yes,Yes,No,No,No,One year,No,Bank transfer (automatic),89.73,4311.46,No
7335-PEJJH,Female,0,Yes,Yes,9,Yes,Yes,DSL,Yes,Yes,Yes,Yes,No,No,Month-to-month,No,Mailed check,67.1,579.11,No
2326-YALPZ,Male,0,Yes,No,42,Yes,No,DSL,No,Yes,Yes,Yes,No,No,One year,Yes,Credit card (automatic),60.31,2563.51,No
5089-IBAFG,Male,0,No,No,21,No,No phone service,DSL,No,No,No,No,Yes,No,Month-to-month,No,Mailed check,37.47,822.4,No
7623-IIJDE,Female,0,Yes,Yes,12,Yes,Yes,DSL,No,No,Yes,Yes,Yes,Yes,Two year,No,Credit card (automatic),78.94,891.69,No
3280-NEWST,Female,0,No,No,1,Yes,Yes,No,No internet service,No internet service,No internet service,No internet service,No internet service,No internet service,Month-to-month,Yes,Mailed check,25.51,25.66,No
1503-OBWUF,Female,0,No,No,4,Yes,Yes,DSL,Yes,Yes,Yes,Yes,No,Yes,Month-to-month,No,Mailed check,78.65,333.39,No
9358-GMPOA,Male,0,No,No,62,Yes,No,Fiber optic,No,Yes,No,No,No,Yes,Two year,Yes,Electronic check,85.21,5121.45,No
3130-SGZUJ,Female,0,No,No,53,Yes,Yes,DSL,No,No,No,Yes,Yes,No,Two year,Yes,Bank transfer (automatic),60.62,3091.06,No
5106-VYRSN,Male,0,Yes,No,69,Yes,No,DSL,Yes,No,No,Yes,No,No,Two year,Yes,Credit card (automatic),52.88,3669.74,No
7551-IKNYB,Female,0,No,Yes,21,Yes,No,Fiber optic,No,No,Yes,No,Yes,Yes,Month-to-month,No,Bank transfer (automatic),93,2082.78,No
7569-QJJPM,Female,0,Yes,No,48,Yes,No,No,No internet service,No internet service,No internet service,No internet service,No internet service,No internet service,Two year,Yes,Bank transfer (automatic),19.04,861.51,No
2579-GSFJJ,Male,0,Yes,No,23,Yes,No,DSL,No,Yes,Yes,No,No,Yes,Month-to-month,Yes,Bank transfer (automatic),62.45,1440.13,Yes
0707-ACKEW,Male,0,Yes,Yes,66,Yes,No,Fiber optic,No,Yes,No,No,No,Yes,Two year,Yes,Credit card (automatic),85.97,5262.43,No
9627-HFTOR,Male,0,Yes,Yes,17,Yes,No,Fiber optic,Yes,Yes,Yes,No,Yes,No,Month-to-month,Yes,Mailed check,96.99,1522.71,Yes
6844-JMMHO,Male,0,Yes,No,28,Yes,Yes,DSL,No,Yes,No,No,Yes,No,One year,Yes,Electronic check,65.47,1948.22,No
4747-JZCXW,Male,0,Yes,No,2,Yes,No,Fiber optic,No,No,Yes,No,No,Yes,Month-to-month,No,Electronic check,85.21,166.16,Yes
0616-ZBMAK,Female,1,No,No,52,Yes,No,Fiber optic,No,Yes,No,No,Yes,No,Month-to-month,No,Electronic check,84.8,4659.59,Yes
5351-EIJPF,Male,0,Yes,Yes,51,No,No phone service,No,No internet service,No internet service,No internet service,No internet service,No internet service,No internet service,One year,No,Credit card (automatic),18.25,883.93,No
8056-QAVJM,Female,1,No,No,17,Yes,No,No,No internet service,No internet service,No internet service,No internet service,No internet service,No internet service,Month-to-month,Yes,Electronic check,18.25,295.36,Yes
9010-TMKRT,Female,0,No,No,24,Yes,Yes,Fiber optic,No,No,No,No,Yes,No,One year,Yes,Electronic check,80.13,1860.24,Yes
8591-WZDPC,Female,0,No,No,1,Yes,Yes,DSL,No,No,No,No,Yes,No,Month-to-month,Yes,Electronic check,56.95,60.29,Yes
9612-DCYOL,Female,0,No,No,42,Yes,Yes,Fiber optic,No,Yes,No,No,Yes,No,Month-to-month,No,Bank transfer (automatic),88.29,3835.3,No
0421-GUYNN,Female,0,No,No,14,Yes,Yes,No,No internet service,No internet service,No internet service,No internet service,No internet service,No internet service,Month-to-month,Yes,Electronic check,24.8,354.87,No
4159-MBWNZ,Female,1,Yes,Yes,17,Yes,Yes,Fiber optic,Yes,No,Yes,No,No,No,Month-to-month,Yes,Credit card (automatic),86.07,1409.51,Yes
9892-PIBBR,Male,0,Yes,No,11,Yes,No,DSL,No,Yes,Yes,No,Yes,No,Month-to-month,Yes,Bank transfer (automatic),64.1,687.14,No
2205-YOIHO,Female,0,Yes,Yes,25,Yes,No,DSL,No,Yes,Yes,No,Yes,Yes,Two year,No,Electronic check,72.88,1738.69,No
9599-UCOVM,Male,0,Yes,No,21,Yes,Yes,DSL,No,No,Yes,No,No,No,Month-to-month,Yes,Electronic check,54.28,1064.1,Yes
9476-CYENI,Male,1,Yes,Yes,6,Yes,No,Fiber optic,No,No,No,Yes,No,No,Month-to-month,No,Electronic check,76.38,441.59,Yes
3414-XTOOX,Male,0,Yes,No,10,Yes,Yes,DSL,No,Yes,No,No,Yes,Yes,Month-to-month,No,Bank transfer (automatic),74.1,751.01,No
8128-RAWMM,Female,0,No,No,65,Yes,No,DSL,Yes,Yes,Yes,No,No,Yes,Two year,No,Bank transfer (automatic),68.41,4744.32,No
0383-JQXXV,Male,0,Yes,Yes,3,Yes,No,Fiber optic,No,No,Yes,Yes,Yes,No,Month-to-month,No,Mailed check,91.52,260.42,Yes
4798-MWBYA,Female,0,No,No,52,Yes,Yes,Fiber optic,No,Yes,No,No,Yes,No,Two year,Yes,Electronic check,93.42,4783.2,No
5874-DURQN,Female,0,Yes,Yes,47,Yes,No,No,No internet service,No internet service,No internet service,No internet service,No internet service,No internet service,One year,Yes,Mailed check,19.99,980.71,No
7348-PCUAQ,Male,0,No,No,4,Yes,Yes,Fiber optic,Yes,No,No,No,No,No,Month-to-month,No,Electronic check,77.87,311.46,Yes
1726-UNVZK,Female,0,Yes,Yes,55,Yes,No,Fiber optic,No,No,Yes,Yes,Yes,Yes,Two year,No,Credit card (automatic),97.87,5229.34,No
0657-LIANZ,Female,1,No,No,7,Yes,Yes,DSL,No,Yes,Yes,No,No,No,One year,Yes,Credit card (automatic),62.76,461.18,No
8912-BGEPA,Male,0,No,No,72,No,No phone service,Fiber optic,No,Yes,No,Yes,Yes,Yes,Two year,Yes,Electronic check,81.49,5478.06,No
1878-DMXUN,Female,0,Yes,No,11,Yes,Yes,Fiber optic,No,No,No,Yes,Yes,Yes,Month-to-month,Yes,Electronic check,100.35,1019.24,No
2215-SEVLK,Female,0,No,No,33,Yes,No,No,No internet service,No internet service,No internet service,No internet service,No internet service,No internet service,One year,Yes,Bank transfer (automatic),20.51,687.48,No
7151-YTEVC,Female,0,Yes,No,34,Yes,No,Fiber optic,Yes,Yes,No,No,Yes,No,One year,Yes,Mailed check,88.69,2958.81,Yes
4755-SQITG,Female,0,No,No,9,Yes,Yes,Fiber optic,No,Yes,Yes,No,No,Yes,Month-to-month,No,Mailed check,96.14,885.26,No
1512-NSAXP,Female,0,Yes,Yes,66,Yes,Yes,No,No internet service,No internet service,No internet service,No internet service,No internet service,No internet service,Two year,Yes,Mailed check,26.67,1644.95,No
6908-GTLMP,Male,0,Yes,Yes,58,No,No phone service,DSL,No,No,No,No,No,Yes,Two year,No,Electronic check,35.37,2060.57,No
1914-OUCBW,Female,0,Yes,No,31,Yes,No,Fiber optic,Yes,Yes,No,Yes,Yes,Yes,One year,Yes,Bank transfer (automatic),103.66,3238.26,No
8417-PRNLO,Male,0,No,Yes,64,Yes,No,No,No internet service,No internet service,No internet service,No internet service,No internet service,No internet service,Two year,No,Credit card (automatic),19.11,1302.35,No
5297-GFIPG,Female,0,No,No,14,Yes,No,No,No internet service,No internet service,No internet service,No internet service,No internet service,No internet service,Month-to-month,No,Mailed check,19.4,287.86,No
0811-MYOVL,Female,1,No,Yes,64,Yes,No,Fiber optic,No,No,No,No,No,Yes,One year,Yes,Credit card (automatic),81.53,5600.17,No
1068-RVRDM,Female,0,Yes,No,3,Yes,Yes,Fiber optic,No,Yes,Yes,No,Yes,No,Month-to-month,Yes,Mailed check,96.36,303.14,Yes
6670-CJRHG,Male,0,Yes,Yes,60,Yes,No,DSL,Yes,Yes,Yes,No,Yes,No,Two year,No,Electronic check,70.04,4339.33,No
5655-LPOCR,Male,0,No,No,60,No,No phone service,Fiber optic,No,No,Yes,No,Yes,Yes,One year,Yes,Bank transfer (automatic),75.76,4545.68,Yes
9296-YMXQD,Female,0,Yes,Yes,66,Yes,No,Fiber optic,No,Yes,Yes,No,Yes,Yes,Two year,Yes,Bank transfer (automatic),99.62,6669.92,No
0812-HOMGN,Female,0,Yes,Yes,6,Yes,No,DSL,No,Yes,Yes,Yes,Yes,No,Month-to-month,No,Electronic check,64.4,386.28,Yes
0226-AZNKV,Male,0,Yes,Yes,21,Yes,No,No,No internet service,No internet service,No internet service,No internet service,No internet service,No internet service,Month-to-month,Yes,Electronic check,18.25,362.93,No
0898-AYEVA,Male,0,No,No,1,Yes,No,No,No internet service,No internet service,No internet service,No internet service,No internet service,No internet service,Two year,Yes,Bank transfer (automatic),19.14,20.42,No
5549-ENBDM,Male,0,No,No,15,Yes,No,No,No internet service,No internet service,No internet service,No internet service,No internet service,No internet service,Month-to-month,Yes,Electronic check,19.71,283.63,No
4401-BAWLC,Male,0,Yes,Yes,3,No,No phone service,DSL,No,No,No,Yes,No,Yes,Month-to-month,No,Mailed check,36.2,107.24,Yes
9138-UVKDJ,Male,1,No,No,53,Yes,No,DSL,No,No,Yes,Yes,Yes,No,One year,Yes,Mailed check,66.82,3369.68,No
7264-QCTTM,Female,1,No,No,33,Yes,Yes,Fiber optic,No,No,No,No,No,No,Month-to-month,No,Electronic check,72.43,2248.29,Yes
5746-SLJJE,Female,0,No,Yes,23,Yes,Yes,DSL,No,No,Yes,No,No,Yes,One year,No,Mailed check,65.65,1505.97,No
3974-USBOE,Male,1,No,No,70,No,No phone service,Fiber optic,No,No,No,Yes,No,Yes,Two year,No,Credit card (automatic),64.35,4283.59,No
1063-ISMSQ,Male,0,No,Yes,32,Yes,Yes,Fiber optic,Yes,Yes,Yes,Yes,No,No,One year,Yes,Credit card (automatic),95.34,3238.31,No
0618-JCKTN,Male,1,No,No,10,Yes,No,Fiber optic,No,No,No,No,No,No,Month-to-month,No,Bank transfer (automatic),66.42,671.26,Yes
4323-VMRKA,Female,0,Yes,No,3,Yes,Yes,Fiber optic,Yes,Yes,No,No,No,Yes,Month-to-month,No,Electronic check,93.33,289.13,Yes
2110-KRISL,Male,0,Yes,No,2,Yes,Yes,DSL,No,Yes,Yes,No,No,Yes,Month-to-month,Yes,Credit card (automatic),72.09,150.54,No
1843-XZYQX,Female,0,No,Yes,6,Yes,Yes,DSL,Yes,Yes,No,No,Yes,No,Month-to-month,Yes,Electronic check,68.4,415.74,Yes
5974-GZGYZ,Female,1,No,No,53,Yes,Yes,No,No internet service,No internet service,No internet service,No internet service,No internet service,No internet service,Two year,Yes,Credit card (automatic),21.65,1080.26,No
0550-JYBJC,Male,0,Yes,No,11,Yes,No,Fiber optic,Yes,Yes,No,Yes,Yes,Yes,Month-to-month,No,Bank transfer (automatic),104.88,1215.48,No
4160-IQYLI,Male,0,No,No,55,No,No phone service,DSL,Yes,Yes,Yes,No,Yes,Yes,Two year,No,Bank transfer (automatic),59.86,3525.01,No
1704-VFGAI,Female,0,No,No,3,Yes,No,DSL,No,Yes,Yes,No,Yes,Yes,Month-to-month,No,Mailed check,73.36,209.96,Yes
4016-FNVFZ,Female,0,Yes,No,53,Yes,Yes,Fiber optic,No,No,No,Yes,Yes,Yes,Two year,Yes,Electronic check,101.07,5204.62,No
5142-EADLY,Male,1,No,No,19,Yes,Yes,DSL,Yes,No,Yes,No,No,Yes,Month-to-month,Yes,Bank transfer (automatic),68.27,1272.9,No
3142-FTRGR,Female,0,No,No,50,Yes,No,Fiber optic,Yes,Yes,No,No,No,Yes,Two year,Yes,Bank transfer (automatic),87.86,4146.74,No
9184-KKVJQ,Female,0,No,No,63,Yes,Yes,Fiber optic,Yes,No,No,No,Yes,No,Two year,No,Mailed check,90.8,5340.01,No
5721-OXGHQ,Female,0,No,No,13,Yes,No,DSL,Yes,Yes,No,Yes,Yes,No,Month-to-month,Yes,Credit card (automatic),68.23,834.65,No
8672-BJTOG,Male,0,Yes,No,6,Yes,No,Fiber optic,No,Yes,No,Yes,Yes,Yes,Two year,Yes,Electronic check,97.86,568.16,Yes
8647-WEIHX,Female,0,No,No,14,Yes,No,DSL,No,Yes,No,Yes,Yes,Yes,Month-to-month,No,Mailed check,80.27,1069.49,Yes
9167-IGGER,Male,1,Yes,No,20,Yes,No,Fiber optic,No,No,No,No,Yes,Yes,Month-to-month,No,Electronic check,91.31,1845.49,Yes
6041-GIJNJ,Male,0,No,No,40,Yes,Yes,DSL,No,No,Yes,No,No,No,Two year,Yes,Mailed check,57.95,2361.99,No
9896-OIWND,Female,0,No,Yes,16,Yes,No,Fiber optic,No,Yes,Yes,No,No,Yes,Month-to-month,No,Electronic check,89.46,1463.32,Yes
0646-QOPUB,Male,1,No,No,29,Yes,No,DSL,Yes,No,Yes,No,Yes,No,Month-to-month,Yes,Electronic check,63.21,1967.41,No
7583-YIHOS,Male,0,No,No,19,Yes,Yes,Fiber optic,No,No,Yes,No,Yes,Yes,Month-to-month,Yes,Electronic check,97.09,1891.91,Yes
1239-AAMLB,Female,0,No,No,43,Yes,Yes,No,No internet service,No internet service,No internet service,No internet service,No internet service,No internet service,Two year,Yes,Mailed check,24.12,1020.31,No
7665-UHSFJ,Male,0,Yes,Yes,41,Yes,Yes,Fiber optic,Yes,No,No,No,No,Yes,Two year,No,Credit card (automatic),85.59,3391.13,No
9444-QBUKO,Male,0,No,No,4,Yes,Yes,No,No internet service,No internet service,No internet service,No internet service,No internet service,No internet service,Month-to-month,Yes,Bank transfer (automatic),20.23,74.89,No
3571-RWQNQ,Male,0,No,No,1,Yes,No,DSL,Yes,Yes,No,No,No,Yes,Month-to-month,No,Credit card (automatic),63.55,61.46,No
1043-XYTHR,Male,0,Yes,Yes,7,Yes,No,Fiber optic,No,Yes,No,No,No,No,Month-to-month,No,Mailed check,73.9,521.63,Yes
0263-DBWGV,Male,0,Yes,No,72,No,No phone service,Fiber optic,No,No,Yes,Yes,Yes,Yes,Two year,Yes,Bank transfer (automatic),79.4,5469.04,No
5804-VWUPZ,Female,0,No,No,50,Yes,Yes,DSL,No,Yes,No,Yes,No,No,Month-to-month,No,Electronic check,60.67,3222.79,No
5041-CDPWP,Female,0,No,No,13,Yes,Yes,Fiber optic,No,No,Yes,Yes,Yes,Yes,Month-to-month,Yes,Mailed check,103.16,1334.44,No
2731-FBINE,Female,0,No,No,31,Yes,Yes,Fiber optic,Yes,No,No,No,No,Yes,One year,Yes,Electronic check,90.6,2933.52,No
4070-CNTMG,Male,0,No,No,10,Yes,Yes,DSL,Yes,Yes,Yes,No,No,Yes,Month-to-month,Yes,Bank transfer (automatic),74.57,772.64,Yes
9340-FNRWY,Male,0,Yes,Yes,36,Yes,No,DSL,No,No,Yes,Yes,Yes,Yes,Month-to-month,No,Credit card (automatic),73.9,2689.42,No
0426-XUIOJ,Female,0,No,No,54,Yes,No,DSL,No,No,Yes,No,No,Yes,One year,Yes,Electronic check,57.11,2931.77,No
6349-CMBJP,Female,0,No,No,50,Yes,No,DSL,Yes,No,Yes,No,Yes,No,One year,Yes,Electronic check,68.82,3240.49,No
0391-ILUDV,Female,0,Yes,Yes,15,Yes,Yes,Fiber optic,No,Yes,No,No,No,No,Month-to-month,Yes,Electronic check,82.77,1287,Yes
7368-GNWMA,Male,0,Yes,No,55,Yes,Yes,Fiber optic,Yes,No,No,No,Yes,Yes,Two year,No,Credit card (automatic),98.89,5103.25,No
7316-ITXVT,Female,0,No,No,15,Yes,Yes,DSL,Yes,No,Yes,Yes,No,No,One year,Yes,Credit card (automatic),66.79,990.09,No
3479-COQHT,Female,0,No,No,53,Yes,Yes,No,No internet service,No internet service,No internet service,No internet service,No internet service,No internet service,Two year,Yes,Electronic check,25.64,1375.12,No
4313-CCAUT,Female,0,Yes,Yes,33,Yes,No,Fiber optic,Yes,Yes,Yes,Yes,No,Yes,One year,Yes,Bank transfer (automatic),101.46,3106.63,No
0961-FZCUO,Female,0,No,No,5,Yes,No,DSL,Yes,No,Yes,No,Yes,No,Month-to-month,No,Credit card (automatic),63.23,291.43,No
7012-WDVVC,Male,1,No,No,45,Yes,Yes,DSL,Yes,No,No,No,Yes,No,One year,Yes,Bank transfer (automatic),67.24,2894.27,No
1734-PDFSB,Female,0,Yes,Yes,17,Yes,No,DSL,No,No,Yes,Yes,Yes,No,Month-to-month,No,Mailed check,61.57,1105.42,No
4409-YEREO,Female,0,No,No,19,Yes,Yes,Fiber optic,No,No,Yes,No,No,No,Month-to-month,No,Credit card (automatic),75.44,1339.73,Yes
4388-PLMLK,Male,0,No,No,4,Yes,No,DSL,Yes,No,No,Yes,Yes,No,Month-to-month,No,Credit card (automatic),63.96,239.17,No
0174-URWPT,Male,0,Yes,No,69,Yes,Yes,DSL,Yes,Yes,Yes,No,No,Yes,Two year,Yes,Bank transfer (automatic),73.27,5192.59,No
5548-AQJHU,Female,0,No,No,32,Yes,No,No,No internet service,No internet service,No internet service,No internet service,No internet service,No internet service,One year,Yes,Bank transfer (automatic),20.72,663.96,No
4895-FBAEG,Female,0,Yes,No,10,Yes,No,No,No internet service,No internet service,No internet service,No internet service,No internet service,No internet service,One year,Yes,Mailed check,18.25,180.08,No
0294-JFMVY,Male,0,Yes,No,14,Yes,No,Fiber optic,No,Yes,Yes,No,No,No,One year,Yes,Mailed check,79.84,1150.11,Yes
4276-JZVMR,Female,0,Yes,No,72,Yes,No,No,No internet service,No internet service,No internet service,No internet service,No internet service,No internet service,Month-to-month,Yes,Electronic check,18.25,1252.72,No
5934-OALTP,Male,0,No,No,4,Yes,Yes,DSL,No,Yes,Yes,No,Yes,No,Month-to-month,Yes,Mailed check,72.53,289.42,No
6972-PMGNG,Male,0,Yes,No,8,Yes,No,Fiber optic,No,No,Yes,No,No,Yes,Month-to-month,No,Electronic check,81.38,677.86,Yes
9891-BEZHI,Male,0,Yes,No,4,Yes,Yes,No,No internet service,No internet service,No internet service,No internet service,No internet service,No internet service,Month-to-month,No,Mailed check,27.45,110.7,No
5714-LAOUF,Male,0,Yes,No,65,Yes,Yes,No,No internet service,No internet service,No internet service,No internet service,No internet service,No internet service,Two year,Yes,Electronic check,26.84,1847.95,No
1734-DOQDW,Male,0,Yes,Yes,4,Yes,Yes,Fiber optic,No,No,No,Yes,Yes,No,Month-to-month,Yes,Electronic check,89.31,355.14,Yes
9382-YIPEQ,Female,0,No,No,71,Yes,Yes,No,No internet service,No internet service,No internet service,No internet service,No internet service,No internet service,One year,No,Mailed check,25.52,1836.8,No
7872-CCQFJ,Male,1,Yes,Yes,10,Yes,No,DSL,No,No,No,No,Yes,No,Month-to-month,No,Electronic check,56.13,588.53,Yes
1001-CDZZS,Male,0,Yes,Yes,10,No,No phone service,Fiber optic,No,No,Yes,No,Yes,No,Month-to-month,No,Electronic check,64.89,622.68,No
5284-OIKHM,Male,0,Yes,Yes,17,Yes,Yes,Fiber optic,No,Yes,Yes,No,No,Yes,Month-to-month,No,Credit card (automatic),96.32,1672.09,Yes
4163-NXFGJ,Male,0,No,No,38,Yes,No,Fiber optic,Yes,Yes,No,No,Yes,Yes,Two year,No,Credit card (automatic),98.56,3872.33,No
0379-KZGQI,Female,0,Yes,Yes,14,Yes,Yes,DSL,No,Yes,No,No,Yes,Yes,Month-to-month,Yes,Mailed check,76.36,994.09,No
2468-QATVF,Female,0,No,No,16,Yes,No,Fiber optic,Yes,Yes,Yes,Yes,No,No,Month-to-month,No,Electronic check,88.64,1307.48,No
9275-LKLYH,Male,1,No,No,21,Yes,No,Fiber optic,No,No,No,No,No,No,Month-to-month,No,Mailed check,68.95,1518.83,No
9450-WKGHN,Female,0,Yes,Yes,22,No,No phone service,Fiber optic,No,Yes,Yes,Yes,No,No,Month-to-month,Yes,Bank transfer (automatic),66.65,1529.12,Yes
0889-ITRSR,Female,0,Yes,No,40,No,No phone service,DSL,Yes,No,No,No,No,No,One year,Yes,Credit card (automatic),27.48,1119.13,No
4599-JRXXL,Male,0,Yes,Yes,66,No,No phone service,DSL,Yes,Yes,No,Yes,No,Yes,Two year,Yes,Credit card (automatic),52.74,3401.26,No
2170-OYELQ,Male,0,No,No,1,Yes,Yes,No,No internet service,No internet service,No internet service,No internet service,No internet service,No internet service,Month-to-month,No,Mailed check,24.02,24.26,No
7742-HNSBC,Female,0,Yes,No,10,Yes,No,DSL,No,No,No,No,Yes,No,Month-to-month,No,Electronic check,55.51,546.7,No
5821-OEOVI,Female,0,No,No,15,Yes,Yes,Fiber optic,Yes,Yes,No,No,No,No,One year,No,Mailed check,84.56,1269.1,No
4749-JISNP,Female,0,No,No,28,Yes,No,DSL,No,No,Yes,Yes,Yes,No,Month-to-month,Yes,Electronic check,65.63,1745.12,No
9966-PETWJ,Male,0,Yes,Yes,9,Yes,No,DSL,Yes,Yes,Yes,No,No,No,Month-to-month,Yes,Mailed check,58.58,511.04,No
2095-ATODB,Female,0,Yes,No,2,Yes,No,Fiber optic,No,Yes,Yes,Yes,Yes,No,Month-to-month,Yes,Electronic check,95.33,176.48,Yes
6872-OVPWK,Female,1,No,No,72,Yes,Yes,Fiber optic,No,No,Yes,Yes,No,No,One year,Yes,Bank transfer (automatic),83.68,5739.88,No
8120-XUWII,Female,0,No,No,72,Yes,No,DSL,No,No,No,No,Yes,Yes,Two year,Yes,Electronic check,69.9,5098.92,No
1581-TQMJI,Male,1,Yes,Yes,17,Yes,No,DSL,No,Yes,Yes,Yes,Yes,Yes,Month-to-month,Yes,Electronic check,78.01,1247.43,Yes
0243-SYTZN,Male,1,No,No,9,Yes,No,Fiber optic,No,Yes,Yes,No,No,Yes,Month-to-month,Yes,Mailed check,91.24,839.67,Yes
2356-IRDRP,Female,0,No,No,69,Yes,Yes,Fiber optic,Yes,No,Yes,No,Yes,No,One year,Yes,Credit card (automatic),92.56,6364.29,No
4285-GQZWN,Male,1,Yes,Yes,16,Yes,No,Fiber optic,Yes,Yes,No,No,No,Yes,Month-to-month,Yes,Electronic check,87.3,1460.78,Yes
6836-BBDBQ,Male,1,No,No,1,No,No phone service,Fiber optic,No,No,No,No,No,Yes,Month-to-month,No,Bank transfer (automatic),61.25,58.79,Yes
7613-OPQLR,Male,0,No,No,1,Yes,No,Fiber optic,No,Yes,Yes,No,No,Yes,Month-to-month,No,Electronic check,83.03,88.11,Yes
5401-ASDUU,Female,0,No,No,8,Yes,No,DSL,No,Yes,No,No,No,No,Month-to-month,Yes,Bank transfer (automatic),47,376.53,No
7796-UKTIP,Male,0,No,No,7,No,No phone service,DSL,No,Yes,No,No,Yes,No,Month-to-month,No,Bank transfer (automatic),37.98,244.6,Yes
8990-AYSZY,Male,0,No,No,9,Yes,Yes,DSL,Yes,Yes,No,Yes,No,No,Month-to-month,Yes,Credit card (automatic),65.57,576.55,No
1196-MVEIR,Male,0,No,No,61,Yes,No,DSL,Yes,No,No,Yes,No,Yes,Two year,No,Credit card (automatic),63.84,3882.39,No
8673-SCHAC,Female,0,Yes,No,5,Yes,No,No,No internet service,No internet service,No internet service,No internet service,No internet service,No internet service,Month-to-month,No,Electronic check,18.25,91.75,No
1041-HVSFR,Male,0,No,No,63,Yes,Yes,DSL,No,Yes,No,No,No,No,One year,No,Electronic check,54,3183.68,No
1319-PNVZT,Male,0,Yes,Yes,42,Yes,No,Fiber optic,Yes,No,No,No,Yes,No,One year,Yes,Bank transfer (automatic),84.13,3287.63,No
2387-KHWSV,Male,0,No,No,69,No,No phone service,Fiber optic,Yes,Yes,Yes,Yes,No,No,Two year,No,Electronic check,70.76,4845.1,No
3627-DNPQU,Male,0,No,No,58,Yes,No,Fiber optic,No,Yes,No,No,Yes,Yes,One year,No,Electronic check,90.89,4969.69,No
9157-CIDIN,Male,0,No,No,64,No,No phone service,Fiber optic,No,No,Yes,Yes,No,No,Two year,No,Mailed check,59.85,3653.42,No
0520-XJXTS,Female,0,No,Yes,27,Yes,No,Fiber optic,No,Yes,Yes,No,Yes,No,Month-to-month,No,Electronic check,89.71,2591.17,Yes
6800-BVFXO,Female,1,Yes,Yes,4,Yes,Yes,DSL,Yes,No,Yes,Yes,Yes,No,Month-to-month,No,Mailed check,75.1,295.66,Yes
0439-TEFPG,Male,1,No,No,1,Yes,No,Fiber optic,No,Yes,Yes,No,No,No,Month-to-month,Yes,Credit card (automatic),80.59,81.02,Yes
8632-PRMVS,Female,0,Yes,Yes,72,Yes,No,DSL,Yes,Yes,No,No,No,Yes,One year,Yes,Bank transfer (automatic),65.24,4747.25,No
1506-USSDD,Male,0,Yes,Yes,9,Yes,Yes,Fiber optic,No,No,Yes,No,Yes,No,Month-to-month,Yes,Electronic check,91.4,824.81,Yes
8469-UZPQN,Male,0,Yes,No,14,Yes,Yes,Fiber optic,No,Yes,Yes,No,Yes,Yes,Month-to-month,Yes,Electronic check,106.86,1611.02,Yes
9387-SKLSI,Male,0,Yes,No,7,Yes,No,No,No internet service,No internet service,No internet service,No internet service,No internet service,No internet service,Month-to-month,Yes,Electronic check,18.25,127.12,No
9027-YMIEB,Male,0,No,No,4,Yes,Yes,DSL,Yes,Yes,Yes,No,No,Yes,Month-to-month,No,Electronic check,75.01,294.65,No
6169-RZWJU,Female,0,No,No,1,Yes,Yes,Fiber optic,Yes,Yes,No,Yes,Yes,No,Month-to-month,No,Mailed check,100.77,97.41,Yes
7083-XBSUJ,Female,0,No,No,46,Yes,Yes,No,No internet service,No internet service,No internet service,No internet service,No internet service,No internet service,Two year,Yes,Bank transfer (automatic),23.59,1122.99,No
3204-ZMNLD,Female,0,Yes,No,38,Yes,No,No,No internet service,No internet service,No internet service,No internet service,No internet service,No internet service,One year,No,Mailed check,18.64,695.55,No
7009-JBGPZ,Female,0,Yes,No,46,Yes,Yes,Fiber optic,No,No,Yes,No,No,Yes,Two year,No,Electronic check,94.26,4555.72,Yes
7245-WOCXR,Male,0,Yes,No,72,Yes,No,Fiber optic,No,No,Yes,No,Yes,No,Two year,Yes,Mailed check,84.01,5764.17,No
8253-LPEPF,Male,0,No,No,15,Yes,No,Fiber optic,No,No,No,No,No,Yes,Month-to-month,No,Mailed check,81.62,1131.43,Yes
3120-ZISVH,Female,0,Yes,No,12,Yes,Yes,No,No internet service,No internet service,No internet service,No internet service,No internet service,No internet service,Month-to-month,No,Bank transfer (automatic),26.83,336.62,No
7756-UPUPJ,Female,1,No,No,11,No,No phone service,Fiber optic,No,No,Yes,No,No,Yes,Month-to-month,Yes,Credit card (automatic),67.68,685.61,Yes
9364-GWNYF,Female,0,Yes,Yes,1,Yes,No,Fiber optic,No,Yes,Yes,Yes,No,Yes,Two year,Yes,Bank transfer (automatic),97.29,101.68,No
0634-ZPFAD,Male,0,No,No,18,Yes,Yes,DSL,No,No,No,No,Yes,Yes,Month-to-month,No,Electronic check,69.9,1307.9,No
7454-GMBZO,Female,0,No,Yes,5,Yes,No,Fiber optic,No,Yes,No,No,No,No,Month-to-month,Yes,Bank transfer (automatic),74.68,387.2,Yes
1015-GGBOH,Male,0,Yes,No,2,Yes,Yes,DSL,No,No,Yes,No,No,Yes,Month-to-month,Yes,Electronic check,64.38,124.54,Yes
4043-ZCQDY,Female,0,No,No,12,Yes,No,DSL,Yes,No,No,No,Yes,Yes,Month-to-month,No,Bank transfer (automatic),69.99,833.99,Yes
0547-XOGTY,Female,0,No,No,1,Yes,No,Fiber optic,Yes,No,Yes,No,Yes,Yes,Month-to-month,No,Bank transfer (automatic),99.5,101.69,No
3510-FPYXO,Male,0,Yes,Yes,72,No,No phone service,DSL,No,No,No,No,No,No,One year,Yes,Electronic check,24.68,1678.15,No
1922-FTIWM,Male,1,Yes,Yes,22,Yes,Yes,DSL,Yes,No,No,No,No,No,Month-to-month,No,Electronic check,51.72,1183.64,Yes
7800-DDSJK,Female,0,No,No,58,No,No phone service,Fiber optic,Yes,No,Yes,No,No,Yes,Two year,No,Credit card (automatic),71.44,4170.55,No
5229-NAOOZ,Male,0,No,No,60,Yes,No,DSL,Yes,No,Yes,No,No,No,Two year,Yes,Mailed check,53.21,3114.91,No
4243-NECEZ,Male,1,No,Yes,61,Yes,No,No,No internet service,No internet service,No internet service,No internet service,No internet service,No internet service,Two year,Yes,Bank transfer (automatic),19.9,1137.61,No
9715-PHFWX,Female,1,Yes,Yes,1,No,No phone service,No,No internet service,No internet service,No internet service,No internet service,No internet service,No internet service,Month-to-month,Yes,Bank transfer (automatic),18.25,17.08,Yes
5753-QKXEI,Female,1,No,No,10,Yes,Yes,No,No internet service,No internet service,No internet service,No internet service,No internet service,No internet service,Month-to-month,No,Electronic check,22.28,212.75,No
7636-EESHG,Female,1,No,No,1,Yes,No,DSL,No,No,No,No,Yes,Yes,Month-to-month,Yes,Credit card (automatic),62.85,67.82,No
8813-SJMMX,Female,0,No,No,61,Yes,Yes,DSL,Yes,No,Yes,Yes,No,No,One year,No,Credit card (automatic),66.58,4013.4,No
8905-LAALG,Female,0,Yes,No,2,Yes,No,DSL,No,Yes,Yes,Yes,No,No,Month-to-month,No,Bank transfer (automatic),56.58,114.57,No
5419-ZCFSA,Male,1,No,Yes,9,Yes,No,No,No internet service,No internet service,No internet service,No internet service,No internet service,No internet service,Month-to-month,No,Mailed check,19.23,176.47,Yes
6274-ZQJHU,Male,0,No,No,7,Yes,Yes,No,No internet service,No internet service,No internet service,No internet service,No internet service,No internet service,Month-to-month,Yes,Mailed check,25.68,183.17,No
0254-ZALRI,Male,0,No,No,4,Yes,No,DSL,Yes,No,No,No,Yes,No,Month-to-month,No,Bank transfer (automatic),58.62,234.54,No
3026-XXVNM,Male,0,Yes,No,3,Yes,No,DSL,No,No,Yes,Yes,No,No,Month-to-month,Yes,Mailed check,53.29,166,No
0209-OHVMW,Male,0,Yes,Yes,14,Yes,No,DSL,Yes,Yes,Yes,No,Yes,Yes,Month-to-month,Yes,Electronic check,78.73,1150.15,No
9619-XLLVA,Female,0,Yes,No,6,Yes,No,DSL,No,Yes,No,No,No,No,Month-to-month,No,Bank transfer (automatic),48.13,296.29,No
9265-UBBTS,Female,1,No,No,46,Yes,No,DSL,Yes,No,Yes,Yes,No,Yes,Two year,Yes,Mailed check,66.84,2925.14,No
1323-SIKGU,Male,0,No,No,48,Yes,No,DSL,Yes,No,No,Yes,No,No,One year,No,Credit card (automatic),54.25,2688.68,No
4243-XTUGY,Female,0,No,No,14,Yes,No,Fiber optic,No,No,Yes,No,Yes,No,Month-to-month,No,Credit card (automatic),80.68,1148.16,Yes
2825-NUNHY,Male,0,Yes,No,57,Yes,No,Fiber optic,No,Yes,Yes,Yes,Yes,No,Two year,Yes,Bank transfer (automatic),94.19,5110.76,No
1698-WBZEK,Female,0,No,No,67,Yes,No,Fiber optic,No,No,No,No,Yes,Yes,One year,No,Credit card (automatic),91.23,6255.21,No
1004-TBGZS,Female,0,No,No,8,Yes,No,DSL,No,No,No,No,No,No,Month-to-month,Yes,Electronic check,44.46,332.11,No
9148-OURJI,Male,0,Yes,No,32,Yes,No,Fiber optic,Yes,No,No,Yes,No,Yes,One year,Yes,Credit card (automatic),90.36,2881.77,No
8794-UGGUV,Female,1,Yes,Yes,24,Yes,No,Fiber optic,No,No,No,No,Yes,Yes,Month-to-month,Yes,Electronic check,89.54,2135.82,No
0410-OPHBZ,Male,0,No,No,17,Yes,Yes,DSL,Yes,No,No,Yes,No,Yes,Two year,No,Mailed check,68.79,1172.64,No
8200-HFCSA,Male,0,No,Yes,36,Yes,No,DSL,Yes,Yes,Yes,Yes,Yes,Yes,Month-to-month,No,Electronic check,84.09,3171.88,No
7303-FSXFA,Female,0,Yes,No,1,Yes,No,No,No internet service,No internet service,No internet service,No internet service,No internet service,No internet service,Month-to-month,No,Electronic check,21.63,20.97,No
7150-QEWAZ,Female,1,No,No,3,Yes,No,DSL,No,No,No,Yes,No,No,Month-to-month,Yes,Mailed check,50.86,153.21,No
5917-PBQNR,Female,0,Yes,No,53,Yes,No,No,No internet service,No internet service,No internet service,No internet service,No internet service,No internet service,Two year,No,Credit card (automatic),20.53,1104.14,No
5715-FWANI,Male,0,No,No,20,Yes,No,Fiber optic,No,No,Yes,No,No,No,One year,Yes,Mailed check,77.11,1525.04,No
4316-RYDZK,Female,1,No,No,40,Yes,No,Fiber optic,Yes,No,No,No,No,Yes,Two year,Yes,Bank transfer (automatic),86.43,3728.05,No
0768-SLWBJ,Male,0,Yes,Yes,36,Yes,No,DSL,No,No,No,No,No,Yes,Month-to-month,No,Bank transfer (automatic),53.32,2017.14,No
5570-EZBSR,Male,0,Yes,No,56,Yes,No,Fiber optic,No,No,No,Yes,No,Yes,Two year,Yes,Mailed check,83.13,4952.65,No
2740-PMIIB,Male,0,No,No,21,Yes,No,Fiber optic,No,No,No,No,Yes,Yes,Month-to-month,Yes,Electronic check,90.72,1783.28,Yes
5995-LBGBW,Female,0,No,No,12,Yes,No,DSL,No,Yes,Yes,No,No,No,Month-to-month,No,Electronic check,55.14,650.69,No
9259-PTPJI,Female,0,Yes,No,1,Yes,No,No,No internet service,No internet service,No internet service,No internet service,No internet service,No internet service,Month-to-month,Yes,Mailed check,21.53,22.26,No
6235-INHSQ,Male,0,Yes,No,38,Yes,No,Fiber optic,No,No,No,No,No,No,Month-to-month,No,Credit card (automatic),69.59,2729.08,No
9445-FIMRG,Female,0,No,No,23,Yes,No,Fiber optic,No,Yes,No,Yes,No,Yes,Month-to-month,No,Mailed check,90.38,2117.94,No
6688-VHKXB,Male,0,No,No,69,Yes,No,DSL,Yes,Yes,No,Yes,Yes,Yes,One year,No,Bank transfer (automatic),82.03,5688.46,No
7810-YHJMC,Male,0,No,No,3,Yes,Yes,DSL,No,No,Yes,Yes,No,Yes,Month-to-month,Yes,Mailed check,67.04,213.1,No
4509-IDQUF,Female,1,Yes,Yes,71,Yes,Yes,DSL,No,No,Yes,No,No,Yes,Two year,No,Electronic check,63.77,4792.8,No
1520-HPXDR,Female,0,Yes,Yes,60,Yes,Yes,DSL,No,No,Yes,Yes,No,No,Two year,Yes,Mailed check,61.64,3811.1,No
7032-APMBG,Female,0,Yes,No,71,Yes,No,No,No internet service,No internet service,No internet service,No internet service,No internet service,No internet service,Two year,No,Bank transfer (automatic),19.42,1409.76,No
6181-UIWLG,Female,1,Yes,No,19,Yes,Yes,Fiber optic,Yes,No,No,No,Yes,No,Month-to-month,Yes,Credit card (automatic),90.03,1720.96,No
1466-DKULH,Female,0,Yes,No,23,Yes,No,DSL,Yes,No,No,No,No,Yes,Month-to-month,No,Credit card (automatic),58.49,1270.92,No
6249-YTGVM,Female,0,No,No,65,Yes,Yes,Fiber optic,No,No,No,No,Yes,Yes,Two year,No,Mailed check,95.41,5759.07,No
4099-QWOHX,Female,0,No,No,52,Yes,No,No,No internet service,No internet service,No internet service,No internet service,No internet service,No internet service,Month-to-month,Yes,Electronic check,19.5,951.23,No
3977-SGEZJ,Male,1,Yes,Yes,14,Yes,No,Fiber optic,No,No,No,No,No,Yes,Month-to-month,No,Credit card (automatic),78.68,1139.9,Yes
8155-LJKLN,Female,1,No,No,39,No,No phone service,No,No internet service,No internet service,No internet service,No internet service,No internet service,No internet service,One year,No,Mailed check,18.25,668.84,No
8621-APLHY,Female,0,No,Yes,51,Yes,Yes,No,No internet service,No internet service,No internet service,No internet service,No internet service,No internet service,One year,Yes,Bank transfer (automatic),23.24,1259.26,No
9926-LYGLD,Male,0,No,No,21,Yes,No,DSL,Yes,Yes,Yes,Yes,Yes,Yes,Month-to-month,Yes,Credit card (automatic),85.56,1821.68,No
2010-WFSKB,Male,0,No,No,19,Yes,No,Fiber optic,Yes,Yes,Yes,No,No,No,Month-to-month,No,Credit card (automatic),85.34,1664.48,Yes
1257-GXHNJ,Female,0,Yes,Yes,15,No,No phone service,Fiber optic,No,Yes,No,No,No,No,Month-to-month,Yes,Credit card (automatic),55.6,808.23,Yes
9217-ONHCW,Female,0,No,Yes,3,Yes,No,DSL,Yes,No,Yes,Yes,Yes,Yes,Month-to-month,Yes,Credit card (automatic),81.24,236.29,Yes
2595-RAPOG,Male,0,Yes,No,35,Yes,Yes,No,No internet service,No internet service,No internet service,No internet service,No internet service,No internet service,Month-to-month,No,Electronic check,29.05,1066.01,Yes
9959-AWWJM,Male,0,No,No,43,Yes,Yes,Fiber optic,No,Yes,Yes,No,No,No,Two year,Yes,Electronic check,82.21,3799.89,No
0552-GTCFU,Male,0,Yes,No,71,Yes,Yes,Fiber optic,Yes,Yes,No,Yes,No,Yes,Two year,No,Electronic check,97.97,6830.17,No
4409-IHBYC,Male,0,No,No,47,Yes,No,Fiber optic,Yes,Yes,No,No,No,No,Month-to-month,Yes,Electronic check,78.94,3924.91,Yes
3505-CZADC,Female,0,Yes,Yes,18,Yes,No,DSL,Yes,Yes,No,No,No,No,Month-to-month,Yes,Bank transfer (automatic),53.42,1023.96,No
0058-KIDHH,Male,0,Yes,No,59,Yes,Yes,Fiber optic,No,No,No,No,Yes,Yes,Two year,Yes,Credit card (automatic),91.88,5103.43,No
9398-FIADZ,Female,0,Yes,Yes,63,Yes,No,No,No internet service,No internet service,No internet service,No internet service,No internet service,No internet service,One year,Yes,Credit card (automatic),18.25,1170.41,No
0514-KNULN,Male,1,No,No,1,No,No phone service,Fiber optic,No,No,No,No,No,Yes,Month-to-month,Yes,Electronic check,63.11,61.58,Yes
3697-CCKKT,Male,0,Yes,Yes,67,Yes,Yes,Fiber optic,Yes,Yes,Yes,No,Yes,No,Two year,No,Bank transfer (automatic),97.62,6049.68,No
1010-JFAPG,Male,1,Yes,No,69,Yes,Yes,Fiber optic,No,Yes,No,No,Yes,Yes,Two year,No,Credit card (automatic),100.99,7160.19,No
0826-SHNJJ,Male,0,Yes,Yes,9,Yes,No,Fiber optic,No,Yes,No,No,No,Yes,Month-to-month,No,Electronic check,83.48,780.41,Yes
6418-YCKHY,Male,1,Yes,Yes,16,No,No phone service,Fiber optic,No,No,No,No,Yes,No,One year,Yes,Credit card (automatic),60.31,980.52,No
8509-UJNAE,Female,0,Yes,Yes,61,Yes,Yes,DSL,No,No,Yes,Yes,No,No,One year,Yes,Credit card (automatic),58.67,3584.85,No
0439-VBKSZ,Female,0,No,No,54,No,No phone service,Fiber optic,Yes,Yes,Yes,No,Yes,No,Two year,No,Credit card (automatic),73.87,4269.86,No
6938-WNXJM,Male,0,Yes,No,18,Yes,Yes,No,No internet service,No internet service,No internet service,No internet service,No internet service,No internet service,Month-to-month,Yes,Electronic check,23.96,408.05,No
9699-EJFSM,Male,0,No,No,52,Yes,No,Fiber optic,No,Yes,Yes,No,No,Yes,One year,Yes,Bank transfer (automatic),92.12,5145.56,No
7369-ILJER,Male,0,No,No,12,Yes,Yes,DSL,No,No,Yes,Yes,No,Yes,Month-to-month,Yes,Mailed check,69.28,840.81,No
9548-JNQVM,Female,1,Yes,No,8,Yes,Yes,DSL,No,No,No,Yes,Yes,Yes,Month-to-month,No,Bank transfer (automatic),74.36,633.84,No
8359-RRULB,Male,0,No,No,65,Yes,No,DSL,Yes,No,No,Yes,Yes,Yes,One year,Yes,Electronic check,75.09,5186.48,No
2243-BKEII,Female,0,Yes,No,30,Yes,No,No,No internet service,No internet service,No internet service,No internet service,No internet service,No internet service,Month-to-month,No,Credit card (automatic),22.63,631.18,No
0285-LFNZF,Female,0,No,No,66,Yes,Yes,DSL,Yes,No,Yes,Yes,No,Yes,Two year,No,Electronic check,73.98,5004.21,No
2231-MGPHS,Female,0,Yes,Yes,5,Yes,Yes,Fiber optic,Yes,No,Yes,Yes,No,Yes,Month-to-month,Yes,Electronic check,98.4,502.14,No
8058-WCCJL,Female,0,Yes,No,62,Yes,No,Fiber optic,No,No,No,Yes,No,Yes,Two year,No,Bank transfer (automatic),83.33,5058.18,No
0953-ETJDV,Female,0,No,No,37,No,No phone service,No,No internet service,No internet service,No internet service,No internet service,No internet service,No internet service,Two year,No,Electronic check,18.25,658.72,No
1424-MLOSG,Female,0,No,No,20,Yes,Yes,DSL,Yes,Yes,No,No,Yes,No,One year,Yes,Bank transfer (automatic),67.51,1363.19,Yes
7206-YYUNK,Female,0,No,No,70,Yes,No,DSL,Yes,No,Yes,Yes,No,No,One year,Yes,Mailed check,57.18,4089.54,No
8017-BCAOB,Male,1,Yes,Yes,34,Yes,Yes,DSL,Yes,Yes,No,No,Yes,No,Two year,Yes,Mailed check,68.57,2204.43,No
4444-NYIAL,Male,0,Yes,No,31,Yes,Yes,DSL,No,No,Yes,No,No,Yes,Month-to-month,No,Electronic check,64.88,2128.99,No
7176-ZDKYN,Female,0,Yes,No,14,Yes,Yes,DSL,Yes,Yes,No,Yes,Yes,Yes,One year,Yes,Electronic check,82.56,1156.75,No
8945-JVYNC,Male,0,Yes,No,69,Yes,No,Fiber optic,No,No,Yes,No,No,Yes,Two year,Yes,Bank transfer (automatic),86.75,5857.37,No
0948-USXYY,Male,0,No,No,2,Yes,No,DSL,No,No,Yes,Yes,No,Yes,Month-to-month,Yes,Electronic check,65.87,138.76,Yes
8825-GIVRM,Female,0,Yes,No,6,Yes,Yes,Fiber optic,No,No,Yes,No,Yes,Yes,Month-to-month,No,Electronic check,99.94,635.02,No
8624-DWCQV,Male,0,No,No,14,Yes,No,No,No internet service,No internet service,No internet service,No internet service,No internet service,No internet service,Month-to-month,Yes,Electronic check,21.36,277.82,No
1618-QPQTM,Female,0,Yes,Yes,21,Yes,No,Fiber optic,No,No,Yes,No,Yes,Yes,Month-to-month,No,Electronic check,94.62,1981.09,Yes
5288-WBMOX,Male,0,No,No,25,Yes,Yes,No,No internet service,No internet service,No internet service,No internet service,No internet service,No internet service,Two year,No,Bank transfer (automatic),27.91,720.03,No
2501-ODOKF,Male,0,Yes,No,19,Yes,Yes,Fiber optic,Yes,Yes,No,No,No,Yes,Month-to-month,No,Electronic check,92.39,1706.37,Yes
8031-YQQPM,Female,0,Yes,No,6,Yes,No,Fiber optic,Yes,Yes,Yes,No,No,No,Month-to-month,Yes,Electronic check,81.01,496.93,Yes
3485-UDHDB,Male,0,No,Yes,2,Yes,Yes,DSL,Yes,No,Yes,Yes,Yes,No,Month-to-month,Yes,Electronic check,71.88,136.92,Yes
2534-CRFTY,Female,0,No,No,67,Yes,Yes,Fiber optic,No,Yes,No,No,Yes,No,Two year,Yes,Bank transfer (automatic),90.01,5793.63,Yes
9996-CGTJG,Male,0,No,No,2,Yes,Yes,Fiber optic,No,No,Yes,No,Yes,Yes,Month-to-month,Yes,Bank transfer (automatic),101.04,206.46,Yes
0533-BTSXS,Female,0,Yes,Yes,25,Yes,No,DSL,No,No,Yes,Yes,No,No,One year,Yes,Credit card (automatic),56.4,1376.27,No
7169-NRGBV,Female,0,Yes,No,40,Yes,Yes,Fiber optic,Yes,Yes,No,Yes,No,Yes,One year,No,Credit card (automatic),103.16,4216.18,No
8555-MVRBM,Male,0,Yes,Yes,45,Yes,No,Fiber optic,No,Yes,Yes,No,Yes,Yes,One year,Yes,Bank transfer (automatic),98.47,4330.86,Yes
8712-MOHXM,Male,1,No,Yes,37,Yes,No,No,No internet service,No internet service,No internet service,No internet service,No internet service,No internet service,Two year,Yes,Mailed check,19.97,706.15,No
4022-WMDWI,Male,0,Yes,No,64,Yes,Yes,DSL,No,No,No,Yes,Yes,Yes,One year,No,Credit card (automatic),70,4185.38,No
3605-DWZZX,Female,0,Yes,Yes,4,Yes,Yes,Fiber optic,No,Yes,No,No,No,Yes,Month-to-month,Yes,Credit card (automatic),87.41,375.08,No
5973-KQWCH,Female,0,No,No,59,Yes,No,Fiber optic,No,Yes,Yes,Yes,Yes,Yes,Two year,No,Bank transfer (automatic),106.35,6667.24,No
8138-CKBKQ,Male,0,Yes,No,24,Yes,No,Fiber optic,No,No,No,Yes,Yes,Yes,Month-to-month,Yes,Mailed check,93.87,2331.93,No
4547-ZMQZF,Female,0,Yes,Yes,49,Yes,No,DSL,Yes,Yes,Yes,No,No,Yes,Two year,No,Credit card (automatic),69.53,3365.03,No
7853-GPQMY,Female,0,No,No,46,Yes,Yes,DSL,Yes,No,Yes,Yes,No,Yes,Two year,No,Mailed check,73.26,3412.63,No
2294-PRWTZ,Female,0,No,No,6,Yes,Yes,Fiber optic,No,Yes,No,No,Yes,No,Month-to-month,Yes,Electronic check,88.28,524.26,No
5027-GGXTE,Female,1,No,No,1,Yes,No,DSL,No,No,Yes,No,Yes,No,Month-to-month,Yes,Mailed check,58.73,62.76,Yes
6475-KMFEX,Male,1,Yes,Yes,16,No,No phone service,DSL,Yes,Yes,No,No,No,No,One year,Yes,Bank transfer (automatic),37.82,590.29,No
3333-NJAYQ,Male,0,Yes,Yes,3,Yes,No,No,No internet service,No internet service,No internet service,No internet service,No internet service,No internet service,Month-to-month,No,Mailed check,22.52,67.79,No
9880-DRJNC,Male,0,Yes,No,24,Yes,No,Fiber optic,Yes,No,No,Yes,Yes,No,Month-to-month,Yes,Credit card (automatic),88.28,2094.48,No
2304-PULDG,Male,0,No,No,69,Yes,No,No,No internet service,No internet service,No internet service,No internet service,No internet service,No internet service,Two year,Yes,Mailed check,21.55,1538.05,No
9589-USJCN,Male,1,No,Yes,7,Yes,Yes,Fiber optic,No,No,No,No,Yes,Yes,Month-to-month,Yes,Credit card (automatic),97.14,657.75,Yes
5769-YTIXK,Female,1,Yes,Yes,6,Yes,Yes,No,No internet service,No internet service,No internet service,No internet service,No internet service,No internet service,Month-to-month,Yes,Credit card (automatic),23.84,151.1,Yes
6368-EUCIQ,Female,1,Yes,No,52,Yes,No,No,No internet service,No internet service,No internet service,No internet service,No internet service,No internet service,Month-to-month,Yes,Bank transfer (automatic),18.25,907.36,Yes
6288-MFEHT,Female,0,Yes,Yes,68,Yes,Yes,No,No internet service,No internet service,No internet service,No internet service,No internet service,No internet service,One year,Yes,Credit card (automatic),27.09,1908.03,No
8580-BQCZH,Male,0,No,No,18,No,No phone service,Fiber optic,No,No,Yes,Yes,Yes,Yes,Two year,Yes,Mailed check,77.58,1405.06,Yes
6075-XRSKB,Male,0,Yes,Yes,61,Yes,No,Fiber optic,No,No,No,No,Yes,No,Two year,Yes,Bank transfer (automatic),76.38,4647.41,No
0758-THQBP,Female,1,No,No,12,No,No phone service,Fiber optic,No,Yes,No,No,No,Yes,Month-to-month,No,Electronic check,65.95,821.12,Yes
6903-USJXE,Female,1,No,No,18,Yes,Yes,No,No internet service,No internet service,No internet service,No internet service,No internet service,No internet service,Month-to-month,Yes,Electronic check,23.38,449.75,No
1322-NEILO,Female,0,Yes,Yes,57,Yes,No,DSL,No,No,No,No,Yes,Yes,Two year,Yes,Mailed check,67.11,3803.3,No
1948-KCCSC,Male,0,No,No,50,Yes,No,DSL,No,No,Yes,No,Yes,Yes,Two year,Yes,Credit card (automatic),67.07,3222.02,No
1566-GXIPL,Male,0,No,No,19,Yes,Yes,Fiber optic,No,Yes,No,Yes,No,Yes,Month-to-month,No,Mailed check,93.63,1699.49,No
2190-LJBIU,Female,0,No,No,2,No,No phone service,Fiber optic,No,No,Yes,No,No,Yes,Month-to-month,Yes,Mailed check,64.74,119.88,Yes
4135-WWKIN,Female,0,Yes,No,41,Yes,Yes,DSL,Yes,Yes,Yes,Yes,No,No,One year,Yes,Bank transfer (automatic),71.88,2797.09,No
5083-NZPPI,Female,0,Yes,Yes,47,Yes,No,No,No internet service,No internet service,No internet service,No internet service,No internet service,No internet service,Month-to-month,No,Bank transfer (automatic),18.25,905.37,No
9784-TIYID,Male,1,Yes,Yes,51,Yes,Yes,Fiber optic,No,Yes,No,No,Yes,Yes,One year,Yes,Bank transfer (automatic),98.96,4910.16,No
1450-SBSPB,Female,0,Yes,Yes,10,Yes,Yes,No,No internet service,No internet service,No internet service,No internet service,No internet service,No internet service,Month-to-month,Yes,Electronic check,18.25,189.86,No
6254-FQTZD,Female,0,Yes,Yes,65,Yes,No,Fiber optic,No,No,No,No,Yes,Yes,Two year,No,Bank transfer (automatic),89.48,5906.26,No
5245-HSZFG,Male,1,No,No,24,Yes,Yes,No,No internet service,No internet service,No internet service,No internet service,No internet service,No internet service,Month-to-month,No,Bank transfer (automatic),19.95,498.72,No
4433-KFRHX,Male,0,Yes,Yes,10,Yes,Yes,No,No internet service,No internet service,No internet service,No internet service,No internet service,No internet service,Month-to-month,No,Bank transfer (automatic),27.09,263.34,No
9273-DYKPL,Female,0,Yes,Yes,44,Yes,No,No,No internet service,No internet service,No internet service,No internet service,No internet service,No internet service,Month-to-month,No,Bank transfer (automatic),19.77,925.32,No
5356-EQLZW,Female,0,No,No,10,Yes,No,No,No internet service,No internet service,No internet service,No internet service,No internet service,No internet service,Month-to-month,Yes,Electronic check,22.78,219.77,No
3778-XGMJT,Female,0,No,No,10,Yes,No,No,No internet service,No internet service,No internet service,No internet service,No internet service,No internet service,One year,No,Bank transfer (automatic),18.33,177.51,No
5209-KBVRQ,Female,0,Yes,Yes,2,Yes,No,Fiber optic,No,No,Yes,Yes,Yes,No,Month-to-month,Yes,Bank transfer (automatic),89.74,187.24,Yes
6066-BEVMQ,Male,0,No,No,8,Yes,No,Fiber optic,Yes,No,Yes,Yes,No,Yes,Month-to-month,No,Credit card (automatic),91.94,703.21,Yes
3796-CXCMD,Male,0,Yes,Yes,70,No,No phone service,Fiber optic,No,Yes,No,Yes,No,No,Two year,Yes,Credit card (automatic),59.74,4361.13,No
4662-TWLHP,Female,0,No,No,20,Yes,No,DSL,No,Yes,No,Yes,No,No,Month-to-month,Yes,Credit card (automatic),55,1123.89,No
1808-RMYAU,Female,0,Yes,No,17,Yes,Yes,Fiber optic,No,No,No,No,Yes,Yes,One year,Yes,Mailed check,94.02,1652.94,Yes
4490-HZAWH,Male,0,No,No,17,Yes,Yes,DSL,Yes,Yes,No,Yes,No,No,Month-to-month,Yes,Electronic check,66,1131.1,No
7090-TSXXH,Male,0,No,No,66,Yes,Yes,DSL,Yes,Yes,No,No,Yes,No,Two year,Yes,Electronic check,67.47,4527.21,No
0094-FPXUQ,Female,0,No,No,63,Yes,No,Fiber optic,No,Yes,Yes,Yes,No,Yes,Two year,No,Bank transfer (automatic),98.58,6230.75,No
9066-IIDXH,Female,0,Yes,Yes,14,No,No phone service,DSL,No,No,No,Yes,No,No,Month-to-month,No,Mailed check,30.72,429.79,No
9823-TFAQO,Male,0,No,No,64,Yes,No,No,No internet service,No internet service,No internet service,No internet service,No internet service,No internet service,Two year,Yes,Credit card (automatic),18.25,1089.64,No
7465-EXTIY,Male,0,No,No,51,Yes,No,DSL,Yes,Yes,Yes,Yes,No,No,Two year,Yes,Mailed check,64.44,3058.97,No
3991-ZPTTF,Female,0,No,No,19,Yes,Yes,DSL,No,No,No,Yes,Yes,No,Two year,Yes,Bank transfer (automatic),63.31,1108.1,No
8418-CPJUN,Female,0,Yes,Yes,53,Yes,No,No,No internet service,No internet service,No internet service,No internet service,No internet service,No internet service,Two year,Yes,Credit card (automatic),20.52,1070.38,No
3417-VLMDC,Male,1,No,No,12,Yes,Yes,No,No internet service,No internet service,No internet service,No internet service,No internet service,No internet service,Month-to-month,Yes,Electronic check,21.12,269.92,No
7319-DMQPY,Female,0,No,No,9,Yes,No,DSL,No,Yes,Yes,No,No,No,Month-to-month,Yes,Electronic check,54.33,508.7,No
7592-EXWQV,Male,0,No,No,72,Yes,No,No,No internet service,No internet service,No internet service,No internet service,No internet service,No internet service,Two year,Yes,Bank transfer (automatic),23.19,1537.57,No
3616-UHXHK,Male,0,Yes,No,4,Yes,Yes,No,No internet service,No internet service,No internet service,No internet service,No internet service,No internet service,Month-to-month,Yes,Bank transfer (automatic),25.15,94.04,Yes
3755-YBUEC,Male,0,No,No,16,No,No phone service,Fiber optic,No,No,No,Yes,Yes,Yes,Month-to-month,Yes,Mailed check,71.27,1138.17,No
6485-YDOHL,Male,1,Yes,No,1,Yes,Yes,No,No internet service,No internet service,No internet service,No internet service,No internet service,No internet service,Month-to-month,No,Electronic check,24.85,23.37,No
4004-VXZXP,Male,0,Yes,No,8,Yes,Yes,Fiber optic,Yes,No,Yes,No,Yes,Yes,Month-to-month,Yes,Credit card (automatic),104.04,836.92,Yes
2028-CTZNP,Male,0,Yes,Yes,29,No,No phone service,DSL,No,Yes,Yes,Yes,No,Yes,Month-to-month,No,Mailed check,51.58,1380.63,No
9614-TXNFA,Female,0,Yes,Yes,6,Yes,Yes,DSL,No,No,No,No,Yes,No,Month-to-month,No,Mailed check,60.38,378.02,Yes
6087-BLPPD,Male,0,Yes,Yes,15,No,No phone service,DSL,Yes,Yes,Yes,No,No,Yes,Month-to-month,No,Electronic check,50.77,788.25,No
5075-OHPYJ,Female,0,No,Yes,2,Yes,Yes,Fiber optic,Yes,Yes,Yes,Yes,No,No,Month-to-month,No,Electronic check,93.56,201.97,Yes
6055-XXZIP,Female,0,No,Yes,70,Yes,Yes,Fiber optic,No,Yes,Yes,Yes,No,Yes,Two year,No,Credit card (automatic),95.74,6633.01,No
6110-OPSJN,Female,0,Yes,Yes,34,Yes,Yes,DSL,No,No,Yes,Yes,No,Yes,One year,No,Bank transfer (automatic),69.94,2195.97,No
8934-ATQHH,Female,0,No,No,5,Yes,No,Fiber optic,No,No,Yes,Yes,No,Yes,Two year,Yes,Mailed check,87.32,448.99,No
3306-PPOYU,Male,0,No,No,3,Yes,No,Fiber optic,No,No,No,No,Yes,No,Month-to-month,Yes,Electronic check,81.18,252.17,Yes
3790-EZMZL,Female,1,No,No,30,Yes,Yes,Fiber optic,Yes,No,Yes,No,Yes,No,Two year,No,Credit card (automatic),92.5,2847.92,No
8183-FAAVX,Female,0,No,No,3,Yes,No,Fiber optic,Yes,Yes,Yes,Yes,No,Yes,Month-to-month,Yes,Mailed check,105.01,327,Yes
9809-OEILD,Female,0,No,No,10,Yes,No,No,No internet service,No internet service,No internet service,No internet service,No internet service,No internet service,Month-to-month,Yes,Credit card (automatic),18.25,196.47,No
1864-BJDHQ,Male,1,No,No,39,No,No phone service,Fiber optic,No,No,No,No,No,Yes,Month-to-month,No,Electronic check,60.53,2221.24,Yes
4264-XXQLP,Male,0,No,Yes,35,Yes,No,Fiber optic,No,No,No,Yes,Yes,No,Two year,Yes,Mailed check,80.44,2691.86,No
3056-YMKAZ,Male,0,Yes,Yes,47,Yes,No,DSL,No,No,No,Yes,No,Yes,Month-to-month,Yes,Mailed check,63.32,3044.25,No
4782-OGQGY,Female,1,No,No,6,Yes,No,Fiber optic,Yes,No,Yes,No,No,No,Month-to-month,Yes,Electronic check,77.61,440.87,Yes
4275-CUYBM,Female,0,No,No,1,Yes,Yes,Fiber optic,No,No,No,Yes,Yes,Yes,Month-to-month,No,Electronic check,100.11,95.96,Yes
3773-NZFQD,Female,0,Yes,Yes,18,Yes,No,No,No internet service,No internet service,No internet service,No internet service,No internet service,No internet service,Month-to-month,No,Electronic check,20.52,362.88,No
8658-YGIXA,Female,0,Yes,Yes,3,Yes,Yes,DSL,No,No,Yes,Yes,No,Yes,Month-to-month,No,Electronic check,71.13,212.86,No
0656-YDRNV,Female,0,No,Yes,13,No,No phone service,DSL,Yes,No,Yes,Yes,No,No,Month-to-month,No,Electronic check,41.06,496.82,Yes
1209-ZENKL,Male,0,Yes,No,8,Yes,No,No,No internet service,No internet service,No internet service,No internet service,No internet service,No internet service,Month-to-month,No,Bank transfer (automatic),19.18,159.86,No
4384-JCBQK,Female,0,No,No,35,Yes,No,DSL,Yes,Yes,No,Yes,No,Yes,Month-to-month,Yes,Electronic check,71.25,2654.89,Yes
6221-YMDNM,Female,0,Yes,Yes,42,Yes,No,Fiber optic,Yes,No,No,Yes,No,Yes,One year,Yes,Bank transfer (automatic),89.63,3605.16,No
4148-CDGKX,Female,1,Yes,No,18,Yes,Yes,No,No internet service,No internet service,No internet service,No internet service,No internet service,No internet service,Two year,Yes,Credit card (automatic),21.14,388.62,No
3802-RAYZC,Female,0,Yes,Yes,71,Yes,No,Fiber optic,Yes,No,Yes,Yes,Yes,Yes,Two year,Yes,Bank transfer (automatic),102.68,7754.03,No
4994-KFNXM,Female,1,No,No,16,Yes,Yes,DSL,Yes,No,No,Yes,No,No,Month-to-month,Yes,Bank transfer (automatic),61.64,945.56,No
3422-SZERE,Female,0,No,Yes,8,Yes,No,DSL,Yes,Yes,Yes,No,Yes,Yes,Month-to-month,No,Mailed check,81.11,659.62,No
7680-KQEIP,Male,0,No,No,53,Yes,Yes,Fiber optic,No,No,Yes,No,Yes,Yes,Two year,Yes,Credit card (automatic),96.24,4875.42,No
7204-TWZXU,Male,0,Yes,Yes,40,No,No phone service,Fiber optic,No,Yes,No,No,Yes,Yes,One year,No,Bank transfer (automatic),74.07,2743.02,Yes
9368-OVDWO,Male,0,No,Yes,3,Yes,Yes,No,No internet service,No internet service,No internet service,No internet service,No internet service,No internet service,Month-to-month,Yes,Electronic check,22.33,72.27,Yes
7333-NGUGI,Male,0,Yes,No,9,Yes,Yes,DSL,No,No,No,No,Yes,No,Month-to-month,Yes,Credit card (automatic),59.27,558.18,Yes
3209-OGFIT,Male,1,Yes,Yes,22,Yes,No,Fiber optic,No,Yes,No,Yes,Yes,Yes,Two year,Yes,Bank transfer (automatic),98.88,2271.11,No
8198-EIPVE,Female,0,Yes,No,72,No,No phone service,No,No internet service,No internet service,No internet service,No internet service,No internet service,No internet service,Two year,No,Credit card (automatic),18.25,1243.62,No
5502-AWCZH,Female,0,Yes,Yes,8,Yes,No,No,No internet service,No internet service,No internet service,No internet service,No internet service,No internet service,Month-to-month,Yes,Mailed check,21.47,168.94,No
5596-WDAMG,Female,0,No,No,1,Yes,No,No,No internet service,No internet service,No internet service,No internet service,No internet service,No internet service,Month-to-month,Yes,Electronic check,19.57,20.35,No
5918-YJINW,Male,1,No,Yes,16,Yes,No,Fiber optic,Yes,No,No,No,No,No,One year,Yes,Credit card (automatic),73.41,1141.12,No
0731-VQGCX,Male,0,Yes,Yes,25,Yes,No,DSL,Yes,Yes,No,No,Yes,No,Month-to-month,No,Electronic check,65.9,1575.89,Yes
7697-BHUDS,Male,1,No,No,67,Yes,Yes,Fiber optic,No,Yes,Yes,No,Yes,No,Two year,No,Credit card (automatic),94.99,6038.46,No
2633-MZTZI,Female,0,Yes,No,26,Yes,Yes,Fiber optic,No,No,Yes,No,Yes,Yes,Month-to-month,Yes,Electronic check,97.98,2475.18,Yes
0237-PJREV,Male,1,Yes,No,15,Yes,Yes,DSL,Yes,Yes,Yes,Yes,Yes,No,Month-to-month,No,Bank transfer (automatic),77.78,1115.6,No
3271-YTQUW,Male,0,No,No,52,No,No phone service,Fiber optic,No,No,No,No,Yes,Yes,Two year,Yes,Bank transfer (automatic),69.69,3620.75,No
5112-VIGAG,Female,0,No,No,52,Yes,No,DSL,Yes,Yes,No,No,No,No,Two year,No,Mailed check,53,2850.69,No
1337-LJAFN,Male,1,No,No,52,Yes,No,DSL,No,No,No,No,No,No,One year,Yes,Credit card (automatic),42.32,2314.61,No
0343-ZTYXF,Female,0,Yes,No,2,Yes,No,No,No internet service,No internet service,No internet service,No internet service,No internet service,No internet service,Month-to-month,No,Credit card (automatic),21.14,41.26,No
4967-KDXQI,Male,0,Yes,Yes,21,Yes,Yes,Fiber optic,No,No,Yes,No,Yes,Yes,One year,Yes,Mailed check,102.54,2181.7,No
6968-RNEXL,Male,0,No,No,52,Yes,Yes,DSL,No,No,No,Yes,Yes,No,Two year,Yes,Electronic check,68.07,3508.64,No
6253-PBKCI,Male,0,Yes,Yes,5,No,No phone service,No,No internet service,No internet service,No internet service,No internet service,No internet service,No internet service,Month-to-month,Yes,Electronic check,18.25,92.51,No
5854-KJVHQ,Male,0,No,No,20,Yes,No,Fiber optic,No,Yes,No,No,No,Yes,One year,No,Bank transfer (automatic),85.35,1701.88,Yes
1251-DXPGU,Male,0,Yes,Yes,60,Yes,Yes,Fiber optic,No,Yes,No,No,No,Yes,Two year,Yes,Bank transfer (automatic),88.3,4942.82,No
3418-GIJCS,Female,0,Yes,No,65,Yes,No,Fiber optic,No,No,No,No,No,No,Two year,No,Electronic check,69.23,4179.48,No
0159-WRBVA,Male,1,No,Yes,26,Yes,Yes,DSL,Yes,No,Yes,Yes,No,Yes,Month-to-month,Yes,Bank transfer (automatic),72.7,1764.1,No
4041-AKONN,Female,0,No,No,40,Yes,Yes,No,No internet service,No internet service,No internet service,No internet service,No internet service,No internet service,Two year,Yes,Electronic check,26.57,1045.21,No
4482-IMKKG,Male,0,No,No,12,Yes,Yes,Fiber optic,Yes,No,Yes,No,Yes,No,One year,No,Electronic check,94.03,1106.81,No
2327-VULSY,Male,0,No,No,4,Yes,Yes,DSL,Yes,No,No,Yes,No,No,Month-to-month,Yes,Bank transfer (automatic),61.35,263.16,No
0343-FBZWY,Female,0,No,No,1,Yes,Yes,DSL,No,Yes,Yes,Yes,Yes,Yes,Two year,Yes,Credit card (automatic),86.11,79.3,No
5748-MCUIG,Male,0,No,No,13,No,No phone service,No,No internet service,No internet service,No internet service,No internet service,No internet service,No internet service,Month-to-month,Yes,Electronic check,18.25,219.88,No
2747-ECTVM,Male,1,Yes,No,40,No,No phone service,No,No internet service,No internet service,No internet service,No internet service,No internet service,No internet service,Two year,Yes,Mailed check,18.25,739.83,No
7721-VJYZS,Female,0,No,No,9,Yes,No,Fiber optic,No,Yes,Yes,No,Yes,Yes,Month-to-month,No,Electronic check,97.63,938.09,Yes
4969-LDBVN,Male,0,No,No,64,Yes,Yes,Fiber optic,No,No,Yes,No,No,No,One year,Yes,Credit card (automatic),77.55,4849.94,No
0706-DILAK,Male,1,No,No,69,Yes,Yes,Fiber optic,Yes,Yes,Yes,No,No,No,Two year,Yes,Credit card (automatic),85.58,5966.66,No
3526-KTUDT,Female,0,Yes,Yes,44,Yes,No,Fiber optic,No,No,No,No,Yes,Yes,Two year,No,Credit card (automatic),87.87,3991.28,No
8689-HWWHP,Male,0,Yes,Yes,60,Yes,No,No,No internet service,No internet service,No internet service,No internet service,No internet service,No internet service,Two year,No,Credit card (automatic),18.25,1127.01,No
8229-IIQQO,Male,0,No,No,4,Yes,No,Fiber optic,No,Yes,No,No,No,No,Month-to-month,Yes,Bank transfer (automatic),76.1,306.55,Yes
6119-WEPVH,Male,1,No,No,51,Yes,Yes,DSL,No,No,Yes,No,Yes,No,One year,No,Electronic check,66.19,3584.65,No
9990-GVCLO,Female,0,Yes,No,7,Yes,Yes,DSL,No,Yes,No,No,Yes,Yes,One year,No,Credit card (automatic),74.29,556.09,No
0606-OGUPU,Female,0,Yes,No,18,Yes,No,Fiber optic,No,No,Yes,No,No,Yes,Month-to-month,Yes,Electronic check,85.36,1613.65,No
1998-LSTHE,Female,0,No,No,3,No,No phone service,No,No internet service,No internet service,No internet service,No internet service,No internet service,No internet service,Month-to-month,Yes,Mailed check,18.25,58.66,No
3586-QQHHC,Male,0,No,No,72,Yes,Yes,Fiber optic,Yes,No,Yes,No,No,Yes,Two year,Yes,Electronic check,93.91,6610.48,No
5239-EGIEY,Female,0,No,Yes,10,No,No phone service,Fiber optic,No,Yes,No,No,No,No,Month-to-month,Yes,Electronic check,51.87,520.36,Yes
3168-NQNFV,Male,0,No,No,23,Yes,No,Fiber optic,Yes,No,No,No,No,Yes,Month-to-month,No,Electronic check,83.99,1985.31,Yes
9840-LRGIV,Female,0,No,No,54,Yes,Yes,Fiber optic,No,Yes,Yes,No,No,Yes,Two year,Yes,Credit card (automatic),94.13,4838.57,No
4898-DYSIU,Female,1,No,Yes,18,Yes,No,Fiber optic,No,Yes,Yes,No,Yes,Yes,Month-to-month,Yes,Mailed check,96.97,1621.66,No
2055-MWMUQ,Female,0,No,No,10,Yes,Yes,No,No internet service,No internet service,No internet service,No internet service,No internet service,No internet service,Two year,Yes,Bank transfer (automatic),25.81,244.82,No
0098-IMIKD,Male,0,No,No,20,Yes,No,Fiber optic,Yes,No,No,No,Yes,No,Month-to-month,Yes,Credit card (automatic),83.09,1567.64,No
1897-HNVZT,Male,0,Yes,No,45,Yes,Yes,Fiber optic,No,Yes,No,No,No,Yes,Two year,No,Mailed check,85.47,3954.95,No
5572-SMDCX,Male,0,Yes,Yes,18,Yes,No,Fiber optic,No,Yes,No,No,Yes,Yes,Month-to-month,Yes,Mailed check,92.63,1693.19,Yes
9865-RLFPO,Male,1,No,No,3,Yes,No,No,No internet service,No internet service,No internet service,No internet service,No internet service,No internet service,Month-to-month,Yes,Credit card (automatic),20.68,66.9,No
8680-NXHEQ,Male,0,Yes,No,17,Yes,Yes,Fiber optic,No,No,Yes,No,No,Yes,Month-to-month,Yes,Credit card (automatic),86.18,1508.07,Yes
5375-SGQLY,Male,0,No,No,14,Yes,No,DSL,Yes,Yes,Yes,Yes,No,No,One year,No,Credit card (automatic),64.7,884.03,No
6315-YUJIC,Male,0,Yes,No,9,Yes,No,DSL,No,No,Yes,No,Yes,No,Month-to-month,Yes,Electronic check,57.74,551.69,Yes
4748-IZBTF,Male,0,No,Yes,47,Yes,No,No,No internet service,No internet service,No internet service,No internet service,No internet service,No internet service,One year,Yes,Bank transfer (automatic),18.25,890.74,No
6711-MLYEO,Male,0,Yes,No,5,Yes,No,Fiber optic,Yes,No,No,No,Yes,Yes,Month-to-month,No,Mailed check,92.77,437.74,Yes
4728-TPWIH,Female,1,Yes,Yes,49,Yes,No,No,No internet service,No internet service,No internet service,No internet service,No internet service,No internet service,One year,No,Credit card (automatic),18.37,880.55,No
0357-OGKSX,Female,0,Yes,Yes,13,Yes,No,DSL,Yes,No,No,No,No,No,Month-to-month,No,Electronic check,48.24,651.1,No
2186-RHTUF,Male,0,No,No,31,Yes,Yes,Fiber optic,No,No,No,No,Yes,No,Month-to-month,Yes,Electronic check,86.13,2870.81,No
3153-LAHNX,Male,1,Yes,No,67,Yes,Yes,Fiber optic,No,No,No,No,Yes,No,One year,Yes,Electronic check,85.82,5503.19,No
8852-MYWVF,Female,0,Yes,No,1,Yes,No,DSL,No,Yes,Yes,Yes,No,No,Month-to-month,No,Electronic check,61.14,65.96,No
4638-OATYM,Male,0,No,No,44,Yes,No,Fiber optic,No,Yes,Yes,No,Yes,No,Month-to-month,No,Mailed check,89.49,3803.99,No
9986-SIVAZ,Male,0,No,No,70,Yes,Yes,DSL,No,Yes,Yes,No,No,No,One year,No,Credit card (automatic),59.15,4188.17,No
4487-IYNFV,Female,0,No,No,2,Yes,No,Fiber optic,No,No,Yes,No,No,Yes,Month-to-month,Yes,Mailed check,84.76,166.4,Yes
8873-YZTNO,Female,0,No,No,5,Yes,Yes,No,No internet service,No internet service,No internet service,No internet service,No internet service,No internet service,Month-to-month,Yes,Mailed check,25.41,130.45,No
9118-ZFESH,Female,0,No,No,62,Yes,No,No,No internet service,No internet service,No internet service,No internet service,No internet service,No internet service,Two year,Yes,Credit card (automatic),19.48,1195.99,No
1066-MULVD,Female,0,Yes,No,6,No,No phone service,Fiber optic,No,No,No,No,No,No,Month-to-month,Yes,Electronic check,49.78,286.83,Yes
8852-IZAZD,Male,0,Yes,No,17,Yes,Yes,No,No internet service,No internet service,No internet service,No internet service,No internet service,No internet service,Month-to-month,Yes,Bank transfer (automatic),26.57,431.2,No
2597-DIVYC,Female,0,Yes,No,16,Yes,No,No,No internet service,No internet service,No internet service,No internet service,No internet service,No internet service,Month-to-month,Yes,Bank transfer (automatic),19.43,299.94,No
6355-RWXAH,Male,0,Yes,Yes,2,Yes,Yes,DSL,No,Yes,Yes,Yes,No,No,Month-to-month,Yes,Mailed check,64.84,138.84,Yes
3851-RJJFB,Male,0,No,No,31,Yes,No,DSL,No,Yes,Yes,No,No,Yes,Two year,Yes,Mailed check,66.52,2022.73,No
5216-DGKWH,Female,0,No,No,63,Yes,No,No,No internet service,No internet service,No internet service,No internet service,No internet service,No internet service,One year,Yes,Mailed check,23.31,1552.87,No
7096-KZHJA,Female,0,No,No,50,No,No phone service,Fiber optic,No,Yes,No,No,Yes,Yes,Two year,No,Mailed check,73.5,3593.24,No
0355-UFRVU,Female,0,Yes,Yes,1,Yes,No,Fiber optic,No,Yes,Yes,No,Yes,Yes,Month-to-month,No,Electronic check,98.96,102.47,Yes
0481-JIPXU,Female,0,No,No,72,No,No phone service,Fiber optic,Yes,No,No,No,Yes,Yes,Month-to-month,No,Electronic check,76.72,5290.77,Yes
7654-OMXPM,Female,0,Yes,No,5,Yes,Yes,DSL,Yes,Yes,No,Yes,No,No,Month-to-month,Yes,Bank transfer (automatic),65.32,321.81,No
1722-JAGAC,Male,0,Yes,Yes,1,Yes,Yes,Fiber optic,No,Yes,Yes,No,Yes,Yes,Month-to-month,Yes,Electronic check,103.95,107.24,Yes
1731-ADORC,Female,0,Yes,No,1,Yes,Yes,Fiber optic,Yes,No,Yes,No,Yes,No,Month-to-month,Yes,Electronic check,99.1,100.23,Yes
0903-JJIWA,Female,0,No,No,52,Yes,Yes,Fiber optic,Yes,No,No,No,Yes,No,Month-to-month,Yes,Bank transfer (automatic),91.21,4781.73,No
0911-WKNEQ,Female,0,No,No,36,Yes,No,DSL,No,No,No,Yes,Yes,No,Month-to-month,Yes,Credit card (automatic),58.35,2142.94,No
8374-BMSCE,Male,0,No,No,2,Yes,No,Fiber optic,No,No,No,No,No,Yes,Month-to-month,Yes,Electronic check,77.88,155.47,Yes
0331-XBMKO,Male,0,No,No,27,Yes,No,DSL,No,No,Yes,No,Yes,No,Month-to-month,Yes,Electronic check,59.99,1662.89,Yes
8256-JSJWP,Male,0,No,No,71,Yes,No,Fiber optic,Yes,No,Yes,Yes,Yes,Yes,Two year,No,Electronic check,105.26,7163.14,No
7114-YEBXH,Female,1,Yes,Yes,69,Yes,No,Fiber optic,Yes,Yes,Yes,Yes,No,No,Two year,Yes,Bank transfer (automatic),89.06,6184.34,No
8060-CJSHV,Female,0,No,No,39,Yes,No,Fiber optic,Yes,No,Yes,No,Yes,No,Month-to-month,Yes,Mailed check,89.61,3657.25,No
1140-AZGUA,Male,0,Yes,No,57,Yes,No,No,No internet service,No internet service,No internet service,No internet service,No internet service,No internet service,Two year,Yes,Mailed check,20.24,1113.32,No
9401-SIFNL,Female,0,Yes,Yes,4,Yes,Yes,Fiber optic,Yes,Yes,No,No,No,Yes,Month-to-month,No,Credit card (automatic),94.28,398.58,No
2538-OPHBI,Female,0,No,No,26,Yes,Yes,No,No internet service,No internet service,No internet service,No internet service,No internet service,No internet service,Month-to-month,No,Credit card (automatic),24.52,587.31,No
6742-GMKDP,Female,0,Yes,No,46,Yes,Yes,DSL,Yes,Yes,No,Yes,Yes,No,Two year,No,Electronic check,72.46,3324.92,No
9576-RBQTI,Female,1,No,No,34,Yes,No,DSL,No,No,Yes,No,Yes,Yes,Month-to-month,Yes,Electronic check,71.95,2499.18,Yes
6020-WRGHQ,Male,0,Yes,No,10,Yes,Yes,DSL,Yes,No,No,Yes,No,No,Month-to-month,No,Electronic check,57.65,562.27,No
5737-YJARF,Male,0,Yes,Yes,7,Yes,No,Fiber optic,No,No,No,Yes,Yes,Yes,Month-to-month,Yes,Mailed check,97.29,664.43,Yes
1694-SVETJ,Male,0,Yes,No,25,Yes,Yes,Fiber optic,Yes,No,No,No,Yes,No,Month-to-month,Yes,Electronic check,91.94,2140.67,Yes
4393-JEURL,Male,1,No,No,62,Yes,Yes,No,No internet service,No internet service,No internet service,No internet service,No internet service,No internet service,One year,Yes,Credit card (automatic),23.75,1464.85,No
0424-TDUOX,Female,0,Yes,Yes,41,No,No phone service,No,No internet service,No internet service,No internet service,No internet service,No internet service,No internet service,One year,Yes,Mailed check,18.25,797.42,No
2763-KWVIH,Male,0,No,No,6,Yes,Yes,DSL,Yes,Yes,No,No,No,Yes,Month-to-month,Yes,Electronic check,70.15,425.96,No
9693-ODJGX,Male,0,Yes,No,8,Yes,No,No,No internet service,No internet service,No internet service,No internet service,No internet service,No internet service,Month-to-month,Yes,Electronic check,18.26,154.17,No
8016-ZQDNL,Male,0,Yes,Yes,2,Yes,No,DSL,Yes,No,No,No,No,Yes,Month-to-month,Yes,Electronic check,60.53,127.51,Yes
1796-IBCGH,Female,0,Yes,No,32,Yes,No,DSL,No,Yes,Yes,No,No,Yes,Two year,Yes,Electronic check,63.4,2117.63,No
4077-LECLP,Male,0,No,No,68,Yes,No,Fiber optic,No,No,No,No,Yes,No,Two year,No,Electronic check,78.74,5479.35,No
9694-PPWRJ,Female,0,Yes,Yes,6,Yes,Yes,Fiber optic,No,No,Yes,No,No,No,Month-to-month,Yes,Electronic check,78.76,439.82,Yes
2735-QVXZQ,Female,0,Yes,No,2,Yes,Yes,No,No internet service,No internet service,No internet service,No internet service,No internet service,No internet service,Month-to-month,No,Bank transfer (automatic),25.41,52.74,No
3750-ORLUV,Female,0,Yes,No,3,Yes,Yes,No,No internet service,No internet service,No internet service,No internet service,No internet service,No internet service,Month-to-month,Yes,Electronic check,25.02,79.27,No
4774-MYJKQ,Female,0,No,No,71,Yes,No,Fiber optic,Yes,No,Yes,No,No,Yes,Two year,No,Credit card (automatic),91.63,6415.73,No
9446-DZWQE,Male,0,Yes,Yes,61,Yes,No,No,No internet service,No internet service,No internet service,No internet service,No internet service,No internet service,Two year,Yes,Electronic check,22.52,1426.73,No
2638-NUIBB,Male,0,Yes,No,11,Yes,No,DSL,Yes,Yes,Yes,No,No,Yes,Month-to-month,Yes,Electronic check,70.45,744.22,No
4339-KAHJJ,Female,0,No,Yes,2,Yes,No,DSL,Yes,Yes,No,No,No,No,Month-to-month,Yes,Mailed check,56.72,110.05,Yes
9558-JMNVT,Female,0,No,No,69,Yes,No,Fiber optic,No,No,No,No,Yes,No,Month-to-month,Yes,Bank transfer (automatic),79.83,5243.59,No
4292-DTVTS,Male,0,Yes,No,14,Yes,Yes,No,No internet service,No internet service,No internet service,No internet service,No internet service,No internet service,Month-to-month,Yes,Electronic check,23.32,300.73,Yes
4356-IYGTU,Male,0,Yes,Yes,19,No,No phone service,Fiber optic,No,No,No,No,Yes,Yes,Month-to-month,No,Mailed check,70.08,1351.3,No
2187-DKOHG,Female,1,Yes,Yes,69,Yes,Yes,Fiber optic,No,Yes,Yes,No,Yes,No,One year,Yes,Credit card (automatic),95.17,6938.24,No
4007-CUWOS,Female,0,No,No,15,Yes,Yes,No,No internet service,No internet service,No internet service,No internet service,No internet service,No internet service,One year,No,Bank transfer (automatic),27.52,403.48,No
8409-LRNHU,Male,0,No,No,14,Yes,Yes,Fiber optic,Yes,No,No,Yes,No,No,Month-to-month,No,Electronic check,82.88,1162.79,No
7700-VZKTX,Male,0,Yes,No,45,Yes,No,Fiber optic,No,Yes,Yes,No,No,No,One year,Yes,Credit card (automatic),79.28,3658.81,No
9787-OCJTP,Male,0,No,No,12,Yes,No,No,No internet service,No internet service,No internet service,No internet service,No internet service,No internet service,Month-to-month,Yes,Electronic check,19.9,234.28,No
6669-DNWMA,Male,0,Yes,No,12,Yes,No,DSL,No,No,No,Yes,No,No,One year,Yes,Credit card (automatic),50.98,614.51,No
5945-NNVPN,Female,0,Yes,Yes,6,Yes,No,Fiber optic,Yes,Yes,Yes,No,Yes,Yes,Month-to-month,No,Credit card (automatic),104.06,673.89,Yes
0096-RPQQA,Male,0,No,No,4,Yes,No,No,No internet service,No internet service,No internet service,No internet service,No internet service,No internet service,Month-to-month,No,Bank transfer (automatic),18.58,75.19,No
1153-KLZHF,Female,0,Yes,Yes,57,Yes,Yes,Fiber optic,No,No,No,No,Yes,Yes,One year,No,Credit card (automatic),92.77,5333.59,No
6812-OZGJS,Male,1,Yes,No,68,Yes,No,No,No internet service,No internet service,No internet service,No internet service,No internet service,No internet service,Two year,Yes,Mailed check,18.37,1221.84,No
3579-QQZDA,Male,0,No,No,13,No,No phone service,Fiber optic,No,No,Yes,No,Yes,Yes,Month-to-month,Yes,Mailed check,79.33,1026.97,Yes
2117-WNEIG,Female,0,No,No,53,Yes,No,DSL,No,No,No,Yes,No,No,One year,No,Bank transfer (automatic),49.21,2622.22,No
4989-WVJHZ,Female,0,Yes,Yes,2,Yes,Yes,Fiber optic,No,No,No,No,No,Yes,Month-to-month,Yes,Credit card (automatic),87.62,170.44,Yes
9379-ACIZS,Female,0,No,No,72,Yes,No,Fiber optic,No,Yes,No,No,No,No,One year,No,Bank transfer (automatic),75.09,5756.25,No
1735-XWXVY,Female,0,No,No,14,Yes,No,Fiber optic,No,No,Yes,No,Yes,No,Month-to-month,Yes,Mailed check,83.6,1138.25,No
1171-NQTAA,Female,0,No,No,14,Yes,No,Fiber optic,Yes,Yes,No,No,Yes,No,One year,No,Electronic check,92.45,1301.62,No
3362-VGGZA,Male,0,Yes,No,2,Yes,Yes,DSL,Yes,Yes,Yes,No,Yes,Yes,Month-to-month,No,Electronic check,86.54,160.91,No
5701-IEARA,Female,0,Yes,No,10,Yes,Yes,Fiber optic,Yes,No,No,No,No,Yes,Month-to-month,No,Electronic check,89.43,940.52,Yes
0319-DBVXD,Male,0,No,Yes,22,Yes,Yes,DSL,Yes,No,Yes,Yes,Yes,Yes,Month-to-month,No,Mailed check,82.34,1856.23,No
9515-IMYDG,Female,1,No,No,4,Yes,No,Fiber optic,No,No,Yes,Yes,No,No,Month-to-month,No,Electronic check,80.18,306.88,Yes
2582-NFKKW,Male,0,Yes,Yes,28,Yes,No,Fiber optic,No,No,No,No,No,No,Month-to-month,Yes,Mailed check,71.97,2040.08,No
3396-FIDZJ,Male,0,No,No,72,Yes,No,Fiber optic,No,No,Yes,No,No,No,Two year,No,Bank transfer (automatic),76.65,5147.68,No
8725-EFHQW,Female,1,Yes,No,53,Yes,Yes,Fiber optic,Yes,No,Yes,No,Yes,Yes,One year,Yes,Bank transfer (automatic),104.94,5363.32,No
5473-DGLGR,Male,0,No,Yes,19,Yes,Yes,Fiber optic,No,No,Yes,No,Yes,No,Month-to-month,No,Electronic check,91.47,1735.93,No
2219-YYJAF,Female,0,No,Yes,31,Yes,Yes,DSL,No,No,No,No,No,No,Month-to-month,Yes,Electronic check,48.4,1419.51,No
6990-IIMDK,Male,0,No,No,4,Yes,No,Fiber optic,Yes,No,No,Yes,Yes,No,Month-to-month,Yes,Mailed check,91.11,368.89,No
8394-AMQGW,Male,0,No,No,9,Yes,No,No,No internet service,No internet service,No internet service,No internet service,No internet service,No internet service,One year,No,Electronic check,20.26,185.51,No
6085-YNAHY,Female,0,No,No,11,No,No phone service,No,No internet service,No internet service,No internet service,No internet service,No internet service,No internet service,One year,Yes,Bank transfer (automatic),18.25,187.72,No
1077-BOYZH,Male,0,Yes,Yes,4,No,No phone service,DSL,No,No,Yes,No,Yes,Yes,Month-to-month,No,Electronic check,54.44,214.99,Yes
2412-WJJUI,Male,0,Yes,Yes,30,Yes,Yes,DSL,No,No,Yes,No,Yes,No,Month-to-month,No,Electronic check,65.2,1983.87,Yes
5804-EZPHT,Female,1,Yes,Yes,10,Yes,Yes,DSL,No,Yes,No,Yes,No,No,Month-to-month,No,Mailed check,56.47,562.49,No
0718-XAWPQ,Female,1,No,No,7,No,No phone service,Fiber optic,Yes,No,No,Yes,Yes,Yes,Month-to-month,Yes,Mailed check,81.7,610.44,Yes
1014-GNDMD,Female,0,No,No,9,Yes,No,No,No internet service,No internet service,No internet service,No internet service,No internet service,No internet service,Month-to-month,No,Electronic check,24.9,239.3,No
4287-KWIHQ,Male,0,Yes,No,71,Yes,No,Fiber optic,Yes,No,No,No,No,No,Two year,Yes,Bank transfer (automatic),72.5,5056.15,No
9393-SDWDD,Female,0,Yes,No,1,Yes,Yes,DSL,No,No,Yes,No,No,No,Two year,Yes,Bank transfer (automatic),55.08,53.31,Yes
3500-RWTMH,Male,0,No,No,36,Yes,No,Fiber optic,Yes,Yes,No,Yes,No,No,One year,No,Credit card (automatic),84.42,3133.26,No
5962-MTOIO,Female,1,No,No,1,Yes,No,DSL,Yes,No,Yes,Yes,Yes,Yes,Month-to-month,No,Electronic check,80.72,83.33,Yes
4319-CJGFS,Male,0,No,No,61,Yes,Yes,Fiber optic,No,Yes,Yes,No,Yes,No,Two year,Yes,Credit card (automatic),93.69,5431.54,No
5174-FORZO,Male,0,No,No,36,Yes,No,Fiber optic,No,Yes,Yes,Yes,No,Yes,Month-to-month,Yes,Credit card (automatic),95.22,3498.08,Yes
2157-GLVYK,Female,1,Yes,No,13,Yes,Yes,DSL,No,Yes,No,No,No,Yes,Month-to-month,No,Mailed check,62.05,868.14,No
1018-WDIAR,Female,0,No,No,71,Yes,Yes,DSL,No,No,No,Yes,No,No,Two year,No,Credit card (automatic),56.81,4240.56,No
8619-ZEMDW,Female,1,Yes,Yes,38,No,No phone service,DSL,No,No,No,Yes,No,Yes,Month-to-month,Yes,Bank transfer (automatic),39.47,1404.25,No
4008-KAOLY,Male,0,Yes,Yes,6,Yes,No,DSL,No,Yes,No,Yes,No,No,Month-to-month,No,Electronic check,58.77,334.96,No
0077-LJUSL,Female,0,Yes,No,70,Yes,Yes,DSL,Yes,No,No,Yes,No,No,One year,Yes,Credit card (automatic),61.94,4290.23,No
8831-FLTBS,Female,0,No,No,2,Yes,No,No,No internet service,No internet service,No internet service,No internet service,No internet service,No internet service,Month-to-month,Yes,Electronic check,18.66,37.39,No
1410-AMEDD,Male,0,Yes,Yes,6,Yes,Yes,Fiber optic,Yes,No,Yes,No,No,No,Month-to-month,Yes,Bank transfer (automatic),86.65,497.61,Yes
6459-IEBWA,Female,0,Yes,Yes,2,Yes,No,Fiber optic,No,No,Yes,No,Yes,No,Month-to-month,Yes,Bank transfer (automatic),86.91,177.16,Yes
0441-RSXYQ,Male,0,No,No,47,Yes,No,Fiber optic,No,Yes,No,No,No,Yes,Two year,No,Credit card (automatic),82.49,3737.79,No
2670-CVIPE,Male,0,Yes,No,1,Yes,Yes,DSL,No,No,Yes,Yes,No,No,Month-to-month,Yes,Credit card (automatic),57.91,57.62,Yes
7504-TIYCD,Male,1,No,No,5,Yes,No,Fiber optic,No,Yes,No,No,No,Yes,Month-to-month,Yes,Electronic check,83.54,427.48,Yes
9267-ZSCTH,Male,1,No,No,4,Yes,No,Fiber optic,No,No,No,No,Yes,No,Month-to-month,Yes,Bank transfer (automatic),75.34,296.13,Yes
3318-SSGBO,Male,0,No,No,3,Yes,Yes,DSL,Yes,No,Yes,Yes,No,No,Month-to-month,No,Bank transfer (automatic),65.23,196.33,No
0277-LBCFU,Female,0,Yes,Yes,5,Yes,No,Fiber optic,Yes,No,No,Yes,No,Yes,Month-to-month,No,Electronic check,91.87,443.06,Yes
8920-LLCCM,Male,1,Yes,No,64,Yes,Yes,DSL,No,Yes,Yes,Yes,No,No,Two year,Yes,Credit card (automatic),65.28,3909.6,No
7376-GDOEK,Female,1,Yes,No,18,Yes,No,Fiber optic,No,No,No,No,Yes,Yes,One year,No,Bank transfer (automatic),91.11,1647.64,Yes
1915-ZGRME,Female,0,No,No,33,Yes,Yes,DSL,Yes,Yes,No,No,Yes,Yes,Two year,Yes,Mailed check,80.14,2761.36,No
0188-QFOZA,Female,0,Yes,Yes,6,Yes,Yes,Fiber optic,Yes,Yes,No,Yes,Yes,Yes,Month-to-month,No,Electronic check,110.31,645.45,No
3895-UPFHF,Female,0,No,No,62,Yes,Yes,Fiber optic,No,No,No,Yes,Yes,No,Two year,No,Mailed check,85.42,5050.69,No
9163-QECKM,Female,0,No,No,8,Yes,Yes,Fiber optic,No,No,Yes,No,No,No,Two year,No,Electronic check,81.16,612.22,No
1778-LFBJR,Female,1,No,No,7,Yes,Yes,No,No internet service,No internet service,No internet service,No internet service,No internet service,No internet service,Month-to-month,Yes,Electronic check,24.94,173.61,No
4467-QWTQU,Male,0,Yes,No,13,Yes,No,Fiber optic,Yes,Yes,Yes,Yes,No,Yes,Month-to-month,No,Electronic check,99.48,1263.76,Yes
7680-ISHYS,Female,1,No,No,26,Yes,Yes,Fiber optic,No,No,No,No,Yes,No,One year,Yes,Mailed check,83.26,2268.58,Yes
3404-HBZGL,Female,0,Yes,Yes,60,Yes,Yes,Fiber optic,No,Yes,No,No,Yes,Yes,One year,No,Credit card (automatic),97.7,6012.12,No
9848-WOAEF,Male,0,No,No,25,Yes,Yes,DSL,Yes,No,Yes,No,Yes,No,Month-to-month,Yes,Credit card (automatic),69.53,1876.99,No
3741-EECSN,Female,0,Yes,Yes,52,Yes,No,Fiber optic,Yes,Yes,No,Yes,No,Yes,Two year,No,Credit card (automatic),95.15,5249.07,No
8798-BIPPV,Male,0,No,No,14,Yes,Yes,No,No internet service,No internet service,No internet service,No internet service,No internet service,No internet service,Month-to-month,Yes,Bank transfer (automatic),22.71,308.34,No
2811-RJZXU,Male,0,Yes,No,53,No,No phone service,DSL,Yes,Yes,Yes,Yes,No,Yes,Two year,No,Mailed check,57.41,3094.57,No
5518-AGPAM,Male,0,No,Yes,53,Yes,No,Fiber optic,Yes,Yes,Yes,No,Yes,No,Two year,Yes,Electronic check,93.08,5141.6,No
4039-ITABC,Male,0,Yes,Yes,7,Yes,No,DSL,No,Yes,Yes,No,No,No,Month-to-month,Yes,Electronic check,54.62,388.83,Yes
5670-XOXKX,Female,0,Yes,Yes,14,Yes,Yes,No,No internet service,No internet service,No internet service,No internet service,No internet service,No internet service,Month-to-month,No,Mailed check,26.1,366.99,No
1199-OFWHR,Female,0,Yes,Yes,72,Yes,No,No,No internet service,No internet service,No internet service,No internet service,No internet service,No internet service,One year,No,Credit card (automatic),18.25,1344.38,No
6563-ARLWR,Male,1,Yes,No,14,Yes,No,Fiber optic,No,Yes,No,Yes,No,Yes,Month-to-month,No,Electronic check,85.41,1132.06,Yes
4648-PEBTY,Male,0,Yes,No,47,Yes,Yes,DSL,No,Yes,Yes,No,No,No,Month-to-month,No,Mailed check,58.86,2742.32,No
2850-UXMAN,Female,0,No,No,42,Yes,No,Fiber optic,Yes,No,Yes,No,No,Yes,One year,No,Credit card (automatic),89.82,3755,No
7801-AEQTF,Female,0,Yes,Yes,3,Yes,No,DSL,No,No,No,Yes,No,No,Two year,Yes,Credit card (automatic),51.5,142.35,No
0524-JGQVF,Male,0,No,No,14,No,No phone service,No,No internet service,No internet service,No internet service,No internet service,No internet service,No internet service,Month-to-month,No,Electronic check,18.25,247.44,No
9882-HDRWC,Female,0,Yes,Yes,28,Yes,No,No,No internet service,No internet service,No internet service,No internet service,No internet service,No internet service,One year,No,Bank transfer (automatic),20.28,530.35,No
6455-RZEWP,Female,1,No,No,70,Yes,No,Fiber optic,No,No,No,Yes,No,Yes,Two year,Yes,Electronic check,87.5,6397.32,No
3862-SXQRI,Female,0,No,No,4,Yes,Yes,Fiber optic,No,No,No,No,No,Yes,Month-to-month,Yes,Credit card (automatic),82.94,356.54,No
4680-KMIUK,Female,0,Yes,No,11,Yes,No,DSL,No,No,Yes,No,Yes,Yes,Month-to-month,Yes,Mailed check,70.46,818.15,No
6787-RDRFT,Male,1,No,No,61,Yes,No,DSL,Yes,No,Yes,Yes,No,No,Month-to-month,No,Mailed check,61.85,3673.98,No
7059-AXJAV,Male,1,No,Yes,17,Yes,No,No,No internet service,No internet service,No internet service,No internet service,No internet service,No internet service,Month-to-month,No,Bank transfer (automatic),18.25,296.27,No
7621-GZJEP,Female,0,No,No,7,Yes,Yes,DSL,No,Yes,No,Yes,No,No,Month-to-month,Yes,Credit card (automatic),58.24,408.32,Yes
3213-FAVKJ,Female,1,Yes,No,69,Yes,Yes,DSL,Yes,Yes,Yes,Yes,No,No,Month-to-month,Yes,Mailed check,69.97,5200.21,No
7655-KBVAR,Male,0,No,No,2,Yes,No,DSL,Yes,No,No,No,No,Yes,Month-to-month,No,Mailed check,57.32,114.43,Yes
0395-UYMNY,Female,0,No,No,7,Yes,No,Fiber optic,No,No,Yes,No,Yes,Yes,Month-to-month,Yes,Credit card (automatic),92.07,598.16,Yes
5895-VXOBQ,Female,1,Yes,Yes,4,Yes,No,DSL,No,No,Yes,No,No,Yes,Month-to-month,Yes,Electronic check,58.72,224.85,No
8462-BDHTC,Male,0,Yes,Yes,19,Yes,Yes,DSL,No,No,No,No,Yes,No,Month-to-month,Yes,Credit card (automatic),57.63,1054.01,No
6667-KLLUQ,Male,0,Yes,Yes,63,Yes,No,DSL,Yes,Yes,No,Yes,Yes,No,One year,Yes,Credit card (automatic),68.59,4418.26,No
4714-ALFGR,Female,0,Yes,Yes,39,Yes,Yes,Fiber optic,Yes,Yes,Yes,Yes,No,No,One year,No,Credit card (automatic),94.5,3887.95,No
7990-GUFKA,Female,0,Yes,Yes,32,No,No phone service,No,No internet service,No internet service,No internet service,No internet service,No internet service,No internet service,One year,No,Mailed check,18.25,558.97,No
7073-BGPVU,Female,0,No,No,14,Yes,No,DSL,No,No,No,No,Yes,No,Month-to-month,No,Credit card (automatic),55.55,774.81,No
9678-WLSEW,Female,0,No,Yes,72,Yes,No,Fiber optic,No,No,Yes,Yes,Yes,No,Month-to-month,Yes,Electronic check,89.85,6816.93,No
8153-FEWCD,Male,0,Yes,Yes,21,Yes,No,Fiber optic,No,Yes,Yes,No,No,Yes,One year,Yes,Electronic check,86.8,1740.26,No
3131-EAMOR,Male,0,Yes,Yes,56,Yes,No,Fiber optic,No,No,No,No,Yes,Yes,Two year,No,Credit card (automatic),85.85,4640.64,No
9642-GRJMZ,Female,0,No,No,67,Yes,No,Fiber optic,No,No,No,No,No,Yes,One year,Yes,Bank transfer (automatic),78.64,5658.56,No
4293-VPRMH,Female,0,No,No,11,Yes,No,Fiber optic,No,No,Yes,No,Yes,No,Month-to-month,No,Electronic check,85.9,958.13,Yes
8000-MQUYC,Male,0,No,Yes,8,Yes,No,DSL,No,Yes,Yes,Yes,Yes,No,Month-to-month,Yes,Bank transfer (automatic),73.12,616.18,No
2326-SURPU,Male,0,No,No,1,No,No phone service,No,No internet service,No internet service,No internet service,No internet service,No internet service,No internet service,Month-to-month,No,Electronic check,18.25,18.11,No
7850-QKASR,Male,0,No,No,62,Yes,No,DSL,Yes,No,Yes,No,No,Yes,Two year,No,Electronic check,67.62,3929.86,No
2314-OVHRA,Male,0,No,No,35,Yes,Yes,Fiber optic,No,Yes,No,Yes,No,Yes,One year,Yes,Bank transfer (automatic),92.73,3481.81,No
1957-TLFBM,Male,0,Yes,Yes,49,Yes,No,DSL,No,Yes,No,No,Yes,No,Month-to-month,Yes,Electronic check,59.91,2912.85,No
5816-ZQRNN,Male,0,No,No,1,Yes,Yes,Fiber optic,No,Yes,Yes,No,Yes,No,Month-to-month,Yes,Electronic check,91.6,94.13,Yes
1450-KKXBJ,Female,0,No,No,5,Yes,Yes,Fiber optic,No,No,Yes,No,Yes,No,Month-to-month,Yes,Credit card (automatic),88.29,471.47,Yes
7958-NPVXD,Male,0,No,No,71,Yes,Yes,DSL,Yes,Yes,Yes,No,Yes,Yes,One year,No,Electronic check,86.91,6360.3,No
7848-TDUEO,Female,0,No,No,23,Yes,No,DSL,No,Yes,No,Yes,Yes,Yes,Month-to-month,Yes,Bank transfer (automatic),73.5,1668.49,No
1559-TBXGG,Female,0,Yes,Yes,28,Yes,Yes,DSL,Yes,No,Yes,No,No,Yes,Month-to-month,No,Mailed check,67.84,1750.42,No
2503-YTUXT,Male,1,Yes,No,16,Yes,No,Fiber optic,Yes,No,Yes,No,Yes,No,Month-to-month,Yes,Mailed check,87.48,1369.48,No
0335-EXAMY,Male,0,No,No,66,Yes,No,Fiber optic,Yes,Yes,No,Yes,No,Yes,Two year,Yes,Bank transfer (automatic),96.17,6455.43,No
2211-XNYVH,Female,0,Yes,No,1,Yes,Yes,Fiber optic,Yes,No,Yes,No,Yes,Yes,Month-to-month,Yes,Mailed check,105.87,104.97,Yes
8063-WOHFZ,Male,0,Yes,Yes,11,Yes,No,Fiber optic,Yes,No,No,Yes,Yes,Yes,Month-to-month,No,Mailed check,99.53,1124.61,No
2648-VZMAB,Female,1,No,Yes,28,Yes,Yes,DSL,Yes,Yes,No,No,No,No,Month-to-month,Yes,Electronic check,59.59,1579.32,Yes
0451-MYCFV,Male,0,Yes,Yes,18,Yes,Yes,Fiber optic,No,No,No,Yes,No,Yes,One year,Yes,Credit card (automatic),86.62,1477.68,No
9872-NSIIK,Female,0,No,No,12,Yes,Yes,Fiber optic,No,No,No,No,No,Yes,Month-to-month,No,Mailed check,82.96,952.63,Yes
5326-AHUCS,Male,0,No,No,48,Yes,No,Fiber optic,Yes,No,Yes,Yes,No,Yes,Two year,Yes,Mailed check,96.06,4751.05,No
1801-ONMZN,Female,1,No,No,43,Yes,No,No,No internet service,No internet service,No internet service,No internet service,No internet service,No internet service,One year,Yes,Electronic check,19.83,813.17,No
3021-OICRR,Male,0,No,No,1,Yes,No,DSL,No,Yes,No,No,No,No,Month-to-month,No,Bank transfer (automatic),49.73,53.58,No
8066-VSRAG,Female,0,Yes,No,62,Yes,Yes,Fiber optic,No,No,No,No,Yes,Yes,Two year,Yes,Mailed check,95.81,5702.87,No
8908-UKCCG,Male,0,No,No,18,Yes,Yes,DSL,No,No,No,No,No,Yes,Month-to-month,No,Electronic check,58.65,1044.96,Yes
0740-CKGAF,Female,0,No,No,34,Yes,No,DSL,No,Yes,Yes,No,No,Yes,One year,Yes,Credit card (automatic),67.63,2322.25,Yes
2354-HUYRX,Female,0,No,Yes,4,Yes,Yes,DSL,Yes,No,Yes,Yes,No,No,Month-to-month,Yes,Electronic check,61.63,256.7,No
6175-PQEYH,Male,0,No,No,1,No,No phone service,DSL,No,No,Yes,No,Yes,No,Month-to-month,No,Electronic check,41.6,41.96,Yes
9308-XOABK,Female,0,Yes,No,1,Yes,No,Fiber optic,No,No,No,No,No,Yes,Month-to-month,No,Credit card (automatic),80.73,80.67,Yes
6767-ZRLVF,Male,1,No,No,18,Yes,No,Fiber optic,Yes,No,Yes,Yes,Yes,Yes,One year,Yes,Credit card (automatic),105.18,1871.83,Yes
8796-XZCXW,Female,0,Yes,No,4,Yes,No,DSL,Yes,No,Yes,No,No,No,Month-to-month,No,Mailed check,49.69,184.59,No
1402-PCQQC,Male,1,No,No,71,Yes,Yes,DSL,No,No,No,No,No,No,One year,Yes,Electronic check,50.37,3347.86,No
6817-XVZAN,Female,0,Yes,Yes,3,Yes,Yes,DSL,Yes,Yes,No,No,No,Yes,Month-to-month,No,Mailed check,68.29,214.92,No
4283-PLHSL,Female,0,Yes,Yes,61,Yes,No,No,No internet service,No internet service,No internet service,No internet service,No internet service,No internet service,Two year,Yes,Electronic check,22.35,1326.89,No
4427-LHXXB,Male,0,No,No,56,Yes,No,No,No internet service,No internet service,No internet service,No internet service,No internet service,No internet service,Month-to-month,No,Electronic check,18.25,1012.71,No
7841-WJIYO,Male,0,No,No,3,No,No phone service,DSL,Yes,No,No,Yes,No,No,Month-to-month,No,Electronic check,36.37,110.87,Yes
2160-EKZMY,Female,1,No,Yes,6,Yes,No,No,No internet service,No internet service,No internet service,No internet service,No internet service,No internet service,Month-to-month,No,Bank transfer (automatic),18.39,101.55,No
7439-IGYMB,Female,0,Yes,Yes,9,No,No phone service,DSL,No,Yes,Yes,No,No,Yes,One year,No,Electronic check,41.68,396.58,Yes
0632-GVLSZ,Female,0,No,No,28,No,No phone service,Fiber optic,Yes,Yes,No,No,Yes,Yes,Month-to-month,No,Bank transfer (automatic),79.73,2247.71,No
5082-CCKMW,Male,0,No,No,10,Yes,Yes,Fiber optic,No,Yes,Yes,No,Yes,Yes,Month-to-month,Yes,Electronic check,105.74,1042.94,Yes
3485-MBNHG,Male,0,Yes,Yes,63,Yes,Yes,Fiber optic,No,No,No,No,Yes,Yes,Two year,No,Credit card (automatic),94.05,5487.58,No
5724-CTJKG,Female,1,Yes,Yes,1,Yes,Yes,DSL,No,No,No,No,No,No,Month-to-month,No,Credit card (automatic),49.61,51.89,Yes
6813-WLTZY,Male,0,No,No,7,Yes,Yes,Fiber optic,No,Yes,No,Yes,No,Yes,One year,No,Bank transfer (automatic),95.16,627.54,No
9966-BNCMV,Male,1,Yes,No,60,Yes,Yes,No,No internet service,No internet service,No internet service,No internet service,No internet service,No internet service,Two year,No,Electronic check,25.71,1626.29,No
9785-HLVJB,Male,0,No,No,7,Yes,No,DSL,Yes,No,Yes,Yes,Yes,No,Month-to-month,No,Mailed check,67.66,470.26,No
3440-DCJCB,Female,0,No,No,2,No,No phone service,DSL,No,No,No,No,Yes,No,Month-to-month,No,Bank transfer (automatic),38.23,72.37,No
5106-YKXKL,Female,1,No,No,3,Yes,No,No,No internet service,No internet service,No internet service,No internet service,No internet service,No internet service,Month-to-month,No,Credit card (automatic),18.25,51.14,No
7675-MNLAN,Male,1,Yes,No,61,Yes,No,DSL,Yes,Yes,Yes,No,Yes,No,Two year,No,Bank transfer (automatic),70.32,4193.56,No
0568-MGFVV,Female,0,No,No,70,Yes,Yes,DSL,Yes,No,Yes,No,Yes,Yes,Two year,No,Bank transfer (automatic),82.29,5771.07,No
7880-VOPRR,Female,0,No,No,18,Yes,Yes,Fiber optic,Yes,No,No,No,Yes,No,Month-to-month,Yes,Bank transfer (automatic),87.8,1693.51,Yes
1115-YHLGX,Female,0,No,No,6,Yes,Yes,Fiber optic,No,Yes,Yes,No,No,Yes,Month-to-month,Yes,Credit card (automatic),95.31,542.85,Yes
1014-PDUKJ,Female,0,Yes,Yes,29,Yes,Yes,Fiber optic,No,No,No,No,Yes,No,Month-to-month,Yes,Electronic check,83.21,2323.5,Yes
0100-KOTDM,Female,1,No,No,20,Yes,No,DSL,No,No,No,No,Yes,Yes,Month-to-month,Yes,Bank transfer (automatic),62.29,1196.5,Yes
5061-FMASN,Female,0,Yes,Yes,8,Yes,No,Fiber optic,No,Yes,No,Yes,No,No,Month-to-month,Yes,Bank transfer (automatic),82.22,626.78,No
0659-IRUPW,Female,0,Yes,No,21,Yes,Yes,No,No internet service,No internet service,No internet service,No internet service,No internet service,No internet service,Two year,Yes,Electronic check,24.56,476.21,No
1550-BTBXL,Female,0,No,No,9,Yes,No,No,No internet service,No internet service,No internet service,No internet service,No internet service,No internet service,Month-to-month,Yes,Bank transfer (automatic),19.08,181.37,No
1928-HLFYZ,Male,0,Yes,Yes,5,Yes,Yes,DSL,No,Yes,Yes,No,No,No,Month-to-month,Yes,Electronic check,58.75,288.58,Yes
0380-CDLMJ,Male,0,Yes,No,24,No,No phone service,No,No internet service,No internet service,No internet service,No internet service,No internet service,No internet service,Month-to-month,Yes,Mailed check,18.25,428.25,No
9693-YDSLG,Female,0,Yes,No,67,Yes,Yes,Fiber optic,No,No,Yes,No,Yes,Yes,Two year,Yes,Bank transfer (automatic),96.11,6624.86,No
1949-XPWXL,Male,1,No,No,33,Yes,No,DSL,No,Yes,Yes,No,No,No,Month-to-month,Yes,Electronic check,56.98,1828.67,Yes
9642-ABOBS,Female,0,No,Yes,67,Yes,Yes,No,No internet service,No internet service,No internet service,No internet service,No internet service,No internet service,One year,Yes,Bank transfer (automatic),25.88,1821.81,No
7258-QUFLL,Male,0,No,No,58,Yes,No,DSL,No,Yes,Yes,Yes,Yes,Yes,Two year,Yes,Credit card (automatic),75.6,4218.05,No
8418-GZNIF,Male,0,Yes,No,23,Yes,Yes,DSL,Yes,Yes,No,Yes,No,No,One year,Yes,Bank transfer (automatic),64.74,1476.04,No
8545-DIGFJ,Female,0,Yes,No,29,Yes,No,DSL,Yes,No,Yes,No,No,No,Month-to-month,Yes,Electronic check,55.58,1539.41,Yes
0097-ONJBC,Female,0,Yes,No,40,Yes,Yes,Fiber optic,Yes,No,Yes,Yes,Yes,No,One year,Yes,Credit card (automatic),99.86,4227.86,No
8529-LDIQG,Male,0,No,No,25,Yes,No,Fiber optic,No,Yes,Yes,No,Yes,No,Month-to-month,No,Electronic check,90.8,2358.84,Yes
5466-SXVSE,Female,0,No,No,12,Yes,Yes,No,No internet service,No internet service,No internet service,No internet service,No internet service,No internet service,Month-to-month,Yes,Electronic check,26.39,321.04,No
3111-TIKRI,Male,0,Yes,No,33,Yes,Yes,Fiber optic,No,Yes,No,No,No,No,Two year,No,Bank transfer (automatic),79.34,2635.89,No
8856-BKAVD,Female,1,Yes,No,12,No,No phone service,Fiber optic,No,No,Yes,No,Yes,Yes,One year,Yes,Electronic check,75.48,881.68,Yes
7304-YXLSG,Male,0,Yes,Yes,1,Yes,Yes,Fiber optic,No,No,Yes,Yes,No,Yes,Month-to-month,Yes,Mailed check,93.24,95.46,Yes
1006-MRLWQ,Female,0,No,No,19,Yes,No,DSL,No,No,Yes,No,No,Yes,One year,Yes,Credit card (automatic),64.13,1182.11,No
8239-HWGGZ,Female,0,No,No,61,Yes,No,Fiber optic,Yes,No,Yes,No,Yes,No,One year,Yes,Mailed check,93.24,5358.47,No
3984-MMDCJ,Male,0,No,Yes,59,Yes,Yes,No,No internet service,No internet service,No internet service,No internet service,No internet service,No internet service,Two year,No,Credit card (automatic),23.1,1319.66,No
2911-GGXOL,Male,0,Yes,Yes,61,No,No phone service,DSL,No,No,No,No,Yes,No,Two year,No,Credit card (automatic),34.97,2131.28,No
3673-BITVN,Female,0,Yes,Yes,11,No,No phone service,No,No internet service,No internet service,No internet service,No internet service,No internet service,No internet service,Month-to-month,Yes,Electronic check,18.25,191.94,No
9487-IYUII,Female,1,No,No,6,Yes,No,Fiber optic,No,No,No,Yes,No,Yes,Month-to-month,Yes,Electronic check,87.12,548.55,Yes
7566-ROTCD,Female,0,No,Yes,2,Yes,Yes,DSL,No,Yes,No,Yes,No,No,Month-to-month,Yes,Electronic check,60.41,121.85,Yes
2351-NCJNR,Male,0,Yes,No,21,Yes,Yes,DSL,No,Yes,Yes,No,Yes,Yes,Month-to-month,Yes,Electronic check,79.4,1727.26,Yes
7189-BAIOX,Male,0,No,No,31,Yes,Yes,No,No internet service,No internet service,No internet service,No internet service,No internet service,No internet service,One year,Yes,Credit card (automatic),26.18,839,No
2546-ZLGQM,Male,0,No,No,62,Yes,Yes,Fiber optic,No,No,No,No,Yes,No,One year,Yes,Electronic check,83.15,4956.21,No
8180-VHPBK,Male,0,No,No,9,Yes,Yes,Fiber optic,No,No,Yes,No,No,Yes,Month-to-month,Yes,Credit card (automatic),88.65,805.56,Yes
5406-OAZNV,Female,0,No,No,50,Yes,No,DSL,No,No,Yes,Yes,No,No,Two year,No,Credit card (automatic),52.92,2809.74,No
8680-ZMJTS,Female,0,No,No,9,No,No phone service,No,No internet service,No internet service,No internet service,No internet service,No internet service,No internet service,Month-to-month,Yes,Mailed check,18.25,151.82,No
8773-PTVFL,Male,0,Yes,Yes,70,Yes,No,Fiber optic,No,No,Yes,Yes,No,No,Two year,No,Electronic check,78.05,5196.54,No
3237-KTVAJ,Male,0,Yes,Yes,40,Yes,No,Fiber optic,No,No,No,No,No,Yes,Month-to-month,No,Electronic check,77.63,2904.09,Yes
1053-HIAGL,Female,1,Yes,Yes,69,Yes,Yes,Fiber optic,No,Yes,No,No,No,Yes,Two year,No,Mailed check,91.34,5889.31,No
0196-XWOQB,Female,0,Yes,No,14,Yes,Yes,DSL,No,Yes,No,Yes,Yes,No,Month-to-month,Yes,Bank transfer (automatic),64.77,857.41,No
3745-WYOCH,Female,0,No,No,13,Yes,Yes,Fiber optic,No,No,No,Yes,Yes,No,Month-to-month,Yes,Bank transfer (automatic),89.87,1255.35,No
8274-JGRBL,Female,0,No,Yes,3,Yes,No,DSL,Yes,No,Yes,Yes,No,No,Month-to-month,Yes,Electronic check,60.23,178.53,No
0671-QHAAZ,Male,0,Yes,Yes,26,Yes,No,DSL,No,No,No,No,No,No,Two year,Yes,Mailed check,45.58,1257.21,No
5109-WLPRO,Male,0,No,No,10,Yes,Yes,No,No internet service,No internet service,No internet service,No internet service,No internet service,No internet service,Month-to-month,No,Mailed check,22.08,224.86,Yes
0922-BNWOA,Male,0,No,No,10,Yes,Yes,DSL,No,Yes,No,Yes,No,No,Month-to-month,Yes,Mailed check,61,590.15,Yes
3464-PXCJA,Female,0,Yes,Yes,60,Yes,No,DSL,No,No,Yes,Yes,No,Yes,Two year,Yes,Electronic check,60.16,3847.62,No
4075-OQWGG,Female,0,Yes,No,68,Yes,Yes,DSL,Yes,No,No,Yes,No,No,One year,Yes,Credit card (automatic),58.6,4155.8,No
1486-EUBPC,Female,0,Yes,Yes,30,No,No phone service,Fiber optic,No,Yes,No,No,No,No,Two year,No,Electronic check,54.47,1648.51,Yes
8568-UIIIM,Male,0,No,No,70,No,No phone service,DSL,No,No,Yes,No,No,No,Two year,No,Mailed check,33.08,2282.34,No
7143-MIJKF,Male,0,No,No,16,Yes,No,Fiber optic,No,No,Yes,No,No,No,Month-to-month,No,Electronic check,74.29,1134.32,Yes
4973-VAUET,Female,0,No,No,62,Yes,No,Fiber optic,No,No,No,Yes,No,Yes,Two year,Yes,Mailed check,87.51,5572.44,No
2505-WJACV,Female,0,No,No,10,Yes,No,Fiber optic,Yes,Yes,Yes,No,No,Yes,Month-to-month,Yes,Electronic check,95.67,1032.85,Yes
5210-URIHY,Male,0,No,Yes,38,Yes,No,No,No internet service,No internet service,No internet service,No internet service,No internet service,No internet service,Two year,No,Bank transfer (automatic),24.71,884.87,No
3912-UASJX,Female,0,No,No,71,Yes,Yes,DSL,Yes,No,Yes,No,Yes,No,One year,Yes,Electronic check,68.62,5017.75,Yes
0968-VLWNO,Female,0,Yes,No,47,Yes,Yes,DSL,No,No,Yes,Yes,No,No,Two year,No,Credit card (automatic),59.04,2865.82,No
9632-IFYQH,Female,0,Yes,No,70,No,No phone service,DSL,No,Yes,Yes,No,Yes,No,One year,Yes,Bank transfer (automatic),47.45,3407.76,No
7252-TYIGA,Female,0,Yes,No,33,Yes,Yes,No,No internet service,No internet service,No internet service,No internet service,No internet service,No internet service,One year,Yes,Credit card (automatic),26.42,812.17,No
1585-SRMQF,Male,1,No,Yes,70,No,No phone service,Fiber optic,No,No,No,No,Yes,Yes,Two year,No,Mailed check,71.67,4908.41,No
0239-MFWCU,Male,0,Yes,No,35,Yes,No,No,No internet service,No internet service,No internet service,No internet service,No internet service,No internet service,Month-to-month,Yes,Electronic check,20.74,738.57,Yes
7122-ODCWT,Female,0,Yes,Yes,4,Yes,No,DSL,Yes,No,No,No,Yes,No,Month-to-month,Yes,Mailed check,59.6,231.31,No
4112-TDIOA,Male,0,No,No,69,Yes,No,Fiber optic,No,No,No,No,Yes,No,Two year,Yes,Electronic check,76.64,5536.75,No
4101-LOUMV,Male,0,Yes,Yes,49,No,No phone service,DSL,Yes,No,No,Yes,No,Yes,Two year,Yes,Electronic check,42.29,2189.31,No
7777-DYPEP,Male,0,No,No,19,Yes,No,No,No internet service,No internet service,No internet service,No internet service,No internet service,No internet service,One year,No,Credit card (automatic),20.32,412.88,No
3480-FPQED,Female,0,Yes,Yes,32,Yes,No,Fiber optic,No,Yes,No,No,No,Yes,Month-to-month,Yes,Electronic check,81.98,2649.84,No
8029-HGVTQ,Female,0,Yes,Yes,9,No,No phone service,DSL,No,No,No,Yes,Yes,No,Month-to-month,Yes,Electronic check,41.32,382.41,Yes
8374-IEWJX,Male,0,Yes,Yes,56,Yes,Yes,DSL,No,Yes,No,No,No,No,One year,Yes,Electronic check,54.14,3199.45,No
0774-KZGMN,Male,0,No,No,27,Yes,Yes,Fiber optic,No,Yes,Yes,Yes,Yes,No,Two year,No,Credit card (automatic),102.02,2932.05,No
0619-KRIVW,Female,1,Yes,Yes,12,Yes,No,DSL,Yes,No,No,No,Yes,No,Month-to-month,Yes,Mailed check,60.73,720.21,No
2262-AMIBP,Female,0,Yes,Yes,5,Yes,Yes,DSL,No,Yes,Yes,No,No,Yes,Month-to-month,Yes,Electronic check,68.06,349.56,Yes
0231-OETJH,Female,0,No,No,12,Yes,Yes,DSL,Yes,No,No,No,Yes,Yes,Month-to-month,No,Electronic check,76.2,871.55,No
8790-MZTQX,Male,0,Yes,Yes,40,Yes,Yes,Fiber optic,No,Yes,Yes,No,Yes,Yes,Month-to-month,Yes,Mailed check,105.76,4424.86,Yes
7904-HSUHV,Female,0,Yes,Yes,39,Yes,Yes,DSL,No,Yes,Yes,No,No,Yes,One year,Yes,Credit card (automatic),69.81,2912.56,No
2115-QGZMO,Female,1,No,No,46,Yes,No,Fiber optic,No,Yes,No,No,No,Yes,Month-to-month,Yes,Bank transfer (automatic),86.28,3814.59,Yes
6217-VBENJ,Female,0,No,No,2,Yes,No,Fiber optic,Yes,No,No,No,No,Yes,Month-to-month,Yes,Bank transfer (automatic),83.06,169.07,No
8573-PKIRX,Male,0,No,No,25,Yes,Yes,DSL,No,No,No,No,No,Yes,Month-to-month,Yes,Electronic check,58.41,1370.98,Yes
8664-RRSJZ,Female,0,Yes,No,72,Yes,No,Fiber optic,Yes,Yes,No,No,No,No,Two year,No,Electronic check,77.71,5996.98,No
7807-QBUOH,Male,0,No,No,16,Yes,No,Fiber optic,Yes,No,Yes,No,No,No,One year,Yes,Electronic check,75.36,1188.37,No
7360-DDOKS,Female,0,No,No,60,Yes,Yes,Fiber optic,No,No,No,No,Yes,Yes,One year,No,Mailed check,91.78,5280.72,No
2389-JTWHC,Female,0,Yes,Yes,67,Yes,Yes,Fiber optic,No,Yes,Yes,No,Yes,Yes,Two year,Yes,Credit card (automatic),103.77,7418.59,No
8591-IBYEI,Male,0,No,No,5,Yes,Yes,Fiber optic,No,No,No,No,No,No,Month-to-month,Yes,Electronic check,74.19,350.5,Yes
8643-UHXJR,Male,1,No,No,57,Yes,Yes,Fiber optic,No,Yes,No,No,No,No,Two year,Yes,Mailed check,81.23,4409.38,No
1684-DJUOB,Male,1,No,No,8,Yes,No,DSL,No,No,No,No,No,Yes,Month-to-month,No,Electronic check,51.53,413.01,Yes
6664-BYYFM,Female,0,No,No,8,Yes,Yes,No,No internet service,No internet service,No internet service,No internet service,No internet service,No internet service,Month-to-month,Yes,Bank transfer (automatic),22.64,184.38,No
7585-VDRID,Female,0,Yes,Yes,2,Yes,No,No,No internet service,No internet service,No internet service,No internet service,No internet service,No internet service,Month-to-month,Yes,Electronic check,18.84,35.95,No
5769-QXJGY,Male,0,No,No,59,Yes,No,No,No internet service,No internet service,No internet service,No internet service,No internet service,No internet service,Two year,No,Bank transfer (automatic),19.26,1075.96,No
1176-DJLQE,Male,0,No,Yes,1,No,No phone service,DSL,No,No,Yes,Yes,No,Yes,Month-to-month,Yes,Electronic check,46.29,49.84,No
6775-CWWRY,Male,0,Yes,Yes,1,Yes,No,Fiber optic,Yes,Yes,No,No,No,No,Month-to-month,Yes,Bank transfer (automatic),76.5,71.6,Yes
7329-FNEMN,Male,1,No,No,1,No,No phone service,No,No internet service,No internet service,No internet service,No internet service,No internet service,No internet service,Month-to-month,No,Mailed check,18.25,16.81,No
3321-DLZHG,Female,0,No,No,4,Yes,No,No,No internet service,No internet service,No internet service,No internet service,No internet service,No internet service,Two year,Yes,Credit card (automatic),18.9,70.44,No
7599-OJRVE,Male,1,No,No,2,Yes,No,Fiber optic,No,Yes,No,No,No,No,Month-to-month,Yes,Electronic check,77.54,155.67,Yes
2712-UFDGD,Male,1,No,No,9,Yes,No,No,No internet service,No internet service,No internet service,No internet service,No internet service,No internet service,Month-to-month,No,Credit card (automatic),21.02,190.42,No
8701-HOIIR,Female,0,No,No,22,Yes,No,Fiber optic,No,No,Yes,No,Yes,Yes,Month-to-month,Yes,Electronic check,92.03,2096.37,Yes
9669-RKFXV,Female,1,Yes,Yes,9,Yes,No,DSL,No,Yes,No,No,No,No,Month-to-month,Yes,Electronic check,48.05,413.77,Yes
8977-SLFZH,Female,0,No,No,62,Yes,No,No,No internet service,No internet service,No internet service,No internet service,No internet service,No internet service,Two year,No,Credit card (automatic),18.25,1085.35,No
9985-FWQWQ,Female,0,Yes,Yes,1,Yes,No,DSL,No,No,Yes,No,No,No,Month-to-month,Yes,Bank transfer (automatic),47.16,47.91,No
1598-PVPZQ,Male,0,Yes,Yes,1,Yes,Yes,DSL,No,Yes,No,Yes,No,Yes,Month-to-month,No,Bank transfer (automatic),69,68.58,No
5651-ULQDN,Female,0,Yes,Yes,24,Yes,Yes,No,No internet service,No internet service,No internet service,No internet service,No internet service,No internet service,Two year,Yes,Bank transfer (automatic),23.17,526.9,No
0041-JBGBY,Male,0,No,Yes,63,Yes,No,Fiber optic,Yes,No,No,Yes,Yes,No,Two year,No,Credit card (automatic),87.01,5246.35,No
6177-ZVCKK,Female,0,Yes,No,52,Yes,No,Fiber optic,Yes,No,No,Yes,Yes,No,Two year,Yes,Electronic check,88.37,4535.21,No
5678-UYIWW,Male,0,No,No,4,Yes,Yes,No,No internet service,No internet service,No internet service,No internet service,No internet service,No internet service,Month-to-month,Yes,Electronic check,22.91,93.57,Yes
2935-RJQAR,Male,0,No,No,5,Yes,No,DSL,No,Yes,No,No,No,No,Month-to-month,Yes,Mailed check,47.63,228.8,Yes
9179-HVIQF,Male,0,Yes,No,69,Yes,Yes,Fiber optic,No,Yes,Yes,No,No,No,Two year,Yes,Credit card (automatic),84.82,5872.58,No
5369-YJITQ,Female,0,No,Yes,3,Yes,Yes,DSL,No,Yes,No,No,Yes,No,Month-to-month,Yes,Mailed check,60.93,197.37,Yes
8795-PCLMG,Male,0,No,No,3,Yes,Yes,Fiber optic,No,Yes,Yes,Yes,No,Yes,Month-to-month,Yes,Electronic check,101.13,312.26,Yes
0279-YJEME,Male,1,Yes,Yes,38,Yes,No,DSL,Yes,No,Yes,No,No,No,Two year,Yes,Mailed check,54.23,2097.36,No
4619-RQKZF,Male,0,Yes,Yes,3,Yes,No,Fiber optic,Yes,No,No,No,Yes,Yes,Month-to-month,Yes,Electronic check,95.21,286.62,No
7603-UADUE,Female,0,No,No,63,Yes,Yes,Fiber optic,No,No,No,Yes,No,Yes,One year,No,Bank transfer (automatic),88.96,6037.52,No
3612-TZNQL,Female,0,Yes,No,43,Yes,Yes,Fiber optic,No,No,No,No,No,Yes,Two year,Yes,Electronic check,83.69,3512.04,No
2131-WIFTC,Female,0,Yes,No,54,Yes,Yes,Fiber optic,Yes,Yes,No,No,Yes,Yes,One year,Yes,Bank transfer (automatic),101.02,5458.03,No
5321-SXCQJ,Female,1,No,No,45,Yes,Yes,Fiber optic,Yes,No,Yes,Yes,Yes,No,Two year,Yes,Mailed check,104.89,4626.19,No
3086-NRNNP,Male,1,Yes,No,58,Yes,No,No,No internet service,No internet service,No internet service,No internet service,No internet service,No internet service,Two year,No,Bank transfer (automatic),20.86,1140.81,No
7584-FJPXG,Male,0,Yes,Yes,15,Yes,Yes,Fiber optic,Yes,No,Yes,Yes,Yes,No,Two year,No,Mailed check,99.21,1573.96,No
5490-ZHKUD,Female,0,Yes,No,37,Yes,Yes,Fiber optic,Yes,No,No,No,Yes,Yes,One year,Yes,Electronic check,100.52,3551.04,No
8026-DNFTO,Male,0,Yes,No,20,Yes,No,DSL,No,Yes,No,No,Yes,Yes,Month-to-month,Yes,Electronic check,69.06,1433.88,No
4169-FOCSV,Female,0,Yes,No,5,Yes,No,No,No internet service,No internet service,No internet service,No internet service,No internet service,No internet service,Month-to-month,No,Mailed check,18.25,87.72,No
8965-GKCCK,Female,0,Yes,No,60,Yes,No,No,No internet service,No internet service,No internet service,No internet service,No internet service,No internet service,Two year,No,Credit card (automatic),18.25,1179.59,No
7585-TWCZL,Male,0,No,No,9,Yes,Yes,DSL,No,No,No,No,Yes,Yes,Month-to-month,Yes,Mailed check,72.59,606.99,No
8520-WCDEV,Female,0,No,Yes,33,Yes,No,No,No internet service,No internet service,No internet service,No internet service,No internet service,No internet service,Month-to-month,Yes,Electronic check,19.04,652.52,No
3752-FDHQV,Female,0,No,No,3,No,No phone service,Fiber optic,No,No,No,Yes,Yes,Yes,Month-to-month,No,Mailed check,76.71,232.27,No
1227-NSQRJ,Male,0,No,No,5,Yes,Yes,Fiber optic,No,Yes,No,Yes,Yes,No,Month-to-month,Yes,Electronic check,96.09,500.26,Yes
1807-UIFJP,Female,0,Yes,Yes,61,Yes,Yes,DSL,Yes,No,Yes,No,No,Yes,Two year,Yes,Bank transfer (automatic),69,4098.98,No
4682-DUXVC,Female,0,No,No,70,Yes,Yes,Fiber optic,No,No,Yes,No,Yes,Yes,Two year,Yes,Mailed check,99.27,7387.24,No
5998-WGTOU,Female,0,No,Yes,19,Yes,Yes,Fiber optic,Yes,No,No,Yes,No,Yes,Month-to-month,Yes,Mailed check,93.15,1741.02,No
3019-OWZRM,Male,1,No,No,9,Yes,Yes,No,No internet service,No internet service,No internet service,No internet service,No internet service,No internet service,Month-to-month,No,Mailed check,24.66,229.14,No
3772-OOPWW,Female,0,No,No,57,Yes,Yes,Fiber optic,No,Yes,No,No,Yes,No,Two year,Yes,Mailed check,91.32,5234.42,No
8371-VUXGZ,Female,0,No,No,6,Yes,No,Fiber optic,No,No,Yes,No,Yes,Yes,Month-to-month,No,Electronic check,96.59,557.56,Yes
6025-QOEFX,Female,0,No,No,12,Yes,No,Fiber optic,No,No,Yes,No,No,No,Month-to-month,Yes,Mailed check,71.63,904.06,Yes
7912-ENHFZ,Female,0,Yes,Yes,14,Yes,No,DSL,No,Yes,Yes,No,No,Yes,Month-to-month,No,Bank transfer (automatic),63.78,913.71,No
3332-TVNGA,Male,0,Yes,No,22,Yes,No,Fiber optic,Yes,No,No,No,Yes,Yes,Month-to-month,No,Electronic check,92.33,1975.7,No
0100-RXKYK,Male,0,Yes,No,49,Yes,No,No,No internet service,No internet service,No internet service,No internet service,No internet service,No internet service,One year,No,Bank transfer (automatic),22.19,1070.05,No
1358-ZTRVP,Male,1,No,No,1,Yes,No,DSL,No,Yes,No,No,No,No,Month-to-month,Yes,Electronic check,49.46,45.64,Yes
2248-CGRHU,Male,1,Yes,Yes,15,No,No phone service,Fiber optic,No,No,Yes,No,Yes,Yes,One year,No,Credit card (automatic),75.75,1085.89,Yes
2943-SXUTO,Male,1,Yes,No,61,Yes,Yes,Fiber optic,No,Yes,No,No,No,No,One year,Yes,Bank transfer (automatic),79.5,5094.04,No
9387-XQPJD,Male,0,No,No,7,Yes,No,DSL,Yes,Yes,Yes,No,No,No,Month-to-month,No,Mailed check,58.1,435.38,No
8456-XFXDN,Female,1,No,No,1,Yes,No,Fiber optic,No,No,No,No,Yes,Yes,Month-to-month,No,Electronic check,93.29,94.96,Yes
1717-EZFOF,Female,0,Yes,No,9,Yes,No,Fiber optic,No,No,Yes,Yes,Yes,No,Month-to-month,Yes,Mailed check,91.94,779.86,No
7252-ELAQE,Female,0,Yes,No,54,Yes,Yes,No,No internet service,No internet service,No internet service,No internet service,No internet service,No internet service,Two year,Yes,Bank transfer (automatic),25.19,1407.18,No
8568-NUMMP,Female,0,No,No,9,Yes,No,Fiber optic,No,No,No,No,Yes,No,Month-to-month,Yes,Electronic check,77.56,699.77,Yes
8833-VSIMV,Male,0,No,No,48,Yes,No,Fiber optic,No,No,No,No,Yes,Yes,Two year,No,Bank transfer (automatic),88.84,4168.44,No
6817-GNWRJ,Female,1,No,No,71,Yes,No,No,No internet service,No internet service,No internet service,No internet service,No internet service,No internet service,Two year,Yes,Mailed check,19.93,1430.15,No
3917-WSHRE,Female,0,Yes,No,3,Yes,No,DSL,Yes,Yes,Yes,No,No,Yes,Month-to-month,Yes,Bank transfer (automatic),68.72,203.17,Yes
7058-ACLJJ,Male,0,No,No,57,No,No phone service,No,No internet service,No internet service,No internet service,No internet service,No internet service,No internet service,Two year,Yes,Electronic check,18.25,995.89,No
2133-WITAM,Female,1,Yes,Yes,18,Yes,Yes,Fiber optic,No,No,Yes,No,No,Yes,Month-to-month,Yes,Credit card (automatic),89.21,1548.86,Yes
9202-AEQOD,Female,0,No,No,55,Yes,No,Fiber optic,Yes,No,Yes,No,Yes,No,Month-to-month,No,Electronic check,88.53,4570.96,No
2738-OFBAC,Female,0,No,No,7,Yes,Yes,Fiber optic,Yes,No,Yes,Yes,No,No,Month-to-month,No,Mailed check,86.09,604.02,No
5203-AMTIJ,Male,0,No,Yes,66,Yes,Yes,DSL,No,Yes,No,No,No,Yes,One year,Yes,Mailed check,61.11,3882.12,No
1079-SMBEO,Female,0,Yes,No,13,Yes,No,No,No internet service,No internet service,No internet service,No internet service,No internet service,No internet service,Month-to-month,No,Electronic check,19.8,263.33,No
7690-BZWEM,Male,0,Yes,Yes,49,Yes,Yes,Fiber optic,Yes,No,No,No,No,Yes,Two year,No,Credit card (automatic),89.55,4295.9,No
1891-BLINF,Male,0,No,No,47,Yes,No,Fiber optic,Yes,Yes,Yes,No,Yes,Yes,Two year,Yes,Credit card (automatic),105.76,5192.94,No
2891-ACXPI,Female,0,No,No,23,Yes,No,Fiber optic,Yes,No,No,No,Yes,Yes,Month-to-month,Yes,Electronic check,96.99,2176.59,No
9756-IWBRR,Male,0,Yes,No,2,Yes,Yes,No,No internet service,No internet service,No internet service,No internet service,No internet service,No internet service,Month-to-month,Yes,Electronic check,21.22,45.32,Yes
4723-DJYBW,Female,0,No,No,1,No,No phone service,DSL,No,Yes,No,No,No,No,Month-to-month,Yes,Electronic check,28.41,28.64,Yes
8077-XLVUB,Male,0,Yes,Yes,9,No,No phone service,Fiber optic,No,No,No,No,Yes,Yes,Month-to-month,No,Bank transfer (automatic),66.58,606.87,No
0295-QPCOH,Male,0,No,No,9,Yes,Yes,No,No internet service,No internet service,No internet service,No internet service,No internet service,No internet service,Month-to-month,Yes,Credit card (automatic),27.97,252.2,No
5838-SNWZX,Female,0,No,No,60,Yes,Yes,No,No internet service,No internet service,No internet service,No internet service,No internet service,No internet service,One year,No,Bank transfer (automatic),24.27,1530.55,No
5445-ZTLHJ,Female,0,Yes,No,2,No,No phone service,Fiber optic,Yes,Yes,Yes,No,Yes,No,Month-to-month,Yes,Bank transfer (automatic),71.87,152.71,Yes
4355-QSRPM,Female,0,No,Yes,44,No,No phone service,Fiber optic,Yes,Yes,No,Yes,No,No,Two year,Yes,Bank transfer (automatic),65.18,2788.26,No
9001-UTNWF,Male,0,Yes,No,48,Yes,Yes,Fiber optic,No,Yes,No,No,No,Yes,Two year,No,Bank transfer (automatic),87.27,4253.82,No
2427-RVSIV,Female,1,No,No,1,Yes,Yes,DSL,No,No,Yes,No,Yes,Yes,Month-to-month,Yes,Bank transfer (automatic),76.18,73.32,Yes
2800-EZWDL,Female,0,No,No,35,No,No phone service,Fiber optic,No,No,No,Yes,Yes,No,One year,Yes,Credit card (automatic),63.54,2327.93,No
5520-IPHMK,Female,0,No,No,7,Yes,No,Fiber optic,Yes,Yes,No,Yes,Yes,Yes,Month-to-month,Yes,Bank transfer (automatic),103.78,680.76,Yes
8545-HYDAJ,Female,0,Yes,Yes,20,Yes,Yes,Fiber optic,No,No,No,No,No,No,Month-to-month,No,Electronic check,71.35,1526.9,Yes
1097-MEWON,Female,0,No,No,66,Yes,Yes,No,No internet service,No internet service,No internet service,No internet service,No internet service,No internet service,Two year,Yes,Mailed check,23.29,1492.44,No
3551-YUFFO,Female,0,No,No,46,Yes,Yes,DSL,Yes,No,Yes,No,Yes,No,One year,No,Electronic check,68.85,3241.28,No
5501-JMLBT,Male,1,No,No,7,Yes,No,Fiber optic,No,No,No,No,No,Yes,One year,Yes,Bank transfer (automatic),79.76,598.44,No
7657-FXUJL,Female,0,Yes,No,3,Yes,No,Fiber optic,No,Yes,Yes,No,No,Yes,Month-to-month,Yes,Credit card (automatic),93.23,257.37,Yes
3198-KPLGJ,Male,0,Yes,No,8,Yes,No,No,No internet service,No internet service,No internet service,No internet service,No internet service,No internet service,Month-to-month,No,Electronic check,18.25,137.77,No
5100-XJSXD,Male,0,Yes,No,65,Yes,Yes,DSL,Yes,No,Yes,Yes,No,No,Two year,Yes,Electronic check,65.71,4085.96,No
4767-BDZVV,Male,0,No,No,24,Yes,Yes,DSL,No,No,No,Yes,No,Yes,Two year,Yes,Credit card (automatic),63.24,1414.43,Yes
9023-YXKIP,Male,0,No,No,38,Yes,Yes,Fiber optic,No,No,No,No,Yes,Yes,One year,Yes,Credit card (automatic),93.85,3758.22,No
7790-ZZFLG,Female,1,Yes,No,40,No,No phone service,Fiber optic,No,No,No,No,Yes,No,Month-to-month,No,Mailed check,58.33,2388.6,Yes
1998-XZHED,Female,0,No,No,32,Yes,No,DSL,No,Yes,No,No,No,No,Month-to-month,Yes,Mailed check,48.17,1523.12,No
0624-DRDUT,Female,0,Yes,No,7,Yes,Yes,Fiber optic,No,No,Yes,Yes,No,Yes,Month-to-month,Yes,Electronic check,91.19,605.8,Yes
0183-NEJYZ,Male,0,Yes,No,45,Yes,No,DSL,No,No,Yes,No,No,No,One year,Yes,Bank transfer (automatic),51.35,2484.87,No
3805-JORUK,Female,0,Yes,No,39,Yes,Yes,No,No internet service,No internet service,No internet service,No internet service,No internet service,No internet service,Month-to-month,Yes,Bank transfer (automatic),23.69,904.74,No
0358-SJNGJ,Female,1,No,No,40,Yes,Yes,DSL,Yes,No,Yes,Yes,No,Yes,Two year,No,Bank transfer (automatic),78.13,2921.04,No
7996-ZKEAC,Female,0,Yes,No,71,Yes,Yes,DSL,No,No,No,No,Yes,No,Two year,No,Credit card (automatic),61.35,4410.54,No
9474-HXVDO,Male,0,No,No,32,Yes,No,Fiber optic,No,Yes,Yes,No,No,Yes,Two year,Yes,Electronic check,91.02,2730.27,Yes
6016-DEAMS,Male,0,No,No,56,Yes,Yes,DSL,Yes,No,No,Yes,Yes,Yes,Two year,Yes,Mailed check,84.41,4509.5,No
0657-WARGX,Male,0,Yes,No,10,Yes,No,No,No internet service,No internet service,No internet service,No internet service,No internet service,No internet service,Month-to-month,No,Electronic check,18.43,181.95,No
8394-YWDKN,Male,0,No,No,9,Yes,No,Fiber optic,No,Yes,Yes,No,Yes,No,Month-to-month,No,Electronic check,91.02,755.89,Yes
3897-VNMGO,Male,1,No,No,64,Yes,Yes,Fiber optic,No,Yes,Yes,No,Yes,No,Two year,Yes,Bank transfer (automatic),90.95,5977.54,No
2386-XJSTB,Female,0,No,No,4,Yes,No,DSL,Yes,No,Yes,No,Yes,No,Month-to-month,No,Mailed check,65.5,273.3,No
7520-RIQPH,Male,0,Yes,Yes,71,Yes,No,Fiber optic,No,No,No,Yes,Yes,No,Two year,Yes,Bank transfer (automatic),85.73,6262.65,No
5757-QKKRT,Female,1,Yes,Yes,1,Yes,Yes,DSL,Yes,No,Yes,No,Yes,No,Month-to-month,Yes,Credit card (automatic),71.17,76.03,Yes
3455-ADZWO,Female,0,No,No,18,Yes,Yes,DSL,No,No,Yes,No,Yes,Yes,Month-to-month,Yes,Bank transfer (automatic),72.9,1250.76,No
5372-SIYZT,Female,0,Yes,Yes,60,Yes,Yes,Fiber optic,No,Yes,Yes,No,Yes,Yes,One year,Yes,Mailed check,105.21,6769.29,No
7259-PVJTU,Female,0,No,No,30,No,No phone service,Fiber optic,No,Yes,No,Yes,No,Yes,Month-to-month,No,Bank transfer (automatic),68.94,1913.38,Yes
7178-CCZDW,Male,0,Yes,Yes,11,No,No phone service,Fiber optic,No,Yes,Yes,No,No,Yes,Month-to-month,Yes,Mailed check,69.09,745.75,No
8584-AWQXH,Female,0,No,No,66,Yes,No,Fiber optic,No,Yes,Yes,Yes,Yes,Yes,One year,Yes,Bank transfer (automatic),103.88,6787.62,No
4298-LZUQD,Male,0,Yes,Yes,63,Yes,Yes,No,No internet service,No internet service,No internet service,No internet service,No internet service,No internet service,Two year,No,Electronic check,24.75,1534.77,No
9779-YCORW,Male,0,Yes,No,4,Yes,No,Fiber optic,No,No,No,No,No,No,Month-to-month,Yes,Mailed check,69.86,293.67,Yes
1147-OYEMK,Female,1,No,No,31,Yes,Yes,Fiber optic,No,No,Yes,Yes,Yes,No,Month-to-month,No,Bank transfer (automatic),96.94,3098.42,Yes
1674-UDENC,Female,0,Yes,Yes,49,Yes,No,DSL,No,No,Yes,No,No,Yes,Two year,No,Credit card (automatic),61.66,2997.31,No
9767-BMFFT,Male,1,No,No,57,No,No phone service,Fiber optic,No,No,No,No,No,Yes,One year,No,Credit card (automatic),59.73,3465.6,No
7212-VSWCI,Male,0,No,No,10,Yes,No,No,No internet service,No internet service,No internet service,No internet service,No internet service,No internet service,Month-to-month,Yes,Credit card (automatic),20.81,192.73,No
1472-JNTKW,Female,1,No,No,17,Yes,No,No,No internet service,No internet service,No internet service,No internet service,No internet service,No internet service,One year,No,Credit card (automatic),19.84,319.46,No
5283-HCWMB,Female,1,Yes,No,1,No,No phone service,DSL,Yes,Yes,Yes,No,No,Yes,Month-to-month,Yes,Electronic check,48.63,46.56,Yes
4005-IGFKU,Female,0,No,No,16,Yes,No,DSL,No,Yes,Yes,No,No,Yes,Month-to-month,Yes,Electronic check,64.3,1064.15,Yes
9071-WJOFY,Female,1,Yes,No,67,Yes,No,No,No internet service,No internet service,No internet service,No internet service,No internet service,No internet service,Two year,Yes,Bank transfer (automatic),20.54,1406.93,No
2652-AQORL,Female,0,Yes,No,1,Yes,No,Fiber optic,No,Yes,Yes,No,Yes,Yes,Month-to-month,Yes,Mailed check,101.54,101.25,Yes
8072-DKEMI,Male,0,Yes,Yes,60,Yes,No,Fiber optic,No,No,Yes,No,No,Yes,Two year,Yes,Bank transfer (automatic),85.19,5317.97,No
2125-CGPYE,Male,0,No,No,71,Yes,Yes,No,No internet service,No internet service,No internet service,No internet service,No internet service,No internet service,Two year,No,Credit card (automatic),26.29,1921.5,No
6447-KAHDA,Male,0,Yes,Yes,5,Yes,Yes,DSL,No,No,Yes,Yes,No,No,Month-to-month,No,Credit card (automatic),61.51,320.5,Yes
3139-EYCJX,Female,0,Yes,Yes,4,Yes,Yes,DSL,Yes,Yes,No,No,No,No,Month-to-month,Yes,Credit card (automatic),60.85,234.34,No
4395-HGRZT,Female,0,Yes,Yes,19,Yes,No,No,No internet service,No internet service,No internet service,No internet service,No internet service,No internet service,One year,No,Bank transfer (automatic),19.26,361.31,No
0050-GEQRM,Male,0,Yes,Yes,65,Yes,No,Fiber optic,No,No,Yes,No,No,No,Two year,No,Credit card (automatic),74.2,4645.13,No
8929-YUVTH,Male,1,No,No,12,Yes,No,Fiber optic,Yes,Yes,No,No,No,Yes,Month-to-month,Yes,Bank transfer (automatic),88.08,1116.72,Yes
9853-GWBVY,Female,1,No,No,7,Yes,Yes,No,No internet service,No internet service,No internet service,No internet service,No internet service,No internet service,Month-to-month,Yes,Electronic check,25.55,169.83,Yes
9419-AXISR,Male,0,No,No,4,Yes,No,Fiber optic,No,No,No,No,No,No,Month-to-month,No,Mailed check,66.61,247.26,Yes
0177-UMENY,Male,0,Yes,No,3,Yes,Yes,DSL,No,No,Yes,Yes,No,No,Month-to-month,Yes,Mailed check,62.9,201.52,No
7039-TFGFK,Female,0,No,No,11,Yes,No,DSL,Yes,No,Yes,Yes,Yes,No,Month-to-month,No,Mailed check,69.22,736.42,No
2836-VNTMN,Female,0,Yes,Yes,7,Yes,Yes,No,No internet service,No internet service,No internet service,No internet service,No internet service,No internet service,Month-to-month,No,Electronic check,22.01,154.29,No
2781-JBJPQ,Male,0,Yes,No,34,Yes,No,No,No internet service,No internet service,No internet service,No internet service,No internet service,No internet service,Month-to-month,Yes,Mailed check,21.33,750.67,No
9272-XKTQQ,Male,0,Yes,No,64,Yes,No,DSL,Yes,Yes,Yes,No,No,No,One year,Yes,Bank transfer (automatic),58.22,3912.13,No
1431-HLDIR,Female,0,No,No,12,Yes,Yes,DSL,Yes,Yes,Yes,Yes,No,Yes,Month-to-month,No,Credit card (automatic),79.9,1022.87,No
6404-PXGZF,Male,0,No,No,4,Yes,No,DSL,No,No,No,Yes,No,Yes,Month-to-month,No,Electronic check,57.54,217.32,No
6515-ZXYKQ,Male,1,Yes,No,39,No,No phone service,DSL,Yes,Yes,No,No,Yes,No,One year,Yes,Credit card (automatic),43.56,1726.35,No
7019-XMMLJ,Female,0,Yes,No,59,Yes,No,DSL,No,Yes,Yes,No,Yes,No,Two year,No,Credit card (automatic),67.14,4217.27,No
1479-MNQQW,Female,0,Yes,No,13,Yes,No,No,No internet service,No internet service,No internet service,No internet service,No internet service,No internet service,Month-to-month,No,Electronic check,19.13,260.79,No
7800-VEIDA,Female,0,Yes,Yes,60,Yes,No,DSL,No,No,Yes,No,No,Yes,One year,Yes,Electronic check,60.53,3591.97,No
9062-ESHHE,Male,0,No,No,1,Yes,Yes,DSL,Yes,No,No,No,Yes,No,Month-to-month,No,Electronic check,64.55,66.53,Yes
7952-PLQHQ,Female,0,Yes,No,22,Yes,Yes,No,No internet service,No internet service,No internet service,No internet service,No internet service,No internet service,Two year,No,Mailed check,24.27,554.74,No
9400-CJOJS,Female,0,Yes,No,12,Yes,No,DSL,Yes,No,No,No,Yes,Yes,Month-to-month,No,Bank transfer (automatic),68.28,841.92,No
3866-PAXNU,Female,0,No,No,23,Yes,Yes,DSL,Yes,No,No,No,Yes,No,Month-to-month,Yes,Credit card (automatic),62.07,1408.59,No
4115-EJCUE,Female,0,No,No,45,Yes,No,Fiber optic,No,No,No,No,Yes,Yes,Month-to-month,No,Electronic check,90.39,3810.41,Yes
9369-ESNBX,Female,1,Yes,Yes,8,Yes,No,DSL,No,Yes,Yes,No,No,No,Month-to-month,No,Electronic check,54.63,428.89,Yes
8389-VRGJR,Male,0,Yes,Yes,45,Yes,No,Fiber optic,No,No,No,Yes,Yes,Yes,One year,Yes,Electronic check,93.48,4151.96,No
4895-ERZOE,Female,0,No,No,66,Yes,Yes,Fiber optic,Yes,Yes,No,Yes,Yes,Yes,Two year,Yes,Credit card (automatic),108.78,7335.02,No
0880-QUAPX,Female,0,No,No,8,Yes,No,Fiber optic,Yes,No,No,Yes,No,Yes,One year,No,Mailed check,91.91,767.78,No
0222-WCENP,Female,0,No,No,1,Yes,Yes,DSL,Yes,Yes,No,No,No,Yes,Month-to-month,Yes,Credit card (automatic),71.01,67.49,Yes
2093-WYNNO,Male,1,No,No,59,Yes,Yes,No,No internet service,No internet service,No internet service,No internet service,No internet service,No internet service,Two year,Yes,Mailed check,24.96,1555.16,No
6166-BYRXO,Male,0,Yes,Yes,2,Yes,Yes,Fiber optic,Yes,No,No,Yes,No,Yes,Month-to-month,Yes,Credit card (automatic),92.91,189.89,Yes
2298-WJKKI,Male,0,Yes,Yes,70,Yes,No,No,No internet service,No internet service,No internet service,No internet service,No internet service,No internet service,One year,Yes,Bank transfer (automatic),20.29,1356.42,No
6476-XKNEJ,Female,0,Yes,Yes,5,Yes,No,No,No internet service,No internet service,No internet service,No internet service,No internet service,No internet service,Month-to-month,Yes,Credit card (automatic),18.25,84.49,No
6430-DCUIU,Female,0,Yes,No,1,Yes,No,DSL,No,No,Yes,Yes,Yes,No,Month-to-month,Yes,Credit card (automatic),63.74,59.1,Yes
4821-RJAPS,Female,0,No,No,11,No,No phone service,No,No internet service,No internet service,No internet service,No internet service,No internet service,No internet service,Month-to-month,Yes,Bank transfer (automatic),18.25,199.62,No
0091-GXXHZ,Female,1,Yes,Yes,48,Yes,No,DSL,Yes,No,No,Yes,No,Yes,Two year,Yes,Credit card (automatic),62.39,3138.39,No
1835-JGPRX,Male,0,Yes,No,21,Yes,Yes,DSL,No,No,No,Yes,Yes,No,Month-to-month,Yes,Bank transfer (automatic),63.31,1320.13,No
5201-VRYZV,Male,0,Yes,No,64,Yes,Yes,DSL,No,Yes,Yes,Yes,No,No,One year,No,Mailed check,65.94,4186.73,No
0592-PERKL,Female,0,No,No,11,Yes,No,No,No internet service,No internet service,No internet service,No internet service,No internet service,No internet service,Month-to-month,Yes,Electronic check,21.68,238.94,No
7619-JRWFQ,Female,0,No,No,25,Yes,Yes,Fiber optic,No,No,Yes,No,Yes,No,Month-to-month,No,Credit card (automatic),87.81,2114.63,Yes
6434-HTNGZ,Female,0,No,No,58,Yes,Yes,DSL,Yes,No,No,No,Yes,No,Two year,No,Electronic check,63.93,3793.13,No
4851-UOSQW,Female,1,Yes,No,38,No,No phone service,No,No internet service,No internet service,No internet service,No internet service,No internet service,No internet service,One year,Yes,Bank transfer (automatic),18.25,696.25,No
2056-YANPV,Female,0,No,No,37,Yes,Yes,No,No internet service,No internet service,No internet service,No internet service,No internet service,No internet service,Month-to-month,No,Mailed check,27.47,1024.97,No
4959-GWCKI,Female,0,No,No,24,Yes,Yes,No,No internet service,No internet service,No internet service,No internet service,No internet service,No internet service,One year,No,Bank transfer (automatic),23.48,588.12,No
3114-UCHDM,Male,0,No,No,52,Yes,No,No,No internet service,No internet service,No internet service,No internet service,No internet service,No internet service,Two year,Yes,Credit card (automatic),19.3,1013.86,No
2934-QTKQA,Female,0,No,No,16,Yes,No,DSL,Yes,No,No,No,Yes,Yes,Month-to-month,Yes,Electronic check,70.05,1210.02,No
2958-ISLVW,Male,1,Yes,Yes,11,Yes,No,Fiber optic,Yes,No,No,No,No,No,Month-to-month,Yes,Bank transfer (automatic),76.35,828.09,No
1130-SMYKF,Male,1,No,No,16,Yes,No,DSL,Yes,Yes,Yes,No,No,No,Month-to-month,No,Electronic check,58.65,980.75,No
5666-UTOEQ,Female,0,No,No,5,Yes,No,Fiber optic,No,Yes,No,No,No,Yes,Month-to-month,Yes,Mailed check,83.92,419.34,No
2827-ZGQZG,Male,0,Yes,No,1,Yes,Yes,No,No internet service,No internet service,No internet service,No internet service,No internet service,No internet service,Month-to-month,Yes,Electronic check,31.37,32.11,No
6659-NCMTI,Female,0,Yes,Yes,24,Yes,Yes,No,No internet service,No internet service,No internet service,No internet service,No internet service,No internet service,One year,Yes,Electronic check,26.64,670.13,No
7445-MECHF,Male,0,Yes,Yes,60,Yes,No,Fiber optic,No,No,No,No,Yes,No,One year,Yes,Credit card (automatic),80.71,4999.34,No
9697-IASRZ,Male,0,No,Yes,6,No,No phone service,Fiber optic,No,No,Yes,Yes,No,Yes,Month-to-month,No,Bank transfer (automatic),68.93,405.31,No
3747-YERKO,Male,0,No,No,16,Yes,Yes,No,No internet service,No internet service,No internet service,No internet service,No internet service,No internet service,Month-to-month,No,Credit card (automatic),25.01,412.09,No
5114-QTRLA,Male,1,No,No,6,Yes,No,Fiber optic,No,No,Yes,Yes,No,Yes,Month-to-month,No,Mailed check,89.27,535.78,Yes
5941-XYRRI,Female,0,No,No,7,No,No phone service,Fiber optic,Yes,No,No,No,Yes,Yes,Month-to-month,No,Electronic check,74.18,526.79,Yes
9565-SXPRV,Female,1,Yes,No,69,Yes,Yes,No,No internet service,No internet service,No internet service,No internet service,No internet service,No internet service,Two year,Yes,Bank transfer (automatic),23.23,1583.18,No
8338-EWFYB,Male,1,No,No,2,Yes,No,Fiber optic,No,No,Yes,No,No,Yes,Month-to-month,Yes,Mailed check,82.99,164.36,Yes
6021-DCVTJ,Male,0,Yes,Yes,22,Yes,Yes,Fiber optic,No,Yes,No,No,Yes,Yes,Month-to-month,Yes,Bank transfer (automatic),99.41,2345.92,No
8586-FYJRS,Male,0,Yes,Yes,68,Yes,No,No,No internet service,No internet service,No internet service,No internet service,No internet service,No internet service,Two year,No,Bank transfer (automatic),18.25,1330.95,No
9437-DBSCP,Female,0,Yes,No,12,Yes,Yes,No,No internet service,No internet service,No internet service,No internet service,No internet service,No internet service,Month-to-month,Yes,Bank transfer (automatic),20.45,227.22,No
4537-YASVX,Female,1,No,No,31,Yes,No,Fiber optic,No,No,No,Yes,Yes,Yes,Two year,Yes,Mailed check,92.8,2915.53,Yes
8679-WAEJN,Male,0,Yes,Yes,9,Yes,Yes,Fiber optic,Yes,Yes,No,Yes,Yes,Yes,Month-to-month,No,Electronic check,109.6,995.74,No
5722-WRMEI,Male,0,Yes,Yes,45,Yes,No,Fiber optic,No,No,No,No,Yes,No,Two year,No,Mailed check,76.84,3542.45,No
1639-RZLVW,Female,0,No,No,16,Yes,No,DSL,No,Yes,No,Yes,Yes,Yes,Month-to-month,No,Electronic check,71.17,1227.06,Yes
3800-KAOXV,Female,1,Yes,Yes,18,Yes,Yes,DSL,No,Yes,No,Yes,Yes,Yes,One year,Yes,Credit card (automatic),77.34,1311.38,No
0043-BFWLS,Female,0,No,No,28,Yes,Yes,DSL,No,No,No,Yes,No,No,Month-to-month,No,Bank transfer (automatic),55.05,1513.39,Yes
7836-TJGTR,Female,0,No,No,1,Yes,Yes,DSL,No,No,Yes,No,No,No,Month-to-month,No,Electronic check,54.86,57.15,Yes
6516-VMXFZ,Female,0,No,No,18,Yes,No,Fiber optic,Yes,No,Yes,Yes,Yes,No,Month-to-month,Yes,Bank transfer (automatic),92.68,1762.17,No
9557-WLEQF,Female,0,Yes,No,8,Yes,Yes,Fiber optic,No,Yes,No,No,No,No,Month-to-month,No,Mailed check,77.91,573.69,Yes
4253-XBQEW,Male,0,Yes,Yes,3,Yes,No,DSL,No,Yes,Yes,No,No,No,Month-to-month,No,Mailed check,54.43,150.65,Yes
0175-TVILJ,Female,0,No,Yes,20,Yes,No,DSL,No,No,No,No,Yes,No,Month-to-month,Yes,Mailed check,54.7,1028.88,No
2492-RLFUD,Male,0,No,Yes,8,Yes,Yes,Fiber optic,No,Yes,No,Yes,No,Yes,Month-to-month,Yes,Electronic check,93.72,724.06,No
5477-LAYSN,Female,0,No,No,45,No,No phone service,Fiber optic,No,No,No,No,No,Yes,One year,Yes,Bank transfer (automatic),62.27,2650.56,No
4770-WRHAG,Male,1,Yes,Yes,68,Yes,No,No,No internet service,No internet service,No internet service,No internet service,No internet service,No internet service,One year,Yes,Mailed check,18.91,1262.07,No
1168-VEZAQ,Female,0,No,No,40,Yes,Yes,DSL,Yes,Yes,Yes,No,No,No,One year,No,Bank transfer (automatic),66.4,2661.85,No
5994-AYWCK,Male,0,No,No,42,Yes,Yes,DSL,No,Yes,Yes,Yes,No,No,One year,No,Credit card (automatic),66.49,2615.99,No
2535-IGBPZ,Female,0,No,No,18,No,No phone service,No,No internet service,No internet service,No internet service,No internet service,No internet service,No internet service,Month-to-month,Yes,Credit card (automatic),18.25,314.99,No
6098-NPTYS,Male,0,Yes,No,11,Yes,Yes,Fiber optic,No,No,No,Yes,Yes,No,Month-to-month,No,Mailed check,91.13,1063.96,Yes
5284-ERTGO,Female,0,Yes,No,35,No,No phone service,DSL,No,No,No,No,No,No,One year,No,Electronic check,26.83,904.63,No
9315-YOPSR,Female,0,No,No,9,Yes,No,Fiber optic,No,Yes,Yes,Yes,Yes,Yes,Month-to-month,Yes,Mailed check,105.95,978.03,No
3243-NNSMN,Female,0,Yes,Yes,22,No,No phone service,No,No internet service,No internet service,No internet service,No internet service,No internet service,No internet service,One year,Yes,Bank transfer (automatic),18.25,410.86,No
2773-WWIMF,Male,1,Yes,Yes,7,Yes,Yes,No,No internet service,No internet service,No internet service,No internet service,No internet service,No internet service,Month-to-month,Yes,Bank transfer (automatic),23.67,166.7,No
7443-KANEA,Female,1,No,No,9,Yes,No,Fiber optic,No,Yes,No,No,No,No,Month-to-month,Yes,Electronic check,73.52,627.19,Yes
7398-HWJVK,Female,1,No,No,23,Yes,No,DSL,Yes,No,Yes,No,No,No,One year,No,Mailed check,57.42,1338.99,Yes
6183-CVTCZ,Male,1,Yes,No,23,Yes,No,DSL,Yes,Yes,Yes,No,Yes,Yes,Month-to-month,No,Electronic check,82.07,1872.19,No
8170-XFJKL,Female,0,No,No,40,Yes,No,DSL,No,No,Yes,No,Yes,No,Two year,Yes,Mailed check,58.23,2497.29,No
9504-FCFVP,Male,0,No,No,5,No,No phone service,No,No internet service,No internet service,No internet service,No internet service,No internet service,No internet service,Month-to-month,No,Mailed check,18.25,88.61,No
5238-MSNOI,Female,0,No,Yes,19,Yes,No,No,No internet service,No internet service,No internet service,No internet service,No internet service,No internet service,Month-to-month,No,Electronic check,18.25,360.87,No
0397-JWKJZ,Female,0,Yes,No,34,Yes,No,No,No internet service,No internet service,No internet service,No internet service,No internet service,No internet service,One year,No,Mailed check,19.34,665.07,No
9988-SMSDE,Male,0,No,No,71,Yes,Yes,Fiber optic,No,Yes,Yes,No,No,Yes,Two year,No,Bank transfer (automatic),98.13,7220.78,No
5866-QUIAW,Female,1,No,No,10,Yes,No,Fiber optic,No,No,No,No,No,No,Month-to-month,No,Electronic check,65.69,632.84,Yes
3252-ZGKBU,Male,0,Yes,Yes,20,Yes,No,DSL,No,Yes,Yes,No,Yes,No,Month-to-month,No,Electronic check,61.15,1298.62,No
6087-AIHBD,Female,1,Yes,Yes,38,Yes,No,Fiber optic,Yes,Yes,No,Yes,Yes,No,Month-to-month,Yes,Mailed check,92.93,3572.65,No
2236-PORKA,Male,0,No,No,9,No,No phone service,Fiber optic,No,Yes,Yes,No,Yes,Yes,Month-to-month,Yes,Mailed check,80.07,680.92,Yes
4823-OMIAA,Female,0,Yes,No,2,Yes,Yes,DSL,Yes,Yes,No,No,Yes,No,Month-to-month,Yes,Credit card (automatic),69.67,139.41,Yes
5471-IQWGX,Male,1,Yes,Yes,47,Yes,Yes,No,No internet service,No internet service,No internet service,No internet service,No internet service,No internet service,Two year,No,Mailed check,22.78,1020.83,No
3322-JPSOK,Female,1,No,No,12,Yes,Yes,Fiber optic,No,No,No,No,No,Yes,Month-to-month,No,Mailed check,85.71,1032.04,Yes
9665-MGNJR,Male,0,No,No,14,Yes,Yes,DSL,Yes,Yes,Yes,Yes,No,No,Month-to-month,Yes,Bank transfer (automatic),69.8,922.07,No
0280-OSSFC,Female,0,Yes,Yes,36,Yes,Yes,DSL,Yes,No,No,Yes,No,Yes,One year,No,Bank transfer (automatic),72.02,2412.61,No
9903-DFGZY,Male,0,No,No,7,Yes,No,No,No internet service,No internet service,No internet service,No internet service,No internet service,No internet service,One year,No,Credit card (automatic),19.31,140.6,No
2932-MCZUQ,Female,0,No,No,6,Yes,No,DSL,Yes,Yes,Yes,Yes,No,Yes,Month-to-month,Yes,Electronic check,73.58,415.1,Yes
1097-MIVUL,Female,1,No,Yes,66,Yes,No,Fiber optic,No,No,Yes,No,Yes,No,Two year,Yes,Credit card (automatic),86.18,5638.06,No
0372-PRZIB,Male,0,No,No,66,Yes,No,Fiber optic,No,No,No,No,No,No,Two year,No,Bank transfer (automatic),72.66,4886.19,No
8593-LLXEK,Male,0,Yes,No,1,Yes,Yes,Fiber optic,No,Yes,No,No,Yes,Yes,Month-to-month,Yes,Electronic check,96.43,101.66,Yes
6639-VXMDO,Female,0,No,No,67,Yes,No,Fiber optic,No,No,No,Yes,No,Yes,Two year,No,Mailed check,86.62,6021.69,No
8519-CQJUB,Female,0,No,No,15,Yes,Yes,Fiber optic,No,Yes,Yes,No,Yes,Yes,Month-to-month,No,Credit card (automatic),101.75,1458.14,Yes
8803-PHFJB,Female,0,Yes,No,70,Yes,No,DSL,Yes,No,No,No,No,Yes,Two year,No,Bank transfer (automatic),62.35,4705.02,No
5298-MNNZF,Male,0,Yes,No,62,Yes,No,DSL,Yes,Yes,Yes,No,Yes,Yes,One year,Yes,Mailed check,75.96,4860.58,No
0786-SBCPQ,Female,0,No,No,60,Yes,Yes,No,No internet service,No internet service,No internet service,No internet service,No internet service,No internet service,Two year,No,Electronic check,25.93,1574.17,No
7197-PQRBU,Male,0,Yes,Yes,68,Yes,No,No,No internet service,No internet service,No internet service,No internet service,No internet service,No internet service,Two year,No,Electronic check,20.71,1455.95,No
3898-YJZVJ,Male,1,No,No,1,Yes,Yes,No,No internet service,No internet service,No internet service,No internet service,No internet service,No internet service,Month-to-month,No,Credit card (automatic),24.31,26.11,No
9650-GRZAU,Male,0,Yes,No,6,Yes,No,Fiber optic,No,Yes,Yes,No,Yes,Yes,One year,Yes,Electronic check,100.91,575.01,Yes
9417-RZPOV,Male,1,No,No,21,Yes,No,DSL,No,Yes,Yes,No,No,Yes,One year,No,Mailed check,66.06,1292.65,No
9305-EGBSX,Female,0,Yes,Yes,10,Yes,Yes,No,No internet service,No internet service,No internet service,No internet service,No internet service,No internet service,Month-to-month,No,Electronic check,25.54,268.02,No
9263-EUSFB,Male,0,No,No,1,Yes,Yes,No,No internet service,No internet service,No internet service,No internet service,No internet service,No internet service,Month-to-month,Yes,Mailed check,22.66,22.11,No
5160-OGHSO,Female,0,No,No,9,Yes,No,DSL,Yes,No,Yes,Yes,No,No,Month-to-month,Yes,Electronic check,57.66,484.69,No
3498-TFYGW,Male,0,Yes,Yes,31,Yes,Yes,Fiber optic,No,No,Yes,No,Yes,Yes,Month-to-month,Yes,Electronic check,100.91,3034.01,No
0273-TNZMM,Female,0,No,No,3,Yes,Yes,Fiber optic,No,Yes,No,No,Yes,No,Month-to-month,Yes,Mailed check,87.16,268.14,Yes
7354-WPAWL,Male,0,No,No,28,Yes,Yes,Fiber optic,No,No,No,No,Yes,Yes,One year,No,Bank transfer (automatic),90.28,2371.1,No
2564-BTIXW,Female,0,No,No,19,Yes,No,Fiber optic,Yes,Yes,Yes,Yes,Yes,Yes,Month-to-month,Yes,Electronic check,108.29,1963.19,Yes
0465-VCNYF,Female,1,Yes,Yes,13,Yes,Yes,No,No internet service,No internet service,No internet service,No internet service,No internet service,No internet service,Month-to-month,Yes,Credit card (automatic),22.74,298.53,Yes
0878-YRLWU,Female,0,No,No,64,Yes,No,No,No internet service,No internet service,No internet service,No internet service,No internet service,No internet service,Two year,Yes,Mailed check,20.9,1362.93,No
5223-BIKFY,Male,0,No,Yes,68,Yes,No,DSL,Yes,No,No,No,No,No,One year,No,Credit card (automatic),50.07,3595.98,No
0640-USBBW,Male,1,Yes,No,71,Yes,No,Fiber optic,Yes,No,No,No,No,No,Two year,No,Electronic check,76.92,5225.03,No
2740-LNGGG,Female,0,No,No,63,Yes,No,DSL,No,No,No,Yes,No,No,Two year,No,Credit card (automatic),51.88,3422.1,No
4684-YCOXU,Female,1,Yes,Yes,71,Yes,No,DSL,Yes,Yes,No,No,No,Yes,Two year,No,Mailed check,66.07,4783.12,No
3298-AUNIN,Male,0,No,No,53,Yes,Yes,Fiber optic,No,Yes,No,No,Yes,Yes,One year,No,Bank transfer (automatic),97.22,5400.53,No
9004-TYLBG,Male,1,No,No,37,Yes,No,No,No internet service,No internet service,No internet service,No internet service,No internet service,No internet service,Month-to-month,Yes,Credit card (automatic),21.19,769.19,No
5581-SPLYY,Female,0,Yes,Yes,16,Yes,Yes,Fiber optic,Yes,No,No,No,Yes,Yes,One year,No,Credit card (automatic),104.01,1632.33,No
4702-UMGGP,Female,0,No,No,2,Yes,No,Fiber optic,Yes,Yes,No,Yes,No,Yes,Month-to-month,No,Electronic check,94.59,204.01,No
9753-XUROU,Female,0,Yes,Yes,49,Yes,Yes,Fiber optic,No,No,No,Yes,No,No,Two year,No,Electronic check,81.07,4220.74,No
8399-YUWGK,Female,1,No,No,55,Yes,No,Fiber optic,No,No,No,Yes,No,Yes,One year,Yes,Electronic check,83.84,4708.01,Yes
2722-QDAME,Female,0,No,No,39,Yes,Yes,Fiber optic,Yes,Yes,No,Yes,Yes,Yes,One year,Yes,Bank transfer (automatic),104.36,3779.29,No
9876-JHNXS,Male,0,No,No,6,Yes,Yes,Fiber optic,Yes,No,Yes,Yes,Yes,Yes,One year,Yes,Electronic check,108.18,605.12,Yes
0600-MMIXI,Female,0,Yes,No,33,Yes,No,DSL,No,No,No,No,No,Yes,One year,No,Bank transfer (automatic),57.34,2029.46,No
8547-FHMBB,Female,0,No,No,51,Yes,No,Fiber optic,No,Yes,Yes,No,Yes,Yes,One year,No,Credit card (automatic),98.94,4909.03,No
9971-LTJJR,Male,1,No,Yes,21,No,No phone service,DSL,No,No,No,Yes,Yes,No,Month-to-month,Yes,Mailed check,41.93,895.67,No
0541-YSTHQ,Male,0,No,No,29,Yes,No,DSL,No,Yes,No,No,No,No,Month-to-month,Yes,Electronic check,52.47,1432.15,No
2394-PYBVL,Female,0,Yes,Yes,38,Yes,Yes,Fiber optic,No,Yes,No,No,No,Yes,Two year,Yes,Credit card (automatic),88.45,3274.67,No
2042-KHHPT,Male,0,No,Yes,38,Yes,No,No,No internet service,No internet service,No internet service,No internet service,No internet service,No internet service,One year,No,Bank transfer (automatic),18.29,737.8,No
5419-FYMVC,Female,0,Yes,Yes,5,Yes,No,Fiber optic,Yes,No,No,Yes,Yes,Yes,Month-to-month,Yes,Electronic check,98.53,465.82,Yes
7394-BCGWZ,Male,0,No,No,5,No,No phone service,No,No internet service,No internet service,No internet service,No internet service,No internet service,No internet service,Month-to-month,Yes,Electronic check,18.25,86.42,No
5483-KRRPX,Female,0,Yes,Yes,9,Yes,Yes,DSL,No,No,No,No,Yes,Yes,Month-to-month,No,Electronic check,69.34,657.88,Yes
2011-GMYQJ,Female,1,Yes,Yes,61,Yes,Yes,Fiber optic,Yes,Yes,No,Yes,No,No,Two year,No,Bank transfer (automatic),86.11,4899.74,No
7743-EJKBU,Male,0,Yes,Yes,38,Yes,No,DSL,No,No,No,No,Yes,Yes,Two year,No,Electronic check,59.46,2422.86,No
7658-ZZAGS,Female,0,Yes,Yes,11,Yes,No,Fiber optic,No,No,No,Yes,Yes,Yes,Month-to-month,Yes,Electronic check,95.31,1083.76,Yes
2340-VKTBL,Male,0,No,No,35,Yes,No,Fiber optic,No,No,No,Yes,No,Yes,Month-to-month,Yes,Electronic check,83.48,3070.5,No
1654-RDWCZ,Female,1,No,Yes,8,Yes,No,DSL,No,No,No,No,No,No,Month-to-month,Yes,Electronic check,43.09,334.06,Yes
4780-FZEMN,Male,0,No,No,1,Yes,Yes,DSL,Yes,Yes,Yes,Yes,Yes,No,Month-to-month,No,Electronic check,81.27,79.08,No
7351-MOGID,Male,0,Yes,Yes,12,Yes,Yes,DSL,Yes,Yes,Yes,Yes,Yes,No,Month-to-month,Yes,Bank transfer (automatic),79.94,985.85,No
3932-BRTRR,Female,1,Yes,Yes,56,Yes,No,DSL,Yes,No,No,No,Yes,No,One year,No,Mailed check,57.15,3080.88,No
6441-XEZBF,Male,0,Yes,No,67,Yes,Yes,Fiber optic,No,Yes,No,No,No,Yes,Two year,Yes,Electronic check,90.13,6081.12,No
8049-ERNFQ,Female,0,No,No,9,Yes,No,Fiber optic,Yes,No,No,No,No,Yes,Month-to-month,Yes,Bank transfer (automatic),86.92,736.23,Yes
1683-PNZBC,Male,1,No,Yes,9,Yes,Yes,No,No internet service,No internet service,No internet service,No internet service,No internet service,No internet service,Month-to-month,Yes,Electronic check,26.56,252.88,Yes
1672-XILPU,Female,0,Yes,No,72,Yes,No,DSL,No,No,Yes,Yes,No,Yes,One year,No,Credit card (automatic),66.67,4949.59,No
2196-ZULYJ,Female,0,Yes,Yes,5,Yes,No,No,No internet service,No internet service,No internet service,No internet service,No internet service,No internet service,Month-to-month,Yes,Electronic check,19.6,93.79,No
5978-UULXX,Female,0,No,Yes,1,Yes,No,No,No internet service,No internet service,No internet service,No internet service,No internet service,No internet service,Month-to-month,No,Mailed check,18.73,18.6,No
3701-OEQGS,Female,0,No,No,31,Yes,Yes,Fiber optic,Yes,Yes,No,No,Yes,No,Month-to-month,No,Bank transfer (automatic),96.47,3186.5,No
7870-INXWV,Female,1,Yes,Yes,21,Yes,Yes,Fiber optic,No,No,No,No,Yes,Yes,One year,No,Bank transfer (automatic),98.18,2142.85,No
6193-UIHGD,Female,0,Yes,No,3,Yes,No,DSL,Yes,No,Yes,No,Yes,No,Month-to-month,Yes,Electronic check,64.02,199.85,No
7464-HRZMF,Male,0,Yes,Yes,45,Yes,No,Fiber optic,Yes,No,Yes,No,No,Yes,One year,Yes,Credit card (automatic),88.45,3975.99,No
4638-WDOKX,Female,0,Yes,Yes,52,Yes,Yes,DSL,No,Yes,No,No,No,No,Two year,No,Mailed check,57.82,3181.51,No
7581-TNGNV,Female,1,No,No,1,Yes,No,DSL,Yes,No,Yes,No,No,No,Month-to-month,No,Mailed check,54.17,50.59,Yes
1022-QSPAB,Male,1,No,No,16,Yes,No,DSL,Yes,No,No,Yes,No,No,One year,Yes,Credit card (automatic),53.76,813.27,No
9634-UCXGO,Female,0,Yes,No,69,Yes,Yes,Fiber optic,No,No,Yes,No,No,No,Two year,Yes,Bank transfer (automatic),78.42,5198.1,No
3248-ESBNS,Male,0,No,No,32,Yes,No,DSL,No,No,Yes,No,Yes,No,One year,Yes,Mailed check,60.74,1887.06,No
0135-ATGKS,Male,0,Yes,No,53,Yes,No,No,No internet service,No internet service,No internet service,No internet service,No internet service,No internet service,Month-to-month,Yes,Electronic check,19.44,952.9,No
5321-CHENS,Female,0,Yes,No,31,Yes,Yes,Fiber optic,Yes,No,Yes,No,Yes,Yes,Month-to-month,No,Electronic check,103.61,3236.93,Yes
6871-MZQJC,Female,0,Yes,No,71,Yes,No,Fiber optic,No,No,No,No,Yes,No,Two year,Yes,Bank transfer (automatic),79.35,5836.43,No
5332-DXPGX,Male,0,Yes,No,13,Yes,No,Fiber optic,No,Yes,Yes,No,No,Yes,Month-to-month,No,Electronic check,88.98,1205.98,No
7670-PDFUG,Female,0,No,No,52,Yes,No,DSL,No,No,Yes,Yes,No,Yes,Two year,Yes,Credit card (automatic),63.58,3360.15,No
6969-OPAME,Female,0,Yes,Yes,41,Yes,No,Fiber optic,No,No,No,Yes,No,Yes,Two year,Yes,Bank transfer (automatic),85.26,3231.35,No
5967-SXXUT,Male,1,Yes,No,55,Yes,Yes,Fiber optic,Yes,Yes,Yes,No,No,Yes,Two year,Yes,Electronic check,99.82,5056.01,No
5651-EOYNT,Female,0,No,Yes,57,Yes,No,Fiber optic,Yes,Yes,Yes,No,No,Yes,Two year,Yes,Electronic check,95.18,5420.21,No
3433-YVMRK,Male,0,Yes,Yes,23,Yes,No,Fiber optic,No,Yes,No,No,No,Yes,Two year,No,Credit card (automatic),86.53,1885.32,No
4136-ZRMDJ,Female,0,Yes,No,45,Yes,No,DSL,Yes,No,Yes,No,No,No,Two year,Yes,Bank transfer (automatic),51.97,2253.14,No
2958-EWPZB,Male,0,Yes,Yes,11,Yes,No,Fiber optic,No,Yes,No,Yes,Yes,Yes,Month-to-month,Yes,Electronic check,96.38,1119.98,No
9362-UWRXC,Male,0,Yes,No,24,Yes,No,Fiber optic,No,No,Yes,Yes,Yes,Yes,Month-to-month,Yes,Bank transfer (automatic),97.79,2420.13,Yes
9412-HFOLC,Male,0,Yes,No,13,Yes,Yes,DSL,No,Yes,No,Yes,No,No,Month-to-month,No,Mailed check,59.5,770.94,No
1170-FRUTW,Female,0,No,No,22,Yes,Yes,DSL,Yes,No,Yes,Yes,Yes,No,Month-to-month,No,Bank transfer (automatic),74.77,1771.49,No
8164-VTQKO,Female,0,Yes,No,21,Yes,No,Fiber optic,No,No,No,Yes,Yes,Yes,Month-to-month,Yes,Credit card (automatic),93.14,2025.09,Yes
5539-HHCNE,Female,1,Yes,Yes,70,Yes,No,DSL,No,No,No,Yes,Yes,Yes,Two year,Yes,Credit card (automatic),69.35,4539.79,No
1567-ZKJJQ,Male,0,No,Yes,42,Yes,No,Fiber optic,No,Yes,Yes,No,Yes,Yes,Two year,No,Bank transfer (automatic),98,4366.3,No
8439-WLHZL,Female,1,Yes,Yes,3,Yes,Yes,DSL,No,Yes,Yes,No,Yes,No,Month-to-month,Yes,Mailed check,66.36,197.25,Yes
1057-PFHZK,Male,0,Yes,No,71,Yes,Yes,DSL,No,No,No,No,No,Yes,Two year,Yes,Credit card (automatic),56.78,3891.01,No
2848-IZYRA,Female,0,Yes,Yes,53,Yes,Yes,No,No internet service,No internet service,No internet service,No internet service,No internet service,No internet service,One year,Yes,Credit card (automatic),25.61,1364.7,No
5682-USLFY,Female,0,Yes,Yes,37,Yes,No,No,No internet service,No internet service,No internet service,No internet service,No internet service,No internet service,One year,No,Bank transfer (automatic),18.25,631.11,No
5748-VLEDF,Male,0,No,No,44,Yes,Yes,DSL,No,Yes,No,No,No,No,Two year,No,Electronic check,56.57,2681.32,No
1581-YMIDJ,Male,0,Yes,No,63,Yes,No,DSL,No,No,No,Yes,No,No,Two year,No,Electronic check,49.61,2908.22,No
3434-ZSUEW,Female,0,Yes,No,72,Yes,No,Fiber optic,No,No,No,Yes,Yes,Yes,Two year,Yes,Bank transfer (automatic),92.62,6155.44,No
0604-PYPMK,Male,0,Yes,No,7,Yes,No,DSL,Yes,No,No,Yes,No,Yes,Month-to-month,Yes,Mailed check,64.15,463.81,Yes
1164-EQTVO,Female,0,No,No,59,Yes,Yes,Fiber optic,Yes,Yes,No,No,No,No,Month-to-month,No,Electronic check,82.51,4494.26,No
6669-DMJYY,Male,0,No,No,6,Yes,No,No,No internet service,No internet service,No internet service,No internet service,No internet service,No internet service,Month-to-month,Yes,Bank transfer (automatic),22.69,135.88,Yes
7908-LBERF,Female,0,Yes,No,44,Yes,Yes,Fiber optic,Yes,No,No,No,No,Yes,One year,No,Electronic check,88.65,3689.87,No
6834-GGFQR,Female,0,Yes,No,37,Yes,Yes,DSL,No,Yes,No,No,No,No,Two year,Yes,Credit card (automatic),52.24,1869.21,No
3101-ZOSCR,Male,0,Yes,No,38,Yes,No,Fiber optic,Yes,Yes,No,Yes,Yes,No,One year,Yes,Electronic check,99.84,3747.86,No
9593-QZHCJ,Female,0,Yes,No,52,Yes,No,DSL,No,Yes,No,No,No,Yes,Two year,Yes,Bank transfer (automatic),59.35,3246.51,No
7659-ULNGL,Female,0,Yes,No,16,Yes,No,Fiber optic,No,No,No,No,No,No,Month-to-month,Yes,Electronic check,70.89,1105.81,Yes
9275-STPKF,Male,0,No,Yes,27,Yes,No,DSL,No,No,Yes,Yes,No,No,Month-to-month,Yes,Bank transfer (automatic),54.78,1428.69,No
1644-YKJOE,Female,0,No,No,32,Yes,No,No,No internet service,No internet service,No internet service,No internet service,No internet service,No internet service,One year,Yes,Credit card (automatic),20.03,679.23,No
2495-ZQZAL,Male,0,No,Yes,53,Yes,No,Fiber optic,No,No,No,No,No,No,Two year,Yes,Credit card (automatic),70.95,3947.04,No
2540-JPAVH,Female,1,Yes,Yes,4,Yes,No,Fiber optic,Yes,Yes,No,No,Yes,No,Month-to-month,Yes,Mailed check,91.18,384.45,No
9896-HLSFQ,Female,0,No,Yes,37,No,No phone service,Fiber optic,Yes,No,No,No,Yes,No,Month-to-month,Yes,Electronic check,63.42,2276.66,Yes
4642-UDIYN,Female,0,Yes,Yes,72,Yes,Yes,DSL,No,No,No,No,No,Yes,Two year,No,Credit card (automatic),59.3,4340.06,No
9339-DFZJO,Female,0,No,No,35,Yes,Yes,Fiber optic,Yes,No,Yes,No,Yes,Yes,Month-to-month,No,Bank transfer (automatic),104.55,3768.37,Yes
0743-XBHFZ,Male,0,No,No,36,Yes,No,No,No internet service,No internet service,No internet service,No internet service,No internet service,No internet service,Month-to-month,Yes,Mailed check,18.9,732.99,No
4504-LCYGN,Female,0,No,No,72,No,No phone service,Fiber optic,No,Yes,Yes,Yes,Yes,No,Month-to-month,Yes,Mailed check,77.66,5803.45,No
6715-CJQQB,Male,0,Yes,No,69,Yes,No,Fiber optic,No,Yes,No,Yes,No,Yes,Two year,No,Credit card (automatic),91.99,6435.87,No
0723-QNHFS,Female,0,No,No,28,Yes,No,Fiber optic,No,No,Yes,No,Yes,No,Month-to-month,Yes,Credit card (automatic),79.7,2095.26,Yes
7909-QPZFX,Male,1,No,No,55,Yes,Yes,Fiber optic,No,No,Yes,No,No,No,One year,Yes,Bank transfer (automatic),80.95,4398.55,No
0404-CEYPH,Male,0,No,No,26,Yes,No,No,No internet service,No internet service,No internet service,No internet service,No internet service,No internet service,Month-to-month,No,Electronic check,20.5,536.25,No
0888-VHGVY,Male,0,No,No,30,No,No phone service,Fiber optic,Yes,No,Yes,No,No,Yes,Month-to-month,No,Mailed check,71.13,2259.24,No
5356-YJXYQ,Male,0,Yes,Yes,1,Yes,No,Fiber optic,No,Yes,Yes,No,Yes,Yes,Month-to-month,Yes,Electronic check,100.41,98.32,Yes
2065-HTFLR,Female,0,Yes,No,7,Yes,No,No,No internet service,No internet service,No internet service,No internet service,No internet service,No internet service,Month-to-month,No,Mailed check,18.66,123.38,No
5845-XRWPB,Male,1,Yes,Yes,63,Yes,No,Fiber optic,No,No,No,No,No,Yes,Two year,No,Bank transfer (automatic),82.7,4978.57,No
2202-YGJYB,Female,0,Yes,No,44,Yes,No,Fiber optic,No,Yes,No,No,Yes,No,One year,Yes,Credit card (automatic),79.14,3566.61,No
0547-HSOSW,Male,1,Yes,Yes,70,Yes,No,No,No internet service,No internet service,No internet service,No internet service,No internet service,No internet service,Two year,Yes,Bank transfer (automatic),18.25,1206.33,No
5718-IGCOX,Female,0,Yes,Yes,72,Yes,No,Fiber optic,No,Yes,No,No,Yes,Yes,Two year,Yes,Bank transfer (automatic),92.08,6844.88,No
0021-OJJNO,Male,0,Yes,No,29,Yes,Yes,DSL,No,Yes,Yes,No,Yes,No,Month-to-month,Yes,Credit card (automatic),70.08,1875.67,No
0425-AVTFD,Male,0,Yes,No,50,Yes,Yes,Fiber optic,No,No,Yes,No,Yes,Yes,Month-to-month,Yes,Electronic check,97.91,5059.18,No
6551-GIEDC,Male,0,Yes,Yes,12,No,No phone service,DSL,Yes,Yes,No,Yes,Yes,No,Month-to-month,Yes,Electronic check,50.13,576.65,No
9483-HASAB,Male,0,No,No,20,Yes,Yes,No,No internet service,No internet service,No internet service,No internet service,No internet service,No internet service,Month-to-month,No,Mailed check,22.92,490.11,No
5470-LPELT,Female,0,No,No,7,Yes,Yes,No,No internet service,No internet service,No internet service,No internet service,No internet service,No internet service,Month-to-month,Yes,Bank transfer (automatic),22.5,160.16,No
9801-OBVAQ,Male,0,No,No,8,Yes,Yes,Fiber optic,Yes,No,No,No,No,No,Month-to-month,Yes,Credit card (automatic),80.29,680.78,Yes
3509-YUYXL,Female,0,Yes,Yes,39,Yes,No,Fiber optic,No,Yes,Yes,No,No,No,Month-to-month,No,Bank transfer (automatic),80.51,3303.19,No
9088-GARLA,Female,1,Yes,Yes,4,Yes,Yes,Fiber optic,No,No,Yes,Yes,No,No,Month-to-month,No,Bank transfer (automatic),88.92,356.05,No
5387-VXYFE,Male,0,Yes,Yes,16,Yes,Yes,Fiber optic,No,Yes,No,Yes,Yes,Yes,Month-to-month,No,Bank transfer (automatic),105.03,1711.27,Yes
8678-PJWZI,Female,0,Yes,Yes,72,Yes,No,DSL,Yes,No,No,No,Yes,No,Month-to-month,Yes,Mailed check,58.59,4527.76,No
2963-VQYDP,Female,0,No,No,13,Yes,Yes,DSL,Yes,No,No,No,Yes,No,Month-to-month,Yes,Mailed check,63.61,773.3,No
9686-PBMHB,Female,0,Yes,Yes,12,Yes,Yes,No,No internet service,No internet service,No internet service,No internet service,No internet service,No internet service,Month-to-month,No,Electronic check,20.45,249.88,No
4763-WZQVC,Female,0,Yes,Yes,6,No,No phone service,No,No internet service,No internet service,No internet service,No internet service,No internet service,No internet service,Month-to-month,Yes,Electronic check,18.25,108.49,Yes
1331-OKMVP,Female,0,No,No,64,Yes,Yes,Fiber optic,Yes,Yes,Yes,No,No,No,Two year,No,Credit card (automatic),89.81,5948.39,No
3502-DDRLM,Female,0,No,No,70,Yes,No,DSL,No,Yes,Yes,Yes,No,Yes,Two year,Yes,Credit card (automatic),69.17,4655.8,No
7805-CDOMY,Male,1,No,No,2,Yes,No,No,No internet service,No internet service,No internet service,No internet service,No internet service,No internet service,Month-to-month,Yes,Credit card (automatic),19.62,38.16,No
9349-MORER,Male,0,Yes,Yes,12,Yes,Yes,No,No internet service,No internet service,No internet service,No internet service,No internet service,No internet service,Month-to-month,Yes,Electronic check,22.55,291.93,Yes
7689-VBHGO,Male,0,No,No,6,No,No phone service,Fiber optic,Yes,Yes,Yes,Yes,Yes,No,Month-to-month,No,Electronic check,75.5,438.18,No
4133-ALGIL,Female,0,Yes,Yes,1,Yes,Yes,Fiber optic,No,No,No,No,Yes,Yes,Month-to-month,No,Electronic check,94.07,90.51,Yes
7632-XPKLY,Female,0,Yes,Yes,13,Yes,Yes,DSL,Yes,No,Yes,Yes,No,Yes,Month-to-month,No,Mailed check,73.83,1028.43,No
8540-MNGXN,Male,0,No,No,16,Yes,No,Fiber optic,Yes,No,No,Yes,Yes,Yes,Month-to-month,Yes,Electronic check,99.97,1507.16,Yes
4960-WEEUV,Female,0,No,No,25,Yes,No,No,No internet service,No internet service,No internet service,No internet service,No internet service,No internet service,Month-to-month,No,Bank transfer (automatic),19.7,506.32,No
9381-YBJKK,Female,0,No,No,22,Yes,No,Fiber optic,Yes,No,Yes,No,Yes,Yes,Month-to-month,No,Credit card (automatic),99.66,2081.77,Yes
3380-JJKTD,Female,0,No,No,15,Yes,No,No,No internet service,No internet service,No internet service,No internet service,No internet service,No internet service,Two year,Yes,Electronic check,18.25,268.82,No
2487-HIOHQ,Male,1,No,No,29,Yes,No,DSL,No,Yes,Yes,Yes,No,No,Month-to-month,Yes,Electronic check,63.49,1803.65,Yes
0716-PMMVH,Male,0,Yes,No,15,Yes,No,DSL,No,Yes,No,Yes,Yes,No,Month-to-month,No,Mailed check,66.79,1026.76,No
1218-TSUTI,Male,0,No,No,24,Yes,Yes,No,No internet service,No internet service,No internet service,No internet service,No internet service,No internet service,One year,No,Credit card (automatic),22.6,573.84,No
7360-LCRFW,Male,0,No,Yes,38,Yes,Yes,No,No internet service,No internet service,No internet service,No internet service,No internet service,No internet service,Month-to-month,Yes,Electronic check,27.24,985.53,No
8873-CVFIA,Male,0,Yes,No,36,No,No phone service,DSL,Yes,Yes,Yes,No,No,No,Month-to-month,Yes,Electronic check,40.83,1436.28,No
4749-IQDYZ,Male,0,Yes,No,1,Yes,No,No,No internet service,No internet service,No internet service,No internet service,No internet service,No internet service,Month-to-month,Yes,Bank transfer (automatic),18.25,18.45,No
5082-VQIOI,Male,0,No,No,49,Yes,No,DSL,Yes,Yes,No,No,Yes,Yes,Two year,Yes,Electronic check,76.87,4065.59,No
1873-DJBBZ,Female,0,Yes,Yes,48,Yes,No,Fiber optic,Yes,No,Yes,Yes,No,No,Two year,Yes,Electronic check,83.57,3732.88,No
2589-BFXXT,Male,0,No,No,60,Yes,No,DSL,No,Yes,Yes,No,Yes,No,One year,No,Mailed check,63.66,3762.97,No
7850-APZZS,Female,1,No,No,58,Yes,Yes,No,No internet service,No internet service,No internet service,No internet service,No internet service,No internet service,Two year,Yes,Bank transfer (automatic),24.1,1419.71,No
4738-UEFUE,Female,0,No,Yes,56,Yes,Yes,No,No internet service,No internet service,No internet service,No internet service,No internet service,No internet service,One year,Yes,Credit card (automatic),24.77,1281.65,No
0989-QNTPD,Female,0,Yes,No,7,No,No phone service,DSL,No,Yes,Yes,No,No,Yes,Month-to-month,No,Mailed check,44.49,326.28,No
9099-WXHLG,Female,0,No,No,12,Yes,No,No,No internet service,No internet service,No internet service,No internet service,No internet service,No internet service,One year,Yes,Credit card (automatic),21.43,237.75,No
5192-VJMBD,Male,1,No,No,48,Yes,Yes,DSL,No,No,No,Yes,No,Yes,One year,Yes,Credit card (automatic),67.84,3398.31,No
3817-SFXHZ,Male,1,Yes,No,3,Yes,No,No,No internet service,No internet service,No internet service,No internet service,No internet service,No internet service,Month-to-month,Yes,Bank transfer (automatic),18.82,54.49,No
9376-XTOFJ,Female,0,Yes,Yes,5,Yes,No,No,No internet service,No internet service,No internet service,No internet service,No internet service,No internet service,Month-to-month,Yes,Bank transfer (automatic),18.25,90.42,No
9188-UIMYL,Male,0,No,No,1,Yes,Yes,No,No internet service,No internet service,No internet service,No internet service,No internet service,No internet service,Month-to-month,Yes,Electronic check,23.6,22.56,No
7457-UAUGR,Male,0,Yes,No,22,Yes,Yes,DSL,Yes,Yes,No,Yes,No,Yes,Month-to-month,No,Bank transfer (automatic),72.69,1634.59,No
6335-KYSBW,Male,0,Yes,No,40,Yes,No,DSL,No,Yes,Yes,No,Yes,No,One year,Yes,Mailed check,63.4,2376.94,No
7704-CMMQV,Female,0,Yes,Yes,47,Yes,No,Fiber optic,No,No,Yes,No,No,No,One year,No,Credit card (automatic),71.74,3254.26,No
1427-TJWWY,Male,0,Yes,No,12,Yes,Yes,Fiber optic,No,No,Yes,No,No,Yes,Month-to-month,Yes,Electronic check,90.4,1047.43,Yes
0512-GOBZL,Female,0,No,No,15,Yes,No,Fiber optic,No,No,Yes,Yes,No,Yes,Month-to-month,Yes,Electronic check,86.66,1219.27,Yes
5423-DLCRR,Male,0,Yes,No,22,No,No phone service,Fiber optic,Yes,Yes,No,No,Yes,Yes,Month-to-month,Yes,Electronic check,77.71,1722.79,Yes
2845-HAAUL,Female,1,No,No,8,Yes,Yes,DSL,No,Yes,Yes,No,No,Yes,Month-to-month,Yes,Electronic check,72.71,583.89,Yes
0636-GHGJP,Male,0,No,Yes,2,Yes,Yes,Fiber optic,No,No,Yes,No,Yes,No,Month-to-month,No,Electronic check,86.53,182.16,Yes
4914-ZQUIH,Male,0,No,No,24,Yes,No,DSL,Yes,No,Yes,Yes,No,Yes,One year,No,Bank transfer (automatic),66.98,1627.54,No
6591-SVSHT,Male,1,No,No,11,Yes,Yes,DSL,No,No,No,Yes,No,Yes,One year,Yes,Credit card (automatic),67.56,780.16,No
9804-AMZHN,Female,0,Yes,Yes,45,Yes,Yes,Fiber optic,No,Yes,No,No,No,No,Month-to-month,Yes,Mailed check,79.28,3550.07,Yes
3986-THWGN,Female,0,Yes,Yes,10,Yes,No,Fiber optic,No,Yes,Yes,Yes,Yes,Yes,Month-to-month,Yes,Mailed check,102.2,957.56,Yes
2496-QJTCH,Male,0,No,Yes,57,Yes,No,DSL,Yes,No,Yes,No,Yes,Yes,Two year,No,Bank transfer (automatic),72.42,4056.81,No
3970-HMJQJ,Male,0,No,No,60,No,No phone service,DSL,No,Yes,No,Yes,No,Yes,Two year,Yes,Mailed check,50.43,2910.59,No
1899-ULQOV,Female,0,No,No,71,Yes,No,Fiber optic,No,No,Yes,No,Yes,Yes,Two year,Yes,Electronic check,96.12,7273.82,No
9981-KQUUF,Male,0,Yes,No,12,Yes,No,Fiber optic,No,Yes,Yes,No,Yes,No,Month-to-month,Yes,Electronic check,90.08,1044.1,No
9890-OQPNQ,Male,1,Yes,No,1,Yes,Yes,DSL,Yes,Yes,No,Yes,No,No,Month-to-month,Yes,Mailed check,66.17,69.6,Yes
3480-TPYUX,Male,0,No,No,1,Yes,Yes,Fiber optic,No,No,No,No,Yes,No,Month-to-month,Yes,Electronic check,83.81,84.65,Yes
0960-WYKXG,Male,0,No,Yes,21,Yes,Yes,DSL,No,Yes,No,No,No,No,Month-to-month,Yes,Credit card (automatic),54.78,1225.1,No
2668-ZYZJY,Female,0,No,No,28,Yes,No,Fiber optic,No,No,No,No,Yes,No,Month-to-month,Yes,Credit card (automatic),80.46,2166.97,No
6711-QDPFG,Female,0,No,Yes,25,Yes,Yes,No,No internet service,No internet service,No internet service,No internet service,No internet service,No internet service,One year,Yes,Bank transfer (automatic),23.36,572.51,No
3495-HOZRX,Male,0,Yes,Yes,36,Yes,No,No,No internet service,No internet service,No internet service,No internet service,No internet service,No internet service,Two year,Yes,Bank transfer (automatic),19.7,682.35,No
5748-QTSQD,Male,0,No,No,40,Yes,No,DSL,No,Yes,Yes,Yes,No,Yes,One year,Yes,Bank transfer (automatic),72.58,2921.26,No
6901-SOSOV,Male,1,Yes,Yes,9,No,No phone service,Fiber optic,Yes,No,No,Yes,No,Yes,Month-to-month,Yes,Mailed check,67.71,653.15,No
0427-NZOYQ,Female,0,Yes,Yes,58,Yes,Yes,DSL,Yes,Yes,No,No,No,No,Month-to-month,No,Electronic check,58.5,3157.05,No
8883-ILLAV,Female,0,No,No,2,Yes,Yes,Fiber optic,No,No,Yes,No,Yes,Yes,Month-to-month,Yes,Electronic check,98.27,195.36,Yes
4757-POLHS,Male,0,Yes,No,67,Yes,No,No,No internet service,No internet service,No internet service,No internet service,No internet service,No internet service,Month-to-month,Yes,Mailed check,21,1468.55,No
6504-XCHZO,Female,0,Yes,Yes,2,Yes,No,No,No internet service,No internet service,No internet service,No internet service,No internet service,No internet service,Month-to-month,Yes,Electronic check,21.71,42.22,Yes
6986-JSBIK,Female,0,Yes,No,6,Yes,Yes,DSL,No,No,Yes,Yes,Yes,No,Month-to-month,Yes,Bank transfer (automatic),66.51,375.37,Yes
7792-FLZUI,Male,1,Yes,No,21,Yes,No,DSL,No,Yes,No,Yes,Yes,No,Month-to-month,Yes,Electronic check,63.84,1365.14,Yes
4865-SKHDO,Female,0,Yes,No,1,Yes,Yes,Fiber optic,Yes,Yes,No,No,No,Yes,Month-to-month,No,Electronic check,93.02,90.58,No
4764-LEQDM,Male,0,No,No,56,Yes,Yes,DSL,No,Yes,No,No,No,Yes,Two year,No,Electronic check,65.47,3948.71,No
5326-LZEGW,Female,1,Yes,Yes,17,Yes,No,Fiber optic,No,No,No,No,No,Yes,Month-to-month,Yes,Mailed check,79.51,1322.7,No
1129-PHFNK,Male,0,No,No,61,Yes,No,DSL,Yes,Yes,No,Yes,No,No,Two year,Yes,Mailed check,61.27,3687.58,No
9628-QANPB,Male,1,No,No,57,Yes,Yes,Fiber optic,Yes,No,No,Yes,No,Yes,One year,No,Mailed check,98.3,5797.23,No
6343-IIVVD,Male,0,Yes,Yes,5,Yes,No,Fiber optic,No,Yes,No,Yes,No,Yes,Month-to-month,Yes,Bank transfer (automatic),85.27,395.38,Yes
8335-MPBRR,Female,0,No,No,6,Yes,Yes,Fiber optic,No,Yes,No,No,Yes,No,Month-to-month,Yes,Electronic check,85.28,509.66,Yes
8855-DRNFX,Female,0,Yes,Yes,28,Yes,Yes,Fiber optic,No,No,Yes,No,Yes,No,One year,Yes,Electronic check,89.51,2446.42,No
9609-PQHAF,Male,0,No,No,6,Yes,Yes,Fiber optic,No,No,Yes,No,No,Yes,Month-to-month,No,Bank transfer (automatic),90.34,527.78,No
2844-VLJUJ,Female,0,No,No,23,Yes,No,Fiber optic,No,Yes,No,No,No,No,Month-to-month,Yes,Electronic check,72.76,1586.71,Yes
0406-GOBJD,Male,0,No,No,47,Yes,No,Fiber optic,Yes,Yes,No,No,No,No,Month-to-month,Yes,Mailed check,79.64,3681.91,No
5760-MGCDI,Male,1,No,No,54,Yes,Yes,DSL,No,No,Yes,Yes,No,Yes,Two year,Yes,Credit card (automatic),70.06,4072.51,No
2486-SLRKJ,Female,0,No,No,2,Yes,Yes,DSL,Yes,No,Yes,Yes,Yes,Yes,Month-to-month,No,Electronic check,81.8,162.11,No
1813-MGEKT,Female,0,Yes,Yes,13,Yes,No,DSL,Yes,Yes,Yes,Yes,No,No,Month-to-month,No,Mailed check,65.12,803.45,No
4900-SWURU,Female,0,No,No,49,Yes,Yes,Fiber optic,Yes,Yes,No,No,Yes,No,One year,No,Mailed check,95.8,4695.21,No
5045-JWKVX,Female,0,Yes,Yes,7,Yes,Yes,DSL,No,No,Yes,Yes,No,No,Month-to-month,No,Electronic check,59.55,388.98,No
2305-XYCQY,Male,1,No,No,60,Yes,No,No,No internet service,No internet service,No internet service,No internet service,No internet service,No internet service,Two year,No,Electronic check,18.25,1116.07,No
2459-VWINV,Female,0,Yes,Yes,52,Yes,Yes,DSL,No,Yes,Yes,Yes,Yes,Yes,One year,Yes,Electronic check,82.57,4540.73,No
8736-EDRPB,Female,0,No,Yes,65,Yes,No,Fiber optic,No,No,Yes,Yes,Yes,No,One year,No,Bank transfer (automatic),90.4,5518.8,No
0973-FAZWK,Female,0,No,No,1,Yes,No,Fiber optic,No,Yes,No,Yes,Yes,No,Month-to-month,No,Mailed check,93.04,92.75,No
6138-SVEQO,Male,0,Yes,Yes,57,Yes,No,DSL,Yes,Yes,No,No,No,No,One year,No,Mailed check,55.35,3290,No
7392-HAIYU,Female,0,Yes,No,13,Yes,Yes,Fiber optic,No,Yes,No,No,Yes,No,Month-to-month,Yes,Electronic check,88.95,1120.09,Yes
7444-HAEZF,Female,0,No,No,18,No,No phone service,Fiber optic,No,No,No,No,Yes,Yes,Month-to-month,Yes,Electronic check,70.38,1241.46,Yes
4351-CZFIL,Male,0,No,No,30,Yes,No,No,No internet service,No internet service,No internet service,No internet service,No internet service,No internet service,One year,Yes,Credit card (automatic),18.95,571.28,No
8029-XJOLM,Female,0,Yes,Yes,13,Yes,Yes,Fiber optic,Yes,No,No,No,Yes,No,Month-to-month,No,Credit card (automatic),90.2,1152.52,No
7490-VKOVI,Female,1,No,No,35,No,No phone service,Fiber optic,No,Yes,No,No,Yes,No,One year,No,Mailed check,65.93,2450.48,Yes
3498-RGGWM,Female,0,No,No,39,Yes,Yes,No,No internet service,No internet service,No internet service,No internet service,No internet service,No internet service,One year,Yes,Bank transfer (automatic),21.33,836.24,No
6320-GFHFM,Male,0,Yes,No,40,Yes,No,Fiber optic,Yes,Yes,Yes,No,Yes,Yes,Two year,Yes,Credit card (automatic),106.99,4610.09,No
7575-ZWSXF,Male,0,Yes,Yes,15,Yes,Yes,Fiber optic,No,Yes,No,No,Yes,Yes,Month-to-month,Yes,Bank transfer (automatic),102.96,1534.04,Yes
3426-MWTQW,Female,1,No,No,33,Yes,No,No,No internet service,No internet service,No internet service,No internet service,No internet service,No internet service,Month-to-month,No,Mailed check,18.25,595.14,No
8985-SACLL,Male,0,Yes,No,65,Yes,Yes,Fiber optic,No,No,No,No,Yes,No,Two year,Yes,Bank transfer (automatic),83.13,5638.94,No
3703-ZKCSS,Male,0,No,Yes,13,Yes,No,DSL,No,No,No,Yes,No,Yes,Month-to-month,Yes,Bank transfer (automatic),60.96,813.45,No
9224-YDQYY,Male,0,Yes,No,11,Yes,No,No,No internet service,No internet service,No internet service,No internet service,No internet service,No internet service,Month-to-month,Yes,Bank transfer (automatic),18.87,224.1,No
2708-IDNAP,Female,1,No,No,15,Yes,Yes,Fiber optic,Yes,Yes,No,No,Yes,Yes,Month-to-month,No,Electronic check,102.19,1580.85,Yes
1007-CBGUP,Female,0,Yes,Yes,3,Yes,Yes,Fiber optic,No,No,No,No,No,No,Month-to-month,No,Electronic check,71.34,199.33,Yes
4292-GIVEO,Female,0,No,No,8,Yes,No,Fiber optic,No,Yes,Yes,No,No,No,Month-to-month,Yes,Electronic check,79.19,615.36,Yes
6028-BNUUK,Female,0,Yes,Yes,70,Yes,Yes,Fiber optic,No,Yes,No,Yes,No,No,Two year,Yes,Mailed check,81.95,6107.3,No
1317-HAHST,Female,0,Yes,Yes,61,Yes,Yes,Fiber optic,No,No,No,Yes,Yes,No,Two year,Yes,Credit card (automatic),90.62,5496.64,No
1645-WIJBL,Female,0,No,No,12,Yes,No,DSL,No,No,No,No,No,No,Month-to-month,Yes,Credit card (automatic),44.52,498.23,No
3034-RTAWZ,Male,0,No,No,34,Yes,No,Fiber optic,Yes,No,Yes,No,Yes,Yes,Month-to-month,No,Mailed check,103,3340.52,Yes
3884-KRMDO,Male,0,No,No,38,Yes,Yes,DSL,No,Yes,Yes,Yes,No,No,Month-to-month,No,Mailed check,66.87,2635.45,No
7305-EMYEE,Male,0,Yes,Yes,14,Yes,Yes,Fiber optic,No,No,No,Yes,No,Yes,Month-to-month,No,Bank transfer (automatic),89.42,1191.66,Yes
7109-LZSOZ,Male,0,Yes,No,10,Yes,No,No,No internet service,No internet service,No internet service,No internet service,No internet service,No internet service,Month-to-month,Yes,Electronic check,21.84,226.87,No
3248-RDRTR,Male,0,Yes,Yes,16,Yes,Yes,Fiber optic,Yes,No,No,No,Yes,No,Month-to-month,Yes,Electronic check,88.23,1444.21,Yes
7437-DZRYM,Male,0,Yes,No,33,Yes,No,No,No internet service,No internet service,No internet service,No internet service,No internet service,No internet service,Month-to-month,Yes,Electronic check,18.25,608.92,No
0235-UXZIF,Female,0,Yes,No,27,Yes,No,Fiber optic,No,No,Yes,No,No,Yes,One year,No,Mailed check,87.04,2405.06,No
5990-CNCRB,Female,0,Yes,No,11,Yes,No,DSL,No,No,No,Yes,Yes,No,Month-to-month,No,Electronic check,63.35,745.28,No
0585-EKCAR,Female,0,No,No,15,Yes,Yes,DSL,Yes,No,No,Yes,No,No,One year,Yes,Bank transfer (automatic),61.71,908.08,No
6814-CGXIT,Female,0,Yes,Yes,38,Yes,No,Fiber optic,No,Yes,No,No,Yes,No,Month-to-month,Yes,Electronic check,82.09,3207.83,Yes
5745-WMKTL,Male,1,Yes,No,43,Yes,No,Fiber optic,No,No,Yes,No,Yes,Yes,One year,Yes,Credit card (automatic),91.96,3743.41,No
3291-FUCWV,Male,1,No,No,63,Yes,Yes,Fiber optic,No,Yes,Yes,Yes,No,No,One year,No,Credit card (automatic),90.92,5730.52,No
0444-PGTDJ,Female,0,No,No,5,Yes,No,No,No internet service,No internet service,No internet service,No internet service,No internet service,No internet service,Month-to-month,No,Electronic check,18.25,87.61,No
8598-YHMKN,Female,0,No,No,64,No,No phone service,DSL,Yes,Yes,No,Yes,No,No,Two year,No,Bank transfer (automatic),38.32,2277.73,No
8639-YIUVD,Male,0,Yes,Yes,1,No,No phone service,DSL,No,Yes,No,No,Yes,No,Two year,Yes,Electronic check,39.68,41.35,No
7264-IMDMS,Male,0,No,No,54,Yes,No,No,No internet service,No internet service,No internet service,No internet service,No internet service,No internet service,Two year,Yes,Electronic check,18.25,977.77,No
2188-XEBFT,Male,0,Yes,Yes,1,Yes,Yes,Fiber optic,No,No,No,No,Yes,Yes,Month-to-month,Yes,Mailed check,98.27,101.98,Yes
0147-PMNFS,Female,1,No,No,60,Yes,No,Fiber optic,No,Yes,No,No,Yes,Yes,Two year,Yes,Bank transfer (automatic),97.86,5579.39,No
7557-GQRWE,Male,0,No,No,12,Yes,No,DSL,Yes,Yes,No,No,No,No,Month-to-month,Yes,Mailed check,57.77,651.29,Yes
4541-LQCPK,Female,0,No,No,51,Yes,Yes,Fiber optic,Yes,Yes,No,No,Yes,No,Month-to-month,No,Mailed check,93.91,4473.45,Yes
7025-EIBBD,Female,0,No,No,37,Yes,Yes,No,No internet service,No internet service,No internet service,No internet service,No internet service,No internet service,One year,No,Mailed check,27.99,1100.96,No
8676-YGIQA,Female,1,Yes,No,63,Yes,No,No,No internet service,No internet service,No internet service,No internet service,No internet service,No internet service,Two year,No,Bank transfer (automatic),19.24,1133.89,No
0846-BAJPZ,Female,0,Yes,No,35,Yes,Yes,DSL,No,Yes,Yes,Yes,No,No,Two year,Yes,Mailed check,65.98,2197.79,No
2267-BPZCW,Male,0,Yes,Yes,56,Yes,Yes,No,No internet service,No internet service,No internet service,No internet service,No internet service,No internet service,Month-to-month,Yes,Electronic check,26.14,1387.95,No
6864-VJEKP,Female,0,Yes,No,2,Yes,No,DSL,No,No,Yes,Yes,No,No,Month-to-month,No,Bank transfer (automatic),53.2,111.31,Yes
7392-HELAQ,Male,1,Yes,No,3,Yes,No,Fiber optic,Yes,No,No,Yes,No,Yes,Month-to-month,Yes,Bank transfer (automatic),91.15,288.24,Yes
8805-TMAZT,Male,0,No,No,49,Yes,No,No,No internet service,No internet service,No internet service,No internet service,No internet service,No internet service,Two year,Yes,Electronic check,18.99,911.16,No
2815-IDNHH,Male,0,Yes,No,68,Yes,Yes,DSL,No,Yes,No,No,Yes,No,Two year,No,Electronic check,65.66,4386.8,No
4034-ROJIN,Male,1,No,No,14,Yes,Yes,Fiber optic,No,No,No,No,No,Yes,Month-to-month,Yes,Electronic check,82.99,1192.05,No
7456-IYWXF,Female,0,No,No,5,Yes,Yes,No,No internet service,No internet service,No internet service,No internet service,No internet service,No internet service,Month-to-month,No,Electronic check,25.56,137.72,No
1556-IJRPR,Female,0,No,No,47,Yes,No,Fiber optic,Yes,No,No,Yes,No,Yes,One year,No,Mailed check,90.85,4039.89,No
4422-OHKKP,Female,0,No,No,2,Yes,No,Fiber optic,No,No,Yes,No,No,Yes,Month-to-month,Yes,Electronic check,85.99,163.36,Yes
5406-SCVKU,Male,0,Yes,No,32,Yes,Yes,DSL,No,Yes,No,No,No,No,Month-to-month,Yes,Mailed check,58.73,1892.18,No
2654-BPWFB,Male,0,No,No,48,Yes,No,DSL,No,No,Yes,Yes,No,No,One year,No,Electronic check,57.32,2794,No
7122-YJMJB,Female,0,No,No,23,Yes,No,DSL,Yes,Yes,No,No,No,Yes,Month-to-month,No,Electronic check,63.13,1376.08,Yes
3310-ZZWWV,Male,0,No,No,69,Yes,Yes,DSL,Yes,Yes,No,No,Yes,No,Two year,No,Bank transfer (automatic),67.86,4588.19,No
1660-EWLSD,Female,0,No,No,66,Yes,Yes,DSL,No,Yes,No,No,Yes,No,Two year,Yes,Mailed check,66.8,4101.9,No
6387-PTZAZ,Male,1,No,No,49,Yes,Yes,No,No internet service,No internet service,No internet service,No internet service,No internet service,No internet service,Month-to-month,No,Electronic check,27.51,1394.06,No
9101-DGCEQ,Female,0,No,No,7,Yes,No,DSL,No,Yes,No,No,Yes,No,Month-to-month,Yes,Bank transfer (automatic),55.14,414.49,No
6822-FBUWC,Male,0,Yes,No,67,Yes,Yes,No,No internet service,No internet service,No internet service,No internet service,No internet service,No internet service,One year,No,Credit card (automatic),25.35,1790.85,No
7091-DGPRD,Male,0,Yes,No,40,Yes,Yes,No,No internet service,No internet service,No internet service,No internet service,No internet service,No internet service,Month-to-month,No,Mailed check,20.76,771.89,No
0118-JTMUM,Male,0,Yes,Yes,65,No,No phone service,Fiber optic,Yes,No,Yes,No,Yes,Yes,Two year,Yes,Credit card (automatic),81.03,5146.65,No
3800-OXZWD,Female,0,No,No,9,Yes,No,DSL,No,Yes,No,No,Yes,Yes,Month-to-month,No,Credit card (automatic),71.43,663.41,Yes
7239-HASRC,Female,1,Yes,Yes,43,Yes,No,No,No internet service,No internet service,No internet service,No internet service,No internet service,No internet service,Two year,No,Mailed check,19.67,794.13,No
2018-UZUED,Female,0,No,No,44,Yes,Yes,No,No internet service,No internet service,No internet service,No internet service,No internet service,No internet service,One year,Yes,Bank transfer (automatic),24.47,1115.45,No
5714-VGSTT,Male,0,Yes,No,33,Yes,No,DSL,No,Yes,No,No,No,Yes,Month-to-month,Yes,Electronic check,59.01,1916.31,No
9573-WFWIW,Female,0,No,No,48,Yes,No,DSL,Yes,Yes,Yes,Yes,No,No,One year,Yes,Electronic check,65.77,3312.07,No
7726-YMVSH,Female,0,No,Yes,67,Yes,Yes,Fiber optic,No,Yes,No,No,Yes,No,One year,Yes,Mailed check,90.7,5866.41,No
6642-BLPOM,Female,0,No,No,35,Yes,No,DSL,No,No,Yes,No,No,Yes,Month-to-month,No,Mailed check,61.53,2194.09,No
5710-KXKUP,Female,0,Yes,Yes,49,Yes,Yes,Fiber optic,Yes,No,Yes,No,Yes,No,Two year,No,Electronic check,95.39,4832.93,No
3202-SDFZK,Female,0,No,No,11,Yes,No,DSL,No,No,Yes,Yes,Yes,No,Month-to-month,Yes,Mailed check,62.19,712.29,No
2412-MOGEN,Female,0,Yes,Yes,7,Yes,No,No,No internet service,No internet service,No internet service,No internet service,No internet service,No internet service,Month-to-month,Yes,Electronic check,18.25,129.34,Yes
0128-NGCHH,Female,0,No,Yes,14,No,No phone service,DSL,No,No,Yes,Yes,No,No,One year,Yes,Electronic check,33.25,435.72,No
3790-YUYSK,Female,0,No,No,57,Yes,No,Fiber optic,Yes,No,Yes,No,Yes,No,Two year,Yes,Electronic check,89.17,4963.24,No
1154-TGNRP,Male,1,No,Yes,16,Yes,Yes,Fiber optic,No,No,No,No,Yes,No,One year,Yes,Mailed check,87.61,1471.07,No
8392-DVXRI,Female,0,No,No,43,Yes,No,No,No internet service,No internet service,No internet service,No internet service,No internet service,No internet service,One year,Yes,Credit card (automatic),21.19,954.49,No
3620-POHQG,Male,0,Yes,No,3,Yes,No,DSL,No,No,Yes,Yes,No,No,Month-to-month,Yes,Mailed check,58.26,173.58,No
6379-CPWCA,Female,0,No,No,19,Yes,Yes,Fiber optic,No,No,No,No,No,No,Month-to-month,Yes,Mailed check,75.88,1541.59,Yes
7315-KSSUW,Female,0,No,No,11,Yes,Yes,No,No internet service,No internet service,No internet service,No internet service,No internet service,No internet service,Month-to-month,No,Electronic check,26.9,297.5,No
7249-YDEXK,Female,0,No,No,3,Yes,Yes,Fiber optic,Yes,No,Yes,Yes,Yes,Yes,Month-to-month,Yes,Mailed check,105.8,335.85,No
7875-MUDKH,Male,1,No,No,34,Yes,Yes,No,No internet service,No internet service,No internet service,No internet service,No internet service,No internet service,Month-to-month,Yes,Electronic check,21.58,682.32,No
5888-FAFLU,Male,1,No,No,50,Yes,No,DSL,Yes,Yes,No,Yes,Yes,Yes,Two year,Yes,Credit card (automatic),82.35,3798.68,No
5013-BCOFF,Male,0,Yes,Yes,2,Yes,No,Fiber optic,Yes,Yes,Yes,No,Yes,No,Month-to-month,Yes,Electronic check,94.88,190.65,Yes
4420-RMUMH,Female,0,Yes,No,49,Yes,No,No,No internet service,No internet service,No internet service,No internet service,No internet service,No internet service,Two year,Yes,Credit card (automatic),19.28,1010.64,No
4664-JNEGC,Male,0,No,Yes,63,Yes,No,Fiber optic,No,Yes,No,Yes,No,Yes,One year,No,Bank transfer (automatic),85.82,5219.29,No
9022-KUEVP,Male,0,No,No,4,Yes,No,DSL,No,No,No,Yes,No,No,Month-to-month,No,Electronic check,50.84,216.67,No
4882-GHSUE,Female,1,No,No,9,Yes,Yes,DSL,Yes,No,Yes,No,Yes,Yes,Month-to-month,Yes,Electronic check,79.16,743.49,No
5788-SSOHN,Female,0,Yes,No,7,Yes,No,No,No internet service,No internet service,No internet service,No internet service,No internet service,No internet service,Month-to-month,No,Bank transfer (automatic),18.25,124.64,No
9124-JKKZI,Male,1,No,No,30,Yes,No,DSL,No,Yes,No,Yes,No,Yes,Month-to-month,No,Mailed check,65.87,1999.73,No
1512-JLAAB,Male,0,No,No,8,Yes,Yes,DSL,No,No,Yes,No,Yes,No,Month-to-month,Yes,Bank transfer (automatic),64.21,549.31,No
5937-IFLYA,Male,0,Yes,Yes,3,Yes,Yes,Fiber optic,No,Yes,No,Yes,No,Yes,Month-to-month,Yes,Bank transfer (automatic),94.04,266.08,Yes
5240-BJFBA,Female,0,No,No,50,Yes,No,No,No internet service,No internet service,No internet service,No internet service,No internet service,No internet service,Two year,No,Electronic check,21.02,1107.12,No
1635-ORFWW,Female,1,No,No,3,Yes,No,Fiber optic,Yes,No,Yes,No,No,No,Month-to-month,No,Electronic check,78.07,234.84,Yes
5933-LNIXN,Male,0,No,Yes,8,Yes,Yes,Fiber optic,No,No,No,No,Yes,No,Month-to-month,No,Electronic check,81.96,694.38,No
4083-EGPHG,Male,0,Yes,No,44,Yes,Yes,No,No internet service,No internet service,No internet service,No internet service,No internet service,No internet service,Month-to-month,Yes,Electronic check,23.24,1040.48,No
0301-DRXDO,Female,0,No,No,44,Yes,Yes,DSL,Yes,No,Yes,No,No,No,Month-to-month,Yes,Mailed check,61.25,2543.34,No
0616-DHVFD,Female,1,Yes,No,4,Yes,Yes,DSL,No,Yes,Yes,Yes,Yes,Yes,Month-to-month,Yes,Electronic check,82.39,352.94,Yes
0892-URLLW,Male,0,No,No,21,Yes,Yes,Fiber optic,Yes,No,No,No,Yes,Yes,Month-to-month,Yes,Electronic check,99.78,2255.96,No
1809-KQPZH,Male,0,No,No,24,Yes,No,Fiber optic,No,Yes,Yes,No,Yes,Yes,Two year,Yes,Electronic check,101.6,2307.56,No
5622-AIVEX,Female,0,No,No,69,Yes,No,No,No internet service,No internet service,No internet service,No internet service,No internet service,No internet service,One year,No,Bank transfer (automatic),19.62,1282.62,No
8256-WVQHP,Male,0,No,No,68,Yes,No,Fiber optic,Yes,Yes,No,No,No,No,Two year,No,Electronic check,78.37,5620.46,No
5333-AWNBB,Male,0,No,No,33,Yes,Yes,Fiber optic,No,Yes,No,No,Yes,No,One year,Yes,Electronic check,90.71,2818.33,No
9309-PJMQG,Female,0,Yes,Yes,63,Yes,Yes,Fiber optic,Yes,No,No,No,Yes,Yes,Month-to-month,Yes,Mailed check,99.44,5819.41,No
1419-XMPBV,Female,0,No,No,17,No,No phone service,DSL,Yes,Yes,No,No,Yes,No,One year,No,Electronic check,44.47,717.91,No
5528-ZFULF,Female,1,No,No,16,Yes,Yes,No,No internet service,No internet service,No internet service,No internet service,No internet service,No internet service,Month-to-month,Yes,Mailed check,23.2,372.08,Yes
1983-RRTCW,Female,0,Yes,No,5,Yes,No,Fiber optic,No,No,Yes,Yes,Yes,Yes,Month-to-month,Yes,Bank transfer (automatic),99.64,517.55,Yes
8603-FHZVF,Male,0,Yes,No,21,Yes,Yes,Fiber optic,No,No,No,Yes,No,Yes,Month-to-month,No,Electronic check,91.09,1875.76,Yes
8896-WWGRE,Female,0,No,No,72,Yes,Yes,Fiber optic,No,No,Yes,Yes,No,Yes,Two year,No,Bank transfer (automatic),93.49,6738.53,No
6205-PYILG,Female,0,Yes,Yes,53,Yes,Yes,DSL,Yes,No,No,Yes,Yes,No,One year,Yes,Credit card (automatic),69.15,3598.17,No
5220-JKTIK,Male,0,Yes,Yes,63,Yes,No,Fiber optic,No,No,No,No,No,Yes,Two year,Yes,Credit card (automatic),81.3,4904.53,No
5561-CEPGS,Male,0,Yes,No,27,Yes,Yes,DSL,Yes,Yes,Yes,Yes,No,No,One year,Yes,Credit card (automatic),69.37,1773.9,No
5341-YORXZ,Female,0,No,No,18,Yes,No,Fiber optic,No,No,Yes,No,No,No,Month-to-month,Yes,Electronic check,74.25,1252.02,Yes
8304-YKGND,Male,0,Yes,No,18,No,No phone service,No,No internet service,No internet service,No internet service,No internet service,No internet service,No internet service,One year,Yes,Bank transfer (automatic),18.25,311.66,No
8431-FKMRJ,Female,0,No,No,18,Yes,Yes,DSL,Yes,No,Yes,Yes,No,Yes,Month-to-month,Yes,Mailed check,74.62,1295.41,No
6077-TEIRV,Female,0,Yes,No,1,Yes,Yes,Fiber optic,No,Yes,No,No,No,No,Month-to-month,Yes,Mailed check,80.52,77.72,Yes
4937-GKCYS,Female,0,Yes,No,8,Yes,No,Fiber optic,No,Yes,Yes,Yes,No,Yes,Month-to-month,No,Electronic check,93.87,700,Yes
9708-CZBWQ,Male,0,Yes,No,2,Yes,No,Fiber optic,Yes,Yes,No,Yes,Yes,No,Month-to-month,Yes,Electronic check,94.88,199.7,Yes
9403-TPPIY,Male,0,Yes,No,49,Yes,No,DSL,Yes,No,No,Yes,Yes,Yes,One year,Yes,Bank transfer (automatic),73.61,3604.61,No
9338-NOUBP,Male,1,Yes,No,60,Yes,Yes,DSL,No,No,No,No,No,No,One year,No,Bank transfer (automatic),46.49,2842.77,No
9225-TJZKI,Male,0,Yes,Yes,44,Yes,No,DSL,Yes,Yes,No,Yes,Yes,No,One year,Yes,Credit card (automatic),65.48,3081.48,No
2005-GZFVQ,Male,0,No,No,63,Yes,No,No,No internet service,No internet service,No internet service,No internet service,No internet service,No internet service,Two year,Yes,Credit card (automatic),21.38,1331.82,No
0794-WILSR,Female,0,Yes,Yes,45,Yes,No,No,No internet service,No internet service,No internet service,No internet service,No internet service,No internet service,Month-to-month,No,Electronic check,23.29,1086.51,No
4957-WUOUK,Female,0,Yes,No,28,Yes,Yes,Fiber optic,No,Yes,No,No,Yes,Yes,One year,No,Bank transfer (automatic),102.2,2802.74,No
3002-FDERM,Female,0,Yes,No,37,Yes,No,No,No internet service,No internet service,No internet service,No internet service,No internet service,No internet service,Month-to-month,No,Credit card (automatic),18.25,723.28,No
4577-PMZBG,Female,0,No,No,14,Yes,Yes,DSL,No,No,Yes,Yes,No,Yes,Month-to-month,No,Mailed check,71.27,1010.97,No
9880-PTYQV,Male,0,Yes,Yes,30,Yes,Yes,Fiber optic,No,Yes,No,No,Yes,No,Two year,No,Mailed check,88.38,2473.84,No
7569-KLCZV,Female,0,No,No,18,Yes,Yes,DSL,Yes,No,Yes,No,No,No,One year,Yes,Bank transfer (automatic),57.94,978.01,No
5960-DMZVA,Female,0,No,No,68,No,No phone service,Fiber optic,Yes,No,Yes,No,Yes,Yes,One year,Yes,Electronic check,82.6,5290.58,No
2932-VRYYW,Male,0,Yes,No,25,Yes,No,DSL,No,No,Yes,Yes,No,Yes,Month-to-month,No,Electronic check,63.03,1563.11,No
2602-BIPEV,Male,0,Yes,Yes,20,Yes,No,DSL,No,Yes,No,No,No,Yes,Two year,No,Credit card (automatic),58.97,1239.5,No
3754-XVFWP,Female,0,No,No,7,No,No phone service,Fiber optic,No,No,No,No,Yes,Yes,Month-to-month,No,Mailed check,69.43,457.36,Yes
2666-YMONN,Female,0,No,No,14,Yes,Yes,Fiber optic,Yes,Yes,Yes,Yes,No,No,Month-to-month,Yes,Electronic check,93.18,1369.08,No
6083-OOKMV,Female,1,No,No,1,Yes,Yes,Fiber optic,Yes,No,No,No,Yes,No,Month-to-month,Yes,Mailed check,92.54,96.49,Yes
8970-MCTTM,Female,0,Yes,No,25,Yes,Yes,No,No internet service,No internet service,No internet service,No internet service,No internet service,No internet service,Month-to-month,No,Credit card (automatic),27.3,664.18,No
7877-FTELT,Female,0,Yes,No,14,Yes,Yes,No,No internet service,No internet service,No internet service,No internet service,No internet service,No internet service,Month-to-month,Yes,Mailed check,21.42,317.83,No
3698-IZIBJ,Female,0,Yes,No,38,Yes,No,DSL,No,No,Yes,Yes,Yes,Yes,Month-to-month,Yes,Mailed check,75.4,2682.85,No
8616-BTUBF,Male,0,Yes,No,18,No,No phone service,DSL,Yes,Yes,No,Yes,No,Yes,Month-to-month,Yes,Electronic check,49.71,921.22,Yes
8259-XHIIA,Female,0,No,Yes,19,Yes,Yes,No,No internet service,No internet service,No internet service,No internet service,No internet service,No internet service,Month-to-month,No,Mailed check,23.07,463.41,Yes
0690-IXHID,Female,0,Yes,Yes,44,Yes,Yes,Fiber optic,No,No,Yes,No,No,No,Month-to-month,Yes,Electronic check,78.75,3438.09,Yes
4915-EEKFF,Female,0,Yes,No,16,Yes,Yes,No,No internet service,No internet service,No internet service,No internet service,No internet service,No internet service,One year,Yes,Credit card (automatic),24.9,378.91,No
5661-TREDM,Male,0,Yes,No,54,Yes,No,DSL,Yes,No,No,Yes,No,Yes,Month-to-month,No,Mailed check,64.69,3731.66,No
3614-XWMSE,Female,0,No,No,38,Yes,No,No,No internet service,No internet service,No internet service,No internet service,No internet service,No internet service,Month-to-month,Yes,Mailed check,20.7,836.06,No
3567-TINRF,Female,0,Yes,No,63,Yes,Yes,Fiber optic,Yes,No,Yes,Yes,Yes,Yes,Two year,Yes,Credit card (automatic),110.86,6980.78,No
2897-JLOVJ,Female,0,Yes,No,3,Yes,No,Fiber optic,No,No,No,No,No,Yes,Month-to-month,Yes,Electronic check,76.58,231.28,Yes
4427-TQNLZ,Male,1,Yes,Yes,49,Yes,Yes,DSL,Yes,No,No,No,Yes,No,One year,Yes,Credit card (automatic),64.24,3250.61,No
5060-TOVOB,Female,1,Yes,Yes,15,Yes,No,Fiber optic,Yes,No,No,No,Yes,Yes,One year,No,Mailed check,94.05,1307.22,No
7362-FOWBD,Male,0,Yes,No,0,Yes,No,Fiber optic,No,Yes,No,No,Yes,Yes,Month-to-month,No,Credit card (automatic),96.21, ,Yes
6183-YUWUK,Female,1,No,No,1,Yes,No,DSL,No,No,Yes,Yes,No,Yes,Month-to-month,No,Electronic check,59.94,63.96,No
3077-EOXWG,Male,0,No,No,42,Yes,Yes,No,No internet service,No internet service,No internet service,No internet service,No internet service,No internet service,Month-to-month,No,Electronic check,28.04,1202.6,No
1203-SKZAJ,Male,0,No,No,9,Yes,Yes,No,No internet service,No internet service,No internet service,No internet service,No internet service,No internet service,Month-to-month,Yes,Credit card (automatic),24.48,218.68,No
8904-EWWDS,Male,0,Yes,Yes,18,Yes,No,Fiber optic,No,No,No,No,Yes,Yes,Month-to-month,Yes,Credit card (automatic),90.18,1493.42,Yes
5112-RSCTA,Male,0,No,No,1,No,No phone service,Fiber optic,Yes,No,No,No,Yes,Yes,Month-to-month,Yes,Credit card (automatic),71.25,74.17,No
4043-OOFON,Female,0,No,No,6,Yes,Yes,No,No internet service,No internet service,No internet service,No internet service,No internet service,No internet service,Month-to-month,No,Bank transfer (automatic),23.86,144.74,No
0698-RJDKY,Male,0,Yes,No,9,Yes,No,Fiber optic,No,No,No,Yes,Yes,Yes,Month-to-month,No,Electronic check,92.31,867.89,Yes
6455-JTPPU,Female,0,No,No,16,Yes,Yes,Fiber optic,Yes,No,No,No,Yes,No,Month-to-month,Yes,Electronic check,91.53,1385.12,No
8292-SDBKM,Male,1,No,No,13,Yes,Yes,Fiber optic,No,Yes,Yes,No,Yes,Yes,Month-to-month,Yes,Electronic check,103.52,1294.1,Yes
7425-TEBZX,Female,0,Yes,No,39,Yes,No,DSL,Yes,No,Yes,No,No,Yes,One year,No,Bank transfer (automatic),64.21,2562.96,No
2234-ODPQL,Female,0,Yes,No,41,Yes,Yes,No,No internet service,No internet service,No internet service,No internet service,No internet service,No internet service,One year,No,Bank transfer (automatic),23.11,919.58,No
2274-LMLLX,Female,0,No,No,61,Yes,Yes,DSL,No,Yes,No,No,Yes,Yes,One year,Yes,Mailed check,72.5,4127.86,No
9455-MFMFE,Male,0,No,No,20,No,No phone service,Fiber optic,No,No,No,No,No,No,Month-to-month,No,Bank transfer (automatic),51.45,961.43,No
7915-SDOEC,Male,0,Yes,No,5,Yes,No,DSL,Yes,Yes,Yes,No,Yes,No,Month-to-month,Yes,Credit card (automatic),67.54,353.83,Yes
3505-TPMCO,Male,0,Yes,No,1,Yes,No,Fiber optic,No,No,No,No,Yes,No,Month-to-month,Yes,Bank transfer (automatic),79.87,81.02,Yes
7208-EMVFD,Female,1,No,No,67,Yes,Yes,Fiber optic,No,Yes,No,No,No,No,One year,Yes,Credit card (automatic),78.44,5330.31,No
8511-BSCBR,Female,0,No,No,1,Yes,Yes,Fiber optic,No,No,No,No,No,No,Month-to-month,Yes,Credit card (automatic),75.31,76.9,Yes
2979-HWBBT,Male,1,No,No,64,Yes,Yes,Fiber optic,Yes,Yes,Yes,No,Yes,Yes,One year,Yes,Bank transfer (automatic),111.22,6676.71,No
3950-VVIUC,Male,0,No,No,39,Yes,No,Fiber optic,Yes,Yes,No,No,Yes,Yes,One year,Yes,Bank transfer (automatic),99.7,4169.7,No
1823-HSBLP,Female,0,No,No,42,Yes,Yes,Fiber optic,No,No,Yes,No,Yes,No,Month-to-month,Yes,Electronic check,91.38,3552.39,Yes
0007-OEXEU,Male,0,Yes,Yes,53,No,No phone service,Fiber optic,Yes,No,Yes,No,Yes,No,Month-to-month,No,Electronic check,71.82,3789.47,No
4279-VSOEO,Male,0,Yes,No,12,Yes,Yes,DSL,Yes,No,No,No,Yes,No,Month-to-month,Yes,Electronic check,65.19,828.97,Yes
1955-CVTDZ,Male,0,Yes,No,40,Yes,No,Fiber optic,No,Yes,No,No,No,Yes,One year,No,Credit card (automatic),84.9,3487.66,No
8339-QZIPR,Male,0,No,No,4,Yes,No,Fiber optic,Yes,No,Yes,No,Yes,No,Month-to-month,Yes,Electronic check,87.88,349.2,Yes
8254-WYGSS,Male,0,No,No,5,Yes,No,Fiber optic,No,No,No,No,Yes,No,Month-to-month,No,Mailed check,78.09,367.55,No
4390-KMWMI,Male,0,No,Yes,2,Yes,Yes,Fiber optic,No,Yes,No,No,No,No,Month-to-month,Yes,Electronic check,80.03,156.79,Yes
3277-EGJTW,Male,0,No,No,33,Yes,Yes,Fiber optic,No,Yes,Yes,No,No,No,One year,No,Bank transfer (automatic),82.93,2577.28,No
4663-DAJDQ,Female,0,No,No,49,Yes,No,Fiber optic,No,No,No,No,No,Yes,Two year,Yes,Bank transfer (automatic),78.53,3712.28,No
4385-EFHAN,Male,0,Yes,Yes,6,Yes,Yes,No,No internet service,No internet service,No internet service,No internet service,No internet service,No internet service,Month-to-month,No,Mailed check,25.83,154.84,No
3214-KXJPD,Male,0,Yes,No,1,Yes,Yes,DSL,No,No,No,No,No,Yes,Month-to-month,Yes,Electronic check,61.4,60.87,No
9367-YOYLK,Male,1,No,No,12,Yes,No,Fiber optic,No,Yes,Yes,Yes,Yes,Yes,Month-to-month,No,Electronic check,98.85,1151.72,Yes
2456-YNWIH,Male,0,Yes,No,20,Yes,Yes,Fiber optic,Yes,Yes,No,No,No,Yes,Month-to-month,No,Mailed check,94.31,1762.87,Yes
3046-PKRRF,Female,0,No,No,17,No,No phone service,Fiber optic,No,Yes,No,No,Yes,Yes,Month-to-month,No,Mailed check,76.59,1256.07,Yes
3628-VSEZD,Female,0,Yes,No,68,Yes,Yes,Fiber optic,No,No,No,No,Yes,No,Two year,Yes,Bank transfer (automatic),83.67,5251.64,No
6129-YHPXX,Male,0,No,No,69,Yes,No,DSL,Yes,No,Yes,No,Yes,No,Two year,Yes,Electronic check,65.74,4348.81,No
7620-IWCNE,Male,0,No,No,20,No,No phone service,DSL,No,No,No,Yes,No,No,One year,No,Credit card (automatic),31.05,616.98,No
7083-IQSUY,Male,0,Yes,Yes,6,Yes,No,DSL,Yes,No,Yes,Yes,Yes,No,Month-to-month,No,Mailed check,69.32,394.71,No
2673-SMJRP,Male,0,No,No,16,Yes,No,Fiber optic,Yes,Yes,Yes,No,No,Yes,Month-to-month,No,Electronic check,93.46,1408.44,Yes
4779-QHAVS,Male,0,No,No,7,Yes,Yes,Fiber optic,No,No,Yes,No,No,Yes,Month-to-month,Yes,Credit card (automatic),87.23,569.49,No
5399-VABFM,Female,1,Yes,No,20,Yes,No,DSL,Yes,No,Yes,No,Yes,Yes,One year,Yes,Credit card (automatic),71.41,1528.53,Yes
7168-YYBIT,Male,1,Yes,No,3,Yes,Yes,Fiber optic,No,Yes,Yes,Yes,Yes,No,Month-to-month,No,Electronic check,99.8,299.32,Yes
2556-YQZJQ,Female,0,No,No,66,Yes,No,No,No internet service,No internet service,No internet service,No internet service,No internet service,No internet service,Month-to-month,No,Credit card (automatic),18.25,1242.55,No
5071-PDGTY,Male,0,No,No,71,Yes,No,DSL,No,No,No,No,Yes,Yes,Two year,Yes,Electronic check,65.83,5044.11,No
2640-NGQBJ,Female,0,No,No,54,Yes,Yes,DSL,No,Yes,No,Yes,No,No,Two year,No,Bank transfer (automatic),61.34,3328.23,No
9236-NUPAL,Female,0,Yes,No,36,Yes,Yes,DSL,Yes,Yes,No,No,No,Yes,Month-to-month,Yes,Bank transfer (automatic),71.24,2612.9,No
9683-SAOTM,Female,0,Yes,Yes,16,Yes,No,Fiber optic,No,No,No,No,Yes,No,One year,Yes,Mailed check,78.34,1157.47,No
1851-BMBEJ,Female,1,Yes,Yes,33,Yes,Yes,No,No internet service,No internet service,No internet service,No internet service,No internet service,No internet service,Two year,No,Credit card (automatic),26.66,925.82,No
1253-IOUAY,Male,0,No,No,65,Yes,Yes,DSL,Yes,Yes,Yes,No,Yes,Yes,Two year,Yes,Bank transfer (automatic),79.12,4808.1,No
4063-JBACL,Female,0,No,No,65,Yes,Yes,No,No internet service,No internet service,No internet service,No internet service,No internet service,No internet service,One year,Yes,Credit card (automatic),23.27,1393.92,No
4175-XTSWA,Male,1,No,No,3,Yes,Yes,Fiber optic,No,No,Yes,No,No,Yes,Month-to-month,Yes,Electronic check,85.57,255.67,Yes
5239-GTZBB,Female,0,Yes,No,54,Yes,No,No,No internet service,No internet service,No internet service,No internet service,No internet service,No internet service,One year,Yes,Credit card (automatic),20.06,1137.2,No
7757-JTWQT,Female,0,No,No,1,Yes,Yes,No,No internet service,No internet service,No internet service,No internet service,No internet service,No internet service,Month-to-month,No,Bank transfer (automatic),23.07,24.52,No
8712-OSKUL,Female,0,Yes,Yes,6,Yes,No,Fiber optic,No,Yes,Yes,No,Yes,Yes,Month-to-month,No,Mailed check,97.43,590.91,Yes
5036-SQMYY,Male,0,Yes,No,49,Yes,Yes,DSL,No,No,No,No,Yes,No,Two year,No,Mailed check,56.09,2791.76,No
2653-LPSUJ,Male,1,Yes,No,72,Yes,No,DSL,No,Yes,No,No,Yes,No,One year,Yes,Mailed check,59.93,4208.39,No
2288-HQLWH,Male,0,No,No,30,Yes,Yes,DSL,No,Yes,No,No,Yes,No,Two year,Yes,Bank transfer (automatic),64.16,1979.93,No
0114-XBXGB,Female,0,Yes,Yes,9,Yes,No,DSL,Yes,Yes,Yes,Yes,No,Yes,Month-to-month,Yes,Bank transfer (automatic),72.9,678.16,No
8013-LABVU,Female,0,Yes,No,54,Yes,Yes,Fiber optic,Yes,No,Yes,Yes,No,Yes,Two year,Yes,Mailed check,100.46,5290.86,No
4349-GNUAW,Male,0,No,No,27,Yes,No,Fiber optic,No,Yes,No,Yes,No,Yes,One year,Yes,Bank transfer (automatic),88.12,2361.77,No
2005-WORXF,Male,0,No,No,27,Yes,No,Fiber optic,No,Yes,No,Yes,Yes,Yes,Month-to-month,No,Electronic check,100.55,2828.43,Yes
0039-OEXCQ,Female,1,Yes,No,64,No,No phone service,DSL,Yes,Yes,No,Yes,No,No,Two year,No,Bank transfer (automatic),37.05,2473.69,No
9190-UFBXY,Male,1,Yes,No,50,Yes,Yes,DSL,Yes,No,No,Yes,Yes,No,Two year,Yes,Credit card (automatic),72.68,3530.46,No
4131-BTODO,Male,0,No,No,53,Yes,Yes,No,No internet service,No internet service,No internet service,No internet service,No internet service,No internet service,One year,Yes,Mailed check,27.98,1439.91,No
4440-EWCYF,Female,0,Yes,No,72,Yes,No,Fiber optic,No,Yes,Yes,No,No,Yes,Two year,Yes,Bank transfer (automatic),88.25,5850.46,No
9308-PWQLO,Male,0,Yes,No,63,Yes,No,No,No internet service,No internet service,No internet service,No internet service,No internet service,No internet service,Two year,No,Bank transfer (automatic),22.18,1372.86,No
0986-SDZOO,Female,0,No,No,8,Yes,No,Fiber optic,Yes,Yes,No,No,No,No,Month-to-month,Yes,Electronic check,78.29,651.47,Yes
2510-NUUDV,Female,0,No,No,1,Yes,No,DSL,No,Yes,No,No,Yes,Yes,Month-to-month,Yes,Electronic check,70.3,67.98,Yes
2385-JEVEF,Male,0,Yes,Yes,8,Yes,No,No,No internet service,No internet service,No internet service,No internet service,No internet service,No internet service,One year,Yes,Mailed check,18.25,156.37,No
8349-DVKQO,Female,0,No,No,7,No,No phone service,No,No internet service,No internet service,No internet service,No internet service,No internet service,No internet service,Month-to-month,No,Mailed check,18.25,126.59,Yes
8731-KKNUM,Female,0,No,No,40,Yes,Yes,Fiber optic,Yes,No,Yes,Yes,Yes,Yes,One year,Yes,Credit card (automatic),111,4306.23,No
0300-AEZQU,Female,0,No,No,5,Yes,Yes,DSL,No,No,No,Yes,Yes,No,Month-to-month,Yes,Bank transfer (automatic),68.03,347.72,Yes
6029-BYZEU,Female,0,No,No,48,Yes,Yes,Fiber optic,No,Yes,No,No,Yes,No,Two year,Yes,Bank transfer (automatic),89.21,4305.58,No
1506-OONRY,Male,0,No,No,38,Yes,No,Fiber optic,No,No,No,No,Yes,Yes,Two year,Yes,Mailed check,86.89,3463.83,No
5067-WPMQL,Male,1,Yes,No,32,Yes,Yes,No,No internet service,No internet service,No internet service,No internet service,No internet service,No internet service,One year,Yes,Credit card (automatic),25.11,809.02,No
3130-VXJRZ,Male,0,Yes,Yes,57,Yes,No,Fiber optic,No,No,Yes,Yes,Yes,Yes,Two year,No,Bank transfer (automatic),96.67,5311.62,No
3763-ZPLOU,Male,0,Yes,No,8,Yes,Yes,No,No internet service,No internet service,No internet service,No internet service,No internet service,No internet service,Month-to-month,No,Electronic check,22.52,188.93,No
9237-GADER,Male,0,No,No,4,Yes,No,Fiber optic,No,No,No,No,Yes,Yes,Month-to-month,No,Bank transfer (automatic),88.54,355.54,Yes
9791-JHSMO,Male,0,No,No,67,Yes,No,Fiber optic,No,No,No,No,Yes,No,One year,Yes,Bank transfer (automatic),80.32,5121.35,No
5827-YVUUU,Male,0,No,No,35,Yes,Yes,Fiber optic,No,Yes,Yes,No,Yes,No,One year,Yes,Credit card (automatic),92.53,3357.97,No
0988-ZLSCY,Female,1,Yes,Yes,23,Yes,No,Fiber optic,Yes,No,No,No,Yes,No,Month-to-month,No,Mailed check,83.54,1991.92,No
7461-OAOUV,Male,0,No,No,5,No,No phone service,No,No internet service,No internet service,No internet service,No internet service,No internet service,No internet service,Month-to-month,Yes,Mailed check,18.25,84.51,No
0375-OVLIH,Male,0,No,Yes,41,Yes,No,DSL,No,No,Yes,No,No,Yes,One year,No,Credit card (automatic),60.75,2516.64,No
7249-YWEPL,Female,0,Yes,No,5,Yes,No,Fiber optic,No,No,No,No,Yes,Yes,Month-to-month,No,Electronic check,86.69,408.69,Yes
9297-MYNQP,Male,0,No,No,9,Yes,Yes,Fiber optic,Yes,No,No,No,No,Yes,Month-to-month,Yes,Electronic check,88.46,834.27,No
4492-FRKHG,Male,0,Yes,Yes,3,Yes,No,DSL,No,No,No,No,Yes,Yes,Month-to-month,Yes,Electronic check,64.66,194.64,Yes
6073-WDJYD,Female,0,No,No,3,Yes,No,DSL,No,Yes,Yes,Yes,Yes,No,Month-to-month,Yes,Electronic check,69.89,221.21,Yes
0450-SFMBR,Male,0,No,Yes,1,Yes,No,DSL,No,No,No,Yes,Yes,No,Month-to-month,Yes,Electronic check,60.08,55.47,No
5774-DLDOA,Female,0,No,Yes,64,Yes,Yes,DSL,No,No,No,Yes,No,Yes,One year,Yes,Bank transfer (automatic),64.93,3971.68,No
5667-EBMUD,Female,0,No,No,43,Yes,Yes,Fiber optic,No,No,No,No,No,No,Two year,Yes,Mailed check,73.94,3387.42,No
4778-ILGHT,Female,0,Yes,No,31,Yes,Yes,Fiber optic,Yes,No,Yes,No,No,Yes,Month-to-month,Yes,Mailed check,96.4,2801.75,Yes
0475-BLREH,Male,0,No,No,6,Yes,Yes,Fiber optic,Yes,No,Yes,No,No,No,Month-to-month,Yes,Electronic check,85.84,501.59,Yes
1395-DUNGU,Male,1,Yes,Yes,70,Yes,Yes,No,No internet service,No internet service,No internet service,No internet service,No internet service,No internet service,Two year,Yes,Credit card (automatic),26.86,1962.51,No
6159-DFTGW,Male,0,No,No,56,Yes,No,DSL,Yes,No,Yes,Yes,No,Yes,Two year,No,Mailed check,68.2,3514.49,No
1584-FYKIU,Male,0,No,No,38,Yes,Yes,Fiber optic,Yes,No,No,No,Yes,No,Month-to-month,Yes,Credit card (automatic),87.08,3420.4,No
9254-ZNXRA,Female,0,Yes,Yes,55,Yes,Yes,DSL,Yes,Yes,Yes,Yes,No,Yes,Two year,Yes,Mailed check,78.94,4328.98,No
3349-NBSZU,Male,1,No,No,8,Yes,Yes,Fiber optic,No,Yes,No,No,Yes,Yes,Month-to-month,No,Electronic check,99.59,814.23,Yes
3518-LEOLU,Female,0,Yes,No,70,Yes,Yes,Fiber optic,Yes,No,Yes,No,No,Yes,Two year,Yes,Electronic check,95.05,7171.03,No
3532-XZMPJ,Female,0,No,No,1,Yes,Yes,DSL,No,No,No,Yes,Yes,No,Two year,No,Bank transfer (automatic),60.71,57.03,No
7852-LJNRM,Female,0,Yes,Yes,12,Yes,Yes,No,No internet service,No internet service,No internet service,No internet service,No internet service,No internet service,Month-to-month,No,Credit card (automatic),22.62,281.97,No
0501-SPXMN,Female,0,No,Yes,7,Yes,Yes,DSL,Yes,Yes,No,No,No,Yes,Month-to-month,Yes,Mailed check,67.91,494.51,No
5120-SILFV,Male,0,Yes,Yes,38,Yes,No,Fiber optic,Yes,Yes,No,No,No,No,Month-to-month,Yes,Mailed check,80,3253.83,No
3633-ZIFYE,Male,0,Yes,Yes,24,Yes,Yes,No,No internet service,No internet service,No internet service,No internet service,No internet service,No internet service,Month-to-month,No,Mailed check,21.84,536.98,Yes
9348-VYALF,Female,1,No,No,2,Yes,Yes,No,No internet service,No internet service,No internet service,No internet service,No internet service,No internet service,Month-to-month,Yes,Bank transfer (automatic),25.48,50.77,Yes
5235-EAODX,Female,0,Yes,No,41,Yes,Yes,Fiber optic,No,Yes,Yes,No,No,Yes,Month-to-month,Yes,Electronic check,91.86,3742.18,Yes
6205-SAFRI,Female,0,No,No,21,Yes,Yes,DSL,No,Yes,Yes,No,No,No,Month-to-month,No,Credit card (automatic),57.87,1177.8,No
5919-FAEUP,Female,0,No,No,6,Yes,Yes,Fiber optic,No,Yes,Yes,No,Yes,No,Two year,Yes,Bank transfer (automatic),92.19,554.63,No
3061-JIQTC,Male,0,Yes,No,72,No,No phone service,Fiber optic,No,Yes,Yes,No,Yes,No,Two year,Yes,Electronic check,70.25,5211.22,No
1846-TAJNB,Male,0,Yes,Yes,40,Yes,No,Fiber optic,No,Yes,Yes,No,No,Yes,Month-to-month,Yes,Electronic check,90.78,3894.99,No
1814-JSBXE,Male,0,No,No,29,Yes,No,Fiber optic,Yes,No,Yes,No,Yes,Yes,One year,No,Mailed check,103.32,2779.29,No
9743-EYNRR,Male,0,No,No,67,Yes,Yes,DSL,No,Yes,No,Yes,No,No,One year,No,Bank transfer (automatic),60.02,3802.27,No
0162-DNENJ,Male,1,Yes,No,18,Yes,No,DSL,Yes,No,No,No,No,No,One year,Yes,Bank transfer (automatic),48.95,834.01,No
0247-YEPVT,Male,0,Yes,Yes,62,Yes,Yes,No,No internet service,No internet service,No internet service,No internet service,No internet service,No internet service,One year,Yes,Credit card (automatic),23.38,1562.37,No
4905-ACDMP,Female,0,No,No,20,Yes,No,Fiber optic,Yes,Yes,Yes,No,Yes,Yes,Two year,No,Credit card (automatic),104.77,2253.25,No
4563-ASWUL,Female,0,No,No,35,Yes,No,Fiber optic,Yes,Yes,No,Yes,Yes,Yes,Month-to-month,No,Electronic check,108.87,3782.38,No
3291-UAPRV,Male,0,No,No,53,Yes,No,DSL,Yes,No,Yes,No,Yes,Yes,Two year,No,Mailed check,72.78,3687.59,No
9798-BQLHI,Male,0,Yes,No,23,Yes,Yes,DSL,No,Yes,Yes,No,Yes,No,Month-to-month,Yes,Mailed check,72.81,1557.6,No
4209-YCNVM,Female,0,Yes,Yes,15,Yes,Yes,Fiber optic,No,No,Yes,Yes,Yes,No,One year,Yes,Mailed check,95.84,1362.98,No
7686-JOZDM,Male,0,No,No,72,Yes,No,Fiber optic,No,Yes,No,No,Yes,Yes,Two year,Yes,Mailed check,93.03,6418.6,No
4728-ZUWCM,Male,1,Yes,Yes,43,Yes,Yes,DSL,Yes,No,Yes,Yes,No,Yes,One year,No,Credit card (automatic),74.5,3414.04,No
8550-ZPGOS,Male,0,Yes,No,30,Yes,No,No,No internet service,No internet service,No internet service,No internet service,No internet service,No internet service,Two year,No,Bank transfer (automatic),18.25,539.8,No
7522-WKIZL,Female,0,Yes,Yes,66,Yes,Yes,No,No internet service,No internet service,No internet service,No internet service,No internet service,No internet service,Two year,No,Mailed check,25.4,1683.05,No
1145-HOXWE,Female,0,No,No,36,Yes,No,DSL,No,No,Yes,No,No,No,One year,No,Bank transfer (automatic),47.15,1648.99,No
4537-FBSGO,Female,0,No,No,5,Yes,No,Fiber optic,No,Yes,No,Yes,No,No,Month-to-month,No,Electronic check,79.58,393.5,Yes
9459-VYCAF,Female,0,No,No,1,Yes,No,DSL,Yes,No,No,No,No,Yes,Month-to-month,Yes,Credit card (automatic),59.2,58.33,No
1178-SQZCF,Male,0,Yes,Yes,53,Yes,Yes,DSL,No,No,No,No,No,Yes,Two year,No,Mailed check,60.14,2945.42,No
2399-YXXJI,Female,1,Yes,No,13,Yes,No,DSL,No,No,Yes,Yes,Yes,No,One year,Yes,Electronic check,63.51,838.26,Yes
6271-EORQD,Male,0,No,No,21,Yes,Yes,DSL,Yes,Yes,No,No,No,No,Month-to-month,Yes,Credit card (automatic),60.19,1309.03,No
1080-HOSIF,Male,1,No,No,36,Yes,Yes,Fiber optic,Yes,Yes,No,No,Yes,No,Month-to-month,Yes,Electronic check,93.65,3573.14,Yes
2750-LCCTZ,Male,0,No,No,72,Yes,No,DSL,No,Yes,No,No,Yes,Yes,Month-to-month,Yes,Electronic check,68.8,5208.37,Yes
1090-GWJAS,Male,1,No,No,32,Yes,No,DSL,Yes,No,No,No,No,No,One year,Yes,Mailed check,50.33,1545.1,No
0362-KRLQS,Female,1,Yes,No,26,Yes,No,DSL,Yes,Yes,No,Yes,No,Yes,Month-to-month,Yes,Credit card (automatic),66.57,1842.87,No
0777-DQWEI,Male,0,Yes,No,30,Yes,No,Fiber optic,No,No,No,Yes,No,No,Month-to-month,No,Credit card (automatic),74.82,2414.19,No
3100-UIECY,Female,0,No,No,0,Yes,No,No,No internet service,No internet service,No internet service,No internet service,No internet service,No internet service,Two year,Yes,Electronic check,18.25, ,No
5399-VZIYL,Male,1,No,No,22,Yes,No,DSL,Yes,No,No,No,No,Yes,Month-to-month,No,Bank transfer (automatic),58.18,1182.82,Yes
2518-GWLUJ,Male,0,No,No,20,Yes,No,DSL,Yes,No,No,No,Yes,No,Month-to-month,No,Electronic check,56.53,1157.13,No
4392-XXYMH,Female,0,No,No,13,Yes,Yes,DSL,Yes,Yes,Yes,No,No,No,Month-to-month,No,Mailed check,61.34,759.87,No
7905-QDBPM,Female,1,Yes,No,14,Yes,Yes,No,No internet service,No internet service,No internet service,No internet service,No internet service,No internet service,Month-to-month,No,Mailed check,23.48,345.07,No
5956-XKKKZ,Female,1,No,No,13,Yes,No,No,No internet service,No internet service,No internet service,No internet service,No internet service,No internet service,One year,No,Mailed check,19.24,263.58,No
5708-OFJBM,Female,0,Yes,No,57,Yes,No,Fiber optic,Yes,No,No,No,Yes,No,Month-to-month,Yes,Bank transfer (automatic),84.96,4612.26,No
4168-BTBRL,Female,0,No,No,19,Yes,Yes,DSL,No,No,No,No,No,No,One year,No,Mailed check,49.22,963.18,No
4178-OUDMA,Male,0,Yes,No,55,Yes,No,Fiber optic,Yes,No,No,No,No,Yes,One year,Yes,Credit card (automatic),85.25,4419.6,No
5422-MUGYI,Male,0,Yes,No,11,Yes,Yes,DSL,No,Yes,No,Yes,Yes,No,Two year,Yes,Credit card (automatic),68.48,796.81,No
4020-TOFQG,Female,1,No,No,30,Yes,Yes,DSL,Yes,No,No,Yes,No,Yes,Month-to-month,Yes,Bank transfer (automatic),68.6,1923.54,No
0029-HDNXH,Female,0,No,No,23,Yes,Yes,Fiber optic,No,No,Yes,No,Yes,No,Two year,No,Electronic check,92.47,2013.51,No
8918-LHUOA,Female,0,No,No,5,Yes,No,Fiber optic,Yes,No,Yes,Yes,No,Yes,Month-to-month,No,Credit card (automatic),95.82,442.55,Yes
3063-EGXYB,Female,0,No,No,20,Yes,No,No,No internet service,No internet service,No internet service,No internet service,No internet service,No internet service,Month-to-month,No,Bank transfer (automatic),18.25,382.21,Yes
8539-OIOQX,Female,0,No,No,1,Yes,No,DSL,Yes,No,No,No,No,Yes,Month-to-month,Yes,Mailed check,58.8,57.89,Yes
2624-STBCO,Male,0,No,No,68,Yes,No,Fiber optic,No,No,No,No,No,Yes,Two year,No,Bank transfer (automatic),77.51,4926.61,No
6568-CRPAF,Female,0,No,No,16,Yes,No,Fiber optic,Yes,No,Yes,No,Yes,Yes,Month-to-month,Yes,Electronic check,101.92,1565.24,Yes
2958-QMQUD,Male,0,Yes,Yes,66,Yes,No,No,No internet service,No internet service,No internet service,No internet service,No internet service,No internet service,Two year,No,Mailed check,19.43,1269.13,No
0750-NOTOE,Female,0,Yes,No,15,Yes,Yes,No,No internet service,No internet service,No internet service,No internet service,No internet service,No internet service,Two year,Yes,Mailed check,21.78,301.6,No
3123-MFLYT,Male,0,Yes,No,67,Yes,No,DSL,No,No,Yes,Yes,No,Yes,Two year,Yes,Mailed check,64.08,4311.82,No
5972-DKMUP,Female,1,No,Yes,13,Yes,No,Fiber optic,No,No,No,No,Yes,No,Month-to-month,Yes,Electronic check,76.71,977.54,No
6205-CMMAP,Female,0,Yes,No,18,Yes,Yes,No,No internet service,No internet service,No internet service,No internet service,No internet service,No internet service,Month-to-month,Yes,Electronic check,23.61,440.23,No
8495-SGUTX,Male,0,Yes,No,12,No,No phone service,Fiber optic,No,No,Yes,No,No,Yes,Month-to-month,Yes,Electronic check,64.69,744.05,Yes
8484-MGLBD,Male,1,Yes,No,16,Yes,Yes,DSL,Yes,No,Yes,Yes,No,No,Month-to-month,No,Electronic check,63.48,962.19,Yes
0550-AGEME,Male,0,Yes,Yes,2,Yes,No,Fiber optic,No,Yes,No,No,Yes,No,Month-to-month,No,Electronic check,84.77,168.97,Yes
2058-BNDGU,Female,0,No,No,28,Yes,Yes,Fiber optic,Yes,No,Yes,Yes,No,Yes,Month-to-month,No,Credit card (automatic),99.86,2640.47,No
0816-AQEOY,Male,1,Yes,Yes,40,Yes,No,Fiber optic,No,No,Yes,No,Yes,No,One year,Yes,Credit card (automatic),85.27,3147.64,Yes
2323-CNRQD,Male,0,No,No,1,Yes,No,No,No internet service,No internet service,No internet service,No internet service,No internet service,No internet service,Two year,Yes,Bank transfer (automatic),20.58,20.28,No
4037-VPKTN,Female,0,No,Yes,72,Yes,No,Fiber optic,No,Yes,No,No,No,Yes,Month-to-month,Yes,Electronic check,86.5,6283.32,Yes
9866-QOLTL,Male,0,No,No,9,No,No phone service,Fiber optic,No,No,Yes,No,No,No,Month-to-month,Yes,Electronic check,55.62,495.29,Yes
3508-FOAHL,Female,0,Yes,No,50,Yes,Yes,Fiber optic,No,No,Yes,No,No,No,One year,Yes,Credit card (automatic),77.47,4128.45,No
4104-UVYPM,Female,0,No,No,63,Yes,No,Fiber optic,No,No,No,No,Yes,No,Two year,Yes,Mailed check,82.09,4906.25,No
4300-ENWZL,Female,0,No,No,53,Yes,No,Fiber optic,Yes,Yes,No,Yes,No,Yes,Two year,Yes,Mailed check,98.61,5347.68,No
4941-ARAUS,Female,0,Yes,Yes,70,Yes,Yes,Fiber optic,No,Yes,Yes,No,Yes,Yes,Two year,Yes,Credit card (automatic),102.49,7383.39,No
6360-JJTPG,Male,1,Yes,Yes,32,Yes,Yes,DSL,Yes,Yes,No,Yes,No,Yes,Two year,Yes,Mailed check,72.73,2192.66,No
4447-PHALS,Female,0,Yes,No,71,Yes,Yes,No,No internet service,No internet service,No internet service,No internet service,No internet service,No internet service,Two year,No,Mailed check,26.51,1797.77,No
3262-JRLTK,Female,0,No,No,68,Yes,No,No,No internet service,No internet service,No internet service,No internet service,No internet service,No internet service,Two year,No,Credit card (automatic),21.39,1490.24,No
8047-OREXV,Female,0,Yes,Yes,54,Yes,No,DSL,No,No,No,Yes,No,Yes,One year,No,Credit card (automatic),58.47,3268.22,No
9520-LEEST,Male,0,No,Yes,53,Yes,No,DSL,Yes,No,Yes,No,No,No,One year,Yes,Electronic check,51.46,2679.76,No
1220-SLWHB,Male,0,No,No,8,Yes,No,Fiber optic,No,Yes,No,No,No,No,Month-to-month,Yes,Bank transfer (automatic),70.93,577.31,Yes
0385-LTWCG,Female,0,Yes,No,70,Yes,No,No,No internet service,No internet service,No internet service,No internet service,No internet service,No internet service,Two year,Yes,Mailed check,18.25,1213.95,No
0445-QCHOG,Female,0,Yes,Yes,47,Yes,No,DSL,No,Yes,No,No,No,No,One year,Yes,Bank transfer (automatic),51.95,2479.93,No
6611-JLTGP,Male,0,No,Yes,53,Yes,No,No,No internet service,No internet service,No internet service,No internet service,No internet service,No internet service,Two year,No,Bank transfer (automatic),19.66,1034.99,No
8883-WBJCH,Female,0,Yes,Yes,59,Yes,Yes,No,No internet service,No internet service,No internet service,No internet service,No internet service,No internet service,Month-to-month,No,Mailed check,23.53,1320.66,No
2990-RVMGS,Female,0,Yes,Yes,1,Yes,Yes,No,No internet service,No internet service,No internet service,No internet service,No internet service,No internet service,Month-to-month,Yes,Credit card (automatic),27.4,28.48,No
1450-BUHJV,Male,0,No,No,2,Yes,No,Fiber optic,No,Yes,No,Yes,Yes,Yes,Month-to-month,Yes,Mailed check,100.11,206.22,No
1108-EFDDA,Male,0,Yes,No,70,Yes,Yes,No,No internet service,No internet service,No internet service,No internet service,No internet service,No internet service,Two year,No,Electronic check,23.51,1574.46,No
8126-KVVLE,Male,0,Yes,No,64,Yes,Yes,DSL,No,Yes,No,No,No,Yes,Two year,Yes,Mailed check,61.9,4026.36,No
3050-AXIUF,Female,0,Yes,No,39,Yes,No,No,No internet service,No internet service,No internet service,No internet service,No internet service,No internet service,Two year,Yes,Electronic check,18.25,722.91,No
8300-MVYMB,Male,0,No,No,18,No,No phone service,Fiber optic,No,No,Yes,No,No,No,Month-to-month,Yes,Mailed check,57.92,1071.62,Yes
1021-XEPWT,Female,0,Yes,No,3,Yes,No,Fiber optic,Yes,Yes,No,Yes,No,Yes,Month-to-month,No,Electronic check,94.02,276.91,Yes
2376-QIRZC,Male,0,No,Yes,56,Yes,Yes,No,No internet service,No internet service,No internet service,No internet service,No internet service,No internet service,Two year,Yes,Bank transfer (automatic),21.21,1110.86,No
3601-INXMK,Female,0,No,No,43,Yes,No,Fiber optic,No,No,No,Yes,No,No,Month-to-month,Yes,Bank transfer (automatic),73.68,3159.24,Yes
4201-URBIS,Female,1,Yes,Yes,26,Yes,Yes,No,No internet service,No internet service,No internet service,No internet service,No internet service,No internet service,Month-to-month,Yes,Electronic check,25.06,638.65,Yes
5112-STOPG,Male,0,No,No,64,Yes,Yes,DSL,No,No,Yes,Yes,No,Yes,Two year,Yes,Credit card (automatic),69.4,4591.11,No
2962-CIUZY,Female,1,No,No,9,Yes,Yes,Fiber optic,No,Yes,No,No,Yes,Yes,Month-to-month,No,Mailed check,102.17,918.36,Yes
0615-EUICH,Male,0,No,No,8,Yes,No,Fiber optic,No,Yes,No,No,No,Yes,Month-to-month,Yes,Credit card (automatic),86.33,739.45,No
5742-EMIEC,Male,1,Yes,No,3,Yes,Yes,Fiber optic,No,No,Yes,No,No,Yes,Month-to-month,No,Mailed check,87.42,268.5,Yes
7750-ADLQR,Female,1,Yes,Yes,5,Yes,No,Fiber optic,No,Yes,Yes,No,Yes,No,Month-to-month,Yes,Credit card (automatic),88.17,470.42,Yes
6993-XQVUV,Male,0,No,No,18,Yes,No,Fiber optic,Yes,No,No,Yes,Yes,Yes,Two year,Yes,Bank transfer (automatic),99.72,1774.08,No
5390-VSBLT,Female,0,No,No,63,No,No phone service,No,No internet service,No internet service,No internet service,No internet service,No internet service,No internet service,Two year,Yes,Bank transfer (automatic),18.25,1128.07,No
0049-FECZU,Female,0,No,Yes,20,Yes,Yes,DSL,Yes,Yes,No,Yes,Yes,No,Month-to-month,No,Mailed check,72.78,1548.63,No
0458-CWMQP,Female,1,No,No,4,No,No phone service,Fiber optic,Yes,Yes,No,No,Yes,Yes,Month-to-month,Yes,Mailed check,81.38,308.9,Yes
1550-BBTQU,Male,0,No,No,0,Yes,No,Fiber optic,No,Yes,Yes,Yes,Yes,Yes,Month-to-month,Yes,Electronic check,103.49, ,Yes
1309-IIERJ,Male,1,Yes,No,17,Yes,Yes,Fiber optic,No,No,Yes,No,Yes,No,Month-to-month,No,Electronic check,90.59,1456.01,No
6218-NXGZY,Male,0,No,Yes,44,Yes,No,Fiber optic,No,No,No,No,Yes,Yes,Two year,Yes,Mailed check,89.4,3660.66,No
0570-MLGDB,Male,0,No,No,27,Yes,No,DSL,No,Yes,Yes,No,Yes,No,Month-to-month,No,Mailed check,64.41,1684.15,Yes
5665-DJVLR,Female,0,Yes,Yes,17,Yes,Yes,DSL,No,Yes,No,No,No,No,Month-to-month,Yes,Electronic check,54.89,912.4,No
0797-EZMEI,Male,0,Yes,No,26,Yes,No,DSL,No,No,Yes,No,No,Yes,Month-to-month,Yes,Electronic check,59.95,1535.22,Yes
3179-BTEHR,Male,0,Yes,Yes,41,Yes,No,Fiber optic,No,No,Yes,No,Yes,Yes,Month-to-month,No,Bank transfer (automatic),94.68,3706.75,No
4661-KVKOC,Female,0,Yes,Yes,2,Yes,No,Fiber optic,Yes,No,No,No,Yes,Yes,Month-to-month,Yes,Mailed check,94.36,196.05,Yes
5193-YSTCG,Female,0,Yes,No,2,Yes,Yes,Fiber optic,No,No,No,No,No,Yes,Month-to-month,Yes,Mailed check,86.13,176.32,Yes
3061-PFZZG,Female,0,Yes,No,63,Yes,Yes,DSL,No,No,Yes,Yes,No,No,Two year,Yes,Bank transfer (automatic),63.8,3857.38,No
6427-UIVEG,Male,0,No,No,62,Yes,No,DSL,Yes,Yes,No,No,No,Yes,Two year,Yes,Bank transfer (automatic),66.39,4005.07,No
7884-ILJRQ,Male,0,No,No,22,Yes,No,Fiber optic,Yes,No,No,Yes,Yes,Yes,Month-to-month,Yes,Bank transfer (automatic),98.48,2152.38,No
9128-EOQYT,Female,0,Yes,Yes,5,Yes,Yes,DSL,No,No,Yes,No,Yes,No,Month-to-month,Yes,Mailed check,66.31,335.75,Yes
7352-SCGMB,Female,0,No,No,41,No,No phone service,DSL,No,Yes,No,Yes,No,Yes,One year,No,Bank transfer (automatic),46.1,1777.36,No
0186-DFBSY,Male,0,Yes,No,12,Yes,No,DSL,No,Yes,Yes,Yes,Yes,No,Month-to-month,Yes,Electronic check,71.36,813.71,No
6410-UUPTX,Male,0,No,No,1,No,No phone service,DSL,Yes,Yes,Yes,No,Yes,Yes,Month-to-month,Yes,Credit card (automatic),60.91,62.59,No
4220-QQNNZ,Male,0,No,No,57,Yes,No,No,No internet service,No internet service,No internet service,No internet service,No internet service,No internet service,One year,Yes,Mailed check,19.95,1127.27,No
3474-FRBUU,Male,0,No,Yes,55,Yes,Yes,DSL,No,Yes,Yes,Yes,No,No,Two year,Yes,Bank transfer (automatic),60.02,3376.72,No
5682-EAKPV,Female,0,No,Yes,29,Yes,No,DSL,Yes,No,No,Yes,Yes,No,Month-to-month,No,Mailed check,63.42,1957.08,No
2650-CIKQG,Male,0,No,No,33,Yes,No,DSL,Yes,No,Yes,Yes,No,No,Month-to-month,No,Mailed check,61.11,1946.48,No
1246-TIOQQ,Male,0,Yes,No,43,Yes,No,No,No internet service,No internet service,No internet service,No internet service,No internet service,No internet service,Month-to-month,Yes,Electronic check,21.86,1003.48,No
1097-KIEJN,Female,0,Yes,Yes,64,Yes,No,No,No internet service,No internet service,No internet service,No internet service,No internet service,No internet service,One year,Yes,Bank transfer (automatic),18.25,1090.57,No
2320-GCBSW,Female,0,Yes,Yes,55,No,No phone service,Fiber optic,No,Yes,No,No,Yes,Yes,Month-to-month,Yes,Electronic check,72.79,4149.59,No
6278-HIPEN,Male,0,Yes,Yes,25,Yes,No,Fiber optic,Yes,Yes,No,Yes,Yes,Yes,Month-to-month,Yes,Electronic check,106.03,2655.08,No
6587-JNFBK,Female,0,No,No,11,Yes,No,No,No internet service,No internet service,No internet service,No internet service,No internet service,No internet service,Month-to-month,Yes,Mailed check,18.72,215.91,Yes
8816-BMPJD,Male,0,No,No,41,Yes,Yes,DSL,Yes,Yes,No,No,No,Yes,Month-to-month,Yes,Electronic check,70.07,2746.64,No
5033-RSLJB,Female,0,No,No,52,Yes,No,Fiber optic,No,No,No,No,No,No,Two year,No,Credit card (automatic),70.27,3783.41,No
8011-XAYSC,Female,0,No,No,65,No,No phone service,DSL,Yes,No,No,Yes,No,No,Two year,Yes,Credit card (automatic),36.9,2558.83,No
1600-IAURT,Male,0,No,No,60,Yes,No,DSL,No,Yes,No,No,No,Yes,One year,No,Bank transfer (automatic),62.33,3858.78,No
9608-CDZWP,Male,0,Yes,No,42,Yes,No,Fiber optic,Yes,Yes,No,No,No,Yes,Two year,Yes,Bank transfer (automatic),87.63,3670.86,No
8310-EOVUO,Male,1,No,No,20,Yes,Yes,DSL,No,No,No,Yes,No,Yes,Month-to-month,Yes,Electronic check,63.09,1221.25,Yes
5134-DBEBT,Female,1,No,No,50,Yes,Yes,DSL,No,No,Yes,Yes,No,No,Two year,Yes,Mailed check,61.63,3046.42,No
4027-XMGGE,Female,0,No,No,34,Yes,Yes,DSL,No,No,No,No,No,Yes,One year,Yes,Bank transfer (automatic),59.34,2123.4,No
6075-JTEMC,Male,1,Yes,No,7,Yes,No,No,No internet service,No internet service,No internet service,No internet service,No internet service,No internet service,Month-to-month,No,Bank transfer (automatic),20.22,148.57,No
6812-NZKFD,Male,0,No,No,15,Yes,No,Fiber optic,No,No,No,No,No,Yes,One year,No,Electronic check,77.09,1132.89,Yes
2524-XUXZK,Male,0,Yes,Yes,43,Yes,No,No,No internet service,No internet service,No internet service,No internet service,No internet service,No internet service,Month-to-month,No,Mailed check,19.06,813.19,No
5450-BZSMG,Male,1,Yes,No,3,Yes,No,Fiber optic,No,No,Yes,Yes,Yes,No,Month-to-month,Yes,Mailed check,91.23,276.87,No
0841-SLPTJ,Female,0,No,No,72,Yes,No,DSL,Yes,No,Yes,No,Yes,No,Two year,No,Mailed check,65.18,5019.9,No
6833-WOEXU,Female,0,No,No,45,Yes,No,Fiber optic,No,Yes,Yes,Yes,No,No,Month-to-month,Yes,Electronic check,84.4,3600.46,No
0526-JNMLG,Female,0,No,No,44,Yes,No,Fiber optic,No,Yes,Yes,No,No,Yes,Two year,Yes,Bank transfer (automatic),85.71,3568.09,No
0791-TOQOO,Male,0,Yes,No,40,Yes,No,DSL,Yes,No,Yes,No,No,No,Two year,No,Mailed check,51.65,2180.64,No
9925-JUKLT,Male,0,Yes,No,27,Yes,No,DSL,Yes,No,Yes,Yes,No,No,Month-to-month,No,Mailed check,61.43,1676.42,No
1365-QPHTD,Female,0,Yes,No,57,Yes,No,DSL,Yes,Yes,Yes,Yes,Yes,No,Two year,Yes,Electronic check,75.42,4543.25,No
3088-XILSZ,Male,0,Yes,Yes,3,Yes,No,No,No internet service,No internet service,No internet service,No internet service,No internet service,No internet service,Month-to-month,No,Mailed check,20.19,64.81,No
0205-WLVCL,Male,0,Yes,Yes,1,Yes,No,Fiber optic,No,No,No,No,Yes,Yes,Month-to-month,Yes,Electronic check,91.55,93.45,No
7622-PNVKK,Female,0,Yes,Yes,45,Yes,No,Fiber optic,Yes,No,No,No,No,No,Month-to-month,No,Credit card (automatic),75.33,3150.39,No
2781-SOZHG,Male,0,Yes,No,8,No,No phone service,No,No internet service,No internet service,No internet service,No internet service,No internet service,No internet service,Month-to-month,Yes,Bank transfer (automatic),18.25,137.75,No
0643-YGTVO,Male,0,Yes,No,12,Yes,Yes,Fiber optic,No,No,No,No,No,No,Month-to-month,Yes,Mailed check,75.05,942.13,No
0732-ALBIF,Male,0,Yes,Yes,15,Yes,Yes,Fiber optic,No,No,Yes,No,Yes,No,Month-to-month,Yes,Electronic check,90.18,1416.97,Yes
0833-KDZPV,Male,0,No,No,52,Yes,Yes,Fiber optic,No,No,No,No,Yes,No,Two year,No,Credit card (automatic),84.78,4212.01,No
2292-VSBHV,Female,0,No,No,60,Yes,No,DSL,Yes,Yes,No,No,No,Yes,Two year,Yes,Bank transfer (automatic),65.36,4034.65,No
1081-SVKQZ,Male,0,No,No,26,Yes,No,DSL,No,Yes,Yes,No,No,Yes,Month-to-month,Yes,Electronic check,64.18,1732.48,Yes
2629-RNATK,Female,0,Yes,No,30,Yes,Yes,DSL,No,Yes,Yes,No,No,No,Month-to-month,Yes,Bank transfer (automatic),58.83,1654.1,No
7849-MAQQF,Male,0,Yes,No,52,Yes,Yes,DSL,Yes,Yes,No,No,No,No,Two year,No,Credit card (automatic),59.3,2842.87,No
0910-NZBLU,Male,0,No,No,72,Yes,No,DSL,Yes,No,Yes,Yes,No,No,Month-to-month,Yes,Electronic check,61.32,4124.5,No
5994-OZCND,Male,0,No,No,7,Yes,Yes,DSL,No,Yes,Yes,Yes,Yes,Yes,Two year,Yes,Electronic check,87.89,628.1,No
0559-BWVVB,Male,0,No,No,28,Yes,No,Fiber optic,Yes,Yes,No,No,No,No,One year,Yes,Electronic check,79.55,2157.31,No
1096-NPCQE,Male,0,No,No,72,Yes,No,DSL,No,No,Yes,No,Yes,No,One year,No,Bank transfer (automatic),61.03,4474.69,No
2928-OWFFZ,Male,0,No,No,4,Yes,No,DSL,No,No,Yes,Yes,No,No,Month-to-month,Yes,Credit card (automatic),55.57,224.44,No
0328-NYPAS,Female,0,No,No,5,Yes,Yes,Fiber optic,No,Yes,Yes,No,Yes,Yes,Month-to-month,No,Electronic check,108.62,533.23,Yes
4002-GBTYR,Male,0,No,No,47,Yes,No,DSL,No,No,Yes,No,No,Yes,Two year,No,Bank transfer (automatic),62.99,3131.02,No
5074-GZRVU,Female,0,Yes,Yes,19,Yes,Yes,Fiber optic,No,Yes,No,No,Yes,No,Month-to-month,Yes,Mailed check,89.7,1676.38,Yes
6509-EXIUI,Male,0,Yes,Yes,60,Yes,No,Fiber optic,Yes,Yes,No,No,No,Yes,Two year,Yes,Credit card (automatic),88.72,5192.18,No
6349-JJXWM,Female,0,No,No,20,Yes,Yes,DSL,No,Yes,No,Yes,Yes,Yes,Month-to-month,Yes,Electronic check,75.43,1422.61,Yes
3058-RDJYO,Female,0,Yes,Yes,72,Yes,Yes,DSL,No,No,No,Yes,Yes,No,Two year,Yes,Bank transfer (automatic),64.9,4841.85,No
1812-BEBSQ,Female,0,Yes,No,69,Yes,No,DSL,Yes,No,No,Yes,No,No,Two year,Yes,Electronic check,55.05,3723.84,No
4800-WUHGU,Female,1,No,No,4,Yes,No,Fiber optic,No,No,Yes,No,No,No,Month-to-month,Yes,Electronic check,74.83,318.33,Yes
5441-UGHHU,Male,0,No,No,1,Yes,No,Fiber optic,Yes,No,No,No,Yes,No,Two year,Yes,Bank transfer (automatic),85.03,83.75,Yes
0452-FZSYG,Female,0,No,No,61,Yes,Yes,Fiber optic,Yes,Yes,Yes,No,Yes,Yes,Two year,Yes,Electronic check,110.7,6437.9,No
3766-USVNY,Female,0,Yes,Yes,61,Yes,Yes,No,No internet service,No internet service,No internet service,No internet service,No internet service,No internet service,Two year,Yes,Mailed check,24.4,1512.09,No
2330-HITJD,Female,0,No,No,4,Yes,No,No,No internet service,No internet service,No internet service,No internet service,No internet service,No internet service,Month-to-month,Yes,Credit card (automatic),18.25,74.32,No
0875-VPVUA,Male,1,Yes,Yes,27,Yes,No,No,No internet service,No internet service,No internet service,No internet service,No internet service,No internet service,Two year,Yes,Mailed check,20.54,554.14,No
6809-JGWPX,Male,0,No,No,52,Yes,Yes,DSL,Yes,Yes,No,Yes,No,Yes,One year,Yes,Credit card (automatic),74.49,3947.13,No
8994-VJPYP,Female,0,Yes,No,16,Yes,No,Fiber optic,No,No,Yes,Yes,Yes,Yes,One year,Yes,Bank transfer (automatic),98.51,1655.52,No
3569-MYSKV,Female,0,No,No,1,Yes,No,DSL,No,Yes,Yes,Yes,No,Yes,Two year,No,Bank transfer (automatic),73.57,69.18,No
6856-KDXLY,Male,1,No,No,16,Yes,Yes,Fiber optic,No,No,No,Yes,Yes,Yes,Month-to-month,Yes,Credit card (automatic),99.88,1580.47,Yes
9896-PLJPP,Female,0,Yes,No,30,Yes,Yes,Fiber optic,No,Yes,No,Yes,No,No,One year,Yes,Mailed check,83.44,2695.08,No
9254-RTBXS,Male,0,No,No,7,No,No phone service,No,No internet service,No internet service,No internet service,No internet service,No internet service,No internet service,Month-to-month,Yes,Mailed check,18.25,127.2,No
0186-QLEDB,Female,0,No,Yes,55,Yes,No,Fiber optic,No,No,No,No,Yes,Yes,One year,Yes,Credit card (automatic),94,5005.75,No
4853-VDNVW,Female,0,Yes,No,16,Yes,No,No,No internet service,No internet service,No internet service,No internet service,No internet service,No internet service,Month-to-month,No,Mailed check,20.66,320.71,No
3259-UDXMN,Male,0,No,No,5,Yes,No,DSL,Yes,No,No,Yes,Yes,Yes,Month-to-month,Yes,Bank transfer (automatic),73.6,371.84,No
7718-ZYBTN,Female,0,Yes,No,68,Yes,Yes,DSL,Yes,No,No,Yes,Yes,No,One year,Yes,Credit card (automatic),74.54,5052.37,No
8501-IKPBN,Female,1,No,Yes,72,Yes,Yes,Fiber optic,Yes,No,No,Yes,Yes,No,Month-to-month,No,Credit card (automatic),95.65,6805.65,No
3015-UOGBU,Male,0,Yes,No,5,Yes,Yes,Fiber optic,No,Yes,No,Yes,No,Yes,Month-to-month,Yes,Credit card (automatic),95.49,477.73,Yes
4901-UYSNZ,Female,0,No,No,4,Yes,Yes,DSL,Yes,Yes,No,No,No,No,Month-to-month,No,Electronic check,58.08,228.49,Yes
7494-PNBBQ,Female,1,No,No,15,Yes,Yes,DSL,No,Yes,Yes,No,Yes,No,Month-to-month,Yes,Electronic check,69.47,1071.21,No
1997-AKKOF,Male,0,Yes,Yes,44,Yes,No,No,No internet service,No internet service,No internet service,No internet service,No internet service,No internet service,One year,Yes,Bank transfer (automatic),21.23,888.64,No
8155-RMBBS,Male,0,Yes,No,13,Yes,No,Fiber optic,No,No,Yes,No,No,Yes,Month-to-month,Yes,Bank transfer (automatic),86.09,1079.76,Yes
6498-CFOOU,Female,0,No,No,28,Yes,No,Fiber optic,No,Yes,No,No,Yes,No,Month-to-month,Yes,Mailed check,80.25,2338.58,No
9674-FQUWJ,Female,0,Yes,Yes,16,No,No phone service,DSL,No,No,Yes,No,Yes,Yes,Month-to-month,Yes,Mailed check,49.38,798.33,Yes
8831-AACOG,Male,0,No,No,56,No,No phone service,DSL,No,Yes,Yes,No,Yes,Yes,Month-to-month,No,Mailed check,55.58,3099.33,No
6681-YOHPQ,Female,0,No,No,30,Yes,No,Fiber optic,Yes,Yes,Yes,No,No,No,Month-to-month,Yes,Credit card (automatic),81.74,2646.46,No
7816-HWMJI,Female,0,Yes,Yes,4,Yes,Yes,DSL,No,No,Yes,Yes,No,No,Month-to-month,Yes,Credit card (automatic),56.23,222.61,No
6798-UAQDL,Male,0,Yes,Yes,3,Yes,Yes,Fiber optic,No,No,No,No,Yes,No,Month-to-month,Yes,Credit card (automatic),86.53,276.57,Yes
0354-SWEIV,Male,0,No,No,64,Yes,No,DSL,Yes,No,Yes,No,No,Yes,One year,Yes,Electronic check,64.5,4058.45,Yes
9664-YYWQN,Female,0,No,No,70,Yes,Yes,DSL,Yes,Yes,No,No,No,No,Two year,Yes,Credit card (automatic),58.84,4409.77,No
2037-BPVYG,Female,0,Yes,Yes,2,Yes,No,Fiber optic,No,No,No,No,Yes,Yes,Month-to-month,No,Electronic check,88.99,163.83,No
3278-SSBPI,Female,0,No,No,20,Yes,Yes,Fiber optic,Yes,Yes,Yes,No,No,Yes,Month-to-month,Yes,Electronic check,100.66,2173.01,Yes
5863-VFFVS,Female,0,Yes,No,70,Yes,No,No,No internet service,No internet service,No internet service,No internet service,No internet service,No internet service,Two year,Yes,Bank transfer (automatic),20.51,1344.67,No
9750-GVCPT,Female,0,No,No,43,Yes,Yes,DSL,No,Yes,Yes,Yes,Yes,No,Two year,Yes,Mailed check,76.18,3526.99,No
7336-QDIIE,Female,0,Yes,No,40,Yes,No,Fiber optic,Yes,Yes,Yes,Yes,Yes,No,One year,Yes,Bank transfer (automatic),100.27,4008.54,Yes
4583-BSYOK,Female,0,Yes,Yes,19,Yes,Yes,No,No internet service,No internet service,No internet service,No internet service,No internet service,No internet service,Month-to-month,No,Credit card (automatic),25.9,529.97,No
1130-GYOII,Male,0,Yes,No,39,Yes,No,Fiber optic,No,No,No,No,No,Yes,Two year,Yes,Credit card (automatic),81.46,2939.89,No
9435-BEKIB,Female,1,Yes,No,3,Yes,Yes,Fiber optic,No,No,No,No,No,No,Month-to-month,No,Mailed check,77.27,235.51,Yes
4767-WQVZC,Male,0,Yes,Yes,8,Yes,No,No,No internet service,No internet service,No internet service,No internet service,No internet service,No internet service,Month-to-month,Yes,Electronic check,20.07,149.94,No
6160-HIUEC,Female,0,Yes,Yes,42,Yes,No,DSL,Yes,Yes,No,Yes,No,Yes,Month-to-month,No,Mailed check,69.54,3108.02,No
2672-FHAYG,Female,0,No,No,10,Yes,Yes,No,No internet service,No internet service,No internet service,No internet service,No internet service,No internet service,Month-to-month,Yes,Mailed check,27.26,254.01,No
5518-DPJFU,Male,0,No,Yes,51,Yes,No,No,No internet service,No internet service,No internet service,No internet service,No internet service,No internet service,Two year,No,Credit card (automatic),18.25,894.72,No
4093-WHQLN,Male,0,No,Yes,26,Yes,No,DSL,No,Yes,Yes,No,No,No,Month-to-month,Yes,Electronic check,53.22,1334.59,Yes
8489-QQPTL,Female,0,Yes,Yes,67,Yes,No,DSL,No,No,No,No,Yes,Yes,Two year,No,Electronic check,65.84,4174.42,No
5038-QDNSG,Female,0,No,No,3,Yes,Yes,No,No internet service,No internet service,No internet service,No internet service,No internet service,No internet service,Month-to-month,Yes,Mailed check,26.24,73.76,No
8393-BFSXU,Female,0,No,No,47,Yes,No,DSL,No,Yes,Yes,Yes,No,No,Month-to-month,No,Electronic check,58.09,2687.17,Yes
1457-WTYCS,Male,0,Yes,Yes,62,Yes,No,DSL,Yes,No,No,Yes,Yes,No,Two year,Yes,Credit card (automatic),65.48,4331.85,No
8131-ARNJW,Male,0,No,No,13,Yes,Yes,Fiber optic,No,No,No,No,No,Yes,Month-to-month,Yes,Electronic check,84.17,1081.3,Yes
6453-QWJWA,Male,1,Yes,No,71,Yes,No,Fiber optic,No,No,Yes,No,No,No,Two year,Yes,Credit card (automatic),73.89,5448.83,No
5268-PILCH,Female,0,Yes,Yes,14,Yes,No,No,No internet service,No internet service,No internet service,No internet service,No internet service,No internet service,Month-to-month,Yes,Mailed check,19.76,266.73,No
0144-LSHWJ,Female,0,Yes,No,1,Yes,No,Fiber optic,No,No,Yes,Yes,Yes,Yes,Month-to-month,Yes,Electronic check,101.21,99.02,Yes
7602-CSAPM,Female,0,Yes,Yes,59,Yes,Yes,No,No internet service,No internet service,No internet service,No internet service,No internet service,No internet service,One year,Yes,Credit card (automatic),26.76,1471.9,No
5978-CWHPE,Female,0,Yes,No,14,Yes,No,DSL,Yes,Yes,Yes,Yes,Yes,No,Month-to-month,No,Electronic check,77.07,1137.58,Yes
5822-ILGKK,Female,0,No,No,65,Yes,Yes,Fiber optic,No,No,Yes,No,No,Yes,Two year,Yes,Bank transfer (automatic),90.28,5767.45,No
5721-QRKWV,Male,0,Yes,Yes,33,Yes,No,DSL,Yes,No,Yes,No,No,Yes,Month-to-month,Yes,Bank transfer (automatic),63.6,2105.6,No
0069-VCVWJ,Female,0,Yes,No,40,Yes,No,No,No internet service,No internet service,No internet service,No internet service,No internet service,No internet service,Month-to-month,Yes,Electronic check,19.22,726.34,Yes
7411-ALVLD,Male,0,Yes,Yes,66,Yes,No,Fiber optic,No,No,No,No,No,No,One year,No,Bank transfer (automatic),69.29,4637.21,No
4878-CVQAU,Male,1,Yes,No,4,Yes,Yes,Fiber optic,No,No,No,Yes,No,Yes,Month-to-month,Yes,Electronic check,87.15,326.05,No
0291-CSQZO,Male,0,Yes,No,16,Yes,No,Fiber optic,No,No,No,No,Yes,No,Month-to-month,No,Mailed check,77.42,1236.7,Yes
9247-RUMTI,Male,0,Yes,Yes,20,Yes,Yes,Fiber optic,Yes,Yes,No,No,Yes,Yes,Month-to-month,Yes,Electronic check,99.83,2123.33,Yes
1259-IJJRN,Female,0,Yes,No,45,Yes,Yes,Fiber optic,No,No,No,No,No,Yes,One year,No,Electronic check,83.59,4029.68,No
0877-TKIKW,Female,0,No,No,4,Yes,No,DSL,No,No,No,Yes,No,Yes,Month-to-month,No,Electronic check,57.7,246.66,No
6729-TLLKT,Male,0,Yes,Yes,58,Yes,Yes,DSL,Yes,Yes,No,Yes,No,No,One year,Yes,Bank transfer (automatic),64.98,4020.51,No
2587-POYYJ,Male,1,Yes,Yes,53,Yes,Yes,DSL,Yes,No,Yes,No,No,No,Two year,No,Mailed check,58.71,3154.41,No
5135-QHJNL,Female,0,No,No,8,Yes,Yes,Fiber optic,Yes,No,Yes,No,Yes,No,Month-to-month,No,Bank transfer (automatic),97.44,748.21,Yes
6664-RJKCA,Male,0,No,No,2,Yes,Yes,DSL,No,Yes,No,No,Yes,Yes,Month-to-month,Yes,Mailed check,75.76,158.7,Yes
1679-BNRNJ,Male,0,Yes,Yes,9,Yes,Yes,No,No internet service,No internet service,No internet service,No internet service,No internet service,No internet service,Month-to-month,Yes,Electronic check,18.25,152.84,No
2649-AYAOZ,Female,0,No,No,19,Yes,No,DSL,No,No,No,No,Yes,No,One year,Yes,Credit card (automatic),52.43,1071.74,No
2868-WGHVW,Male,0,No,No,9,Yes,No,Fiber optic,No,No,Yes,No,Yes,Yes,One year,Yes,Credit card (automatic),93.83,881.22,No
7950-UBYUJ,Female,0,No,Yes,49,Yes,No,DSL,No,No,Yes,Yes,No,No,Two year,Yes,Bank transfer (automatic),53.52,2626.73,No
7427-FCNEU,Male,0,No,No,61,Yes,Yes,Fiber optic,No,No,No,Yes,No,Yes,Two year,Yes,Bank transfer (automatic),88.67,5815.35,No
9973-FWVEA,Male,0,No,No,6,Yes,Yes,No,No internet service,No internet service,No internet service,No internet service,No internet service,No internet service,Month-to-month,Yes,Mailed check,21.31,130.08,No
4116-JZTXP,Male,0,Yes,No,2,Yes,Yes,Fiber optic,No,No,Yes,No,No,Yes,Month-to-month,No,Electronic check,90.17,166.8,Yes
5868-FSSGW,Female,0,No,No,11,Yes,Yes,Fiber optic,Yes,Yes,Yes,No,No,No,Month-to-month,Yes,Electronic check,88.66,998.63,Yes
8670-IFEFL,Male,1,Yes,No,38,No,No phone service,Fiber optic,Yes,No,No,No,Yes,No,One year,Yes,Credit card (automatic),62.94,2455.02,No
9124-FZYAT,Male,0,Yes,No,8,Yes,Yes,Fiber optic,No,Yes,Yes,Yes,No,Yes,Month-to-month,Yes,Credit card (automatic),97.3,722.47,Yes
2899-CKWEA,Female,0,Yes,Yes,41,Yes,No,DSL,No,No,No,No,No,No,Two year,Yes,Credit card (automatic),44.13,1795.88,No
3814-CTZKG,Male,0,No,No,17,Yes,Yes,DSL,No,No,No,Yes,Yes,Yes,Month-to-month,No,Electronic check,79,1385.07,Yes
3131-TFMGM,Male,0,No,Yes,22,Yes,Yes,Fiber optic,Yes,Yes,Yes,Yes,No,Yes,Month-to-month,No,Electronic check,103.59,2400.02,No
1636-FWHIX,Female,1,No,Yes,71,Yes,Yes,Fiber optic,No,No,Yes,Yes,No,No,Two year,Yes,Electronic check,86.04,5771.19,No
5430-AYKYW,Female,0,Yes,Yes,6,Yes,No,DSL,No,Yes,No,No,No,No,Month-to-month,No,Electronic check,51.61,288.49,Yes
3836-MHRJO,Male,0,No,Yes,69,Yes,No,Fiber optic,Yes,No,No,No,No,Yes,Two year,Yes,Mailed check,83.35,5480.75,No
2021-PWINR,Female,1,No,No,33,Yes,Yes,DSL,No,No,No,No,No,No,Two year,Yes,Mailed check,49.82,1629.6,No
0675-UMOOS,Male,0,Yes,No,48,Yes,Yes,Fiber optic,Yes,No,Yes,Yes,No,No,One year,No,Credit card (automatic),87.18,4031.29,No
8919-LDDNA,Female,0,Yes,Yes,9,Yes,No,DSL,Yes,Yes,No,Yes,Yes,Yes,Month-to-month,Yes,Electronic check,74.81,695.77,No
5583-XDXWN,Female,1,No,No,26,Yes,No,Fiber optic,No,No,No,Yes,Yes,Yes,Month-to-month,Yes,Electronic check,94.59,2519.02,Yes
3759-HQFVR,Female,0,No,No,26,Yes,No,Fiber optic,No,No,No,No,No,Yes,One year,Yes,Credit card (automatic),79.46,2066.57,No
0513-HDFUF,Male,1,Yes,Yes,42,Yes,Yes,Fiber optic,No,No,Yes,No,No,Yes,Two year,Yes,Electronic check,88.05,3967.84,No
7014-LILHH,Female,0,Yes,Yes,65,Yes,No,Fiber optic,Yes,Yes,No,Yes,No,Yes,Two year,Yes,Mailed check,96.86,6740.62,No
3089-PGFJX,Female,0,No,No,1,Yes,No,DSL,Yes,Yes,Yes,Yes,No,Yes,Two year,Yes,Electronic check,75.24,74.02,No
1964-BMSFE,Male,0,No,No,39,No,No phone service,No,No internet service,No internet service,No internet service,No internet service,No internet service,No internet service,One year,Yes,Credit card (automatic),18.25,685.67,No
8108-BVVRV,Male,0,Yes,No,2,Yes,Yes,Fiber optic,Yes,Yes,Yes,Yes,Yes,Yes,Month-to-month,Yes,Electronic check,113.34,231.96,Yes
2039-UTCXV,Female,0,No,No,16,Yes,Yes,Fiber optic,No,Yes,No,No,No,Yes,Month-to-month,No,Electronic check,89.72,1455.47,Yes
1864-ALHAU,Female,0,No,No,53,Yes,Yes,DSL,No,No,Yes,Yes,Yes,No,Month-to-month,No,Electronic check,70.68,3854.56,No
9589-UULQF,Female,1,Yes,Yes,14,No,No phone service,DSL,No,Yes,No,No,No,No,Month-to-month,Yes,Credit card (automatic),30.74,404.76,No
1832-DNKMX,Male,0,Yes,Yes,4,Yes,Yes,Fiber optic,No,No,No,Yes,No,Yes,Month-to-month,No,Bank transfer (automatic),90.08,356.58,No
9064-YFPDS,Female,0,Yes,No,10,Yes,No,Fiber optic,Yes,No,Yes,No,Yes,Yes,Month-to-month,Yes,Mailed check,101.04,1083.78,Yes
7974-HJBYQ,Male,0,No,No,35,Yes,No,Fiber optic,No,Yes,No,Yes,No,No,One year,Yes,Mailed check,76.39,2807.89,Yes
8825-UIKXA,Male,0,No,No,27,Yes,No,Fiber optic,No,Yes,No,Yes,No,Yes,Month-to-month,Yes,Credit card (automatic),89.11,2544.82,Yes
7307-IBTXA,Male,1,No,No,1,No,No phone service,Fiber optic,No,No,No,No,No,No,Month-to-month,No,Credit card (automatic),48.31,50.63,Yes
1502-VRWNE,Male,0,No,Yes,7,No,No phone service,Fiber optic,Yes,No,No,Yes,No,No,Month-to-month,Yes,Mailed check,63.18,420.03,No
1620-AORMI,Female,0,Yes,Yes,33,Yes,Yes,Fiber optic,No,No,Yes,Yes,Yes,Yes,One year,Yes,Credit card (automatic),105.36,3653.38,No
7641-BJPCW,Male,0,Yes,No,23,Yes,No,No,No internet service,No internet service,No internet service,No internet service,No internet service,No internet service,Month-to-month,Yes,Bank transfer (automatic),20.39,440.66,No
8372-VHWJO,Female,0,Yes,No,1,Yes,No,Fiber optic,No,Yes,No,No,Yes,Yes,Month-to-month,Yes,Electronic check,95.74,91.64,Yes
9532-PXZIG,Male,0,No,Yes,42,Yes,Yes,DSL,Yes,No,Yes,No,Yes,Yes,Two year,No,Electronic check,79.15,3307.83,No
2753-OGDQR,Female,0,No,No,15,Yes,Yes,DSL,Yes,Yes,Yes,Yes,Yes,No,Month-to-month,Yes,Credit card (automatic),77.63,1151.46,No
8492-RPLKY,Male,1,Yes,Yes,11,Yes,No,Fiber optic,No,Yes,Yes,Yes,Yes,Yes,Month-to-month,No,Credit card (automatic),104.45,1209.22,Yes
8136-UAWTK,Male,1,No,No,56,Yes,No,DSL,Yes,No,Yes,No,No,No,One year,No,Credit card (automatic),55.4,3101.68,No
4077-WJGWT,Female,0,Yes,Yes,57,Yes,No,DSL,No,Yes,Yes,No,No,No,Two year,Yes,Electronic check,58.58,3088.57,No
0666-ENLDU,Female,0,No,No,8,Yes,No,Fiber optic,No,Yes,No,No,Yes,No,One year,No,Electronic check,87.13,730.24,No
9302-NFDEA,Male,0,No,No,8,Yes,No,Fiber optic,Yes,Yes,No,No,Yes,Yes,Month-to-month,Yes,Mailed check,97.74,777.37,Yes
8115-USFQY,Male,0,No,No,65,Yes,No,No,No internet service,No internet service,No internet service,No internet service,No internet service,No internet service,Two year,Yes,Bank transfer (automatic),20.76,1280.3,No
2954-GGSFC,Female,0,No,No,19,No,No phone service,DSL,Yes,No,No,No,Yes,No,One year,Yes,Credit card (automatic),41.7,740.19,No
5026-IZRUH,Female,0,No,No,67,No,No phone service,Fiber optic,No,Yes,No,Yes,Yes,Yes,Two year,Yes,Bank transfer (automatic),77.57,5593.06,No
1370-IBNDG,Female,0,No,Yes,24,Yes,Yes,Fiber optic,Yes,Yes,Yes,No,Yes,No,Month-to-month,No,Electronic check,98.65,2321.08,No
6706-ZURAN,Male,0,No,No,1,Yes,Yes,No,No internet service,No internet service,No internet service,No internet service,No internet service,No internet service,Two year,Yes,Bank transfer (automatic),23.91,23.91,No
0064-OTOJV,Male,0,No,Yes,64,No,No phone service,No,No internet service,No internet service,No internet service,No internet service,No internet service,No internet service,One year,Yes,Bank transfer (automatic),18.25,1211.76,No
5203-ISHQH,Female,0,No,No,66,Yes,Yes,No,No internet service,No internet service,No internet service,No internet service,No internet service,No internet service,One year,Yes,Mailed check,23.67,1660.28,No
3168-LJTGC,Female,0,Yes,Yes,50,Yes,No,DSL,No,No,No,No,No,Yes,Two year,No,Mailed check,54.11,2553.83,No
0391-MQWNM,Female,0,No,No,12,Yes,No,DSL,No,No,Yes,Yes,Yes,No,Month-to-month,Yes,Credit card (automatic),66.11,769.51,No
7061-HSWBA,Male,0,No,No,28,Yes,No,No,No internet service,No internet service,No internet service,No internet service,No internet service,No internet service,Month-to-month,Yes,Electronic check,18.84,517.16,No
0927-XIMCH,Male,1,No,No,12,Yes,No,No,No internet service,No internet service,No internet service,No internet service,No internet service,No internet service,Month-to-month,No,Bank transfer (automatic),18.25,218.3,No
5711-AISYZ,Female,0,Yes,No,10,Yes,No,No,No internet service,No internet service,No internet service,No internet service,No internet service,No internet service,Month-to-month,Yes,Electronic check,18.5,186.96,No
2999-QYCPX,Female,1,Yes,No,9,No,No phone service,Fiber optic,No,No,No,No,No,Yes,Month-to-month,Yes,Electronic check,62.55,537.08,Yes
9478-HCHPL,Male,0,Yes,No,58,Yes,Yes,No,No internet service,No internet service,No internet service,No internet service,No internet service,No internet service,Two year,No,Bank transfer (automatic),25.97,1527.35,No
7780-FBKQL,Male,1,No,Yes,1,Yes,Yes,Fiber optic,No,No,No,No,No,Yes,Month-to-month,Yes,Mailed check,81.67,75.61,Yes
3230-NZWVM,Female,0,Yes,Yes,27,No,No phone service,Fiber optic,Yes,No,No,No,Yes,Yes,One year,No,Bank transfer (automatic),75.2,2175.67,No
0762-FWABU,Male,0,No,No,15,Yes,Yes,No,No internet service,No internet service,No internet service,No internet service,No internet service,No internet service,Month-to-month,No,Electronic check,22.99,365.91,No
9468-WRJFW,Male,0,Yes,No,53,Yes,Yes,Fiber optic,No,No,No,No,Yes,Yes,Two year,No,Credit card (automatic),91.37,4574.94,No
4809-TUPJT,Male,0,No,No,18,No,No phone service,No,No internet service,No internet service,No internet service,No internet service,No internet service,No internet service,Month-to-month,No,Bank transfer (automatic),18.25,305.98,No
3526-CUXMF,Male,0,No,No,46,Yes,No,Fiber optic,Yes,Yes,No,No,Yes,Yes,Month-to-month,Yes,Mailed check,102.6,4890.29,No
8328-OEVZB,Female,0,No,No,8,Yes,No,Fiber optic,Yes,No,No,No,Yes,Yes,Month-to-month,Yes,Mailed check,95.4,758.89,No
9559-QLIJF,Female,0,No,No,39,Yes,No,Fiber optic,No,Yes,Yes,Yes,Yes,Yes,Two year,Yes,Mailed check,103.66,4224.73,No
7232-YSLHK,Female,0,Yes,No,3,Yes,No,Fiber optic,Yes,Yes,Yes,Yes,No,No,Month-to-month,No,Mailed check,91.34,253.05,No
8144-LBFQP,Female,0,Yes,No,37,Yes,No,No,No internet service,No internet service,No internet service,No internet service,No internet service,No internet service,One year,Yes,Electronic check,20.8,794.61,No
7229-HAGTW,Male,1,No,No,60,Yes,No,Fiber optic,No,No,No,Yes,Yes,Yes,Month-to-month,Yes,Bank transfer (automatic),93.74,5703.03,Yes
8729-TYAFB,Male,0,No,No,28,Yes,No,No,No internet service,No internet service,No internet service,No internet service,No internet service,No internet service,Month-to-month,No,Bank transfer (automatic),21.93,634.69,No
1684-TFHDE,Female,0,Yes,Yes,64,Yes,No,Fiber optic,No,No,No,Yes,Yes,No,Two year,No,Mailed check,82.27,5472.53,No
6794-XESUD,Female,0,Yes,Yes,72,Yes,Yes,DSL,Yes,No,No,No,Yes,No,One year,No,Mailed check,67.19,5122.13,No
4616-CBMQG,Male,0,No,No,1,No,No phone service,No,No internet service,No internet service,No internet service,No internet service,No internet service,No internet service,Month-to-month,Yes,Bank transfer (automatic),18.25,17.29,Yes
7571-UASQZ,Female,0,No,No,28,Yes,Yes,No,No internet service,No internet service,No internet service,No internet service,No internet service,No internet service,Two year,No,Bank transfer (automatic),24.83,742.35,No
1428-VRNPW,Female,0,No,No,8,Yes,Yes,DSL,No,No,Yes,No,Yes,No,Month-to-month,No,Credit card (automatic),63.79,517.43,Yes
7983-TIDLU,Male,0,Yes,Yes,36,Yes,No,No,No internet service,No internet service,No internet service,No internet service,No internet service,No internet service,One year,No,Credit card (automatic),18.25,645.93,No
3994-VPWNM,Male,0,No,Yes,12,Yes,No,Fiber optic,No,Yes,No,Yes,No,Yes,Month-to-month,No,Mailed check,87.8,1027.29,No
8627-CVNAF,Male,0,No,No,69,Yes,Yes,Fiber optic,Yes,No,No,No,Yes,Yes,Two year,Yes,Bank transfer (automatic),99.46,7411.19,No
2444-CXTFD,Female,0,No,No,64,Yes,No,DSL,No,No,Yes,Yes,No,Yes,Two year,No,Mailed check,63.13,4031.92,No
2118-KBSHY,Female,0,Yes,No,19,Yes,Yes,No,No internet service,No internet service,No internet service,No internet service,No internet service,No internet service,Month-to-month,No,Mailed check,22.69,427.88,No
7540-FYCTC,Male,0,Yes,No,64,Yes,Yes,No,No internet service,No internet service,No internet service,No internet service,No internet service,No internet service,Two year,Yes,Bank transfer (automatic),25.1,1592.54,No
9309-XFQZM,Female,1,Yes,Yes,70,No,No phone service,DSL,No,Yes,No,Yes,Yes,No,Two year,No,Credit card (automatic),42.37,3191.38,No
4546-EJDMS,Male,0,Yes,Yes,60,Yes,No,DSL,No,Yes,No,No,No,Yes,One year,No,Credit card (automatic),59.36,3781.02,No
5757-CABXU,Female,0,No,No,54,Yes,No,DSL,Yes,Yes,No,Yes,No,No,Two year,No,Credit card (automatic),57.33,2920.06,No
3024-YDRAO,Male,1,No,No,13,Yes,Yes,No,No internet service,No internet service,No internet service,No internet service,No internet service,No internet service,One year,No,Credit card (automatic),22.19,310.38,No
4511-CYCXR,Male,0,No,No,23,No,No phone service,No,No internet service,No internet service,No internet service,No internet service,No internet service,No internet service,Month-to-month,No,Mailed check,18.25,415.26,No
5124-DYXGC,Female,0,No,No,24,Yes,Yes,Fiber optic,No,No,Yes,Yes,Yes,Yes,Month-to-month,Yes,Electronic check,102.22,2415.92,Yes
8401-KAJKK,Female,0,Yes,Yes,6,Yes,No,No,No internet service,No internet service,No internet service,No internet service,No internet service,No internet service,Month-to-month,No,Mailed check,18.25,103.57,No
7488-LVVDB,Female,1,No,Yes,58,Yes,No,DSL,No,No,No,Yes,No,Yes,Month-to-month,No,Electronic check,63.17,3456.75,No
6202-LOTJE,Female,0,No,No,12,Yes,Yes,Fiber optic,No,Yes,Yes,No,Yes,No,Month-to-month,No,Bank transfer (automatic),93.21,1083.65,No
6494-AGTWY,Male,1,No,No,8,Yes,No,Fiber optic,No,No,No,No,Yes,Yes,Month-to-month,Yes,Electronic check,87.47,661.83,Yes
7691-QSCUJ,Female,1,No,No,8,Yes,No,DSL,No,No,No,Yes,No,Yes,Month-to-month,No,Mailed check,61.07,475.09,Yes
4538-LTMBK,Female,0,Yes,No,3,Yes,No,DSL,Yes,Yes,Yes,No,Yes,Yes,Month-to-month,No,Bank transfer (automatic),78.16,233.31,No
7604-JPZPU,Male,0,No,No,11,Yes,No,DSL,No,Yes,No,No,Yes,Yes,Month-to-month,No,Mailed check,68.65,738.31,No
7128-UCHIQ,Female,0,No,No,5,Yes,No,No,No internet service,No internet service,No internet service,No internet service,No internet service,No internet service,Month-to-month,No,Electronic check,19.16,99.77,Yes
3361-QFNRX,Female,0,No,No,59,Yes,Yes,Fiber optic,No,Yes,No,No,Yes,Yes,One year,Yes,Mailed check,100.34,5640.78,Yes
2533-SPWZJ,Male,0,Yes,No,49,Yes,Yes,DSL,Yes,Yes,Yes,Yes,Yes,No,Two year,Yes,Electronic check,80.35,3745.4,No
5010-KBWLU,Male,1,Yes,Yes,40,Yes,No,Fiber optic,No,No,No,No,No,Yes,One year,No,Mailed check,82.28,3290.12,No
0407-XYEXX,Female,0,No,Yes,50,Yes,No,No,No internet service,No internet service,No internet service,No internet service,No internet service,No internet service,Two year,No,Credit card (automatic),22.02,1162.75,No
4761-RGAMR,Female,0,Yes,Yes,19,Yes,No,DSL,Yes,Yes,No,No,No,No,Two year,Yes,Electronic check,54.64,1030.91,No
5107-ZNZUI,Male,0,No,Yes,45,Yes,No,No,No internet service,No internet service,No internet service,No internet service,No internet service,No internet service,One year,Yes,Electronic check,22.21,1055.75,No
2402-UPTCV,Male,0,Yes,No,27,No,No phone service,Fiber optic,Yes,No,Yes,No,No,Yes,One year,Yes,Bank transfer (automatic),72.13,1943.32,No
9387-TICPX,Female,0,Yes,No,61,Yes,Yes,Fiber optic,No,Yes,Yes,No,No,No,One year,Yes,Bank transfer (automatic),83.41,5201.17,No
9892-XOLTS,Female,0,Yes,Yes,25,Yes,No,Fiber optic,No,Yes,No,No,No,No,Month-to-month,Yes,Mailed check,76.39,1924.82,Yes
8808-FYQTT,Female,0,Yes,Yes,4,Yes,Yes,DSL,No,Yes,Yes,No,Yes,No,Month-to-month,No,Mailed check,74.98,323.69,No
9834-UKJKK,Male,0,Yes,No,39,Yes,No,No,No internet service,No internet service,No internet service,No internet service,No internet service,No internet service,Month-to-month,Yes,Mailed check,18.54,720.09,No
8801-YVUMG,Male,0,No,Yes,9,No,No phone service,Fiber optic,Yes,Yes,No,Yes,No,Yes,Month-to-month,No,Electronic check,75.15,696.66,Yes
9689-PIBRU,Male,0,Yes,No,10,Yes,Yes,DSL,Yes,No,No,No,No,Yes,Month-to-month,Yes,Credit card (automatic),59.57,617.41,No
9829-YOYFZ,Male,0,Yes,Yes,15,Yes,No,Fiber optic,Yes,No,No,No,No,No,Month-to-month,Yes,Electronic check,75.28,1191.12,Yes
2911-VOJLR,Female,0,No,No,26,Yes,Yes,Fiber optic,Yes,Yes,Yes,No,No,Yes,One year,Yes,Bank transfer (automatic),100.89,2697.35,Yes
7290-PLJSJ,Female,1,No,No,4,Yes,No,Fiber optic,No,No,No,No,Yes,Yes,Month-to-month,Yes,Electronic check,90.03,385.58,Yes
0410-MSKRZ,Female,0,Yes,No,22,Yes,No,DSL,Yes,Yes,No,Yes,Yes,Yes,One year,No,Mailed check,80.42,1866,No
2343-ZCPEK,Female,0,No,No,28,Yes,Yes,Fiber optic,No,No,Yes,No,No,Yes,Month-to-month,Yes,Bank transfer (automatic),91.38,2707.15,Yes
7820-HSZGO,Male,0,Yes,No,14,Yes,Yes,Fiber optic,No,Yes,No,Yes,No,No,Month-to-month,Yes,Electronic check,82.96,1247.51,No
4789-XSABA,Male,0,No,No,1,No,No phone service,No,No internet service,No internet service,No internet service,No internet service,No internet service,No internet service,Month-to-month,Yes,Electronic check,18.25,17.72,No
8411-IHZNQ,Female,0,Yes,Yes,33,No,No phone service,DSL,Yes,No,No,No,No,No,One year,Yes,Credit card (automatic),31.38,1051.93,No
9554-RCFOW,Male,0,Yes,No,6,Yes,No,No,No internet service,No internet service,No internet service,No internet service,No internet service,No internet service,Month-to-month,No,Electronic check,20.63,115.57,No
0013-FTNRN,Male,1,Yes,No,54,Yes,Yes,Fiber optic,No,Yes,No,No,Yes,No,Two year,Yes,Credit card (automatic),88.52,4856.49,No
2494-UKMVF,Female,0,No,No,45,Yes,Yes,DSL,Yes,No,Yes,Yes,No,Yes,One year,Yes,Bank transfer (automatic),75.14,3201.85,No
9241-WXATS,Male,1,Yes,Yes,8,Yes,Yes,Fiber optic,Yes,No,Yes,No,No,No,One year,No,Electronic check,84.07,674.93,Yes
2612-YYNKV,Female,0,No,No,1,Yes,Yes,Fiber optic,No,No,Yes,No,No,Yes,Month-to-month,Yes,Electronic check,91.39,87.56,Yes
5757-YNMBF,Female,0,No,No,69,Yes,No,DSL,No,No,No,No,Yes,No,Two year,Yes,Credit card (automatic),55.85,4112.3,No
7415-QXSQV,Female,0,Yes,Yes,3,Yes,No,DSL,No,Yes,No,Yes,No,No,Month-to-month,Yes,Electronic check,55.27,155.4,Yes
8278-EHFDC,Female,0,Yes,No,56,Yes,No,No,No internet service,No internet service,No internet service,No internet service,No internet service,No internet service,Two year,No,Bank transfer (automatic),18.33,1023.03,No
2889-PKDOO,Female,0,Yes,Yes,2,Yes,Yes,Fiber optic,Yes,No,Yes,No,No,Yes,Month-to-month,Yes,Credit card (automatic),92.41,193.06,Yes
8689-AAXPE,Female,0,Yes,Yes,41,No,No phone service,No,No internet service,No internet service,No internet service,No internet service,No internet service,No internet service,Two year,No,Mailed check,18.25,737.75,No
7353-YTGRH,Male,1,No,No,61,Yes,No,Fiber optic,No,No,Yes,No,Yes,No,Two year,Yes,Mailed check,89.84,5445.38,No
5412-BFDYJ,Male,0,Yes,Yes,3,Yes,No,Fiber optic,Yes,Yes,Yes,Yes,No,Yes,Month-to-month,Yes,Electronic check,99.82,315.34,No
1183-QXGFP,Female,0,Yes,No,4,Yes,No,DSL,Yes,Yes,No,No,No,Yes,Month-to-month,No,Mailed check,62.2,249.68,Yes
9265-NOEFV,Female,0,Yes,Yes,57,Yes,No,Fiber optic,Yes,Yes,No,No,No,No,Two year,No,Credit card (automatic),83.01,4864.62,No
4747-TVBXJ,Female,0,No,No,45,Yes,No,DSL,Yes,No,Yes,Yes,No,No,One year,Yes,Mailed check,62.54,2668.47,No
6459-DUJWS,Male,0,Yes,No,10,Yes,No,DSL,Yes,No,Yes,Yes,No,No,Month-to-month,Yes,Electronic check,62.36,665.75,No
6969-DNNOY,Male,0,Yes,Yes,9,Yes,No,Fiber optic,Yes,No,No,No,No,No,Month-to-month,Yes,Mailed check,73.91,685.95,Yes
9378-JWKLP,Male,0,Yes,No,51,Yes,No,DSL,Yes,No,Yes,Yes,Yes,No,Two year,No,Electronic check,68.76,3773.68,No
6635-DKZXU,Male,0,No,No,54,Yes,No,No,No internet service,No internet service,No internet service,No internet service,No internet service,No internet service,Two year,No,Mailed check,18.5,1054.12,No
7334-ESBTR,Male,0,No,No,19,Yes,No,DSL,No,No,No,No,No,No,Month-to-month,Yes,Bank transfer (automatic),43.55,877.64,No
2917-YOWFH,Male,0,Yes,No,24,Yes,Yes,DSL,No,Yes,No,No,No,Yes,One year,No,Bank transfer (automatic),64.87,1574.87,No
0456-TMLNF,Female,0,No,No,2,Yes,No,Fiber optic,No,No,Yes,No,No,Yes,Month-to-month,Yes,Mailed check,84.13,172.45,Yes
5727-RKTBT,Female,0,No,No,6,Yes,Yes,DSL,Yes,No,No,No,Yes,Yes,Month-to-month,No,Mailed check,74.65,459.98,No
8042-OCAFH,Female,0,Yes,No,72,Yes,Yes,Fiber optic,No,No,Yes,No,Yes,No,Month-to-month,Yes,Bank transfer (automatic),90.27,6513.07,No
7820-BYMTE,Female,0,No,No,21,Yes,Yes,No,No internet service,No internet service,No internet service,No internet service,No internet service,No internet service,Month-to-month,No,Mailed check,23.89,502.78,No
4910-DKJYL,Female,0,Yes,No,13,Yes,No,DSL,Yes,Yes,No,Yes,Yes,Yes,Month-to-month,No,Mailed check,76.81,1057.81,No
2513-CLAIW,Female,1,No,No,34,Yes,Yes,DSL,Yes,No,Yes,No,Yes,No,One year,No,Bank transfer (automatic),67.4,2289.51,No
9401-MXLMF,Female,0,No,No,7,Yes,No,No,No internet service,No internet service,No internet service,No internet service,No internet service,No internet service,Month-to-month,No,Electronic check,19.37,131.99,No
5561-QKRUT,Female,0,No,No,20,Yes,No,No,No internet service,No internet service,No internet service,No internet service,No internet service,No internet service,One year,Yes,Bank transfer (automatic),19.79,395.48,No
3231-KMBSC,Female,0,No,No,43,No,No phone service,DSL,No,No,No,Yes,Yes,Yes,One year,Yes,Credit card (automatic),46.98,2125.44,No
6788-BGAYA,Male,0,Yes,No,7,Yes,No,Fiber optic,No,Yes,No,No,No,No,Month-to-month,No,Mailed check,74.07,534.93,Yes
2590-ZZBHP,Male,0,Yes,Yes,53,Yes,No,DSL,Yes,Yes,Yes,No,No,Yes,Month-to-month,No,Electronic check,70.45,3454.88,No
9276-OPFOR,Female,0,Yes,Yes,17,Yes,No,No,No internet service,No internet service,No internet service,No internet service,No internet service,No internet service,Month-to-month,Yes,Electronic check,21.18,366.56,Yes
5840-NHBLY,Female,0,No,No,11,Yes,No,DSL,Yes,Yes,Yes,No,Yes,No,One year,Yes,Credit card (automatic),70.37,805.35,No
1326-YRCBK,Male,0,Yes,No,32,Yes,No,No,No internet service,No internet service,No internet service,No internet service,No internet service,No internet service,Month-to-month,No,Electronic check,21.34,712.62,No
1396-HGSGA,Female,0,Yes,No,56,Yes,Yes,DSL,Yes,No,No,No,Yes,Yes,One year,Yes,Credit card (automatic),75.74,3969.42,No
7068-RDAOS,Female,0,Yes,No,22,Yes,No,DSL,No,No,Yes,Yes,Yes,Yes,One year,Yes,Mailed check,71.15,1618.47,No
9363-VBWJV,Male,1,Yes,No,18,Yes,Yes,DSL,No,Yes,No,No,No,Yes,One year,Yes,Mailed check,64.06,1082.63,Yes
7330-XMCJK,Female,0,Yes,No,24,Yes,No,Fiber optic,No,Yes,No,Yes,Yes,Yes,Month-to-month,Yes,Electronic check,100.79,2384.92,Yes
1967-FFYCA,Male,0,No,No,55,Yes,No,No,No internet service,No internet service,No internet service,No internet service,No internet service,No internet service,Two year,No,Credit card (automatic),18.25,1052.4,No
2763-EEURW,Female,0,Yes,Yes,3,Yes,Yes,DSL,Yes,No,No,No,Yes,No,Month-to-month,Yes,Electronic check,65.85,197.64,No
1692-UGPMG,Female,0,Yes,No,2,Yes,Yes,DSL,No,No,Yes,No,Yes,No,Month-to-month,No,Mailed check,61.15,120.48,No
6792-LFFRN,Female,0,Yes,Yes,7,Yes,Yes,Fiber optic,Yes,Yes,Yes,No,Yes,No,One year,No,Bank transfer (automatic),102.23,707.33,Yes
5951-EMZBB,Female,0,No,No,61,Yes,No,DSL,Yes,Yes,Yes,No,Yes,No,Two year,Yes,Mailed check,69.77,4351.37,No
7801-QXUGK,Female,0,No,No,71,Yes,Yes,Fiber optic,No,No,Yes,No,Yes,Yes,One year,No,Electronic check,97.14,6443.9,No
5048-UAYPZ,Female,1,Yes,No,53,Yes,Yes,Fiber optic,Yes,Yes,No,Yes,Yes,No,One year,Yes,Mailed check,97.56,5316.9,No
3535-ARRFW,Male,0,Yes,No,37,Yes,Yes,Fiber optic,No,No,No,Yes,Yes,No,One year,No,Credit card (automatic),90.07,3580.53,No
6961-LHYRL,Female,0,Yes,No,26,Yes,Yes,Fiber optic,No,No,Yes,No,No,No,One year,No,Credit card (automatic),78.74,1965.56,No
9035-DEYNB,Male,0,Yes,Yes,1,Yes,No,DSL,No,Yes,No,Yes,Yes,No,Month-to-month,Yes,Electronic check,68.1,65.93,Yes
5600-HTPNY,Female,0,No,No,20,Yes,Yes,DSL,Yes,No,No,No,Yes,No,Month-to-month,No,Mailed check,63.81,1347.01,No
7967-DNQQZ,Male,0,No,No,5,Yes,Yes,Fiber optic,No,No,No,No,Yes,Yes,Month-to-month,Yes,Electronic check,94.94,493.81,Yes
5009-IXRXG,Female,0,Yes,Yes,53,No,No phone service,Fiber optic,No,No,No,No,No,No,Two year,No,Credit card (automatic),53.18,2879.03,No
3408-HOSDL,Male,0,No,No,4,No,No phone service,Fiber optic,No,No,No,No,No,No,Month-to-month,Yes,Bank transfer (automatic),50.85,197.57,Yes
7645-ATIWU,Male,0,Yes,No,6,Yes,Yes,DSL,No,Yes,No,No,No,No,Month-to-month,No,Electronic check,53.59,311.72,Yes
6159-VVTKN,Male,0,Yes,Yes,22,Yes,Yes,DSL,Yes,Yes,Yes,Yes,No,Yes,Month-to-month,No,Bank transfer (automatic),78.54,1764.95,No
0796-VWLSG,Male,0,No,No,52,Yes,No,DSL,Yes,No,No,No,No,No,One year,No,Bank transfer (automatic),51.65,2858.19,No
1149-LLEKD,Male,1,No,No,37,Yes,No,Fiber optic,No,Yes,No,No,No,No,One year,No,Bank transfer (automatic),77.71,2872.19,No
6062-UNDNZ,Female,0,Yes,Yes,66,Yes,Yes,DSL,No,No,No,Yes,Yes,No,One year,Yes,Credit card (automatic),63.09,4479.68,No
6478-XDBRP,Female,0,Yes,Yes,19,Yes,No,DSL,No,No,Yes,No,Yes,No,Month-to-month,Yes,Mailed check,58.22,1108.63,Yes
1723-YMWHJ,Female,0,Yes,Yes,38,Yes,Yes,No,No internet service,No internet service,No internet service,No internet service,No internet service,No internet service,Month-to-month,No,Bank transfer (automatic),23.41,872.68,No
0367-XSERE,Male,0,Yes,No,55,Yes,No,No,No internet service,No internet service,No internet service,No internet service,No internet service,No internet service,One year,No,Bank transfer (automatic),20.04,1168.55,No
6882-ZCYBN,Male,0,Yes,Yes,16,Yes,Yes,DSL,Yes,No,Yes,No,Yes,Yes,Month-to-month,No,Bank transfer (automatic),83.16,1344.48,No
1249-OTDNR,Male,0,No,No,14,No,No phone service,DSL,No,Yes,No,No,No,No,Month-to-month,No,Electronic check,31.79,439.48,No
0795-KSPLL,Male,1,Yes,Yes,34,Yes,No,Fiber optic,Yes,No,Yes,Yes,No,No,Two year,Yes,Credit card (automatic),84.86,2658.28,No
9904-WSVBC,Female,0,No,No,16,No,No phone service,No,No internet service,No internet service,No internet service,No internet service,No internet service,No internet service,Month-to-month,No,Bank transfer (automatic),18.25,289.31,No
6018-BSSCN,Male,0,No,No,6,Yes,Yes,Fiber optic,No,No,No,No,No,Yes,Month-to-month,No,Mailed check,85.62,473.29,Yes
7928-SEVUD,Female,0,Yes,Yes,22,Yes,No,Fiber optic,No,No,No,No,No,Yes,Month-to-month,No,Mailed check,76.19,1801.13,Yes
4192-CMZRS,Male,0,No,No,24,Yes,Yes,No,No internet service,No internet service,No internet service,No internet service,No internet service,No internet service,Month-to-month,Yes,Mailed check,25.15,633.2,No
4188-DOQZI,Male,0,Yes,Yes,8,No,No phone service,Fiber optic,Yes,No,Yes,Yes,No,Yes,Month-to-month,Yes,Mailed check,79.87,675.94,No
2294-OQTZV,Male,1,No,No,7,No,No phone service,No,No internet service,No internet service,No internet service,No internet service,No internet service,No internet service,Month-to-month,No,Mailed check,18.25,131.49,No
9689-SMJOC,Male,0,No,No,39,Yes,Yes,DSL,No,No,Yes,No,Yes,Yes,Month-to-month,No,Bank transfer (automatic),69.8,2645.03,No
3393-SXUAR,Male,0,No,No,72,Yes,Yes,Fiber optic,Yes,Yes,No,No,Yes,No,Two year,No,Bank transfer (automatic),97.79,7028.51,No
6858-KDIML,Female,0,Yes,Yes,70,Yes,No,DSL,Yes,No,No,No,No,Yes,One year,Yes,Credit card (automatic),58.49,3968.02,No
8530-RBUAL,Female,0,No,No,16,Yes,No,Fiber optic,No,No,No,Yes,No,Yes,Month-to-month,No,Electronic check,84.81,1450.35,Yes
9178-SIOPM,Female,0,No,No,62,Yes,No,No,No internet service,No internet service,No internet service,No internet service,No internet service,No internet service,Two year,Yes,Bank transfer (automatic),21.13,1233.8,No
1077-QWPSD,Male,0,No,No,61,Yes,Yes,No,No internet service,No internet service,No internet service,No internet service,No internet service,No internet service,Two year,Yes,Electronic check,26.3,1686.28,No
3224-WVSKU,Female,0,No,No,8,Yes,No,Fiber optic,No,Yes,Yes,No,Yes,No,Month-to-month,Yes,Bank transfer (automatic),92.74,734.96,Yes
2685-QSWAB,Male,0,No,No,21,Yes,No,Fiber optic,No,No,Yes,No,No,Yes,Month-to-month,No,Mailed check,85.69,1917.63,No
9684-KWFUO,Male,0,Yes,Yes,9,Yes,No,DSL,Yes,No,No,Yes,No,Yes,Month-to-month,No,Bank transfer (automatic),65.34,558.39,Yes
2507-PTTNT,Female,0,Yes,Yes,64,Yes,Yes,No,No internet service,No internet service,No internet service,No internet service,No internet service,No internet service,One year,Yes,Bank transfer (automatic),26.65,1572.72,No
6760-QVSSB,Male,0,No,No,45,Yes,Yes,No,No internet service,No internet service,No internet service,No internet service,No internet service,No internet service,One year,No,Credit card (automatic),21.61,1005.4,No
5024-VXGCU,Male,0,Yes,Yes,68,Yes,No,Fiber optic,No,Yes,No,No,No,No,Two year,Yes,Mailed check,77.89,5333.72,No
4573-KKCAU,Female,0,No,No,49,Yes,Yes,DSL,No,No,Yes,No,No,No,Month-to-month,No,Electronic check,47.69,2251.99,No
4910-KWECF,Female,0,No,No,5,Yes,Yes,DSL,Yes,Yes,Yes,No,No,Yes,Month-to-month,No,Electronic check,74.68,396.4,Yes
2201-ECKMX,Male,0,No,No,3,Yes,Yes,DSL,No,No,No,No,Yes,Yes,Month-to-month,Yes,Electronic check,70.03,218.65,Yes
7006-NSLEK,Male,0,No,No,7,Yes,Yes,Fiber optic,No,No,No,Yes,Yes,Yes,One year,Yes,Bank transfer (automatic),100.81,758.77,No
2776-ITKTY,Male,0,Yes,Yes,21,Yes,Yes,DSL,Yes,No,No,Yes,Yes,No,Month-to-month,No,Credit card (automatic),64.13,1239.01,No
2863-XUGEZ,Female,0,No,Yes,11,No,No phone service,DSL,No,Yes,No,Yes,No,No,Month-to-month,Yes,Mailed check,32.37,329.35,No
2764-SLDJZ,Male,0,No,Yes,23,Yes,Yes,Fiber optic,No,Yes,No,Yes,No,No,Month-to-month,Yes,Credit card (automatic),85.84,1984.93,Yes
3668-LZNQT,Male,0,Yes,Yes,66,Yes,Yes,Fiber optic,No,No,Yes,No,Yes,Yes,Two year,Yes,Mailed check,102.49,6646.96,No
0096-EYUHP,Female,0,No,No,70,Yes,No,Fiber optic,No,No,No,No,Yes,Yes,One year,No,Mailed check,88.65,5940.8,No
3613-MRUEN,Female,0,No,No,34,Yes,No,Fiber optic,No,Yes,No,Yes,Yes,Yes,Month-to-month,No,Credit card (automatic),98.53,3560.75,No
0825-SXDVT,Male,0,Yes,No,7,Yes,No,DSL,No,No,Yes,Yes,Yes,No,Month-to-month,Yes,Mailed check,63.71,421.29,No
2483-IJDSO,Male,0,Yes,No,22,Yes,No,No,No internet service,No internet service,No internet service,No internet service,No internet service,No internet service,One year,No,Credit card (automatic),21.69,505.03,No
6140-ZNBGQ,Male,0,Yes,Yes,44,Yes,No,Fiber optic,No,No,No,No,Yes,Yes,One year,No,Credit card (automatic),92.65,3859.63,No
0388-NKFZG,Male,1,No,No,2,Yes,Yes,No,No internet service,No internet service,No internet service,No internet service,No internet service,No internet service,Month-to-month,No,Bank transfer (automatic),24.48,51.4,Yes
7989-UWWDH,Female,0,Yes,Yes,57,Yes,No,Fiber optic,Yes,Yes,No,Yes,Yes,No,One year,No,Electronic check,95.14,5071.63,No
6176-NNJXU,Female,0,Yes,Yes,23,Yes,Yes,Fiber optic,No,Yes,Yes,No,No,Yes,One year,No,Bank transfer (automatic),93.46,2014.27,No
0853-MCROW,Male,0,No,No,12,Yes,Yes,No,No internet service,No internet service,No internet service,No internet service,No internet service,No internet service,Month-to-month,No,Electronic check,24.45,316.4,No
4074-VNBWT,Female,0,Yes,No,57,Yes,Yes,DSL,Yes,No,No,No,No,No,One year,No,Bank transfer (automatic),55.37,3331.44,No
0013-EZLSM,Female,0,Yes,Yes,4,No,No phone service,Fiber optic,No,Yes,No,No,No,No,Month-to-month,Yes,Electronic check,56.84,209.51,Yes
5235-DUIJD,Female,0,Yes,No,6,Yes,Yes,DSL,Yes,Yes,No,Yes,No,No,Two year,No,Electronic check,62.95,384.47,No
1286-NZQRF,Female,0,Yes,Yes,61,Yes,No,No,No internet service,No internet service,No internet service,No internet service,No internet service,No internet service,Two year,Yes,Electronic check,21.12,1344.87,No
9025-HSPLK,Male,0,Yes,No,11,Yes,Yes,No,No internet service,No internet service,No internet service,No internet service,No internet service,No internet service,Month-to-month,Yes,Mailed check,22.49,231.12,Yes
2190-UKIHP,Male,1,No,Yes,31,Yes,Yes,No,No internet service,No internet service,No internet service,No internet service,No internet service,No internet service,Month-to-month,Yes,Mailed check,19.83,598.57,No
9712-HEPEZ,Male,0,Yes,No,40,Yes,Yes,No,No internet service,No internet service,No internet service,No internet service,No internet service,No internet service,Two year,No,Mailed check,26.57,988.37,No
3886-JBWGZ,Male,0,Yes,No,42,Yes,Yes,Fiber optic,Yes,No,Yes,Yes,Yes,Yes,One year,Yes,Bank transfer (automatic),110.29,4481.49,Yes
4643-LGDVC,Female,0,Yes,No,9,Yes,No,Fiber optic,Yes,Yes,Yes,No,No,Yes,Month-to-month,No,Mailed check,97.86,864.78,Yes
1995-GJZTV,Male,0,Yes,No,7,Yes,Yes,Fiber optic,Yes,Yes,Yes,No,Yes,Yes,Month-to-month,Yes,Credit card (automatic),107.37,806.9,No
1600-KVZSR,Male,0,Yes,No,5,Yes,Yes,Fiber optic,No,Yes,No,Yes,No,Yes,Month-to-month,Yes,Electronic check,96.38,513.02,No
1374-HJQPU,Male,0,Yes,No,12,Yes,No,DSL,No,No,Yes,No,No,Yes,Month-to-month,No,Bank transfer (automatic),58.81,650.96,Yes
3002-YQBXY,Male,0,Yes,No,18,Yes,Yes,Fiber optic,No,No,Yes,Yes,No,Yes,Two year,Yes,Credit card (automatic),96.9,1730.88,No
8690-LFEXI,Female,0,No,No,67,No,No phone service,No,No internet service,No internet service,No internet service,No internet service,No internet service,No internet service,One year,Yes,Bank transfer (automatic),18.25,1313.64,No
5503-PFWYK,Male,0,No,No,9,No,No phone service,Fiber optic,No,No,Yes,No,No,No,Month-to-month,Yes,Credit card (automatic),54.45,505.49,No
7229-DHKEW,Male,0,Yes,No,63,Yes,Yes,No,No internet service,No internet service,No internet service,No internet service,No internet service,No internet service,Two year,Yes,Electronic check,22.81,1376.58,No
3703-RVMBO,Female,0,No,No,2,Yes,No,Fiber optic,Yes,Yes,No,No,No,Yes,Month-to-month,No,Electronic check,90.38,168.87,Yes
1523-RVKTK,Female,0,Yes,Yes,68,Yes,No,Fiber optic,No,No,No,No,No,Yes,Two year,No,Bank transfer (automatic),79.63,5578.21,No
5508-OBFBZ,Female,1,Yes,Yes,50,Yes,No,DSL,No,No,No,Yes,No,Yes,Two year,No,Credit card (automatic),58.49,3129.07,No
0515-LJDTN,Female,0,Yes,Yes,1,Yes,No,Fiber optic,Yes,No,Yes,No,Yes,Yes,Month-to-month,Yes,Electronic check,101.7,104.49,No
6710-XRGXC,Male,0,Yes,No,57,Yes,No,DSL,Yes,No,No,No,No,No,Two year,No,Bank transfer (automatic),50.84,2980.43,No
4995-ZERCH,Female,0,No,No,13,Yes,Yes,No,No internet service,No internet service,No internet service,No internet service,No internet service,No internet service,One year,Yes,Bank transfer (automatic),20.78,283.46,No
8307-LOQPT,Female,0,Yes,Yes,47,Yes,Yes,DSL,Yes,Yes,Yes,Yes,Yes,No,Month-to-month,Yes,Credit card (automatic),78.2,3513.7,No
6201-QOUXO,Male,0,No,No,22,Yes,No,DSL,No,Yes,No,Yes,No,No,Month-to-month,Yes,Electronic check,55.59,1145.89,No
6346-KANUA,Female,0,No,No,10,Yes,Yes,No,No internet service,No internet service,No internet service,No internet service,No internet service,No internet service,Month-to-month,Yes,Mailed check,23.26,229.06,No
9432-TQDGF,Male,0,No,No,59,Yes,No,Fiber optic,No,Yes,Yes,No,Yes,Yes,Two year,Yes,Mailed check,97.32,5977.14,No
3024-YSPLN,Male,0,Yes,No,4,Yes,No,DSL,No,Yes,No,No,No,Yes,Month-to-month,Yes,Electronic check,56.83,221.87,Yes
7191-DYDQA,Female,0,Yes,Yes,6,Yes,Yes,DSL,No,No,No,No,Yes,No,Month-to-month,No,Electronic check,57.18,342.59,No
5161-JMGFY,Female,0,No,No,7,Yes,No,Fiber optic,No,Yes,Yes,No,No,Yes,Month-to-month,Yes,Credit card (automatic),90.54,621.43,No
7936-EWPKR,Female,1,Yes,No,14,Yes,No,No,No internet service,No internet service,No internet service,No internet service,No internet service,No internet service,Month-to-month,Yes,Mailed check,18.86,264.59,No
6677-LDOSF,Male,0,No,No,31,Yes,Yes,Fiber optic,No,Yes,No,No,No,No,Month-to-month,Yes,Bank transfer (automatic),76.17,2503.97,Yes
7390-RILBU,Male,0,Yes,Yes,3,Yes,No,DSL,No,No,No,Yes,No,Yes,Month-to-month,No,Electronic check,57.82,159.95,Yes
8346-HADNZ,Male,0,No,No,24,Yes,No,Fiber optic,No,Yes,No,Yes,No,Yes,One year,Yes,Bank transfer (automatic),88.55,2261.76,Yes
6025-DXAMW,Male,0,No,No,34,Yes,Yes,Fiber optic,No,Yes,No,Yes,Yes,Yes,Month-to-month,Yes,Electronic check,105.33,3388.39,Yes
7168-VPQJF,Male,1,Yes,No,54,Yes,Yes,DSL,Yes,No,Yes,Yes,Yes,No,One year,No,Credit card (automatic),72.12,3663.22,No
7985-WAPPJ,Male,1,No,No,29,Yes,Yes,Fiber optic,No,Yes,No,No,Yes,Yes,Month-to-month,No,Mailed check,95.71,2992.86,Yes
9793-TBNWB,Male,0,No,No,42,Yes,Yes,DSL,No,No,Yes,No,No,No,Month-to-month,No,Bank transfer (automatic),54.82,2327.36,No
8783-SOHCX,Female,0,Yes,No,68,Yes,No,Fiber optic,No,No,No,Yes,Yes,Yes,Two year,Yes,Bank transfer (automatic),95.1,6307.03,No
6141-NIVCD,Male,0,Yes,No,4,Yes,No,DSL,No,No,No,Yes,Yes,No,Month-to-month,Yes,Electronic check,62.15,261.23,Yes
8847-XJTTR,Male,0,No,No,28,Yes,Yes,DSL,No,No,Yes,Yes,No,No,Month-to-month,Yes,Electronic check,61.82,1731.21,Yes
9956-EEYOB,Male,0,No,Yes,6,Yes,No,DSL,No,Yes,No,No,Yes,Yes,Month-to-month,Yes,Credit card (automatic),67.98,436.93,No
4168-ZCZEH,Female,0,No,No,64,No,No phone service,No,No internet service,No internet service,No internet service,No internet service,No internet service,No internet service,Month-to-month,No,Credit card (automatic),18.25,1258.74,No
7964-DUVRI,Male,0,No,No,4,Yes,Yes,No,No internet service,No internet service,No internet service,No internet service,No internet service,No internet service,Month-to-month,No,Credit card (automatic),25.87,99.47,No
5128-FTVHX,Female,0,Yes,No,69,Yes,No,DSL,No,Yes,No,No,Yes,No,Two year,Yes,Credit card (automatic),57.6,4256.23,No
9402-PFELS,Male,0,Yes,No,11,Yes,Yes,Fiber optic,Yes,No,Yes,No,Yes,No,Month-to-month,Yes,Bank transfer (automatic),94.76,969.87,No
7566-LSOTR,Female,0,No,Yes,65,Yes,Yes,No,No internet service,No internet service,No internet service,No internet service,No internet service,No internet service,One year,Yes,Bank transfer (automatic),23.87,1578.93,No
8335-LEEPD,Male,0,No,No,9,Yes,Yes,No,No internet service,No internet service,No internet service,No internet service,No internet service,No internet service,Month-to-month,Yes,Electronic check,24.33,217.43,No
3201-PMYMC,Male,1,No,No,4,Yes,Yes,DSL,Yes,No,No,Yes,Yes,Yes,Month-to-month,No,Bank transfer (automatic),78.73,322.1,Yes
7230-XBIPS,Female,1,No,No,21,Yes,Yes,Fiber optic,No,Yes,No,No,Yes,No,One year,No,Bank transfer (automatic),92.38,1864.54,No
6556-MLIKQ,Female,0,No,Yes,54,Yes,No,Fiber optic,No,No,No,No,No,Yes,One year,No,Credit card (automatic),81.52,4665.84,No
4986-YYQWI,Female,0,No,No,4,Yes,No,Fiber optic,Yes,No,No,No,Yes,No,Month-to-month,Yes,Electronic check,86.55,348.92,Yes
8780-ZPIRQ,Female,0,No,No,3,No,No phone service,No,No internet service,No internet service,No internet service,No internet service,No internet service,No internet service,Month-to-month,No,Mailed check,18.25,58.92,No
3952-TNLMY,Female,1,No,No,2,Yes,No,DSL,No,No,No,No,No,Yes,Month-to-month,No,Credit card (automatic),53.19,109.01,No
7869-QWUNT,Male,0,No,No,72,Yes,Yes,No,No internet service,No internet service,No internet service,No internet service,No internet service,No internet service,Two year,No,Electronic check,24.06,1693.4,No
8259-DLDOY,Male,0,No,No,33,Yes,Yes,DSL,Yes,Yes,Yes,No,No,No,One year,Yes,Credit card (automatic),65.57,2090.9,No
0503-FAUJJ,Male,1,No,Yes,68,No,No phone service,DSL,Yes,Yes,No,Yes,Yes,No,Two year,No,Credit card (automatic),48.13,3272.4,No
8143-NVJKV,Male,0,Yes,No,4,Yes,Yes,Fiber optic,Yes,Yes,No,Yes,Yes,No,Month-to-month,Yes,Mailed check,101.93,402.02,No
0177-MSLCR,Male,1,No,No,10,Yes,No,No,No internet service,No internet service,No internet service,No internet service,No internet service,No internet service,Month-to-month,No,Electronic check,18.29,184.25,No
8323-XNUJL,Male,0,No,No,64,Yes,Yes,Fiber optic,No,No,No,Yes,No,No,One year,No,Electronic check,75.52,4584.89,No
0997-KHABL,Male,0,Yes,No,69,Yes,No,No,No internet service,No internet service,No internet service,No internet service,No internet service,No internet service,Two year,Yes,Mailed check,18.59,1191.01,No
2612-XGEGI,Male,0,Yes,No,31,No,No phone service,Fiber optic,No,No,Yes,No,No,Yes,One year,No,Mailed check,64.14,2125.8,Yes
9444-JVQQJ,Male,1,Yes,Yes,4,Yes,Yes,Fiber optic,No,Yes,No,No,Yes,Yes,Month-to-month,Yes,Bank transfer (automatic),100.29,395.8,Yes
8154-MQEYU,Male,0,No,No,8,Yes,No,DSL,No,No,No,No,Yes,No,Month-to-month,Yes,Electronic check,49.51,385.85,No
8646-KJDZW,Female,0,Yes,Yes,43,Yes,Yes,DSL,No,Yes,No,No,Yes,No,Two year,Yes,Credit card (automatic),64.87,2653.3,No
8391-PMPFL,Male,0,Yes,Yes,43,Yes,Yes,Fiber optic,Yes,No,Yes,No,No,No,Two year,No,Bank transfer (automatic),84.9,3859.33,No
5997-XMLVC,Male,0,Yes,No,66,No,No phone service,DSL,Yes,No,No,Yes,No,No,Two year,Yes,Electronic check,38.15,2585.42,No
5874-IABPY,Female,0,Yes,No,69,Yes,Yes,No,No internet service,No internet service,No internet service,No internet service,No internet service,No internet service,One year,No,Credit card (automatic),23.64,1592.2,No
1563-BVPZU,Male,0,No,Yes,8,Yes,Yes,DSL,No,No,Yes,No,No,No,Month-to-month,Yes,Electronic check,55.03,441.3,Yes
7781-EVXCM,Male,0,No,No,16,Yes,No,Fiber optic,No,Yes,Yes,Yes,No,Yes,Month-to-month,No,Electronic check,93.98,1495.07,Yes
3083-BSVSK,Female,0,Yes,No,5,Yes,Yes,DSL,Yes,No,Yes,Yes,No,No,Month-to-month,No,Bank transfer (automatic),64.48,297.9,Yes
4542-WSNLV,Female,0,No,No,21,Yes,Yes,Fiber optic,No,No,Yes,No,Yes,Yes,Month-to-month,Yes,Electronic check,98.18,2033.5,Yes
6268-JESZU,Male,0,Yes,Yes,21,Yes,No,DSL,Yes,No,No,No,Yes,Yes,One year,Yes,Bank transfer (automatic),74.25,1594.67,No
2222-RHQRY,Male,0,No,No,8,Yes,No,No,No internet service,No internet service,No internet service,No internet service,No internet service,No internet service,Month-to-month,No,Electronic check,18.83,148.12,No
2646-ODFOH,Male,0,No,No,22,Yes,Yes,DSL,Yes,Yes,No,Yes,Yes,No,Month-to-month,Yes,Bank transfer (automatic),74.43,1752.4,No
1000-JXBEA,Male,0,No,No,5,Yes,Yes,Fiber optic,No,No,No,No,No,Yes,Month-to-month,Yes,Mailed check,86.62,426.08,Yes
2767-GRNDR,Female,0,No,Yes,69,Yes,No,Fiber optic,No,Yes,No,Yes,No,No,Two year,No,Electronic check,78.21,5805.06,No
5528-GWEQN,Female,0,No,Yes,54,Yes,Yes,No,No internet service,No internet service,No internet service,No internet service,No internet service,No internet service,Two year,Yes,Bank transfer (automatic),27.82,1469.35,No
1920-OXHNT,Male,0,Yes,Yes,8,Yes,Yes,No,No internet service,No internet service,No internet service,No internet service,No internet service,No internet service,Month-to-month,No,Credit card (automatic),25.25,189.32,No
2183-VKVDP,Male,0,Yes,No,71,Yes,Yes,DSL,No,Yes,No,No,No,No,Two year,Yes,Mailed check,55.48,3627.47,No
4914-NPUGH,Female,0,Yes,Yes,71,Yes,No,DSL,Yes,No,No,No,Yes,No,Two year,No,Bank transfer (automatic),59.79,4308.41,No
9035-SWOUW,Male,1,Yes,Yes,47,Yes,Yes,DSL,Yes,No,No,Yes,Yes,No,Two year,No,Credit card (automatic),69.87,3394.63,No
1333-NICGN,Female,0,Yes,Yes,11,Yes,Yes,No,No internet service,No internet service,No internet service,No internet service,No internet service,No internet service,Month-to-month,Yes,Electronic check,24.11,265.54,No
6982-ITCWJ,Male,0,No,No,6,Yes,Yes,No,No internet service,No internet service,No internet service,No internet service,No internet service,No internet service,Month-to-month,Yes,Bank transfer (automatic),26.4,147.7,No
3123-ORQJW,Female,0,Yes,Yes,58,Yes,No,Fiber optic,No,No,No,No,No,Yes,Two year,Yes,Bank transfer (automatic),76.39,4137.74,No
5093-CRZLO,Male,1,Yes,Yes,9,Yes,No,Fiber optic,No,Yes,No,No,No,Yes,Month-to-month,Yes,Mailed check,86.41,782.53,Yes
2499-SCWJJ,Female,0,Yes,No,11,Yes,No,Fiber optic,No,No,No,No,Yes,No,Month-to-month,No,Credit card (automatic),80.46,954.86,No
9163-ZRIDY,Female,0,Yes,No,7,Yes,No,No,No internet service,No internet service,No internet service,No internet service,No internet service,No internet service,Month-to-month,No,Bank transfer (automatic),23.89,157.4,No
1015-RDRAH,Male,0,No,No,9,Yes,No,DSL,Yes,No,Yes,No,No,No,Month-to-month,Yes,Electronic check,56.52,479.38,Yes
4968-ZPVED,Male,0,No,No,50,Yes,No,No,No internet service,No internet service,No internet service,No internet service,No internet service,No internet service,Month-to-month,Yes,Mailed check,18.25,867.44,No
4679-MJLMD,Female,1,No,No,16,Yes,Yes,Fiber optic,No,No,No,No,Yes,Yes,Month-to-month,No,Mailed check,95.24,1600.67,No
9546-ISRMU,Female,0,No,Yes,3,Yes,No,Fiber optic,No,Yes,No,No,Yes,Yes,Month-to-month,No,Credit card (automatic),98.04,306.79,No
9391-ZMQTB,Female,0,No,No,72,Yes,No,Fiber optic,No,No,Yes,No,Yes,Yes,One year,No,Credit card (automatic),94.37,6500.84,No
9856-GYCFI,Female,0,Yes,Yes,51,No,No phone service,Fiber optic,Yes,Yes,No,No,Yes,Yes,Two year,No,Bank transfer (automatic),78.76,3845.13,No
0563-FCTZO,Male,0,Yes,Yes,7,Yes,Yes,No,No internet service,No internet service,No internet service,No internet service,No internet service,No internet service,Month-to-month,Yes,Mailed check,26.69,190.12,No
9315-EFPPU,Female,1,Yes,Yes,54,Yes,No,DSL,No,Yes,Yes,No,No,No,One year,Yes,Electronic check,54.6,3101.36,No
4119-XYIMN,Male,0,Yes,Yes,3,Yes,Yes,DSL,No,No,Yes,No,No,Yes,Month-to-month,No,Mailed check,63.46,177.29,Yes
5666-LEFLB,Male,0,No,No,20,Yes,Yes,Fiber optic,No,No,No,No,No,No,One year,No,Mailed check,71.8,1423.48,Yes
1295-CZCTT,Female,0,No,No,19,Yes,Yes,Fiber optic,No,No,Yes,No,Yes,Yes,Month-to-month,Yes,Electronic check,100.68,2064.59,Yes
7168-AAXAG,Male,0,Yes,Yes,53,Yes,No,Fiber optic,No,No,Yes,No,No,Yes,Two year,Yes,Electronic check,81.62,4541.52,No
9759-TNHXZ,Female,0,Yes,Yes,16,No,No phone service,Fiber optic,Yes,Yes,No,No,No,Yes,Month-to-month,Yes,Electronic check,71.92,1069.3,Yes
2491-DGYZW,Female,0,No,No,46,Yes,No,Fiber optic,No,No,Yes,No,Yes,Yes,Month-to-month,Yes,Electronic check,95.37,4524.37,No
9182-CXFGN,Male,0,No,No,27,Yes,Yes,No,No internet service,No internet service,No internet service,No internet service,No internet service,No internet service,One year,Yes,Credit card (automatic),22.54,655.53,No
2069-ZZBAG,Male,0,No,No,10,Yes,No,Fiber optic,No,No,Yes,No,No,Yes,One year,Yes,Bank transfer (automatic),87,866.02,No
2995-KEEYH,Female,0,No,No,72,Yes,No,No,No internet service,No internet service,No internet service,No internet service,No internet service,No internet service,Month-to-month,No,Electronic check,19.24,1491.21,No
5586-DCCQI,Male,0,No,Yes,14,Yes,Yes,Fiber optic,No,No,No,No,Yes,No,Month-to-month,No,Electronic check,83.1,1220.58,Yes
7247-FDNBQ,Male,1,Yes,Yes,69,Yes,No,Fiber optic,No,No,Yes,No,Yes,Yes,One year,Yes,Mailed check,91.95,5870.25,No
2712-VKQAT,Male,0,Yes,Yes,40,No,No phone service,Fiber optic,No,Yes,Yes,Yes,Yes,No,Two year,No,Electronic check,73.02,2955.05,Yes
5118-JVBAO,Male,0,Yes,No,16,Yes,No,Fiber optic,No,Yes,Yes,No,No,No,One year,No,Bank transfer (automatic),80.16,1298.91,Yes
3991-DYPBO,Female,0,No,Yes,3,Yes,No,DSL,Yes,No,No,No,No,No,Month-to-month,Yes,Credit card (automatic),49.1,153.63,Yes
4715-SHUOL,Male,0,No,Yes,69,Yes,No,Fiber optic,No,No,Yes,No,Yes,No,Two year,Yes,Credit card (automatic),84.33,6266.41,No
6890-TGGKQ,Female,0,No,No,6,Yes,Yes,DSL,No,No,No,Yes,No,No,One year,No,Bank transfer (automatic),53.95,336.31,No
7501-VKYYR,Male,0,Yes,Yes,45,Yes,No,No,No internet service,No internet service,No internet service,No internet service,No internet service,No internet service,One year,Yes,Credit card (automatic),23.73,989.81,No
3710-VHINF,Female,0,Yes,Yes,14,Yes,Yes,No,No internet service,No internet service,No internet service,No internet service,No internet service,No internet service,Month-to-month,Yes,Electronic check,27.01,362.28,No
9635-SIRZG,Male,0,Yes,No,4,Yes,No,Fiber optic,No,No,No,No,No,No,Month-to-month,No,Electronic check,73.24,273.22,Yes
3917-JLTEZ,Male,1,No,No,51,Yes,Yes,DSL,No,Yes,Yes,No,No,Yes,Month-to-month,No,Electronic check,68.66,3662.15,No
5179-UKRWH,Female,0,No,No,36,Yes,Yes,Fiber optic,Yes,Yes,No,Yes,No,Yes,One year,Yes,Credit card (automatic),101.28,3700.96,No
1954-VWLLM,Female,0,No,No,46,Yes,Yes,No,No internet service,No internet service,No internet service,No internet service,No internet service,No internet service,Month-to-month,Yes,Bank transfer (automatic),23.31,1037.55,No
3766-KVZTV,Female,0,No,No,51,Yes,Yes,DSL,Yes,No,No,No,No,Yes,One year,No,Credit card (automatic),59.92,2940.16,No
6721-SLCAM,Male,0,No,Yes,26,Yes,Yes,No,No internet service,No internet service,No internet service,No internet service,No internet service,No internet service,Month-to-month,Yes,Credit card (automatic),22.39,576.05,No
1381-PSCHO,Female,0,No,No,64,Yes,No,DSL,Yes,Yes,Yes,No,No,Yes,Two year,Yes,Mailed check,72.77,5012.8,No
8340-RZACN,Male,0,No,No,60,Yes,No,Fiber optic,Yes,No,Yes,Yes,Yes,Yes,Month-to-month,Yes,Electronic check,105.35,6757.43,Yes
6144-TLNLL,Male,1,No,Yes,65,Yes,No,No,No internet service,No internet service,No internet service,No internet service,No internet service,No internet service,Two year,No,Mailed check,22.1,1374.71,No
8898-JKAHJ,Female,0,Yes,Yes,37,Yes,Yes,Fiber optic,Yes,Yes,Yes,No,Yes,Yes,One year,No,Bank transfer (automatic),107.16,4264.02,No
7105-QHZIH,Male,0,Yes,Yes,60,No,No phone service,DSL,No,No,No,No,Yes,Yes,Two year,Yes,Bank transfer (automatic),45.06,2819.16,No
8625-NMXVN,Male,0,Yes,No,6,Yes,Yes,No,No internet service,No internet service,No internet service,No internet service,No internet service,No internet service,Month-to-month,Yes,Electronic check,24.25,135.32,Yes
6664-UOOEY,Male,0,Yes,Yes,26,Yes,No,No,No internet service,No internet service,No internet service,No internet service,No internet service,No internet service,Month-to-month,No,Mailed check,18.25,469.86,No
4093-AMYKC,Male,0,No,No,67,Yes,No,DSL,No,No,No,No,No,Yes,Two year,No,Bank transfer (automatic),57.48,3883.69,No
5809-AQQOQ,Female,0,No,No,60,Yes,Yes,Fiber optic,No,Yes,No,No,No,No,Two year,Yes,Bank transfer (automatic),81.02,4495.6,No
6619-UHGMQ,Female,0,Yes,No,20,Yes,Yes,Fiber optic,No,Yes,Yes,No,Yes,Yes,One year,Yes,Bank transfer (automatic),103.53,2126.3,No
2952-QIMEL,Male,0,Yes,Yes,8,Yes,No,Fiber optic,No,No,No,No,No,Yes,Month-to-month,No,Bank transfer (automatic),82.36,630.36,Yes
2642-DAZPU,Female,0,Yes,No,45,Yes,Yes,Fiber optic,Yes,No,No,No,No,Yes,One year,Yes,Bank transfer (automatic),86.62,3865.25,No
1090-AXCAQ,Female,1,No,No,63,Yes,Yes,No,No internet service,No internet service,No internet service,No internet service,No internet service,No internet service,One year,Yes,Mailed check,24.75,1553.24,No
4088-DSCUW,Female,1,Yes,Yes,55,Yes,No,DSL,No,Yes,No,Yes,Yes,No,Two year,Yes,Bank transfer (automatic),64.3,3542.8,No
8212-WLBOH,Female,0,Yes,No,23,Yes,Yes,DSL,Yes,Yes,Yes,No,No,No,Month-to-month,No,Mailed check,63.79,1368.14,No
0331-VDKFH,Male,1,No,No,43,Yes,No,Fiber optic,Yes,Yes,Yes,No,No,Yes,Two year,No,Mailed check,97.14,4045.99,No
0999-DRMZO,Male,0,No,No,14,No,No phone service,DSL,Yes,No,No,Yes,No,No,One year,No,Electronic check,35.15,507.88,No
1106-VJDZH,Female,0,Yes,Yes,47,Yes,Yes,DSL,No,Yes,No,Yes,No,No,Two year,Yes,Mailed check,57.4,2725.82,No
0534-AKXAB,Female,0,No,No,48,Yes,Yes,No,No internet service,No internet service,No internet service,No internet service,No internet service,No internet service,Two year,Yes,Bank transfer (automatic),25.19,1114.31,No
1783-GJHDL,Female,0,Yes,No,1,Yes,No,Fiber optic,No,No,Yes,Yes,Yes,No,Month-to-month,Yes,Mailed check,88.26,94.81,Yes
5429-UMGAE,Male,0,No,No,64,Yes,Yes,Fiber optic,No,No,No,No,No,Yes,Two year,Yes,Mailed check,84.01,5305.25,No
3907-KLDXJ,Female,0,No,Yes,24,Yes,No,No,No internet service,No internet service,No internet service,No internet service,No internet service,No internet service,One year,No,Mailed check,21.22,503.03,No
4083-VMKLL,Male,0,Yes,Yes,63,Yes,No,No,No internet service,No internet service,No internet service,No internet service,No internet service,No internet service,One year,No,Mailed check,18.25,1236.79,No
9488-BKNSQ,Male,1,Yes,Yes,27,Yes,Yes,Fiber optic,Yes,Yes,Yes,No,Yes,Yes,Month-to-month,Yes,Bank transfer (automatic),110.15,2737.2,No
1008-ULBJF,Female,0,Yes,No,1,Yes,Yes,Fiber optic,No,No,Yes,No,No,Yes,Two year,No,Mailed check,88.56,84.55,No
1356-MXZFJ,Male,1,Yes,No,10,Yes,No,DSL,No,Yes,Yes,Yes,No,No,Month-to-month,Yes,Bank transfer (automatic),60,604.46,Yes
8135-WHKOK,Female,0,Yes,Yes,3,Yes,No,DSL,No,Yes,Yes,No,No,No,Month-to-month,No,Mailed check,55.54,160.07,No
6260-RQUZV,Male,0,Yes,Yes,6,Yes,No,DSL,No,Yes,Yes,No,No,No,Month-to-month,Yes,Mailed check,58.56,349.9,No
6191-VQPMG,Female,0,Yes,No,69,Yes,Yes,Fiber optic,Yes,No,Yes,No,No,Yes,Two year,Yes,Bank transfer (automatic),96.1,6781.53,No
3703-LUZCM,Male,0,No,No,1,Yes,No,DSL,No,No,Yes,Yes,No,Yes,Month-to-month,Yes,Electronic check,67.45,70.14,No
4745-KPRWZ,Female,0,No,No,67,Yes,No,No,No internet service,No internet service,No internet service,No internet service,No internet service,No internet service,One year,Yes,Mailed check,19.33,1335.97,No
1872-ZIJSA,Male,0,No,No,1,Yes,No,No,No internet service,No internet service,No internet service,No internet service,No internet service,No internet service,Two year,No,Mailed check,18.25,18.83,No
8393-ESVYI,Male,0,Yes,No,20,Yes,Yes,Fiber optic,Yes,No,No,No,Yes,No,One year,Yes,Credit card (automatic),88.03,1891.44,No
7331-CKZKF,Male,0,Yes,No,39,Yes,Yes,Fiber optic,No,No,Yes,No,No,Yes,Two year,Yes,Bank transfer (automatic),90.82,3552.9,No
4583-WVXQX,Female,0,Yes,Yes,32,Yes,No,Fiber optic,No,No,No,Yes,No,Yes,Month-to-month,Yes,Electronic check,88.66,2635.62,No
1995-UWRNU,Male,0,Yes,No,15,Yes,Yes,DSL,No,Yes,No,Yes,No,No,Month-to-month,Yes,Electronic check,59.51,844.25,No
2061-TFDAM,Female,0,Yes,Yes,1,Yes,Yes,No,No internet service,No internet service,No internet service,No internet service,No internet service,No internet service,Month-to-month,No,Electronic check,27.8,28.33,No
4733-FGFBQ,Female,0,Yes,Yes,45,Yes,Yes,DSL,No,Yes,Yes,No,No,No,Two year,Yes,Bank transfer (automatic),56.54,2420.31,No
5482-IITLC,Male,0,No,No,60,Yes,No,Fiber optic,Yes,No,No,Yes,Yes,Yes,One year,No,Credit card (automatic),100.42,6268.8,No
9444-KOXAN,Female,1,Yes,No,6,Yes,No,DSL,Yes,No,Yes,No,Yes,No,Month-to-month,No,Mailed check,64.28,355.33,No
3573-GXORT,Female,1,Yes,No,51,No,No phone service,No,No internet service,No internet service,No internet service,No internet service,No internet service,No internet service,Two year,No,Credit card (automatic),18.25,992.71,No
1016-BJAKI,Female,0,No,No,31,Yes,Yes,Fiber optic,No,No,Yes,Yes,Yes,Yes,One year,Yes,Electronic check,104.42,3085.03,Yes
2492-FSAVH,Male,1,Yes,Yes,58,Yes,No,DSL,Yes,Yes,No,No,No,Yes,Two year,Yes,Electronic check,63.47,3899.67,No
9747-YWIZH,Male,1,No,No,5,Yes,No,Fiber optic,No,Yes,Yes,No,Yes,No,Month-to-month,No,Electronic check,89.93,441.12,Yes
4691-UJMMS,Male,0,No,No,72,No,No phone service,No,No internet service,No internet service,No internet service,No internet service,No internet service,No internet service,Two year,Yes,Bank transfer (automatic),18.25,1307.72,No
0874-PUGGF,Male,0,Yes,Yes,14,Yes,No,Fiber optic,Yes,No,Yes,No,No,Yes,Month-to-month,Yes,Mailed check,90.95,1347.76,Yes
4102-JXCTT,Male,0,Yes,Yes,4,Yes,Yes,Fiber optic,No,Yes,Yes,Yes,No,Yes,Month-to-month,Yes,Electronic check,99.61,414.49,No
9603-HIZOG,Female,0,No,No,5,Yes,No,DSL,No,Yes,Yes,No,Yes,Yes,Month-to-month,No,Electronic check,74.72,372.13,Yes
8210-USIJC,Female,0,No,No,54,Yes,Yes,Fiber optic,No,No,No,No,No,Yes,One year,Yes,Electronic check,84.9,4669.15,No
2449-WLHJH,Female,0,No,Yes,43,Yes,Yes,Fiber optic,No,No,Yes,Yes,No,No,One year,Yes,Electronic check,83.89,3321.86,No
0157-HCSNZ,Male,1,Yes,No,2,Yes,No,DSL,Yes,Yes,No,No,Yes,Yes,Month-to-month,No,Mailed check,73.22,140.64,No
0430-ZOHKT,Male,0,No,Yes,4,Yes,No,Fiber optic,No,Yes,Yes,Yes,Yes,No,Month-to-month,Yes,Credit card (automatic),94.46,374.69,Yes
0164-MPRUU,Female,0,Yes,No,8,Yes,No,Fiber optic,No,No,Yes,No,Yes,Yes,Month-to-month,Yes,Electronic check,91.69,727.68,Yes
1093-VBMPR,Male,0,Yes,No,6,Yes,No,Fiber optic,No,Yes,No,No,Yes,No,Month-to-month,Yes,Electronic check,83.14,536.33,Yes
3991-AEWJC,Female,0,Yes,Yes,50,Yes,No,Fiber optic,No,Yes,No,Yes,Yes,No,Two year,Yes,Credit card (automatic),86.49,4074.05,No
8811-IYVIM,Male,0,No,No,65,No,No phone service,No,No internet service,No internet service,No internet service,No internet service,No internet service,No internet service,Two year,Yes,Credit card (automatic),18.25,1178.65,No
7225-NORMA,Female,0,No,No,6,Yes,No,No,No internet service,No internet service,No internet service,No internet service,No internet service,No internet service,Month-to-month,Yes,Mailed check,19.89,112.3,No
9638-DJWDG,Female,0,No,No,71,Yes,Yes,Fiber optic,No,No,No,No,Yes,Yes,Two year,No,Credit card (automatic),92.29,6939.41,No
4507-EHRVX,Male,0,Yes,No,33,Yes,No,Fiber optic,Yes,No,No,No,No,No,One year,No,Electronic check,74.04,2373.73,No
7853-MSKXS,Male,0,No,No,4,Yes,No,DSL,Yes,Yes,No,Yes,Yes,No,Month-to-month,No,Bank transfer (automatic),70.13,275.47,No
9384-XEITR,Female,0,Yes,Yes,71,Yes,No,Fiber optic,No,No,No,Yes,Yes,Yes,Two year,Yes,Electronic check,94.96,6982.42,No
2502-QLGTY,Female,0,No,No,1,Yes,No,Fiber optic,No,No,Yes,No,Yes,Yes,Month-to-month,Yes,Mailed check,95.15,91.7,Yes
9678-ZCETH,Male,0,No,No,11,Yes,Yes,DSL,No,No,No,No,No,No,Month-to-month,No,Mailed check,46.91,555.33,No
6506-QAKWU,Male,0,Yes,No,6,Yes,No,No,No internet service,No internet service,No internet service,No internet service,No internet service,No internet service,One year,No,Credit card (automatic),20.31,114.38,No
6791-DQHEM,Female,1,No,No,71,Yes,No,Fiber optic,No,Yes,No,No,Yes,Yes,Two year,Yes,Credit card (automatic),94.23,6392.66,No
3903-WFBBC,Male,1,No,No,8,Yes,No,Fiber optic,No,Yes,Yes,Yes,Yes,Yes,Month-to-month,Yes,Electronic check,107.75,820.9,Yes
7226-JFRUQ,Female,0,Yes,No,30,Yes,No,DSL,Yes,No,No,Yes,No,No,One year,Yes,Credit card (automatic),54.54,1624.31,No
7201-KSLLA,Male,0,Yes,Yes,70,Yes,No,No,No internet service,No internet service,No internet service,No internet service,No internet service,No internet service,Two year,Yes,Bank transfer (automatic),20.83,1504.44,No
2336-PEOFB,Female,1,No,No,66,Yes,No,DSL,No,No,Yes,No,No,No,Two year,No,Electronic check,49.02,3181.8,No
0883-PXMXZ,Female,0,No,No,2,Yes,No,DSL,No,Yes,No,Yes,Yes,No,Month-to-month,No,Electronic check,63.88,118.13,Yes
1288-GFDEI,Female,0,No,No,12,Yes,No,DSL,No,No,Yes,No,Yes,No,Month-to-month,Yes,Electronic check,57.99,650.75,Yes
3548-QONZU,Male,0,Yes,No,8,Yes,No,No,No internet service,No internet service,No internet service,No internet service,No internet service,No internet service,Month-to-month,Yes,Credit card (automatic),18.25,137.03,No
1917-GPIQY,Male,0,Yes,No,6,Yes,No,DSL,No,Yes,Yes,No,Yes,No,Month-to-month,Yes,Electronic check,62.53,368.85,No
8214-TZTQJ,Female,0,Yes,Yes,52,Yes,No,Fiber optic,No,No,No,No,No,Yes,Two year,Yes,Bank transfer (automatic),81.63,4192.19,No
0191-FKCLG,Male,1,No,No,67,Yes,Yes,No,No internet service,No internet service,No internet service,No internet service,No internet service,No internet service,Month-to-month,Yes,Electronic check,24.38,1716.3,No
5176-PAXXP,Female,0,Yes,Yes,59,Yes,No,DSL,No,Yes,No,No,No,No,Two year,Yes,Credit card (automatic),51.39,3190.28,No
2985-FOQQB,Male,0,Yes,No,19,Yes,No,Fiber optic,No,Yes,No,No,Yes,Yes,Month-to-month,No,Electronic check,97.32,1900.94,Yes
8053-JYUPF,Male,0,No,Yes,1,Yes,Yes,Fiber optic,Yes,Yes,No,No,Yes,Yes,Month-to-month,Yes,Electronic check,103.18,102.75,Yes
2065-YALIK,Male,0,No,No,2,Yes,No,DSL,No,No,No,Yes,No,Yes,Month-to-month,Yes,Mailed check,61.27,118.78,No
7366-YWCZJ,Female,0,Yes,Yes,47,Yes,No,Fiber optic,Yes,Yes,Yes,Yes,No,Yes,One year,Yes,Mailed check,96.54,4503.93,No
3877-VUMAT,Female,0,Yes,No,6,Yes,Yes,DSL,Yes,Yes,No,No,No,No,Month-to-month,Yes,Bank transfer (automatic),57.55,356.42,No
2009-JQYGS,Female,0,No,No,52,Yes,No,DSL,Yes,No,Yes,Yes,No,No,Two year,Yes,Credit card (automatic),59.61,3322.75,No
4812-YOVDK,Male,1,Yes,No,5,Yes,Yes,No,No internet service,No internet service,No internet service,No internet service,No internet service,No internet service,Month-to-month,Yes,Credit card (automatic),24.97,132.42,No
3619-YQDXU,Female,0,Yes,No,41,Yes,No,DSL,Yes,Yes,No,No,No,No,Two year,No,Electronic check,55.06,2207.12,No
3031-QYOSA,Female,1,Yes,No,17,Yes,No,DSL,No,No,No,No,No,No,Month-to-month,Yes,Electronic check,48.18,857.22,No
3356-PJQGU,Female,0,Yes,Yes,57,Yes,Yes,No,No internet service,No internet service,No internet service,No internet service,No internet service,No internet service,One year,Yes,Bank transfer (automatic),27.54,1526.16,No
2582-DVHVC,Male,0,No,No,6,Yes,No,No,No internet service,No internet service,No internet service,No internet service,No internet service,No internet service,Month-to-month,Yes,Mailed check,20.16,113.04,No
2334-BFCZC,Female,1,Yes,Yes,38,Yes,No,Fiber optic,Yes,No,No,No,No,Yes,Two year,No,Credit card (automatic),84.47,3054.68,No
2050-MIQJR,Male,0,No,No,19,Yes,No,Fiber optic,Yes,Yes,Yes,No,Yes,Yes,One year,No,Mailed check,107.19,2030.73,No
3801-DEXAI,Male,0,Yes,No,8,Yes,No,No,No internet service,No internet service,No internet service,No internet service,No internet service,No internet service,Month-to-month,No,Electronic check,18.45,152.83,No
8914-NNWRD,Male,0,No,No,28,Yes,Yes,DSL,No,No,Yes,Yes,No,No,Month-to-month,No,Credit card (automatic),60.38,1742.93,No
8062-WFPOD,Female,0,No,No,7,Yes,No,Fiber optic,No,No,Yes,No,Yes,Yes,Month-to-month,Yes,Mailed check,91.43,655.62,Yes
2001-OHECS,Male,0,No,No,19,Yes,No,DSL,No,No,Yes,No,Yes,No,One year,Yes,Credit card (automatic),59.93,1190.18,Yes
4240-ZHSTB,Male,1,Yes,Yes,72,Yes,No,No,No internet service,No internet service,No internet service,No internet service,No internet service,No internet service,Two year,Yes,Mailed check,24.2,1781.26,No
1120-MRHTC,Male,0,No,No,2,Yes,No,Fiber optic,Yes,No,Yes,No,No,No,Month-to-month,Yes,Electronic check,81.91,153.49,Yes
4017-XZZCM,Male,0,No,No,1,Yes,No,No,No internet service,No internet service,No internet service,No internet service,No internet service,No internet service,Month-to-month,No,Electronic check,20.12,21.21,No
6042-YUFXR,Male,1,Yes,No,21,Yes,Yes,No,No internet service,No internet service,No internet service,No internet service,No internet service,No internet service,Month-to-month,Yes,Credit card (automatic),26.1,550.4,No
4647-GOOQI,Male,0,Yes,Yes,56,Yes,No,No,No internet service,No internet service,No internet service,No internet service,No internet service,No internet service,One year,Yes,Electronic check,18.25,1015.9,No
1802-HZYDO,Female,0,Yes,No,9,Yes,No,DSL,No,Yes,Yes,No,Yes,No,Month-to-month,Yes,Bank transfer (automatic),65.92,576.51,Yes
7199-GIGHE,Male,0,No,No,3,Yes,No,Fiber optic,No,Yes,Yes,Yes,Yes,Yes,Month-to-month,No,Mailed check,104.85,328.71,Yes
2694-ZJIZN,Male,0,Yes,Yes,22,Yes,Yes,No,No internet service,No internet service,No internet service,No internet service,No internet service,No internet service,One year,Yes,Electronic check,27.08,622.02,No
8776-LGGYO,Male,0,Yes,No,10,No,No phone service,DSL,Yes,No,Yes,No,No,Yes,Month-to-month,Yes,Electronic check,46.01,478.19,No
0943-YPOEM,Female,0,No,No,17,No,No phone service,DSL,Yes,No,No,Yes,No,Yes,Month-to-month,Yes,Mailed check,42.75,690.44,No
2768-AFWPJ,Female,0,Yes,No,5,No,No phone service,Fiber optic,No,Yes,No,No,No,No,Month-to-month,No,Electronic check,58.29,279.58,No
4418-PATRA,Male,0,Yes,No,66,Yes,Yes,Fiber optic,Yes,No,Yes,Yes,Yes,No,Two year,Yes,Mailed check,99.15,6672.28,No
9550-NYAHA,Male,0,No,Yes,17,Yes,Yes,Fiber optic,No,No,Yes,No,Yes,No,Month-to-month,Yes,Electronic check,93.24,1556.72,Yes
4457-CUYXT,Female,1,Yes,Yes,48,Yes,Yes,DSL,No,No,No,No,Yes,No,Two year,Yes,Bank transfer (automatic),59.21,2620.7,No
2518-FJRKI,Female,0,Yes,Yes,25,Yes,Yes,Fiber optic,No,Yes,No,No,Yes,No,One year,No,Electronic check,87.66,2037.84,Yes
6925-LSLST,Male,0,Yes,No,33,Yes,Yes,DSL,No,No,No,No,No,No,One year,No,Mailed check,47.23,1517.68,No
5956-YMVQX,Female,0,No,No,58,Yes,Yes,No,No internet service,No internet service,No internet service,No internet service,No internet service,No internet service,Two year,Yes,Credit card (automatic),21.55,1201.24,No
4284-SAMGH,Female,0,No,No,62,Yes,No,Fiber optic,No,No,No,No,Yes,No,Two year,Yes,Mailed check,81.08,4716.95,No
7785-BQRNS,Male,0,Yes,Yes,21,Yes,No,Fiber optic,No,Yes,Yes,No,Yes,No,Month-to-month,No,Credit card (automatic),88.62,2008.88,Yes
3934-HBYOP,Male,0,No,No,46,Yes,No,DSL,Yes,No,No,Yes,No,Yes,One year,Yes,Credit card (automatic),66.09,2831.11,No
8106-THTSC,Female,0,No,No,12,Yes,No,Fiber optic,Yes,Yes,No,Yes,Yes,Yes,Month-to-month,No,Credit card (automatic),102.81,1243.13,No
8109-IRSOO,Female,1,Yes,Yes,46,Yes,No,No,No internet service,No internet service,No internet service,No internet service,No internet service,No internet service,Month-to-month,No,Electronic check,20.56,931.61,No
0370-VWJVU,Male,0,No,No,34,Yes,No,DSL,No,Yes,Yes,Yes,No,No,Two year,Yes,Mailed check,59.11,2139.55,No
3683-OUZZE,Male,0,No,No,50,Yes,No,Fiber optic,No,No,No,No,Yes,No,Two year,Yes,Mailed check,79.42,4093.35,No
4927-SRLIQ,Male,0,Yes,Yes,28,Yes,Yes,Fiber optic,No,Yes,No,Yes,No,Yes,One year,No,Credit card (automatic),95.77,2516.9,No
0734-PTSNI,Female,0,No,No,22,Yes,Yes,DSL,No,No,Yes,No,Yes,No,Month-to-month,No,Bank transfer (automatic),66.74,1554.7,Yes
5685-BQQWF,Male,0,No,No,39,Yes,No,No,No internet service,No internet service,No internet service,No internet service,No internet service,No internet service,One year,Yes,Mailed check,20.61,787.63,No
6154-XVAYB,Male,0,No,No,62,Yes,Yes,Fiber optic,Yes,Yes,No,Yes,Yes,No,Two year,Yes,Bank transfer (automatic),102.6,5897.27,No
4578-EXUZW,Female,0,No,No,17,Yes,Yes,Fiber optic,Yes,Yes,Yes,No,Yes,Yes,Two year,Yes,Bank transfer (automatic),106.26,1817.59,No
1204-GSJZY,Male,0,Yes,Yes,26,Yes,No,No,No internet service,No internet service,No internet service,No internet service,No internet service,No internet service,Two year,Yes,Credit card (automatic),18.25,464.53,No
9694-IIQJX,Female,0,No,No,7,Yes,No,DSL,Yes,No,Yes,Yes,No,Yes,Month-to-month,Yes,Electronic check,68.42,465.45,Yes
4509-FDEZP,Female,0,Yes,No,4,Yes,Yes,Fiber optic,Yes,Yes,No,Yes,Yes,Yes,Month-to-month,No,Mailed check,110.7,458.31,No
7004-EJFSY,Female,0,No,Yes,6,No,No phone service,DSL,Yes,Yes,Yes,Yes,Yes,No,Month-to-month,No,Electronic check,52,302.64,No
7721-YAQAN,Female,0,No,No,3,Yes,No,No,No internet service,No internet service,No internet service,No internet service,No internet service,No internet service,Month-to-month,Yes,Electronic check,18.25,54.65,No
2780-OLGKC,Female,0,Yes,Yes,2,Yes,Yes,No,No internet service,No internet service,No internet service,No internet service,No internet service,No internet service,Month-to-month,Yes,Credit card (automatic),25.22,52.97,Yes
0483-NRFSA,Female,0,No,No,10,Yes,Yes,Fiber optic,No,Yes,Yes,No,Yes,No,Month-to-month,No,Mailed check,93.51,943.69,Yes
6947-TCMZW,Male,0,No,No,70,Yes,No,Fiber optic,No,Yes,Yes,No,Yes,Yes,One year,Yes,Credit card (automatic),95.9,7031.9,No
6277-SHUPF,Female,0,No,No,68,Yes,No,Fiber optic,No,No,No,Yes,Yes,Yes,Two year,No,Mailed check,95.3,6761.14,No
4618-PTDZL,Male,0,Yes,Yes,46,Yes,No,Fiber optic,No,Yes,Yes,Yes,No,Yes,Two year,Yes,Mailed check,94.02,4413.09,No
4757-JYIOA,Female,0,No,No,25,Yes,No,Fiber optic,No,Yes,No,No,Yes,Yes,Month-to-month,No,Mailed check,91.9,2357.29,Yes
9675-GYBZL,Male,1,Yes,No,8,No,No phone service,DSL,Yes,No,No,No,No,Yes,Month-to-month,No,Credit card (automatic),40.27,346.34,No
3628-AXAWU,Female,0,Yes,Yes,32,No,No phone service,No,No internet service,No internet service,No internet service,No internet service,No internet service,No internet service,Two year,No,Bank transfer (automatic),18.25,629.39,No
7427-IGGTZ,Male,0,Yes,Yes,59,Yes,No,Fiber optic,No,No,No,No,Yes,Yes,Two year,No,Electronic check,87.72,5494,No
0734-YPGGB,Female,0,Yes,Yes,39,Yes,Yes,DSL,Yes,Yes,No,No,No,Yes,Two year,No,Credit card (automatic),73.07,3072.74,No
6405-RACMC,Female,0,No,No,62,Yes,No,Fiber optic,No,No,Yes,Yes,Yes,No,Two year,Yes,Electronic check,91.33,5557.92,No
6925-UMIPJ,Male,0,Yes,No,3,Yes,No,Fiber optic,Yes,No,Yes,No,No,No,Month-to-month,No,Electronic check,79.31,226.25,Yes
0106-PAPKH,Female,0,Yes,Yes,46,Yes,No,Fiber optic,No,No,No,No,Yes,Yes,Two year,Yes,Electronic check,90.45,4022.49,No
2132-KYPLD,Female,0,Yes,No,3,Yes,No,No,No internet service,No internet service,No internet service,No internet service,No internet service,No internet service,Month-to-month,Yes,Electronic check,18.25,51.09,No
7519-MAQMH,Male,1,No,No,32,Yes,No,DSL,Yes,Yes,Yes,No,No,Yes,Month-to-month,No,Electronic check,72.64,2297.06,No
3016-JHHFP,Male,0,Yes,No,5,Yes,No,Fiber optic,No,No,No,No,Yes,Yes,Month-to-month,Yes,Electronic check,89.77,419.37,Yes
9312-SZTBY,Female,0,No,No,50,Yes,Yes,Fiber optic,Yes,Yes,Yes,No,No,No,Two year,No,Credit card (automatic),89.56,4576.69,No
5265-SCTFH,Female,0,No,No,1,No,No phone service,DSL,Yes,No,No,Yes,No,No,Month-to-month,No,Electronic check,35.24,33.53,Yes
1441-NEYJK,Female,0,No,No,5,Yes,Yes,No,No internet service,No internet service,No internet service,No internet service,No internet service,No internet service,Month-to-month,No,Electronic check,24.56,132.42,No
4395-WXXSZ,Female,0,No,No,50,Yes,No,Fiber optic,No,Yes,Yes,Yes,Yes,Yes,Two year,Yes,Credit card (automatic),104.41,5420.85,No
8282-KKASS,Male,0,Yes,No,13,Yes,Yes,Fiber optic,Yes,Yes,No,No,Yes,Yes,Month-to-month,Yes,Mailed check,107.3,1365.56,No
9682-PXZCJ,Female,0,Yes,Yes,72,No,No phone service,DSL,Yes,Yes,Yes,Yes,No,Yes,Two year,No,Mailed check,55.87,4192.31,No
9286-FOPUU,Female,1,Yes,Yes,64,No,No phone service,Fiber optic,Yes,No,No,No,Yes,Yes,Two year,Yes,Credit card (automatic),73.89,4667.74,No
9014-HYJIM,Female,0,No,No,2,Yes,Yes,Fiber optic,No,No,Yes,No,Yes,No,Month-to-month,Yes,Mailed check,89.14,168.82,Yes
4220-MIOME,Female,0,Yes,No,2,Yes,No,Fiber optic,Yes,Yes,No,No,Yes,Yes,Month-to-month,Yes,Bank transfer (automatic),101.94,193.14,Yes
9374-QCIWI,Male,0,Yes,No,10,Yes,No,Fiber optic,Yes,No,No,Yes,Yes,Yes,Month-to-month,Yes,Electronic check,102.21,1003.55,Yes
3843-POMGC,Female,0,Yes,No,65,Yes,No,Fiber optic,No,Yes,Yes,No,Yes,No,One year,No,Credit card (automatic),86.93,5660.52,Yes
3905-QJBFL,Male,1,Yes,Yes,37,Yes,Yes,No,No internet service,No internet service,No internet service,No internet service,No internet service,No internet service,One year,Yes,Mailed check,24.87,979.4,No
9321-DBGTX,Female,0,Yes,No,36,Yes,No,DSL,Yes,Yes,Yes,No,No,Yes,Month-to-month,Yes,Credit card (automatic),66.52,2338.62,No
5378-FSFUA,Female,1,Yes,No,29,Yes,Yes,No,No internet service,No internet service,No internet service,No internet service,No internet service,No internet service,One year,Yes,Bank transfer (automatic),25.01,761.39,No
1269-GUUAF,Male,1,Yes,Yes,8,Yes,Yes,Fiber optic,No,Yes,Yes,No,No,No,Month-to-month,No,Mailed check,83.17,624.87,No
1134-ENRHV,Male,0,Yes,Yes,32,Yes,No,DSL,No,No,No,No,No,No,One year,No,Bank transfer (automatic),41.75,1394.31,No
9722-QONMY,Female,1,Yes,Yes,39,No,No phone service,Fiber optic,No,No,No,No,Yes,No,One year,Yes,Credit card (automatic),62.65,2401.07,No
9274-AIOPS,Male,0,No,No,65,Yes,No,Fiber optic,No,No,No,No,Yes,Yes,Two year,Yes,Mailed check,91.77,5783.21,No
8476-GSPXH,Male,0,No,Yes,4,Yes,No,No,No internet service,No internet service,No internet service,No internet service,No internet service,No internet service,Month-to-month,Yes,Bank transfer (automatic),18.25,73.31,No
4268-LPSFF,Male,1,No,No,32,Yes,Yes,Fiber optic,Yes,Yes,No,No,Yes,Yes,One year,Yes,Electronic check,105.4,3525.41,Yes
6738-PQVNS,Female,0,Yes,No,34,Yes,No,DSL,No,No,Yes,No,Yes,Yes,Month-to-month,No,Mailed check,69.21,2346.93,No
9658-DDMHN,Male,0,No,No,16,Yes,Yes,Fiber optic,Yes,No,No,Yes,No,Yes,Month-to-month,No,Mailed check,94.13,1488.15,No
9817-CTPWZ,Female,1,Yes,No,29,Yes,Yes,Fiber optic,Yes,Yes,No,Yes,No,No,Month-to-month,Yes,Electronic check,91.18,2768.7,Yes
1737-EKMGH,Male,0,Yes,No,6,No,No phone service,Fiber optic,No,No,Yes,No,Yes,Yes,Month-to-month,Yes,Credit card (automatic),75.74,474.82,No
2655-PRQKU,Female,1,Yes,Yes,36,Yes,Yes,DSL,No,Yes,No,No,No,No,Month-to-month,No,Electronic check,54.5,1991.88,Yes
0342-XMROR,Male,0,No,No,23,Yes,No,DSL,Yes,Yes,No,No,Yes,No,Two year,No,Electronic check,69.25,1600.58,No
1805-GTTAF,Male,0,Yes,No,6,Yes,No,Fiber optic,Yes,No,Yes,Yes,Yes,No,Month-to-month,Yes,Bank transfer (automatic),94.42,536.19,No
0209-FXOZF,Female,0,Yes,Yes,62,No,No phone service,Fiber optic,No,No,No,No,Yes,Yes,Two year,Yes,Electronic check,69.73,4344.52,No
8015-BKDBM,Male,0,Yes,Yes,5,Yes,Yes,No,No internet service,No internet service,No internet service,No internet service,No internet service,No internet service,Month-to-month,No,Mailed check,20.76,97.04,No
9924-AGGGM,Male,0,No,No,41,Yes,No,Fiber optic,Yes,No,Yes,No,Yes,Yes,One year,Yes,Bank transfer (automatic),104.12,4542.01,No
1004-LQFKO,Male,0,Yes,No,2,No,No phone service,Fiber optic,No,Yes,Yes,No,No,Yes,Month-to-month,Yes,Mailed check,67.6,132.55,No
3689-SJKUI,Female,0,No,No,20,Yes,Yes,No,No internet service,No internet service,No internet service,No internet service,No internet service,No internet service,Two year,Yes,Electronic check,27.13,541.05,No
9995-ORVQP,Male,0,Yes,No,55,Yes,Yes,DSL,No,No,Yes,Yes,No,Yes,Month-to-month,Yes,Electronic check,67.49,3646.45,No
0434-FCQZE,Female,0,Yes,No,19,Yes,Yes,No,No internet service,No internet service,No internet service,No internet service,No internet service,No internet service,Month-to-month,No,Mailed check,24.35,479.47,No
4887-EDGRC,Female,0,No,No,5,Yes,Yes,DSL,Yes,Yes,No,Yes,No,No,Month-to-month,Yes,Electronic check,65.8,326.09,No
5963-XICUL,Male,0,Yes,No,43,Yes,No,No,No internet service,No internet service,No internet service,No internet service,No internet service,No internet service,One year,Yes,Electronic check,24.29,1098.89,No
5584-AULGY,Male,0,Yes,Yes,55,Yes,Yes,Fiber optic,No,Yes,No,Yes,Yes,Yes,Two year,Yes,Credit card (automatic),102.79,5725.24,No
1208-TNDWG,Female,0,No,Yes,71,Yes,No,No,No internet service,No internet service,No internet service,No internet service,No internet service,No internet service,Two year,Yes,Mailed check,22.51,1489.11,No
9798-VHODM,Male,0,No,No,16,Yes,No,Fiber optic,No,No,Yes,Yes,Yes,Yes,Month-to-month,Yes,Bank transfer (automatic),98.14,1515.33,Yes
8790-DKSGZ,Female,1,Yes,Yes,61,Yes,Yes,No,No internet service,No internet service,No internet service,No internet service,No internet service,No internet service,Two year,Yes,Credit card (automatic),25.2,1636.86,No
4827-FLDQO,Male,0,No,No,24,Yes,Yes,No,No internet service,No internet service,No internet service,No internet service,No internet service,No internet service,Month-to-month,Yes,Mailed check,22.32,498.54,No
8618-QCSLQ,Male,0,Yes,No,11,Yes,Yes,DSL,No,No,Yes,Yes,No,No,Month-to-month,Yes,Electronic check,59.89,707.17,No
5033-WXDYP,Female,0,No,No,3,Yes,No,Fiber optic,No,No,Yes,No,Yes,Yes,Month-to-month,No,Bank transfer (automatic),95.69,302.88,No
6944-BGITY,Male,0,No,No,13,Yes,Yes,DSL,Yes,Yes,No,No,No,Yes,One year,Yes,Bank transfer (automatic),71.25,969.96,No
3403-YLSCQ,Male,0,No,No,53,Yes,No,Fiber optic,Yes,Yes,No,No,Yes,No,Two year,No,Mailed check,91.15,5089.31,No
9567-MWMDA,Male,0,Yes,Yes,45,Yes,No,No,No internet service,No internet service,No internet service,No internet service,No internet service,No internet service,One year,Yes,Mailed check,19.39,894.58,No
4494-HMRJS,Male,1,Yes,Yes,2,Yes,Yes,Fiber optic,No,Yes,No,Yes,Yes,Yes,Month-to-month,No,Credit card (automatic),103.67,194.06,Yes
2518-VPIQR,Male,0,No,No,50,Yes,No,Fiber optic,No,Yes,Yes,No,No,No,Month-to-month,No,Electronic check,81.67,4103,Yes
0591-VXSWP,Male,0,No,No,1,Yes,Yes,No,No internet service,No internet service,No internet service,No internet service,No internet service,No internet service,Month-to-month,Yes,Bank transfer (automatic),27.52,27.77,No
0399-GDORK,Female,0,No,No,71,Yes,Yes,Fiber optic,No,Yes,No,No,No,Yes,Two year,No,Credit card (automatic),87.14,5886.68,No
8069-SXOOO,Female,0,Yes,Yes,5,Yes,No,DSL,Yes,No,No,Yes,Yes,Yes,Month-to-month,No,Credit card (automatic),74.26,396.27,No
9764-WORIC,Male,0,Yes,No,67,Yes,No,Fiber optic,No,No,Yes,No,Yes,No,Two year,No,Credit card (automatic),83.37,5824.69,No
8627-LZVSO,Female,1,No,No,9,No,No phone service,No,No internet service,No internet service,No internet service,No internet service,No internet service,No internet service,Month-to-month,Yes,Bank transfer (automatic),18.25,169.15,No
4464-WFFKC,Female,0,Yes,Yes,42,Yes,Yes,Fiber optic,No,No,Yes,No,Yes,No,One year,No,Mailed check,88.28,3704.19,No
9923-BRYWK,Female,1,No,Yes,67,Yes,No,DSL,No,Yes,Yes,No,No,No,One year,Yes,Credit card (automatic),54.9,3966.9,No
0153-VNRQZ,Male,0,Yes,Yes,72,Yes,No,No,No internet service,No internet service,No internet service,No internet service,No internet service,No internet service,Two year,Yes,Credit card (automatic),21.49,1471.76,No
0687-ASJHQ,Male,0,No,No,38,Yes,Yes,No,No internet service,No internet service,No internet service,No internet service,No internet service,No internet service,One year,Yes,Bank transfer (automatic),21.08,807.45,No
2688-GVVWQ,Male,0,Yes,No,3,Yes,No,DSL,Yes,Yes,No,Yes,No,Yes,Month-to-month,No,Electronic check,68.34,197.09,No
2691-TQSGI,Female,0,Yes,Yes,18,Yes,No,Fiber optic,No,Yes,No,No,Yes,Yes,Month-to-month,Yes,Electronic check,94.58,1572.94,Yes
3482-CVZNM,Female,0,No,No,1,Yes,Yes,DSL,No,Yes,No,Yes,No,Yes,Month-to-month,Yes,Mailed check,67.83,62.54,No
7467-EJPSW,Male,0,No,No,34,Yes,No,No,No internet service,No internet service,No internet service,No internet service,No internet service,No internet service,One year,Yes,Bank transfer (automatic),20.42,745.71,No
1257-ZBPGH,Female,0,Yes,Yes,12,Yes,Yes,Fiber optic,No,Yes,No,Yes,No,Yes,Month-to-month,Yes,Electronic check,92.34,1113.82,No
1894-QKISK,Female,0,No,No,17,Yes,No,DSL,No,No,No,Yes,No,Yes,One year,Yes,Mailed check,60.27,1070.99,No
2729-XEGEX,Female,1,Yes,Yes,53,Yes,No,DSL,Yes,No,Yes,No,Yes,No,Two year,Yes,Mailed check,64.41,3574.34,No
4310-TLAFZ,Female,0,No,No,16,Yes,Yes,Fiber optic,Yes,Yes,No,No,No,Yes,Month-to-month,No,Credit card (automatic),92.9,1380.23,Yes
0179-RZDHN,Female,0,Yes,Yes,2,Yes,Yes,No,No internet service,No internet service,No internet service,No internet service,No internet service,No internet service,Month-to-month,No,Electronic check,21.85,45.86,No
7428-GOAAZ,Female,0,No,Yes,17,Yes,No,Fiber optic,Yes,No,No,Yes,No,No,Month-to-month,Yes,Electronic check,80.23,1359.18,Yes
4750-JJWTE,Female,0,No,No,12,Yes,No,No,No internet service,No internet service,No internet service,No internet service,No internet service,No internet service,Month-to-month,Yes,Electronic check,23.37,276.73,No
3874-UCSKA,Male,0,Yes,Yes,1,Yes,Yes,Fiber optic,Yes,No,No,No,Yes,Yes,Month-to-month,No,Electronic check,101.02,107.16,Yes
2347-QJZXX,Male,0,Yes,No,40,No,No phone service,Fiber optic,Yes,No,Yes,No,Yes,No,Month-to-month,No,Bank transfer (automatic),71.43,3030.67,No
6458-WWCWT,Female,0,No,No,11,No,No phone service,DSL,Yes,No,No,No,Yes,No,Month-to-month,No,Electronic check,39.23,450.31,No
6715-FOBDT,Female,0,Yes,No,55,No,No phone service,DSL,Yes,Yes,No,No,Yes,No,Month-to-month,Yes,Credit card (automatic),45.03,2468.91,No
8852-OAEFJ,Male,0,Yes,Yes,2,Yes,Yes,Fiber optic,No,No,No,No,No,Yes,Month-to-month,Yes,Bank transfer (automatic),82.53,161.81,Yes
8138-EYURG,Male,0,No,No,17,Yes,Yes,DSL,Yes,No,Yes,No,No,No,Month-to-month,Yes,Electronic check,57.91,928.1,Yes
2359-OBGTM,Male,0,Yes,No,35,Yes,Yes,Fiber optic,Yes,No,Yes,Yes,Yes,Yes,Two year,No,Electronic check,110.59,4163.35,No
1972-EPCEV,Male,1,No,No,14,Yes,No,Fiber optic,Yes,No,No,Yes,Yes,No,One year,Yes,Credit card (automatic),87.26,1124.12,No
7708-MZAYF,Male,0,No,No,21,Yes,Yes,Fiber optic,No,No,No,No,No,Yes,Month-to-month,Yes,Mailed check,84.14,1851.95,Yes
8709-NLVFF,Male,0,Yes,No,47,Yes,No,Fiber optic,Yes,No,Yes,No,Yes,No,One year,No,Bank transfer (automatic),87.84,4015.69,No
9937-VLWYE,Male,0,Yes,Yes,33,Yes,Yes,DSL,No,Yes,No,Yes,No,No,One year,No,Bank transfer (automatic),59.05,1827.24,No
5990-LQVJN,Female,1,No,No,16,Yes,Yes,No,No internet service,No internet service,No internet service,No internet service,No internet service,No internet service,Month-to-month,No,Credit card (automatic),22.62,335.53,No
5636-EASQS,Male,0,Yes,Yes,40,Yes,No,No,No internet service,No internet service,No internet service,No internet service,No internet service,No internet service,One year,No,Electronic check,18.25,687.74,No
9816-NWKCV,Female,1,No,No,44,Yes,Yes,DSL,No,Yes,Yes,No,Yes,Yes,Two year,Yes,Credit card (automatic),80.35,3307.26,No
2952-ZTWPN,Male,0,Yes,No,67,Yes,No,Fiber optic,No,Yes,No,No,Yes,Yes,Two year,No,Bank transfer (automatic),94.48,6472.86,No
5665-AKHES,Male,0,Yes,Yes,20,Yes,No,DSL,Yes,No,No,Yes,No,Yes,Month-to-month,Yes,Mailed check,66.1,1382.31,No
7688-MDCIG,Female,0,No,No,14,Yes,No,DSL,Yes,Yes,No,Yes,No,No,Month-to-month,Yes,Bank transfer (automatic),62.54,814.42,No
9661-ONJCQ,Female,0,Yes,Yes,8,Yes,Yes,DSL,No,No,No,Yes,Yes,Yes,Month-to-month,Yes,Electronic check,75.42,594.46,No
9249-QLQWF,Male,0,Yes,Yes,3,No,No phone service,Fiber optic,No,No,No,No,No,No,Month-to-month,Yes,Bank transfer (automatic),51.64,145.43,Yes
0226-INWFN,Female,0,No,No,52,No,No phone service,Fiber optic,No,Yes,No,No,No,No,Two year,Yes,Credit card (automatic),56.62,2827.06,No
5844-YRYII,Male,1,Yes,Yes,60,Yes,Yes,Fiber optic,Yes,Yes,Yes,No,Yes,Yes,Two year,Yes,Mailed check,113.01,6910.11,Yes
5636-LHPJY,Male,0,Yes,Yes,24,Yes,No,DSL,No,No,No,No,No,No,One year,No,Credit card (automatic),42.86,1077.39,No
4065-OZJXT,Female,0,Yes,Yes,2,Yes,No,DSL,Yes,No,Yes,No,Yes,No,Month-to-month,Yes,Bank transfer (automatic),63.92,120.09,No
7833-YZTPF,Female,0,Yes,Yes,28,Yes,Yes,DSL,Yes,No,No,No,Yes,Yes,Month-to-month,Yes,Mailed check,73.4,1941.05,No
9913-SYDRB,Female,1,Yes,No,5,Yes,No,DSL,Yes,Yes,No,No,No,Yes,Month-to-month,No,Electronic check,64.61,297.83,Yes
6643-VENYU,Female,0,Yes,No,15,No,No phone service,No,No internet service,No internet service,No internet service,No internet service,No internet service,No internet service,One year,Yes,Electronic check,18.25,264.85,No
9264-LCQZW,Male,1,No,Yes,5,No,No phone service,DSL,Yes,No,Yes,No,No,No,Month-to-month,No,Electronic check,33,174.65,No
0836-IHHMD,Female,1,Yes,Yes,0,Yes,No,DSL,Yes,No,Yes,No,No,No,One year,No,Bank transfer (automatic),53.39, ,No
0902-HSPPT,Male,1,Yes,No,46,Yes,Yes,DSL,No,Yes,Yes,No,No,Yes,Two year,Yes,Electronic check,67.67,3246.9,No
8012-UASKO,Female,0,No,No,1,Yes,Yes,No,No internet service,No internet service,No internet service,No internet service,No internet service,No internet service,Month-to-month,Yes,Credit card (automatic),23.01,22.15,Yes
8260-ESJLW,Female,0,No,No,72,Yes,Yes,DSL,No,Yes,No,Yes,No,No,Two year,No,Credit card (automatic),56.03,3788.05,No
5254-DXBAI,Male,0,Yes,No,24,Yes,No,DSL,No,No,No,No,No,No,Month-to-month,No,Mailed check,48.6,1119.93,Yes
4675-SWMHZ,Male,1,No,No,8,Yes,No,Fiber optic,No,Yes,No,No,Yes,No,Month-to-month,Yes,Bank transfer (automatic),82.87,610.51,Yes
3286-HNZRO,Female,0,No,No,17,Yes,Yes,Fiber optic,No,Yes,Yes,No,Yes,No,Month-to-month,Yes,Electronic check,96.59,1754.5,Yes
8076-NDXHH,Female,0,No,No,2,Yes,Yes,Fiber optic,No,No,No,No,No,Yes,Month-to-month,Yes,Bank transfer (automatic),86.56,181.52,Yes
1707-GMNEY,Female,0,No,No,48,No,No phone service,No,No internet service,No internet service,No internet service,No internet service,No internet service,No internet service,One year,Yes,Mailed check,18.25,843.98,No
8342-SXDXX,Female,0,No,No,43,Yes,Yes,Fiber optic,Yes,Yes,No,Yes,Yes,Yes,One year,No,Bank transfer (automatic),107.6,4972.93,No
6463-EKVXK,Female,0,No,No,53,Yes,No,DSL,No,No,No,Yes,Yes,Yes,Two year,No,Mailed check,71.65,4078.03,No
8197-BJFSD,Male,0,Yes,Yes,19,Yes,Yes,DSL,Yes,Yes,Yes,Yes,Yes,No,Month-to-month,Yes,Mailed check,81.37,1527.8,No
0929-WILKH,Female,0,No,No,37,Yes,No,Fiber optic,Yes,No,No,Yes,No,No,One year,Yes,Bank transfer (automatic),81.23,2850.26,No
9686-NITKH,Female,0,Yes,No,8,Yes,Yes,DSL,Yes,Yes,No,No,Yes,No,One year,Yes,Mailed check,71.3,612.26,No
2659-YZMNL,Female,0,No,No,14,No,No phone service,No,No internet service,No internet service,No internet service,No internet service,No internet service,No internet service,Month-to-month,Yes,Electronic check,18.25,263.5,No
0104-SUFTF,Male,0,No,Yes,3,Yes,No,Fiber optic,No,No,Yes,No,Yes,Yes,Month-to-month,Yes,Electronic check,95.78,271.17,Yes
3882-EBIGG,Male,0,Yes,Yes,66,Yes,No,DSL,No,Yes,No,No,Yes,Yes,One year,Yes,Mailed check,71.39,5000.67,No
9205-XUZSX,Male,1,Yes,No,63,Yes,No,DSL,No,No,No,Yes,No,No,Two year,Yes,Bank transfer (automatic),48.26,3030.34,No
7849-HEVJI,Female,0,No,No,64,No,No phone service,DSL,Yes,No,No,No,No,No,Two year,No,Mailed check,29.85,1867.48,No
0697-HDBJJ,Female,0,No,No,70,Yes,No,DSL,Yes,Yes,No,No,No,No,Two year,Yes,Credit card (automatic),51.78,3455.64,No
5067-VMFBY,Male,0,No,No,4,Yes,Yes,Fiber optic,Yes,No,No,No,No,Yes,Month-to-month,Yes,Mailed check,92.46,357.99,Yes
2676-PJLFQ,Female,0,No,No,47,Yes,No,DSL,No,Yes,Yes,No,No,Yes,One year,Yes,Bank transfer (automatic),65.4,2959.5,No
7508-XOBNK,Female,0,Yes,No,35,Yes,Yes,No,No internet service,No internet service,No internet service,No internet service,No internet service,No internet service,Month-to-month,No,Electronic check,21.96,757.23,No
5216-PJFJS,Male,0,No,No,30,Yes,No,DSL,Yes,Yes,No,No,Yes,Yes,Month-to-month,Yes,Mailed check,69.9,2259.95,No
8857-XCCWZ,Male,1,No,No,28,Yes,No,Fiber optic,No,No,Yes,No,Yes,No,Month-to-month,Yes,Bank transfer (automatic),84.74,2230.2,Yes
4010-EOYDG,Male,0,Yes,No,42,Yes,No,Fiber optic,Yes,No,No,No,No,Yes,One year,Yes,Mailed check,84.15,3788.75,No
8348-UCWMD,Female,0,Yes,Yes,49,Yes,Yes,Fiber optic,No,No,Yes,No,No,Yes,Two year,Yes,Credit card (automatic),88.5,4091.2,No
6715-LGITT,Male,0,No,No,71,Yes,No,DSL,No,Yes,No,No,Yes,No,One year,No,Credit card (automatic),60.12,4262.75,No
7161-JNPMT,Male,1,No,No,22,Yes,Yes,No,No internet service,No internet service,No internet service,No internet service,No internet service,No internet service,One year,No,Bank transfer (automatic),26.45,535.72,No
9006-JERXX,Male,0,No,No,4,Yes,Yes,No,No internet service,No internet service,No internet service,No internet service,No internet service,No internet service,Month-to-month,No,Electronic check,26.96,101.08,Yes
7972-EXEAB,Male,0,Yes,Yes,11,No,No phone service,Fiber optic,No,No,Yes,No,No,Yes,Month-to-month,Yes,Bank transfer (automatic),67.87,688.24,Yes
9077-FAROO,Male,0,No,No,6,Yes,No,Fiber optic,Yes,No,Yes,No,Yes,Yes,Month-to-month,Yes,Electronic check,99.61,558,No
1600-PGLDG,Female,0,Yes,Yes,19,Yes,Yes,DSL,Yes,Yes,Yes,No,No,No,Month-to-month,No,Bank transfer (automatic),67.94,1353.89,No
4516-TGBIZ,Female,0,Yes,Yes,33,Yes,No,Fiber optic,No,No,No,No,Yes,Yes,Month-to-month,Yes,Electronic check,88.64,2843.44,No
1444-CWNSS,Male,0,No,No,67,Yes,No,No,No internet service,No internet service,No internet service,No internet service,No internet service,No internet service,Two year,No,Mailed check,20.15,1292.95,No
0734-HXPOU,Female,0,No,No,46,Yes,No,Fiber optic,No,Yes,No,No,Yes,No,Two year,Yes,Bank transfer (automatic),85.48,3903.03,No
2127-POOQX,Male,0,No,No,55,Yes,No,No,No internet service,No internet service,No internet service,No internet service,No internet service,No internet service,Two year,Yes,Bank transfer (automatic),21.04,1112.46,No
8055-LVSWL,Female,0,Yes,Yes,18,Yes,Yes,Fiber optic,No,No,Yes,No,No,Yes,Month-to-month,Yes,Bank transfer (automatic),87.31,1626.2,No
0010-TPCML,Female,0,No,No,19,Yes,No,Fiber optic,Yes,No,No,Yes,No,Yes,One year,No,Credit card (automatic),91.17,1773.89,No
9340-XFGZI,Female,0,No,No,65,Yes,No,Fiber optic,Yes,Yes,No,No,Yes,Yes,Two year,No,Bank transfer (automatic),100.75,6213.77,No
5407-BUPHZ,Female,1,Yes,Yes,12,Yes,No,DSL,No,Yes,No,Yes,No,Yes,Month-to-month,No,Mailed check,61.7,710.62,No
4566-LWKHJ,Male,0,No,No,60,Yes,Yes,No,No internet service,No internet service,No internet service,No internet service,No internet service,No internet service,Month-to-month,Yes,Credit card (automatic),24.82,1468.12,No
9770-JDQUD,Male,0,No,No,1,No,No phone service,Fiber optic,No,No,No,No,Yes,No,Month-to-month,Yes,Credit card (automatic),59.61,63.19,Yes
2306-ERBNL,Male,0,Yes,Yes,1,Yes,Yes,Fiber optic,Yes,Yes,Yes,Yes,Yes,No,Two year,Yes,Credit card (automatic),108.33,107.12,No
2979-EHSWW,Female,0,No,No,55,Yes,No,DSL,No,Yes,No,No,Yes,No,One year,Yes,Credit card (automatic),60.32,3077.59,No
3428-AAJAI,Male,0,No,Yes,72,Yes,No,No,No internet service,No internet service,No internet service,No internet service,No internet service,No internet service,Two year,No,Bank transfer (automatic),18.79,1247.99,No
8823-VJLAH,Female,0,Yes,No,10,Yes,Yes,Fiber optic,Yes,No,Yes,No,Yes,No,Month-to-month,Yes,Bank transfer (automatic),93.51,927.41,Yes
9899-KRESH,Male,0,No,No,1,No,No phone service,DSL,Yes,Yes,Yes,No,No,No,Month-to-month,Yes,Credit card (automatic),41.9,45.23,Yes
1442-DJOUE,Female,0,Yes,No,65,Yes,No,DSL,No,No,No,No,No,No,One year,Yes,Bank transfer (automatic),45.14,2935.28,No
2009-DNYKQ,Female,0,Yes,Yes,72,Yes,Yes,Fiber optic,Yes,No,Yes,No,No,No,Month-to-month,No,Electronic check,84.78,6261.94,No
0696-OHHXY,Male,1,Yes,Yes,1,Yes,No,No,No internet service,No internet service,No internet service,No internet service,No internet service,No internet service,Two year,No,Credit card (automatic),20.85,22.04,No
8324-XZYFA,Male,1,No,Yes,34,Yes,No,No,No internet service,No internet service,No internet service,No internet service,No internet service,No internet service,One year,Yes,Credit card (automatic),19.72,644.2,No
2101-UBWDP,Female,0,Yes,Yes,16,Yes,No,Fiber optic,Yes,No,Yes,No,Yes,Yes,One year,Yes,Mailed check,102.17,1506.71,Yes
8785-FNMUB,Female,0,No,No,11,Yes,Yes,No,No internet service,No internet service,No internet service,No internet service,No internet service,No internet service,Month-to-month,No,Mailed check,24.04,257.58,No
2121-OMKQZ,Female,0,Yes,Yes,66,Yes,Yes,Fiber optic,Yes,No,No,Yes,Yes,No,Two year,No,Credit card (automatic),92.55,5717.59,No
9914-OQFTV,Male,0,No,No,42,Yes,No,DSL,Yes,No,Yes,Yes,No,No,Two year,No,Credit card (automatic),58.86,2387.27,No
8825-WIIBH,Female,0,No,No,45,Yes,No,DSL,Yes,No,No,Yes,No,Yes,Two year,Yes,Mailed check,64.46,2827.3,No
6567-IAZFV,Male,0,Yes,No,61,Yes,Yes,DSL,No,Yes,No,No,No,No,One year,Yes,Electronic check,54.96,3118.53,No
4149-ZGCPQ,Male,0,Yes,No,16,Yes,Yes,DSL,Yes,Yes,Yes,No,No,Yes,One year,Yes,Bank transfer (automatic),75.01,1162.85,No
1347-MLNNS,Male,0,Yes,Yes,7,Yes,No,No,No internet service,No internet service,No internet service,No internet service,No internet service,No internet service,Month-to-month,Yes,Electronic check,20.05,145.74,Yes
2837-CRAIW,Female,0,Yes,No,72,Yes,No,DSL,Yes,No,No,Yes,No,No,Month-to-month,Yes,Electronic check,53.33,3940.98,No
8647-SDTSL,Male,0,Yes,Yes,18,Yes,No,DSL,Yes,Yes,No,No,Yes,Yes,Two year,No,Bank transfer (automatic),71.63,1234.93,No
8503-NHUNG,Male,0,No,No,18,Yes,No,No,No internet service,No internet service,No internet service,No internet service,No internet service,No internet service,Month-to-month,Yes,Credit card (automatic),18.25,304.56,No
1578-XTLVP,Female,0,Yes,Yes,9,Yes,Yes,DSL,Yes,Yes,Yes,No,No,No,Month-to-month,Yes,Mailed check,65.95,584.08,No
5097-LLUNB,Male,0,Yes,Yes,61,Yes,No,DSL,Yes,No,Yes,No,No,No,Two year,Yes,Mailed check,49.82,3053.58,No
5600-QONYB,Male,0,Yes,Yes,36,Yes,No,Fiber optic,No,No,No,Yes,No,Yes,One year,Yes,Bank transfer (automatic),85.07,2834.59,No
8052-KUPMD,Male,0,No,No,32,Yes,Yes,DSL,No,No,Yes,Yes,Yes,Yes,One year,Yes,Bank transfer (automatic),80.46,2487.1,No
4724-JECDY,Female,0,No,No,51,Yes,Yes,Fiber optic,No,Yes,No,Yes,No,Yes,Month-to-month,Yes,Credit card (automatic),95.72,4979.44,No
0767-ECMOP,Male,0,No,No,60,Yes,No,DSL,Yes,Yes,Yes,No,No,No,Two year,Yes,Bank transfer (automatic),60.41,3569.94,No
2360-EECOW,Male,0,No,No,8,Yes,No,No,No internet service,No internet service,No internet service,No internet service,No internet service,No internet service,Month-to-month,Yes,Mailed check,19.35,157.31,Yes
3461-DKLEO,Female,0,No,No,34,Yes,No,DSL,Yes,Yes,Yes,Yes,Yes,Yes,Month-to-month,No,Mailed check,81.88,2903.09,No
2434-AGGTN,Female,0,Yes,Yes,6,Yes,Yes,DSL,Yes,No,Yes,No,Yes,No,Month-to-month,Yes,Bank transfer (automatic),68.21,398.25,No
1051-WUSCC,Female,0,No,No,24,Yes,No,Fiber optic,Yes,Yes,Yes,No,No,Yes,Month-to-month,Yes,Electronic check,97.24,2359.08,Yes
4059-PENFR,Male,0,Yes,Yes,2,No,No phone service,DSL,No,No,No,Yes,Yes,No,Month-to-month,Yes,Mailed check,40.98,88.29,Yes
5894-VEMRI,Female,1,No,No,8,Yes,No,Fiber optic,No,No,No,No,Yes,Yes,Month-to-month,No,Mailed check,87.28,716.67,Yes
0133-RXNDO,Female,0,No,No,22,Yes,Yes,DSL,Yes,No,Yes,No,Yes,Yes,Month-to-month,No,Electronic check,77.64,1817.23,No
9599-FNVZV,Female,0,No,No,67,No,No phone service,No,No internet service,No internet service,No internet service,No internet service,No internet service,No internet service,Two year,Yes,Bank transfer (automatic),18.25,1267.73,No
6036-FEMSA,Male,1,Yes,No,5,No,No phone service,Fiber optic,Yes,No,Yes,No,Yes,Yes,Month-to-month,No,Bank transfer (automatic),77.63,415.91,Yes
6282-QHLMU,Male,1,No,No,2,Yes,Yes,Fiber optic,No,No,Yes,Yes,Yes,Yes,Month-to-month,Yes,Electronic check,104.48,213.31,Yes
9398-RLJLE,Male,0,No,Yes,59,Yes,Yes,Fiber optic,No,Yes,No,No,Yes,No,Two year,Yes,Credit card (automatic),89.88,5726.27,No
5521-HQGOP,Male,1,Yes,Yes,65,No,No phone service,Fiber optic,No,No,Yes,Yes,Yes,No,Two year,Yes,Electronic check,71.98,4309.04,No
7444-SKLHU,Female,0,Yes,Yes,20,Yes,Yes,Fiber optic,No,No,No,No,Yes,Yes,One year,Yes,Bank transfer (automatic),96.43,2078.13,Yes
7868-EGUCL,Male,0,No,No,69,Yes,Yes,Fiber optic,No,Yes,No,No,Yes,Yes,One year,No,Mailed check,100.7,7489.36,No
5905-DIXBB,Male,0,Yes,No,72,Yes,No,No,No internet service,No internet service,No internet service,No internet service,No internet service,No internet service,Month-to-month,Yes,Credit card (automatic),19.71,1336.14,No
7720-DEKGK,Female,0,Yes,Yes,39,Yes,Yes,DSL,No,No,Yes,Yes,Yes,No,One year,Yes,Electronic check,70.57,2938.59,No
8398-YYQTI,Male,0,No,No,69,Yes,Yes,DSL,Yes,Yes,No,Yes,No,No,Two year,Yes,Bank transfer (automatic),70.69,4617.69,No
7628-NQQTX,Male,1,No,No,13,Yes,No,No,No internet service,No internet service,No internet service,No internet service,No internet service,No internet service,Month-to-month,Yes,Electronic check,26.52,370.7,Yes
6265-BQTAS,Male,0,Yes,Yes,42,Yes,Yes,DSL,Yes,No,No,Yes,No,No,Two year,No,Mailed check,60.74,2530.69,No
0146-MYXGM,Male,0,No,No,47,No,No phone service,No,No internet service,No internet service,No internet service,No internet service,No internet service,No internet service,One year,Yes,Credit card (automatic),18.25,872.01,No
0638-WMDEJ,Female,0,No,Yes,6,Yes,No,Fiber optic,No,Yes,No,No,No,Yes,Month-to-month,Yes,Electronic check,84.55,496.39,Yes
2097-XTIJG,Female,0,No,No,1,Yes,No,DSL,No,No,Yes,Yes,No,No,Month-to-month,No,Electronic check,56.23,60.21,No
8527-BOTAZ,Male,0,No,No,12,Yes,No,DSL,Yes,Yes,No,Yes,No,No,Month-to-month,No,Mailed check,57.59,701.65,No
1891-INCWI,Male,0,No,No,57,Yes,Yes,DSL,Yes,Yes,Yes,Yes,Yes,No,Two year,Yes,Electronic check,80.94,4936.58,No
4057-VNQJL,Female,0,No,No,43,Yes,No,DSL,Yes,No,No,No,Yes,No,Two year,Yes,Electronic check,59.88,2451.11,No
7356-ACPWY,Female,0,Yes,No,7,Yes,No,Fiber optic,Yes,Yes,No,No,Yes,No,Month-to-month,Yes,Electronic check,86.42,601.5,Yes
1147-SDFSL,Female,1,Yes,Yes,16,Yes,No,No,No internet service,No internet service,No internet service,No internet service,No internet service,No internet service,Month-to-month,Yes,Mailed check,20.29,334.26,Yes
3449-GETWU,Female,0,Yes,Yes,67,Yes,No,DSL,No,No,No,Yes,No,No,Two year,Yes,Credit card (automatic),48.46,3122.02,No
1536-DSKLW,Female,0,Yes,No,12,Yes,Yes,DSL,Yes,No,No,Yes,No,No,One year,No,Mailed check,61.67,765.84,No
9809-KGCXJ,Female,0,Yes,Yes,55,Yes,No,DSL,No,No,Yes,No,No,Yes,Two year,Yes,Electronic check,59.14,3027.9,No
0416-JKHGN,Male,1,Yes,No,26,Yes,No,DSL,Yes,Yes,No,No,No,No,Month-to-month,No,Mailed check,51.58,1234.25,No
9189-VQHRO,Male,1,Yes,No,17,Yes,No,DSL,Yes,No,Yes,No,Yes,Yes,Month-to-month,Yes,Bank transfer (automatic),73.56,1150.99,No
8029-XGWEI,Female,0,Yes,No,4,Yes,No,Fiber optic,Yes,No,No,Yes,Yes,Yes,Month-to-month,Yes,Bank transfer (automatic),99.87,410.3,Yes
2553-ZXPSW,Male,0,No,No,61,Yes,No,Fiber optic,No,No,No,No,No,Yes,One year,Yes,Electronic check,75.45,4720.98,No
4369-KRCYO,Male,0,Yes,Yes,56,No,No phone service,DSL,Yes,Yes,Yes,No,Yes,Yes,Two year,Yes,Mailed check,61.28,3161.67,No
7862-SSERU,Female,0,No,No,61,Yes,No,DSL,No,Yes,No,No,Yes,No,Two year,No,Credit card (automatic),57.91,3492.3,No
0950-LQSST,Female,0,No,No,72,Yes,Yes,DSL,No,No,Yes,Yes,No,Yes,Month-to-month,Yes,Mailed check,71.03,5181.32,No
2163-SUHBO,Female,0,No,Yes,7,Yes,No,No,No internet service,No internet service,No internet service,No internet service,No internet service,No internet service,Month-to-month,No,Mailed check,23.22,157.37,No
2972-KKBTN,Female,0,Yes,Yes,37,Yes,No,Fiber optic,No,No,Yes,Yes,Yes,No,Two year,Yes,Electronic check,91.86,3492.56,No
8699-FGSWP,Female,1,Yes,No,22,Yes,Yes,DSL,No,No,No,No,No,Yes,Month-to-month,No,Mailed check,59.22,1319.9,No
8867-AWXXJ,Male,0,No,No,26,Yes,Yes,DSL,Yes,Yes,No,Yes,No,No,Month-to-month,Yes,Electronic check,66.48,1629.91,Yes
0903-EBNVX,Male,0,No,No,2,Yes,No,DSL,Yes,Yes,Yes,No,Yes,Yes,Month-to-month,Yes,Mailed check,80.6,162.21,No
5448-SDAGF,Female,0,No,No,32,Yes,Yes,Fiber optic,No,Yes,No,No,Yes,Yes,One year,Yes,Credit card (automatic),99.64,3352.27,Yes
7317-VXDSD,Male,0,Yes,Yes,7,Yes,Yes,No,No internet service,No internet service,No internet service,No internet service,No internet service,No internet service,Month-to-month,Yes,Electronic check,30.77,225.2,No
8024-WQCLW,Female,0,Yes,Yes,6,Yes,No,DSL,No,No,No,Yes,No,Yes,Month-to-month,No,Bank transfer (automatic),61.42,345.17,No
8413-KFTQS,Female,0,Yes,Yes,14,Yes,Yes,No,No internet service,No internet service,No internet service,No internet service,No internet service,No internet service,One year,Yes,Electronic check,23.45,353.01,No
0371-RVOQA,Female,0,No,No,43,Yes,Yes,No,No internet service,No internet service,No internet service,No internet service,No internet service,No internet service,One year,Yes,Mailed check,25.01,1056.88,No
3135-XRCZS,Male,0,Yes,No,11,Yes,No,Fiber optic,No,No,Yes,No,Yes,Yes,Month-to-month,Yes,Mailed check,95.61,1019.65,Yes
1471-PNFDT,Female,0,Yes,Yes,4,Yes,No,Fiber optic,No,No,Yes,No,Yes,No,Month-to-month,No,Electronic check,85.44,352.51,Yes
4518-UQXDA,Male,1,No,No,48,Yes,Yes,No,No internet service,No internet service,No internet service,No internet service,No internet service,No internet service,Month-to-month,Yes,Electronic check,24.55,1217.01,No
9215-UXYXP,Female,0,Yes,No,10,Yes,Yes,Fiber optic,No,Yes,No,No,Yes,Yes,Month-to-month,Yes,Credit card (automatic),100.23,1049.1,Yes
4017-QFIKQ,Female,0,Yes,Yes,26,Yes,No,Fiber optic,No,Yes,No,No,Yes,No,Month-to-month,No,Bank transfer (automatic),84.15,2196.05,No
8761-VCEOR,Male,0,Yes,Yes,9,Yes,Yes,Fiber optic,Yes,Yes,No,No,Yes,No,Month-to-month,Yes,Bank transfer (automatic),95.14,899.92,Yes
4984-HIPPD,Male,0,No,No,20,Yes,Yes,Fiber optic,No,Yes,No,No,Yes,Yes,Month-to-month,Yes,Mailed check,103.36,2086.48,No
5326-STOGT,Male,0,No,Yes,45,Yes,Yes,DSL,Yes,No,No,No,Yes,Yes,One year,No,Mailed check,75.38,3226.21,No
0254-AAUTV,Male,0,Yes,No,47,Yes,No,No,No internet service,No internet service,No internet service,No internet service,No internet service,No internet service,One year,Yes,Bank transfer (automatic),19.86,884.73,No
0602-EUNDZ,Female,1,No,Yes,19,Yes,No,No,No internet service,No internet service,No internet service,No internet service,No internet service,No internet service,Two year,Yes,Electronic check,22.24,391.34,No
3541-ALZYH,Male,0,No,Yes,58,Yes,Yes,Fiber optic,Yes,No,No,Yes,No,No,One year,No,Mailed check,86.4,5102.54,No
8505-PTPIR,Female,1,Yes,Yes,67,No,No phone service,DSL,No,No,No,Yes,No,Yes,Two year,Yes,Mailed check,39.54,2559.41,No
8723-LCIUN,Female,0,Yes,No,68,Yes,Yes,Fiber optic,No,No,No,No,Yes,No,Two year,Yes,Mailed check,82.22,5320.95,No
7905-VYYGS,Male,0,No,No,28,Yes,Yes,No,No internet service,No internet service,No internet service,No internet service,No internet service,No internet service,Month-to-month,No,Credit card (automatic),21.52,594.12,No
6698-SEDJP,Female,0,No,No,12,Yes,No,Fiber optic,No,Yes,No,Yes,No,Yes,Month-to-month,No,Mailed check,91.12,1055.66,Yes
5243-HCMSF,Female,0,No,No,2,Yes,No,Fiber optic,No,No,No,Yes,Yes,Yes,Month-to-month,No,Bank transfer (automatic),100.13,194.09,Yes
6430-NOPSB,Female,0,No,No,31,Yes,Yes,Fiber optic,Yes,Yes,Yes,No,Yes,No,One year,Yes,Bank transfer (automatic),99.24,2964,No
1189-QOQMU,Female,0,No,No,11,Yes,Yes,DSL,Yes,No,No,No,No,No,Month-to-month,Yes,Mailed check,49.34,581.85,No
8224-GTZYL,Male,0,No,No,3,Yes,Yes,DSL,No,Yes,Yes,No,No,Yes,Month-to-month,Yes,Credit card (automatic),72.06,215.55,No
0164-VXUTJ,Female,0,Yes,Yes,32,Yes,No,No,No internet service,No internet service,No internet service,No internet service,No internet service,No internet service,Month-to-month,Yes,Bank transfer (automatic),20.21,637.91,No
9689-RSPHX,Male,0,No,No,5,Yes,Yes,DSL,No,Yes,Yes,Yes,Yes,No,Month-to-month,Yes,Mailed check,74.15,382.93,Yes
7876-IRTRK,Male,0,No,No,28,Yes,No,Fiber optic,Yes,Yes,No,No,Yes,Yes,Month-to-month,No,Electronic check,97.05,2600.66,No
9444-QRSQV,Female,0,Yes,No,68,Yes,Yes,No,No internet service,No internet service,No internet service,No internet service,No internet service,No internet service,Two year,No,Mailed check,27.23,1877.22,No
6015-IXAHK,Male,0,Yes,Yes,14,Yes,Yes,DSL,No,No,Yes,No,Yes,Yes,Month-to-month,Yes,Electronic check,74.7,1063.29,No
7986-TPWUX,Male,0,Yes,No,2,Yes,Yes,Fiber optic,No,Yes,No,Yes,Yes,No,Month-to-month,Yes,Electronic check,96.61,195.87,Yes
6262-LSGPQ,Female,0,Yes,Yes,67,Yes,No,DSL,No,Yes,No,No,Yes,No,Two year,Yes,Mailed check,59.6,3701.09,No
3172-MKHMG,Male,0,Yes,Yes,58,Yes,No,DSL,No,No,Yes,Yes,Yes,No,Two year,Yes,Mailed check,68.36,3946.54,No
1838-TYZPT,Female,0,Yes,No,54,Yes,No,Fiber optic,No,Yes,No,No,Yes,No,Two year,No,Mailed check,84.98,4301.81,No
5444-AOKSW,Male,1,No,Yes,9,Yes,Yes,No,No internet service,No internet service,No internet service,No internet service,No internet service,No internet service,Two year,Yes,Mailed check,23.15,220.81,No
5013-AHJVV,Male,0,No,No,24,Yes,Yes,DSL,Yes,No,Yes,Yes,No,No,Month-to-month,No,Electronic check,65.65,1580.44,Yes
3433-KSGXT,Female,0,Yes,No,27,Yes,Yes,No,No internet service,No internet service,No internet service,No internet service,No internet service,No internet service,Month-to-month,No,Electronic check,24.77,717.44,No
2700-JIPSR,Female,1,Yes,No,57,No,No phone service,DSL,No,No,Yes,Yes,No,No,Two year,Yes,Mailed check,32.76,2016.66,No
8243-GNORZ,Female,1,No,No,4,Yes,No,No,No internet service,No internet service,No internet service,No internet service,No internet service,No internet service,Month-to-month,Yes,Credit card (automatic),18.25,73.73,Yes
1589-ITDPJ,Female,0,No,No,45,Yes,Yes,No,No internet service,No internet service,No internet service,No internet service,No internet service,No internet service,Month-to-month,No,Bank transfer (automatic),24.71,1161.72,No
9561-ILTPB,Male,0,Yes,No,71,Yes,No,DSL,Yes,No,Yes,Yes,No,Yes,Two year,Yes,Mailed check,72.34,5274.11,No
4252-YHYQY,Male,0,No,No,2,No,No phone service,Fiber optic,No,No,No,No,Yes,No,Month-to-month,Yes,Mailed check,59,117.09,Yes
9182-HQGXH,Female,0,Yes,No,11,Yes,Yes,DSL,No,No,Yes,No,No,No,Month-to-month,Yes,Electronic check,56.67,597.75,No
9901-ERHTK,Female,0,Yes,No,28,No,No phone service,No,No internet service,No internet service,No internet service,No internet service,No internet service,No internet service,One year,Yes,Bank transfer (automatic),18.25,480.67,No
4244-UMZTS,Male,0,Yes,Yes,3,Yes,No,DSL,Yes,Yes,No,No,No,No,Month-to-month,No,Electronic check,57.47,160.77,No
7458-UKHLU,Female,1,No,No,4,Yes,No,Fiber optic,Yes,No,No,No,No,No,Month-to-month,No,Credit card (automatic),78.52,309.44,Yes
6808-ZCRNP,Male,1,No,No,16,Yes,No,Fiber optic,Yes,Yes,No,No,No,Yes,One year,No,Mailed check,90,1456.21,Yes
7999-FKOJQ,Male,1,No,No,16,Yes,Yes,Fiber optic,No,No,No,No,No,No,Month-to-month,Yes,Mailed check,73.36,1266.28,Yes
3336-EWURU,Female,0,No,No,39,No,No phone service,Fiber optic,No,No,No,No,No,No,Two year,Yes,Credit card (automatic),48.83,1956.93,No
9403-GHHOE,Male,0,Yes,No,3,Yes,Yes,Fiber optic,No,Yes,Yes,No,No,Yes,Month-to-month,No,Bank transfer (automatic),96.7,300.74,No
9177-TEFCG,Female,0,Yes,No,38,Yes,No,No,No internet service,No internet service,No internet service,No internet service,No internet service,No internet service,Month-to-month,No,Mailed check,18.25,726.54,No
4280-KYCUX,Female,0,Yes,Yes,13,Yes,Yes,DSL,No,Yes,No,No,No,Yes,Two year,No,Bank transfer (automatic),61.15,811.31,No
5165-UPJPZ,Male,0,No,No,53,Yes,No,No,No internet service,No internet service,No internet service,No internet service,No internet service,No internet service,Month-to-month,No,Electronic check,22.05,1175.6,No
0558-CUGCP,Female,0,No,No,69,Yes,No,Fiber optic,No,Yes,Yes,No,No,No,Two year,No,Credit card (automatic),77.86,4985.37,No
4193-YWZWO,Male,0,Yes,Yes,61,Yes,Yes,No,No internet service,No internet service,No internet service,No internet service,No internet service,No internet service,Two year,Yes,Mailed check,21.89,1236.62,No
2836-ONTQU,Female,0,No,No,6,Yes,No,No,No internet service,No internet service,No internet service,No internet service,No internet service,No internet service,Month-to-month,No,Electronic check,18.25,104.88,No
9997-APOWL,Male,0,Yes,No,70,No,No phone service,Fiber optic,No,No,No,No,Yes,No,One year,Yes,Bank transfer (automatic),59.66,4158.26,No
0473-CYBVF,Female,0,Yes,No,8,Yes,Yes,DSL,No,No,No,Yes,No,No,Month-to-month,No,Electronic check,52.1,410.81,No
9837-CAFPG,Male,1,Yes,Yes,57,Yes,Yes,DSL,Yes,Yes,Yes,No,Yes,No,Two year,Yes,Credit card (automatic),72.3,4427.4,No
1814-YTULM,Female,0,No,No,17,No,No phone service,No,No internet service,No internet service,No internet service,No internet service,No internet service,No internet service,Two year,Yes,Credit card (automatic),18.25,305.2,No
2933-ZIVUW,Female,0,Yes,No,3,Yes,No,DSL,No,Yes,Yes,Yes,Yes,Yes,Month-to-month,Yes,Mailed check,78.52,230.05,No
2037-JURHG,Female,0,Yes,No,7,Yes,No,DSL,No,Yes,No,No,Yes,No,Two year,No,Electronic check,60.48,442.79,No
0730-WTWCU,Female,0,Yes,No,25,Yes,Yes,No,No internet service,No internet service,No internet service,No internet service,No internet service,No internet service,Month-to-month,Yes,Electronic check,25.8,641.98,No
9781-ZMYND,Female,0,No,No,27,No,No phone service,No,No internet service,No internet service,No internet service,No internet service,No internet service,No internet service,One year,Yes,Bank transfer (automatic),18.25,507.89,No
6873-QPAOH,Female,0,Yes,No,10,No,No phone service,No,No internet service,No internet service,No internet service,No internet service,No internet service,No internet service,Month-to-month,No,Mailed check,18.25,183.49,No
0060-HAJZM,Female,0,No,No,43,Yes,No,Fiber optic,No,No,Yes,Yes,Yes,Yes,Month-to-month,No,Credit card (automatic),101.22,4427.91,No
6909-FKVDD,Female,0,No,Yes,15,Yes,No,No,No internet service,No internet service,No internet service,No internet service,No internet service,No internet service,Month-to-month,Yes,Mailed check,21.98,334.68,No
1967-ZYOWZ,Female,0,No,No,1,Yes,Yes,DSL,No,No,Yes,No,Yes,No,Month-to-month,Yes,Electronic check,59.72,55.79,Yes
3800-HEYGN,Female,0,Yes,Yes,3,Yes,No,Fiber optic,Yes,Yes,Yes,Yes,No,Yes,Month-to-month,Yes,Credit card (automatic),96.61,279.33,Yes
9767-TRJDX,Male,0,Yes,Yes,11,Yes,Yes,No,No internet service,No internet service,No internet service,No internet service,No internet service,No internet service,Month-to-month,No,Mailed check,24.97,283.44,No
9772-GPFXT,Female,0,Yes,Yes,52,Yes,Yes,No,No internet service,No internet service,No internet service,No internet service,No internet service,No internet service,Two year,Yes,Mailed check,24.63,1198.23,No
7520-PCDTW,Male,0,No,No,0,Yes,No,No,No internet service,No internet service,No internet service,No internet service,No internet service,No internet service,Two year,No,Credit card (automatic),19, ,No
4073-WCCZO,Female,1,No,No,10,No,No phone service,Fiber optic,No,No,No,Yes,Yes,Yes,Month-to-month,Yes,Credit card (automatic),74.3,722,No
9534-DJULR,Male,0,Yes,No,5,Yes,No,Fiber optic,No,No,No,No,Yes,No,Month-to-month,Yes,Electronic check,77.96,366.64,Yes
1187-GXOIJ,Female,0,Yes,Yes,64,Yes,No,DSL,No,Yes,No,Yes,Yes,Yes,Two year,Yes,Bank transfer (automatic),77.59,5240.86,No
1131-HWZPI,Male,0,Yes,Yes,70,Yes,Yes,DSL,No,Yes,No,No,No,No,One year,No,Credit card (automatic),52.49,3479.26,No
4976-JHRYT,Female,0,Yes,No,18,No,No phone service,DSL,No,No,Yes,No,No,No,Month-to-month,Yes,Electronic check,29.87,504.41,No
3060-DFJSR,Male,0,Yes,Yes,2,Yes,Yes,DSL,Yes,Yes,No,No,Yes,Yes,Month-to-month,No,Electronic check,79.38,161.25,Yes
9035-TWYBG,Male,0,No,No,60,Yes,Yes,Fiber optic,Yes,No,No,No,No,Yes,Two year,Yes,Credit card (automatic),91.32,5644.96,No
1523-RDLIE,Female,0,Yes,No,17,Yes,No,DSL,No,Yes,Yes,No,No,No,Month-to-month,No,Electronic check,56.07,989.62,No
6562-DVGAN,Male,0,Yes,Yes,10,Yes,No,DSL,No,Yes,Yes,No,No,No,Month-to-month,No,Electronic check,54.56,526.27,No
3377-VECNP,Male,0,No,No,66,Yes,No,Fiber optic,No,No,Yes,No,No,No,Two year,No,Bank transfer (automatic),74.07,4559.89,No
1262-ONUZR,Female,0,No,No,40,Yes,Yes,Fiber optic,No,Yes,Yes,Yes,Yes,No,One year,Yes,Mailed check,97.65,4208.08,No
4914-YRJYG,Male,0,Yes,Yes,28,Yes,No,No,No internet service,No internet service,No internet service,No internet service,No internet service,No internet service,Two year,Yes,Credit card (automatic),22.02,591.29,No
6511-KMNOK,Female,0,No,No,22,Yes,Yes,Fiber optic,No,Yes,No,No,Yes,Yes,Month-to-month,Yes,Credit card (automatic),96.02,2066.75,Yes
9443-CGYSQ,Male,0,Yes,No,71,Yes,Yes,Fiber optic,No,No,Yes,No,Yes,Yes,Two year,Yes,Bank transfer (automatic),97.54,6575.58,No
7472-VCDCX,Male,0,No,No,51,Yes,Yes,Fiber optic,No,Yes,No,Yes,No,No,Two year,Yes,Bank transfer (automatic),86.35,4127.69,No
9548-KSELS,Male,0,No,No,69,Yes,Yes,Fiber optic,Yes,Yes,No,No,No,Yes,One year,No,Mailed check,92.55,6647.17,No
7381-JSAAN,Male,0,No,No,42,Yes,No,Fiber optic,No,No,Yes,Yes,Yes,Yes,Two year,No,Bank transfer (automatic),100.84,4379.84,No
1522-MBHPH,Female,0,No,No,2,Yes,No,Fiber optic,No,Yes,Yes,Yes,No,Yes,Month-to-month,Yes,Electronic check,97.28,207.27,Yes
6000-QUUCA,Female,0,Yes,No,6,Yes,No,Fiber optic,No,Yes,Yes,No,No,Yes,Month-to-month,Yes,Bank transfer (automatic),91.93,538.73,Yes
7607-EBDJV,Male,0,No,No,42,Yes,Yes,DSL,No,No,No,No,Yes,No,One year,No,Bank transfer (automatic),58.22,2444.51,No
0120-BSXKW,Female,0,Yes,No,55,Yes,No,No,No internet service,No internet service,No internet service,No internet service,No internet service,No internet service,Two year,Yes,Electronic check,18.78,1009.22,No
1475-IJTJS,Male,0,Yes,No,69,No,No phone service,DSL,Yes,No,No,No,Yes,No,One year,No,Electronic check,37.95,2785.82,No
9065-OXTTR,Female,0,Yes,Yes,62,Yes,Yes,No,No internet service,No internet service,No internet service,No internet service,No internet service,No internet service,Two year,Yes,Bank transfer (automatic),24.86,1443.09,No
6941-BBSQB,Male,0,No,No,1,Yes,No,Fiber optic,No,No,No,No,Yes,Yes,Month-to-month,Yes,Electronic check,92.85,100.04,Yes
6836-SPMIK,Male,0,No,No,62,Yes,Yes,Fiber optic,Yes,No,No,Yes,Yes,Yes,One year,No,Credit card (automatic),104.61,6199.42,No
8010-VSQTU,Female,0,No,No,11,Yes,No,DSL,No,No,No,No,No,No,Month-to-month,No,Electronic check,44.55,460.57,Yes
7723-TYMYR,Male,0,Yes,No,58,Yes,No,DSL,Yes,Yes,Yes,Yes,Yes,No,Two year,No,Mailed check,74.83,4022.88,No
7710-ROIQZ,Female,0,Yes,No,9,Yes,Yes,Fiber optic,Yes,Yes,Yes,No,No,No,One year,Yes,Bank transfer (automatic),89.33,842.01,No
5215-LLCWS,Male,0,No,No,71,Yes,No,No,No internet service,No internet service,No internet service,No internet service,No internet service,No internet service,Two year,Yes,Mailed check,20.79,1529.4,No
0571-HIQMF,Male,1,Yes,No,63,Yes,No,DSL,Yes,No,No,No,Yes,No,Two year,Yes,Bank transfer (automatic),56.52,3736.44,No
9752-PRDWT,Female,0,Yes,Yes,9,Yes,No,Fiber optic,Yes,Yes,Yes,No,No,Yes,One year,Yes,Credit card (automatic),94.82,899.63,No
6368-PQALE,Female,0,No,No,12,Yes,No,No,No internet service,No internet service,No internet service,No internet service,No internet service,No internet service,Month-to-month,Yes,Mailed check,20.92,255.71,No
2060-LLVHG,Male,0,No,No,16,Yes,No,DSL,No,No,No,No,No,Yes,One year,No,Credit card (automatic),56.59,839.27,No
7768-HTXEF,Male,0,Yes,Yes,41,Yes,No,DSL,No,Yes,Yes,Yes,No,Yes,One year,Yes,Credit card (automatic),72.54,2760.61,No
5065-EUSAW,Female,0,No,No,3,Yes,No,Fiber optic,No,No,No,No,Yes,No,Month-to-month,Yes,Credit card (automatic),78.05,250.52,Yes
3150-BWEVZ,Female,0,No,No,21,No,No phone service,DSL,No,Yes,No,Yes,No,Yes,Month-to-month,No,Mailed check,43.24,969.71,No
9017-IHYQL,Female,0,Yes,No,67,Yes,No,DSL,Yes,Yes,No,Yes,No,No,Two year,Yes,Mailed check,58.76,3989.09,No
6106-LQYIX,Female,0,No,Yes,13,Yes,Yes,DSL,No,Yes,No,Yes,No,Yes,Month-to-month,Yes,Credit card (automatic),71.12,973.63,No
7441-MIRRJ,Male,0,Yes,No,68,Yes,Yes,Fiber optic,Yes,No,No,No,No,Yes,Two year,Yes,Bank transfer (automatic),86.74,6277.64,No
1391-JIDBY,Male,0,Yes,No,2,Yes,Yes,DSL,Yes,No,No,Yes,No,No,Month-to-month,Yes,Mailed check,59.99,111.78,No
2099-LRKON,Female,0,Yes,Yes,67,Yes,Yes,No,No internet service,No internet service,No internet service,No internet service,No internet service,No internet service,Two year,Yes,Electronic check,25.06,1571.1,No
8378-HEOZE,Male,0,Yes,Yes,16,Yes,No,Fiber optic,No,Yes,No,No,No,Yes,One year,Yes,Electronic check,83.41,1406.98,No
7766-SRHDP,Female,0,Yes,No,18,No,No phone service,Fiber optic,No,No,Yes,No,Yes,Yes,One year,No,Mailed check,76.54,1273.89,No
6183-MGTSZ,Male,0,Yes,No,21,Yes,Yes,Fiber optic,No,No,Yes,No,Yes,Yes,One year,No,Electronic check,96.87,1952.4,Yes
8586-EVHON,Female,1,No,Yes,12,Yes,No,DSL,No,No,No,Yes,No,No,Month-to-month,Yes,Electronic check,52.29,600.46,Yes
4758-HGVKJ,Male,0,No,No,65,Yes,No,Fiber optic,No,No,No,No,No,Yes,One year,Yes,Mailed check,80.77,5008.17,No
0898-PTZIO,Female,0,Yes,No,31,Yes,No,Fiber optic,Yes,Yes,Yes,No,Yes,Yes,Month-to-month,Yes,Bank transfer (automatic),104.08,3310.04,No
1404-VKGST,Male,0,Yes,No,6,Yes,No,No,No internet service,No internet service,No internet service,No internet service,No internet service,No internet service,Month-to-month,No,Electronic check,18.25,112.99,No
4353-OBEYL,Female,0,Yes,Yes,68,Yes,Yes,No,No internet service,No internet service,No internet service,No internet service,No internet service,No internet service,Two year,No,Bank transfer (automatic),24.49,1626.74,No
4098-OZJAD,Male,0,No,No,38,No,No phone service,DSL,Yes,No,Yes,Yes,Yes,No,Two year,No,Credit card (automatic),51.22,1826.9,No
0457-XPDNA,Female,1,No,No,65,No,No phone service,DSL,No,Yes,No,No,No,No,Two year,Yes,Electronic check,28.95,1958.53,No
7150-EOCUQ,Male,1,Yes,Yes,61,Yes,Yes,Fiber optic,No,Yes,Yes,No,Yes,Yes,Two year,No,Electronic check,100.69,6074.5,No
0215-FPIMY,Male,0,No,No,69,Yes,Yes,Fiber optic,No,No,Yes,Yes,No,No,Two year,No,Electronic check,82.87,5611.9,No
9387-JWNMH,Male,0,Yes,No,39,Yes,No,Fiber optic,No,No,No,No,No,Yes,Two year,No,Credit card (automatic),84.56,3138.2,No
4809-ZVYIG,Male,0,No,No,70,Yes,No,Fiber optic,No,No,Yes,No,No,Yes,Two year,Yes,Electronic check,85.37,5817.34,No
9292-SJRUN,Male,0,No,Yes,18,Yes,No,Fiber optic,No,No,No,Yes,Yes,Yes,Month-to-month,Yes,Credit card (automatic),93.96,1749.16,Yes
